Country,economy,Year,current_account_bal,domestic_credit,exchange_rate_YoY,gdp_growth,inflation,money_growth,unemployment,cmri_score
Albania,ALB,1990,-0.35179314530277034,0.0735115520983987,-0.05055929710966535,-2.925099329168869,31.32863333662371,2.924604395364012,0.672320624437106,5.460771869412172
Albania,ALB,1991,-1.5190278938990736,0.0735115520983987,-0.05055929710966535,-6.9790352652846535,31.32863333662371,2.924604395364012,0.672320624437106,6.206653395799613
Albania,ALB,1992,-0.5917667369612266,0.0735115520983987,-0.05055929710966535,-2.3996092022863924,31.32863333662371,2.924604395364012,3.629840888622036,5.84248668783516
Albania,ALB,1993,0.5240600155304336,0.0735115520983987,5.046466948800976,1.284721746511036,11.398690135738256,2.924604395364012,2.9159411588111683,2.9357760612530486
Albania,ALB,1994,-0.664516271733491,0.0735115520983987,-1.0818434107597426,1.0082746284409538,2.5730608294488064,2.924604395364012,2.253077154007806,0.9140931662074026
Albania,ALB,1995,0.3198357731590208,0.0735115520983987,-0.3385249547191426,2.1125860775920304,0.48511461145819507,2.924604395364012,1.3182227559291506,0.2900723584827946
Albania,ALB,1996,-0.041131338620111674,0.0735115520983987,1.750742007344577,0.7956308059865664,1.1822719165200741,2.339003498581867,1.2163014109876917,0.8296187025951648
Albania,ALB,1997,-1.0977100498709762,0.0735115520983987,5.965662843776201,-3.395016855542034,4.0734846583948965,1.2114872110628399,1.6582107475232666,2.496440559752659
Albania,ALB,1998,0.05956882303025165,0.0735115520983987,0.11098249608100469,1.009849562974616,2.3013655688842496,0.6373639496858214,2.1340438306814775,0.5982641444894405
Albania,ALB,1999,-0.2159296379861648,0.0735115520983987,-1.2662573384180376,1.8768268071861933,-0.5613834830615673,0.7570607962695504,2.253077154007806,-0.05784121261483983
Albania,ALB,2000,-0.16999658836103532,0.0735115520983987,0.5679244888607964,0.8234680805885385,-0.6093592245857229,0.005772121072213304,1.981086760732513,0.19506631513581363
Albania,ALB,2001,-0.29300256520909695,0.0735115520983987,-0.07267050857322306,1.1316679369469362,-0.1771825611961366,0.5836021569937451,1.9130891624136899,0.21166920428551925
Albania,ALB,2002,-0.746447331866308,0.0735115520983987,-0.3789568237672001,0.19987000950688372,0.48190707852016396,-0.6022574942689265,1.8111678174722305,0.2759927789162987
Albania,ALB,2003,-0.49761678891128946,0.0735115520983987,-1.8970915936865722,0.354945094343916,-0.5480170625569296,-0.24040365527019025,1.6751726208345845,-0.11345092057333364
Albania,ALB,2004,-0.22833103660717213,0.0735115520983987,-2.2661965547748806,0.34020415559746475,-0.2941565101474237,0.11081300075375707,1.5732512758931256,-0.13066433645247372
Albania,ALB,2005,-0.4864241284890015,0.0735115520983987,-0.4511252759453611,0.31040662156754184,-0.2819211680291975,0.15952030086116942,1.5222155508856199,0.17117406668458415
Albania,ALB,2006,-0.537140324337198,0.0735115520983987,-0.3008763850349004,0.5058067601258314,-0.28133509447350247,0.3004366692603512,1.4711798258781146,0.18489287599140405
Albania,ALB,2007,-0.9102784838591833,0.0735115520983987,-1.1575450010128179,0.6116540192309369,-0.20190487232951732,0.12649739619979794,1.5222155508856199,0.09448558435281826
Albania,ALB,2008,-1.5073032779603588,0.0735115520983987,-1.0727919362375844,0.7011896847594338,-0.14703581953521894,-0.3141816809843974,1.0860102071450017,0.06166084509816067
Albania,ALB,2009,-1.4867042856710062,0.0735115520983987,1.818675054967873,-0.2264228529806111,-0.29600773509751677,-0.375099988553807,1.178174722305614,0.58748296348174
Albania,ALB,2010,-1.0170143933527087,0.10057907453175872,1.283988835962352,-0.1642925957143896,-0.10375129662751428,0.039261340737993686,1.2400180126088263,0.534486136611502
Albania,ALB,2011,-1.2189770582919557,0.15066465664161743,-0.46450566269670873,-0.27641578593579297,-0.1318834246316588,-0.20413073249630243,1.149204443110177,0.2849631605935533
Albania,ALB,2012,-0.8990805349375561,0.15408122044646816,0.9714979837836114,-0.6018893958649243,-0.32927071026899896,-0.5115546112353578,1.133443410387271,0.4170238891307821
Albania,ALB,2013,-0.7752645163985794,0.12548014851942377,-0.37948251199808575,-0.4428035952840002,-0.3425533015401266,-0.7096688350967023,1.5072050435304716,0.2027212364425086
Albania,ALB,2014,-0.9557788801510003,0.11121928220300926,-0.0758882111292175,-0.3255408404723583,-0.3866188690963398,-0.5822501425462756,1.8357850495346746,0.3119381185127442
Albania,ALB,2015,-0.6867046552080874,0.06424198712932488,2.696799709308227,-0.32829594568067166,-0.34841165592963014,-0.7471813949728842,1.7063944761332939,0.6266919603652986
Albania,ALB,2016,-0.5591643343668096,0.0497787147655659,-0.2548997409537872,0.04158460672018969,-0.4361513781743137,-0.5914592708431223,1.4399579705794057,0.10354371757433832
Albania,ALB,2017,-0.5466082633233211,0.0050019183477393375,-0.6252652040956053,-0.09608608742949053,-0.3356215970981782,-0.8564857846414167,1.1694686280396278,-2.9669813574471705e-05
Albania,ALB,2018,-0.4476621621326948,-0.030026061250503985,-1.3705021010723875,-0.010670325759855576,-0.3297700947784739,-0.8928440476679018,0.9725307715400782,-0.17032557790523412
Albania,ALB,2019,-0.597531353445845,-0.0037678600451565803,0.19335764904421693,-0.3646246501046051,-0.4169764460668851,-0.5602059990395097,0.8467427199039327,0.14590086676386407
Albania,ALB,2020,-0.6969191782631318,0.08231423104812911,-0.2052269944928446,-1.547449003573735,-0.3873225520253502,-0.10712590562989752,0.8727108976283398,0.35710255119503476
Albania,ALB,2021,-0.5814433362181581,0.05461344775601187,-0.7186076161494167,1.1549545602458204,-0.3278743561850596,-0.24568581797466874,0.8479435604923448,-0.13758885801263585
Albania,ALB,2022,-0.3948830595741277,-0.002352981139235427,1.250835156370694,0.24352019153188906,0.3341543736120843,-0.5197420468540592,0.7445211648153708,0.2798255049781561
Albania,ALB,2023,0.16329130733047353,-0.030905291643999952,-1.6021837407809412,0.06501118127092016,0.05614610915011075,-0.7044997266293901,0.7271089762833985,-0.25466230888888797
Albania,ALB,2024,0.07266671787301214,0.004864501865666251,-1.107966148437569,0.0717238380944343,-0.30322323689978936,-0.5007504539153234,0.7301110777544282,-0.18876497365714767
Algeria,DZA,1990,0.6515565079926758,0.47942752020456236,-0.05055929710966535,-0.6423988971901329,1.7373473964771151,-0.039238894770267804,2.2178024617232066,0.6193745108174868
Algeria,DZA,1991,1.0083916942251827,0.26703069611320823,14.979425743850287,-1.0824106166540375,3.042519611289598,0.6493532035664225,2.2178024617232066,3.0328786627102255
Algeria,DZA,1992,1.0083916942251827,-0.5743260588516211,2.5253967229274714,-0.42239278686032905,3.8599649595413834,1.4175307392922691,2.7851996397478236,1.3468238707560676
Algeria,DZA,1993,1.0083916942251827,-0.5880575195149034,0.927421545701738,-1.280415812432316,2.2868729302782707,-0.34138842106031825,3.062894025818073,0.8028238113471419
Algeria,DZA,1994,1.0083916942251827,-0.5908304354462802,7.048330468457398,-1.0164080098469848,3.489353766350236,0.2753933526542534,3.2895526868808167,1.9314023077883178
Algeria,DZA,1995,1.0083916942251827,-0.6186293578340527,5.0362221206611215,0.017617023280711217,3.5928151745918524,-0.18243288381075065,3.9049834884419097,1.5295642606491697
Algeria,DZA,1996,1.0083916942251827,-0.6150617889066958,2.053001999726038,0.08361955255114453,2.0237918255682414,0.19762305608924327,3.368808165716002,0.8480217159166431
Algeria,DZA,1997,1.0083916942251827,-0.6464768272696111,0.7139872289192817,-0.5763973193067555,0.1939839381905101,0.4627882166574917,2.9428099669768844,0.46215687836516134
Algeria,DZA,1998,1.0083916942251827,-0.6323284855546338,0.2023728038295504,0.3036264146478744,0.08325863072309085,0.5591137101899835,3.155959171419995,0.29376538881927555
Algeria,DZA,1999,1.0083916942251827,-0.6145620189075853,1.8366861318457246,-0.11438492775835096,-0.24249552092633256,0.14646013507051925,3.414890423296308,0.5209960548445431
Algeria,DZA,2000,1.0083916942251827,-0.6021133375838301,1.7954422609727354,0.01761816971882709,-0.5684895998029459,0.15998157136538138,3.594265986190334,0.4790110024568093
Algeria,DZA,2001,1.0083916942251827,-0.5715307670589052,0.31702326150740723,-0.15838641605170897,-0.019100688019959854,3.088298708565526,3.223506454518163,0.7411702416198225
Algeria,DZA,2002,1.0083916942251827,-0.48806973722381247,0.40146973148652626,0.3696273396113061,-0.4159571779372576,0.4475773612090559,3.0133593515460824,0.2257657850348722
Algeria,DZA,2003,1.0083916942251827,-0.5073040404028911,-0.4566401214050834,0.611633644288581,-0.013027651886319713,0.3195028190802141,2.6861302912038427,0.05837656543942841
Algeria,DZA,2004,1.0083916942251827,-0.5106221927700074,-1.025744154268144,0.17162218129940082,-0.056442728664722976,-0.1099846227897603,1.7749924947463225,-0.1582592970386994
Algeria,DZA,2005,2.813370287878419,-0.4828180461110467,0.18813035824628854,0.36962733954425725,-0.42102520509614255,-0.018850070360346614,1.4177424196937858,-0.357116881578591
Algeria,DZA,2006,3.2720997330220447,-0.4823756072169775,-0.17214558673607874,-0.18038698909759757,-0.289706921886186,0.5644067267946292,0.9674271990393275,-0.3577295619899618
Algeria,DZA,2007,3.0008736091219643,-0.46545550260639595,-0.7038341799490657,-0.13638584232723475,-0.09641614666760492,0.8171846604674821,1.1955869108375863,-0.3024888606732468
Algeria,DZA,2008,2.69446021119872,-0.46924094625803314,-1.0122128935821981,-0.2683892816061378,0.07031539418665225,0.2997649914594138,0.8263284299009307,-0.3873022791265453
Algeria,DZA,2009,0.404226817630649,-0.41066970374659617,1.7162395210945278,-0.5543967323387305,0.19448396648254512,-0.5215336019202078,0.6507054938456921,0.2541993700662918
Algeria,DZA,2010,1.2180134789506427,-0.4334621261842236,0.2880441806106376,0.2376239009767251,-0.063614413581725,0.11721050075107195,0.6206844791353949,-0.13239639417088742
Algeria,DZA,2011,1.3689149657473976,-0.45986667992762914,-0.32599972614126416,-0.15838641587819932,0.02305209444361611,0.583642311295852,0.6206844791353949,-0.10985943872331837
Algeria,DZA,2012,1.0265150761493487,-0.4524619821405353,0.8413977131627948,-0.2903898545150683,0.6403458511934664,-0.07435666161564931,0.7722906034223959,0.14158432891259887
Algeria,DZA,2013,0.43264164151617224,-0.40597738224641555,0.28382449502869694,-0.24638870817611472,-0.15645398661021173,-0.25971819806388524,0.5996697688381868,-0.017844033770526617
Algeria,DZA,2014,-0.11030243937829116,-0.3767414180256218,0.16525452899559603,0.08361988849667773,-0.20413186483083318,0.18141372226035993,0.6577604323026119,0.06431970736910377
Algeria,DZA,2015,-1.4129799704862442,-0.3164178913412688,3.4809677399378427,-0.11438526927439847,0.05983545703970093,-0.8548361538111797,0.8077154007805464,0.6720899703380406
Algeria,DZA,2016,-1.422338385888015,-0.29417152414221787,1.179190704532999,0.03961874254900882,0.2878622950316602,-0.8167911598925165,0.6570099069348544,0.34225998082911213
Algeria,DZA,2017,-1.0671780852317274,-0.25951375613323646,0.14723293214386776,-0.48839501308117267,0.17385523730457128,-0.26185611224832384,0.9268988291804263,0.3260271755086008
Algeria,DZA,2018,-0.7048718729500822,-0.24815975990477143,0.666077410625109,-0.5103955857973057,-0.012881182160910153,-0.062228022046587915,0.9437105974181929,0.3573980718112029
Algeria,DZA,2019,-0.7140548300803907,-0.23682823658533037,0.28434227017133096,-0.6203984518636749,-0.34055361567089953,-0.9322006954513591,0.9722305613929751,0.1544919379715404
Algeria,DZA,2020,-0.9941747153038728,-0.16776095480727138,0.8294321865749158,-1.9184322667549698,-0.27505894181282325,-0.3304602931535039,1.2391173821675172,0.6011251944325252
Algeria,DZA,2021,0.06934012394574884,-0.2422788608585885,0.8743333624630842,0.017618169151720504,0.404949203895447,0.09045997623065079,1.1754728309816873,0.31656831708783023
Algeria,DZA,2022,1.4341539442649405,-0.3375531543380613,0.6754983822697844,-0.02638297670115238,0.6932185526365399,0.17426741511419816,0.984238967277094,0.11169988505653813
Algeria,DZA,2023,0.6925006186386539,-0.3244714838581645,-0.6635678496169339,0.08361988880350436,0.7012269938732616,-0.43709475277221554,0.8736115280696488,-0.08948801024950884
Algeria,DZA,2024,0.2424111145746258,-0.3204313779413869,-0.23696594900086715,-0.004382403972351507,-0.044525209233370236,-0.2139207303821941,0.8751125788051636,-0.025537056907847005
Angola,AGO,1990,0.10963278270841727,-0.25057859806159294,-0.05055929710966535,-1.5774450945510838,11.226110728673266,300.2868847173311,1.6498048634043831,44.904210675154296
Angola,AGO,1991,-0.3066008044280699,-0.25057859806159294,11.857724007017616,-0.6002988818451779,11.226110728673266,300.2868847173311,1.6498048634043831,46.525263629234
Angola,AGO,1992,-0.7240211954750411,-0.25057859806159294,50.362451730380016,-2.102858832406261,41.71821638921753,300.2868847173311,1.6712698889222457,56.65930345081008
Angola,AGO,1993,-1.0630501321233385,-0.25057859806159294,135.50517835259254,-6.094892905969823,194.2335450968923,300.2868847173311,1.7434704293005108,91.23949186230685
Angola,AGO,1994,-0.5771948384388044,-0.25057859806159294,302.3473502827282,-0.5237359775058918,133.63336697840938,300.2868847173311,1.7440708495947164,105.55171786370663
Angola,AGO,1995,-0.28942519338553585,-0.25057859806159294,639.6274718340575,2.481682367290909,376.2768782661635,300.2868847173311,1.6741218853197244,187.91750299012924
Angola,AGO,1996,5.7308724775636355,-0.25057859806159294,644.4589831159288,2.1614353645358704,585.2795583226151,300.2868847173311,1.5538877214049838,217.63377534815984
Angola,AGO,1997,-1.0585564547764197,-0.25057859806159294,11.112407544149688,0.7819790997641016,30.363420868292966,4.4008290209188985,1.5369258480936658,6.777083148343706
Angola,AGO,1998,-3.1769779039890347,-0.25057859806159294,10.067069021385645,0.21367549636588862,14.547898826281854,3.352135840974182,1.5708495947163015,4.607239584702791
Angola,AGO,1999,-3.0658680052728586,-0.25057859806159294,86.31700781194951,-0.33846336915092656,34.46517892225498,37.8689626406245,1.6088261783248277,23.344818332788
Angola,AGO,2000,1.4455325161597172,-0.25057859806159294,36.70596445615114,-0.14636877108055574,45.32072275433783,21.40382785658886,1.624287000900631,14.786437103548243
Angola,AGO,2001,-1.6097292569727724,-0.25057859806159294,16.883868460318133,0.10694017883928181,20.947528792658932,11.080429686785127,1.6275893125187633,7.398803818907551
Angola,AGO,2002,0.26162196199410503,-0.25057859806159294,13.722686842272836,2.1881262410178888,14.775836158812869,10.591708875734854,1.5921645151606125,5.426009941558227
Angola,AGO,2003,-0.06830228965647209,-0.25057859806159294,10.05024462979415,-0.05117489455320949,13.267204235887805,4.1187068144420325,1.5941158811167822,4.1284528781984084
Angola,AGO,2004,0.680510144767998,-0.25057859806159294,1.6439434926400376,1.6940317877614735,5.538092810260463,2.684888082079251,1.5743020114079858,1.2594436951138104
Angola,AGO,2005,1.9022263469818648,-0.25057859806159294,0.5621588463192492,2.295728574316453,2.6279684324719925,3.576444582328578,1.5716001200840595,0.5556626374062812
Angola,AGO,2006,2.6205695018622532,-0.25057859806159294,-1.1529752229454608,1.7868641929057625,1.26421502495006,3.513721148052766,1.5457820474332036,0.07324724352299425
Angola,AGO,2007,2.158726465130091,-0.25057859806159294,-0.6952429333042353,2.0422624817435837,1.1152764780786855,2.7486679668973992,1.5372260582407686,0.03633714642533573
Angola,AGO,2008,1.2685117983852026,-0.25057859806159294,-0.35911327700397894,1.5547181435057555,1.1469849640982401,6.793796099118129,1.5501350945661967,0.865427762975148
Angola,AGO,2009,-0.776240461743034,-0.25057859806159294,0.7593009630834476,-0.37936257089603287,1.3242976877451433,0.6987123615114136,1.5848093665565897,0.7531635447820098
Angola,AGO,2010,1.339363819376307,-0.25057859806159294,2.1927492079381,0.3462331903708819,1.4288053699538452,-0.4887465079943936,1.6166316421495048,0.40189487203403923
Angola,AGO,2011,1.656397543553792,-0.25057859806159294,0.2618083837201397,-0.027731699517247625,1.2892697765795003,1.8482757835046297,1.642900030021015,0.45185850453244963
Angola,AGO,2012,1.5598778754727398,-0.25057859806159294,0.18037811960318936,1.0523321493582856,0.83631619439938,-0.5173265312750864,1.6082257580306218,-0.10788501173350193
Angola,AGO,2013,1.0448585092485512,-0.25057859806159294,0.10510389520126483,0.2558978621429171,0.6242837195168532,0.16108870160106029,1.5969678775142602,0.13372988919719678
Angola,AGO,2014,0.06700328784170402,-0.25057859806159294,0.210981209687373,0.20588225775909366,0.41262774051080486,0.31092335535902577,1.5831582107475235,0.28488948180604806
Angola,AGO,2015,-0.8690343311107849,-0.25057859806159294,3.0811446728070266,-0.650500139473994,0.7060042769427594,-0.012782901874264207,1.5981687181026722,0.9487843769287687
Angola,AGO,2016,-0.2585210489618599,-0.3358671170745914,5.087076835332579,-0.8696818758671068,3.7221172886935143,0.11132821361201427,1.6131792254578206,1.6180053386929003
Angola,AGO,2017,0.27742950181221887,-0.4153538533522681,0.14478587777212787,-0.8546360583806423,3.6019819741436057,-0.8307524509214103,1.6199339537676378,0.6711145797111594
Angola,AGO,2018,1.3793151619252688,-0.4481021201445908,7.363408976202054,-0.9298799736347352,2.1580514563808495,0.6218643180646376,1.6176823776643654,1.5519242599823977
Angola,AGO,2019,1.1505160231948415,-0.4419659380619729,6.214848038349514,-1.0505611698097874,1.7979030050447466,1.3323832851486872,1.6019213449414593,1.4864478402910544
Angola,AGO,2020,0.5528608544484049,-0.48548494569949796,8.226883921348723,-1.97860191670421,2.5315737477689004,0.9059459033706817,1.6317922545782053,2.033778849088974
Angola,AGO,2021,1.6944220957291525,-0.540065895031381,1.250725236399901,-0.5784689455017401,3.0238488697483583,-1.560471165376059,1.497148003602522,0.36503312844513264
Angola,AGO,2022,1.5021106288516652,-0.5792782744251382,-3.8793702220349,-0.03573496585350219,2.4020651942473346,-0.9802948337691892,1.2457220054037828,-0.4653616847966105
Angola,AGO,2023,0.8563579968375613,-0.5659001490864564,6.844719425586811,-0.5279595519746453,1.31211614707948,1.8936054908216495,1.234764335034524,1.484415257796156
Angola,AGO,2024,1.1250583026772685,-0.5761773814186133,3.7669472482174706,0.27121406877024284,3.3752643979730204,-0.5125427310561352,1.2301110777544282,0.8410471771460942
Antigua and Barbuda,ATG,1990,-0.4309652495146782,0.10824613388321463,-0.05055929710966535,-0.1557874513324924,-0.4579390543502117,-0.6101385387161617,-0.06274392074452119,-0.06948313945573924
Antigua and Barbuda,ATG,1991,-0.38880029828574814,0.1358458297091882,-0.05055929710966535,-0.33948365526270796,-0.4579390543502117,0.25020717581002094,-0.06274392074452119,0.077584955266181
Antigua and Barbuda,ATG,1992,0.13651317815767897,0.19220419960260107,-0.05055929710966535,-0.5635157988699565,-0.4579390543502117,-0.13619621347759114,-0.015460822575803028,-0.0058497953140560855
Antigua and Barbuda,ATG,1993,0.6975959784478022,0.1517721097638379,-0.05055929710966535,0.3432017549432066,-0.4579390543502117,-0.3464227030396816,0.010807565295707006,-0.2475913018330032
Antigua and Barbuda,ATG,1994,0.2433403273291088,0.053233194448729565,-0.05055929710966535,0.6504440961502111,-0.4579390543502117,-0.22418244743408802,0.07655358751125786,-0.2138112057733282
Antigua and Barbuda,ATG,1995,0.3583463493908533,0.1852770018619093,-0.05055929710966535,-1.777581224232576,-0.4579390543502117,0.5692135041495386,0.09891924347042928,0.25202089612338896
Antigua and Barbuda,ATG,1996,-0.7126474216716236,0.26884186654281744,-0.05055929710966535,0.6347221198414043,-0.4579390543502117,-1.0312569165924677,0.13734614229960976,-0.15080599391138544
Antigua and Barbuda,ATG,1997,-0.4282465523104043,0.38563775214178797,-0.05055929710966535,0.3853040270766942,-0.4579390543502117,-0.3524130928541462,0.11453017111978385,-0.045400142259820184
Antigua and Barbuda,ATG,1998,-0.3629305591725084,0.3844999238896785,-0.05055929710966535,0.2225049197612592,-0.4579390543502117,0.2097887828843062,0.0945661963374362,0.045826027294684726
Antigua and Barbuda,ATG,1999,-0.5247917383630137,0.4120054072746914,-0.05055929710966535,-0.0026782514469370195,-0.4579390543502117,0.9451666457311054,0.08000600420294199,0.20802138507983034
Antigua and Barbuda,ATG,2000,-0.6109338658042918,0.4283036653377534,-0.05055929710966535,0.5464134127134329,-0.5073407810003518,-0.4329065927145627,0.09111377964575207,-0.05812411039288794
Antigua and Barbuda,ATG,2001,-0.9145634863883204,0.49590466958929696,-0.05055929710966535,-1.819013826656733,-0.41814879520655,-0.5148511767099921,0.07024917442209547,0.33088169829003405
Antigua and Barbuda,ATG,2002,-0.7952410614172483,0.5644509917606109,-0.05055929710966535,-0.5924060531211629,-0.2761152135919596,-0.4838925108928091,0.0857099969978985,0.17532015452892666
Antigua and Barbuda,ATG,2003,-0.7627840910861551,0.5252483558094311,-0.05055929710966535,0.5184912837816839,-0.33465065730984145,0.26609508175251323,0.10642449714800356,0.10812154108498746
Antigua and Barbuda,ATG,2004,-0.4108907777311039,0.44234771334019685,-0.05055929710966535,0.45039218782311474,-0.32948486503133256,-0.4266420686114856,0.08781146802761934,-0.0451469227823826
Antigua and Barbuda,ATG,2005,-0.8668942029105532,0.43173035059959314,-0.05055929710966535,0.6058451652754239,-0.31977798446667344,-0.22769582069987024,0.11287901531071748,0.029660757324175856
Antigua and Barbuda,ATG,2006,-2.0829769289183795,0.4973490055442175,-0.05055929710966535,1.9774616727527385,-0.3637320063394501,-0.02638842984017401,0.03542479735815068,0.028229903682674192
Antigua and Barbuda,ATG,2007,-3.183720288415308,0.4950260375827376,-0.05055929710966535,1.2309899781868432,-0.41627511264099104,-0.04287909065267288,-0.024016811768237792,0.2734322908056622
Antigua and Barbuda,ATG,2008,-2.304985069889046,0.5335808622515334,-0.05055929710966535,-0.8214851418306859,0.13748545305463727,-0.6343501813387872,-0.03242269588712102,0.44002919324147555
Antigua and Barbuda,ATG,2009,-1.24390988675726,0.6874009375952143,-0.05055929710966535,-3.450305657484751,-0.6941922688332552,-1.5949926108788146,0.04443110177123991,0.44090048668381854
Antigua and Barbuda,ATG,2010,-0.9747772021801174,0.777395071048775,-0.05055929710966535,-2.543360051247099,-0.14008800603009086,-0.8586102860779724,0.08015610927649353,0.47520440636210803
Antigua and Barbuda,ATG,2011,-0.25805199309181936,0.7288671936432112,-0.05055929710966535,-1.2493382131700306,-0.12782983890266536,-0.7691357135656275,0.039327529270489284,0.18972286851394177
Antigua and Barbuda,ATG,2012,-0.6333157839816874,0.6030406729367055,-0.05055929710966535,-0.07629287443432466,-0.13911907034001603,-0.6869009315806991,0.020564395076553523,0.06523348962841295
Antigua and Barbuda,ATG,2013,-0.7161419016703848,0.5901090810428766,-0.05055929710966535,-0.9506231669349293,-0.4666728612760524,-0.7780723262932816,-0.024317021915340728,0.13389323472197867
Antigua and Barbuda,ATG,2014,0.3640634054900613,0.47705823250529533,-0.05055929710966535,-0.33476679543548676,-0.4624404186043931,-0.7745780071890481,0.007805463824677215,-0.11885866237538693
Antigua and Barbuda,ATG,2015,0.6200480241144513,0.31752317406281705,-0.05055929710966535,-0.5056390673689649,-0.4794653313290832,-0.4499470629589805,-0.03152206544581207,-0.11548279136088721
Antigua and Barbuda,ATG,2016,0.07374524142005864,0.28264153334427755,-0.05055929710966535,0.08810086516228015,-0.6856094019396118,-0.9679668899398413,-0.0855598919243471,-0.23841429345021808
Antigua and Barbuda,ATG,2017,-0.5822368207603167,0.22257413286399955,-0.05055929710966535,-0.2215882146875007,-0.2726055987242866,-0.34502670284962567,-0.12383668567997602,0.0334815548497519
Antigua and Barbuda,ATG,2018,-1.360249480842777,0.167127123228679,-0.05055929710966535,0.6582759309883512,-0.4458016299039774,-0.347855998811032,-0.13884719303512458,-0.01628049225381351
Antigua and Barbuda,ATG,2019,-0.4350125772252886,0.17348442067396652,-0.05055929710966535,-0.12049660245084785,-0.4141120332155073,-0.9095504988527982,-0.12578805163614531,-0.11014518292343047
Antigua and Barbuda,ATG,2020,-1.5545541136788676,0.4282833209860416,-0.05055929710966535,-4.969642589050891,-0.5279476916606081,-1.5162517477663973,0.025367757430201084,0.6975841492299045
Antigua and Barbuda,ATG,2021,-1.8030342888193027,0.24861429836420026,-0.05055929710966535,0.9796731166114755,-0.32483190875738627,0.1404495391598933,-0.06184329030321224,0.1107415019373795
Antigua and Barbuda,ATG,2022,-1.4947919577112667,0.09621404914221361,-0.05055929710966535,1.0511530470940287,0.44806202775276,-0.5394741973488157,-0.12083458420894637,0.03957812983496918
Antigua and Barbuda,ATG,2023,-1.2257666778804113,0.0693492182575536,-0.05055929710966535,0.03202889696060478,0.09979291583453198,-0.6315933475678278,-0.13899729810867612,0.07738999603224614
Antigua and Barbuda,ATG,2024,-0.5526210445258106,0.11765754738478947,-0.05055929710966535,-0.25949182297939255,0.2597586906681523,-0.5383382508265759,-0.13884719303512458,0.06596919494096844
Argentina,ARG,1990,0.7666306000849995,-0.3944152444751219,-0.05055929710966535,-1.361204781726354,4.228534545692647,80.78725444735508,-0.0577904533173221,12.158228311398139
Argentina,ARG,1991,0.326609983353827,-0.45939039361290207,13.470785108195656,1.1909330603895676,4.228534545692647,9.49111969298331,-0.0577904533173221,3.5936736365997133
Argentina,ARG,1992,0.06913286526071881,-0.3977854559260519,0.4997405483611079,0.9278460242606946,4.228534545692647,3.7070352177024244,0.08030621435004506,1.0172645972369658
Argentina,ARG,1993,-0.05951682472288679,-0.33658708510165825,0.06804480430578884,0.9871788234198478,4.228534545692647,2.532959975548785,0.6416991894326028,0.8867127758830292
Argentina,ARG,1994,-0.1581975557380742,-0.2935653497201364,-0.04967406263522708,0.46559399446308314,4.228534545692647,0.4173665348628629,0.8908736115280697,0.6980198344290296
Argentina,ARG,1995,0.12367991464823296,-0.30046207778765005,-0.04005517188029892,-1.4443660313144713,4.228534545692647,-1.0824327965943903,1.9476133293305318,0.8676977064895824
Argentina,ARG,1996,0.06139195941628215,-0.2955823154947275,-0.0517976284981796,0.3974998276949837,4.228534545692647,0.5039465126374405,1.6939357550285201,0.8028778688934908
Argentina,ARG,1997,-0.14334888884939762,-0.2579387173411479,-0.05285925669940756,0.9660731672707398,4.228534545692647,0.9964637145927177,1.3501951365956173,0.7773815920598691
Argentina,ARG,1998,-0.2297921830550799,-0.21009169433664535,-0.05055929710966535,0.028657804308977738,4.228534545692647,-0.10728007180283929,1.0244671269888923,0.7266007125969275
Argentina,ARG,1999,-0.15170303746709146,-0.19414056774060237,-0.05055929710966535,-1.5632235623025923,4.228534545692647,-0.5769344880626507,1.234614229960973,0.9080630032157695
Argentina,ARG,2000,-0.02167747515287138,-0.21566487654421623,-0.05055929710966535,-0.9919878986141186,4.228534545692647,-0.7643234617600856,1.3772140498348846,0.7984094762686507
Argentina,ARG,2001,0.1949107139491073,-0.28164591251114157,-0.05055929710966535,-1.788373608948225,4.228534545692647,-2.3023722715392108,1.7254578204743323,0.7018396828580113
Argentina,ARG,2002,1.4771280610833664,-0.4002313703480047,29.16377078134332,-3.2152527129004485,4.228534545692647,0.5691071023136118,2.066196337436206,5.3379288640364075
Argentina,ARG,2003,1.157012993857559,-0.4987161004125299,-0.8017165060536643,1.1257960137385878,4.228534545692647,1.2972268716167323,1.4312518763134197,0.4819673827943512
Argentina,ARG,2004,0.6097493725909697,-0.5219987543436807,0.060029517451255225,1.1681542683002242,4.228534545692647,0.6951641607151161,1.1553587511257881,0.548454939964276
Argentina,ARG,2005,0.6966142599842938,-0.5010701064757936,-0.14563326078298847,1.129012304886976,4.228534545692647,0.7015172793555323,0.8527469228459923,0.4729241165377315
Argentina,ARG,2006,0.7140186926464199,-0.47398137817358565,0.6835501368127013,0.9520158415919474,4.228534545692647,0.6097369530751118,0.6383968778144701,0.5743146572832825
Argentina,ARG,2007,0.6286572895670064,-0.44836888117206747,0.14092361121185343,1.1633312090145496,4.228534545692647,0.9180391912658592,0.39702791954368066,0.4920239839943453
Argentina,ARG,2008,0.554003749753568,-0.4652802429747479,0.1711842280318906,0.07421092643825526,4.228534545692647,-0.2850476026500074,0.3020114079855899,0.4747410942705071
Argentina,ARG,2009,0.6379178262712999,-0.46307608585693194,2.4961953415854885,-2.120513048188218,4.228534545692647,0.37039349580131836,0.4232963074151906,1.2197055466506617
Argentina,ARG,2010,0.3214095935356618,-0.4571724002204897,0.6594863485870145,1.4092420171036864,4.228534545692647,1.6011498968882496,0.2835484839387572,0.6549850377495473
Argentina,ARG,2011,0.24429144458736723,-0.4287507532905943,0.725985150201298,0.5025001735177377,4.228534545692647,1.0086259840006893,0.20339237466226354,0.7129993833087428
Argentina,ARG,2012,0.32036229172878955,-0.40279726326168425,1.4186469755583506,-1.0442219927545018,4.228534545692647,1.683585239401946,0.2089462623836685,1.1229679229715201
Argentina,ARG,2013,0.07499500078668692,-0.3916692913023048,2.8260816470502297,-0.2892185923033405,4.228534545692647,1.105882261091469,0.19138396877814465,1.1677766746895484
Argentina,ARG,2014,0.15326608838340203,-0.43273712587568236,6.729041186978321,-1.3711933813368165,4.228534545692647,1.3127322013673346,0.2166016211347943,1.8960142460358327
Argentina,ARG,2015,0.0026622654967791907,-0.4200101118952498,1.9782325726079977,-0.2175327943574695,4.228534545692647,2.017231855312259,0.26298408886220354,1.1831204970629356
Argentina,ARG,2016,0.03400870137671754,-0.4361025188996636,8.415867173901312,-1.2760876587761818,4.228534545692647,2.173758770723731,0.3396877814470128,2.2805463871806433
Argentina,ARG,2017,-0.22925387667964867,-0.3867246277269805,1.6794647169878163,-0.19831680087553802,4.228534545692647,1.3327728822821827,0.37856499549684774,1.0943118843268143
Argentina,ARG,2018,-0.26886468344104775,-0.3867246277269805,9.8009842380639,-1.3942458331209446,4.228534545692647,2.6160696126773963,0.5096067247072952,2.6330830014251787
Argentina,ARG,2019,0.2723732463080313,-0.41864365324457314,10.04821164049254,-1.2586044983174163,6.952433250978831,1.0220945860359976,0.603122185529871,2.7419213231145783
Argentina,ARG,2020,0.454855319209172,-0.3912942954563614,6.5293785324422355,-2.996567012600401,5.32225509325368,3.9890729403272664,0.8459921945361755,2.6910165940706037
Argentina,ARG,2021,0.5369708492965538,-0.4447932949523459,4.85396347081947,1.4788548736712361,6.226064377863324,2.885128848734647,0.43695586910837597,1.7059276498008116
Argentina,ARG,2022,0.29149257578738574,-0.4528832156960735,5.2558859762258034,0.5061948799284688,9.621400847961677,5.555542226568372,0.14710297208045628,2.7613373359177693
Argentina,ARG,2023,-0.026029565171191045,-0.39968768696790524,17.892279918158913,-1.226687612919298,18.251757147718173,10.75370375604561,0.04713299309516663,6.828271900877207
Argentina,ARG,2024,0.47909465254293276,-0.40484787533475647,29.48501684566515,-1.113856065573635,30.463382181334303,8.152969373713114,0.19888922245571905,9.790024451552034
Armenia,ARM,1990,-0.32785536597878995,-0.19496872103488624,-0.05055929710966535,-3.3924703333780464,476.252468552511,78.1094740041557,-0.60807565295707,79.60409494070313
Armenia,ARM,1991,-0.32785536597878995,-0.19496872103488624,-0.05055929710966535,-3.3924703333780464,476.252468552511,78.1094740041557,-0.60807565295707,79.60409494070313
Armenia,ARM,1992,-0.32785536597878995,-0.19496872103488624,-0.05055929710966535,-10.014643786584225,476.252468552511,78.1094740041557,-0.6041729210447314,80.55067725286291
Armenia,ARM,1993,-0.32785536597878995,-0.19496872103488624,-0.05055929710966535,-2.7544537807964065,476.252468552511,78.1094740041557,-0.07880516361453023,79.58855978881184
Armenia,ARM,1994,-0.6062320371602421,-0.19496872103488624,434.35293937706535,0.36962795104607576,476.252468552511,53.432222675623635,0.11633143200240162,137.74222820032597
Armenia,ARM,1995,-1.4881875944718908,-0.19496872103488624,5.697060817440638,0.6996355890453587,24.25366493721514,3.839023970945778,0.13134193935755029,4.930667849907251
Armenia,ARM,1996,-2.124128948452101,-0.19496872103488624,0.23293997334367852,0.47201817188533174,2.0240900354476246,1.6965615802366907,0.5216151305914142,0.8474783964501844
Armenia,ARM,1997,-2.161433275312127,-0.19496872103488624,2.5740670072300724,-0.08774704141067652,1.3568752432556535,1.2653608879915461,0.7467727409186432,1.1424696392976903
Armenia,ARM,1998,-2.34638101056604,-0.19496872103488624,0.3549616228055805,0.7876382265687747,0.6093959856580418,1.8164911606085314,0.5366256379465627,0.6687497814258707
Armenia,ARM,1999,-1.7237231553063783,-0.19496872103488624,0.7942207898010808,-0.09238469620221482,-0.5248018776686395,0.14817207524833675,0.8068147703392374,0.4065064125991032
Armenia,ARM,2000,-1.5810965694202466,-0.19496872103488624,0.06748376144017335,0.47963020599827827,-0.7282177180100282,1.9514853414847904,0.7928549984989492,0.42715771797156676
Armenia,ARM,2001,-0.9211424175372105,-0.19496872103488624,0.3572960050606167,1.2936514113349877,-0.17176667765499443,-0.5623212294826209,0.7785950165115583,-0.023667800056871986
Armenia,ARM,2002,-0.39977728686033276,-0.19496872103488624,0.41526827658120485,2.085672044082648,-0.4665949129734976,1.6157334695820122,0.7599819873911738,0.06336076318909885
Armenia,ARM,2003,-0.3949702574422049,-0.19496872103488624,0.08293562790465485,2.261676629998425,0.05094566459819671,-0.1173553554863005,0.7421194836385471,-0.18614709613371547
Armenia,ARM,2004,0.09638682307489634,-0.19496872103488624,-1.1582892764398482,1.4916565694953532,0.36752042326056533,0.7586812375806238,0.7281597117982589,-0.15527714534364806
Armenia,ARM,2005,0.05635943742275652,-0.19496872103488624,-2.0600598200965523,2.2396760563222444,-0.5261189096294212,1.1656544401785938,0.7143500450315221,-0.4567397798993921
Armenia,ARM,2006,0.0727861853359892,-0.19496872103488624,-1.338011067159948,2.0856720444193666,-0.20760478879170782,1.5350610568890724,0.7012909036325428,-0.23752726374575475
Armenia,ARM,2007,-0.5401967693526927,-0.19496872103488624,-2.5658548938251915,2.1956749105774644,0.00653567652664756,2.228385582689819,0.6858300810567398,-0.21365005940166334
Armenia,ARM,2008,-1.3887760168755239,-0.19496872103488624,-1.5441023692993263,0.6996359368068785,0.6486149634196765,-0.7021478223401686,1.6924347042930057,0.08413869072956379
Armenia,ARM,2009,-1.6678938928318325,-0.19496872103488624,2.5997837862284747,-3.920484422856466,-0.13489473633818985,0.23440890638901024,2.0219153407385178,1.4449461273816038
Armenia,ARM,2010,-1.314309660606488,-0.11758367482975962,0.3536015337738751,-0.3343910008236391,0.5392704901124709,-0.009002474712706486,2.056139297508256,0.6387322618974662
Armenia,ARM,2011,-0.9212056307927167,0.03163054700190373,-0.09446747470321346,0.21562332733910702,0.46487232240165244,0.8586064688970031,1.9602221555088566,0.5609209032228303
Armenia,ARM,2012,-0.862146923485244,0.1327667696686051,1.0609501680944247,0.7656376563448535,-0.25486207055646054,0.5513520744436775,1.754127889522666,0.4772634426161862
Armenia,ARM,2013,-0.535210749314349,0.1827766635649283,0.22630680316454843,-0.09238469633018336,0.20191983875152134,0.2076328758121776,1.6137796457520268,0.437144467527105
Armenia,ARM,2014,-0.591010481029778,0.3236754508804153,0.1668421779464464,-0.02638297678018289,-0.19503173082101447,-0.26514234892379185,1.752176523566497,0.3428447900655019
Armenia,ARM,2015,0.03986700017778505,0.25283971452681303,2.058515396526054,-0.11438526969768502,-0.0889678329137067,-0.08147442630702442,1.8667066946862807,0.583162545148331
Armenia,ARM,2016,0.2505560214248574,0.3227803295240792,0.0255212048817068,-0.7744024637106617,-0.8148240464248383,0.40580435444365953,1.7700390273191238,0.3190239017185051
Armenia,ARM,2017,0.21297735566939452,0.38026429568782166,0.015055248216123012,0.8316393759139173,-0.47938620417803646,0.47830242794596367,1.7830981687181031,0.161816743543809
Armenia,ARM,2018,-0.5243226733508874,0.46560662305702455,-0.04259985948514534,0.32562619325487313,-0.2602030236662531,-0.3304380331119059,1.9725307715400786,0.2862275654899733
Armenia,ARM,2019,-0.5031630345186527,0.5659036939278583,-0.12504950653158237,0.8536399483714731,-0.4124030662512422,-0.0562254899754328,1.8731612128489943,0.21355856145225355
Armenia,ARM,2020,-0.12519794642462442,0.8253669733097422,0.20163740548698272,-2.402444875863003,-0.44519697176884493,-0.21909682256431712,1.853797658360853,0.6777358664445776
Armenia,ARM,2021,-0.050882316657039496,0.598635456111986,0.3765252834746911,0.4576296323160099,0.39912194521568434,0.08462360955936818,1.4476133293305313,0.3571103297190415
Armenia,ARM,2022,0.4599126490983815,0.40206119569220994,-1.9633067047482184,1.9536686056472539,0.6049329386217317,0.3046639084162375,1.1447012909036327,-0.27436123226572023
Armenia,ARM,2023,0.02646639812699938,0.4635149436746401,-1.4532062283907454,1.007643960584341,-0.3365039601227961,0.39944925000576603,0.9876913839687781,-0.1390235670822425
Armenia,ARM,2024,-0.19987352607807632,0.6569641197558258,-0.04142962977714014,0.4796302054133623,-0.578334550718591,0.12530419938671492,0.9876913839687781,0.12434840618290023
Aruba,ABW,1990,-2.186281894783122,0.22822563351424446,-0.05055929710966535,0.05312747362150755,0.20856594372593357,0.3902102961257183,-0.06274392074452119,0.40669329666761767
Aruba,ABW,1991,-2.5994158739137028,0.2225594683889035,-0.05055929710966535,0.9334738095679779,0.16882890773775658,0.3587199175521091,-0.06274392074452119,0.3289638771671868
Aruba,ABW,1992,0.933237908575277,0.20223337485468648,-0.05055929710966535,0.47574797392719925,-0.06894127838236701,0.040929818502170784,-0.015460822575803028,-0.18582629817335064
Aruba,ABW,1993,0.8447402337265674,0.1509178536709442,-0.05055929710966535,0.7893307873348143,0.12077173963955264,-0.4076091779793187,0.010807565295707006,-0.25853461964916596
Aruba,ABW,1994,1.1726821548636237,0.18417009096613488,-0.05055929710966535,0.9865016943797567,0.27561956013172645,0.04693999522273323,0.07655358751125786,-0.23235141607445617
Aruba,ABW,1995,0.3661324444823049,0.19746813443380695,-0.05055929710966535,-0.2580174001010618,-0.14130843772293467,-0.4932623298671004,0.09891924347042928,-0.07097967588238677
Aruba,ABW,1996,-0.2500281057539152,0.24821267632615276,-0.05055929710966535,-0.5575233412271634,-0.16054612697283976,-0.6454667970327634,0.13734614229960976,0.048076863498796064
Aruba,ABW,1997,-1.2106092491946572,0.2011738870054643,-0.05055929710966535,0.7319492768424879,-0.19239711673289864,-0.5399080246523841,0.11453017111978385,0.0016427988546384778
Aruba,ABW,1998,0.22948246539920206,0.17178119024756613,-0.05055929710966535,-0.3801556142978005,-0.35218355499444576,0.08297873114338974,0.0945661963374362,0.013893773503268486
Aruba,ABW,1999,-2.754455207921027,0.23106435912920464,-0.05055929710966535,-0.546027308982878,-0.2941066412555516,-0.11249539951776459,0.08000600420294199,0.4506273631932957
Aruba,ABW,2000,1.734873929408762,0.2349263516643337,-0.05055929710966535,0.8586826229067759,-0.04482108143596136,-0.707514773270472,0.09111377964575207,-0.4386302246887929
Aruba,ABW,2001,2.3803237827212653,0.27357642855082515,-0.05055929710966535,0.10166071747972417,-0.20884189829555522,-0.44476040721250176,0.07024917442209547,-0.40604578569225597
Aruba,ABW,2002,-1.7741188176339737,0.3640689895243492,-0.05055929710966535,-1.026298791714196,-0.14783076861631916,-0.10745478534686907,0.0857099969978985,0.4206216778282234
Aruba,ABW,2003,-0.6319263942216069,0.45505612184545297,-0.05055929710966535,-0.5740862333282523,-0.0996149111021613,-0.225543270601062,0.10642449714800356,0.19882510967577524
Aruba,ABW,2004,1.8530926542181514,0.38549430951682007,-0.05055929710966535,0.7862583689373333,-0.25894565527580937,-0.6407411490236272,0.08781146802761934,-0.44518447814573536
Aruba,ABW,2005,0.9182641150527006,0.43454041543805505,-0.05055929710966535,-0.9026960937220743,-0.1361640342608387,-0.4224376963603182,0.11287901531071748,-0.01104423118752515
Aruba,ABW,2006,1.9223482603894537,0.43073435325772513,-0.05055929710966535,-0.5703666262000837,-0.10644769591487191,-0.7025247971211924,0.03542479735815068,-0.24933632481703197
Aruba,ABW,2007,1.5604750383116857,0.38424472622243344,-0.05055929710966535,-0.138686137868447,0.1457911745244484,-0.6345175700554174,-0.024016811768237792,-0.22869238266138248
Aruba,ABW,2008,0.36923127308569736,0.36120756102017465,-0.05055929710966535,-0.41452695068301837,0.649467805206038,0.3384212391882826,-0.03242269588712102,0.1873443271450043
Aruba,ABW,2009,1.1993285504414275,0.4740351689031657,-0.05055929710966535,-3.3875736410324193,-0.9182643646841715,-0.4548695687835749,0.04443110177123991,0.18328830438399796
Aruba,ABW,2010,-1.9482179062748746,0.5367067023417076,-0.05055929710966535,-1.4197797708401227,-0.322691311130771,-0.8972693438791103,0.08015610927649353,0.3877629338019503
Aruba,ABW,2011,-0.8516848518448982,0.4817385134187343,-0.05055929710966535,-0.07715211897681251,-0.006335821701926237,-0.8673308303671604,0.039327529270489284,0.07509672347602604
Aruba,ABW,2012,0.7979068334358622,0.5342332627588019,-0.05055929710966535,-1.0473855497544173,-0.5277381758283205,-0.27141895887189593,0.020564395076553523,-0.0064914368079958895
Aruba,ABW,2013,-1.0908314490831998,0.5445315012946144,-0.05055929710966535,0.5965546289088438,-0.9517120954168041,-1.1495243972818752,-0.024317021915340728,-0.1624720700363879
Aruba,ABW,2014,-0.2068432408017785,0.5677422889894942,-0.05055929710966535,-0.5046535438625049,-0.5568599353366153,-0.4659610744699744,0.007805463824677215,0.03052346150888568
Aruba,ABW,2015,0.8622406596044674,0.48985256536802757,-0.05055929710966535,-0.023857516618551997,-0.5493229643921247,-0.1832400088921358,-0.03152206544581207,-0.16616784477966082
Aruba,ABW,2016,0.9533785098261934,0.5026784299565178,-0.05055929710966535,-0.5468427532823464,-0.7480503509877471,-0.1796949297637301,-0.0855598919243471,-0.1382459709104027
Aruba,ABW,2017,0.5071017089257076,0.5032087239471291,-0.05055929710966535,-0.04982902006681015,-0.7617730835831498,-0.7472259760237288,-0.12383668567997602,-0.23392271532975545
Aruba,ABW,2018,0.29567960878581695,0.47558838433497297,-0.05055929710966535,-0.11164155176910558,-0.10390105341666896,-0.639607472145956,-0.13884719303512458,-0.0916235269127362
Aruba,ABW,2019,0.6817210628443726,0.554639263903288,-0.05055929710966535,-0.5479848656639854,-0.014651993203329687,-0.5540110867298476,-0.12578805163614531,-0.04630105170801244
Aruba,ABW,2020,-1.2199851053008552,1.0462278815899622,-0.05055929710966535,-6.085353858929963,-0.014651993203329687,-0.5106126045566368,0.025367757430201084,1.1144443869116214
Aruba,ABW,2021,0.707670831466754,0.7446130887022575,-0.05055929710966535,2.4450936426498973,-0.014651993203329687,-0.007976873350188301,-0.06184329030321224,-0.3633118341972556
Aruba,ABW,2022,1.2250444721227538,0.5729823392792173,-0.05055929710966535,1.5154085561887163,-0.014651993203329687,-0.6328680447958673,-0.12083458420894637,-0.4266263726214373
Aruba,ABW,2023,1.010163434810631,0.5204481881957969,-0.05055929710966535,1.2752501812850108,-0.014651993203329687,-0.8188088960036259,-0.13899729810867612,-0.398283273189306
Aruba,ABW,2024,1.010163434810631,0.5204481881957969,-0.05055929710966535,0.6800062978518614,-0.014651993203329687,-0.8188088960036259,-0.13884719303512458,-0.31322698911692015
Australia,AUS,1990,-0.24666396620923686,0.5728039373364815,-0.05055929710966535,-0.03232847978051154,0.42006770562877,0.05920497138636248,0.5645451816271391,0.2635792778369766
Australia,AUS,1991,-0.031960224159664506,0.5632770094120463,-0.020747949940196114,-0.9030247129792173,-0.16741828494376598,-0.7899141149156439,0.5645451816271391,0.15496096833978015
Australia,AUS,1992,-0.02215109502378008,0.6007800316146765,0.8079271711021474,-0.7231266377706451,-0.47335424863608333,-0.3353443581875911,0.7367157009906936,0.29742886138260977
Australia,AUS,1993,0.0015422223450839243,0.6313604227129797,1.0811364565826356,0.07170300136407234,-0.3685558574691029,-0.45655978629605254,0.7586310417292105,0.22468100765007343
Australia,AUS,1994,-0.23754535460983794,0.7063984131059631,-1.0397256411712226,0.05696494958888611,-0.33802819849980453,-0.14607282379379874,0.5852596817772442,-0.007369737651523822
Australia,AUS,1995,-0.25683457072855376,0.7709432176432935,-0.2441927678320394,0.03745650189702616,0.03768893541921569,-0.25176859945773544,0.3974782347643352,0.13278958419551387
Australia,AUS,1996,-0.07402524236731951,0.8079826531242449,-0.7969903682617859,0.0320669999308741,-0.24675458744722606,-0.09548026968351678,0.4028820174121886,0.016228241082907175
Australia,AUS,1997,0.03147246293476322,0.8902141854380299,0.7191465252860912,0.04356963793339034,-0.5846409980826295,-0.340365904460095,0.38156709696787766,0.14155411489730296
Australia,AUS,1998,-0.17997516567389701,0.9715476210154811,2.516389613479438,0.21052221639594895,-0.49485280505548424,-0.25822484428272136,0.2790453317322126,0.426193980880982
Australia,AUS,1999,-0.3211420958244776,1.0778059144761942,-0.4227910349599454,0.28783368766451456,-0.4067926218285961,-0.018068506866813706,0.15776043230261186,0.06017465589763054
Australia,AUS,2000,-0.09024111946332714,1.1527357320409344,1.5458138698453878,0.04315148193987068,0.013613764024321353,-0.6022917852079406,0.06949864905433806,0.3180656953257853
Australia,AUS,2001,0.10930122862914789,1.1701569715228026,1.6607245465054388,-0.37147103030052553,0.006503038102145832,-0.07482178465332667,0.1383968778144701,0.451875635851844
Australia,AUS,2002,-0.12998449935701972,1.2322172461755982,-0.7302497770125232,0.05057620666517653,-0.19499463004576204,-0.36051377584463806,0.0825577904533173,0.01548930663111937
Australia,AUS,2003,-0.40414104567664555,1.4025289291056355,-2.346336648669959,-0.13830427063704528,-0.23018616598779382,0.059627210451673664,0.016211347943560443,-0.07938714440617035
Australia,AUS,2004,-0.4598506268642795,1.477486555192294,-1.7221002973642034,0.10978769509617516,-0.2852180859007863,-0.039045246725491534,-0.06394476133293309,-0.04039412919471658
Australia,AUS,2005,-0.39978685848385137,1.6027452289335802,-0.5737360597219462,-0.12417965771429058,-0.23594858515943093,-0.25305359275618355,-0.11843290303212259,0.13507722920886264
Australia,AUS,2006,-0.39412091557666845,1.7136830133298397,0.14933381364597767,-0.20878397043983576,-0.11390194239110676,0.22832565180444914,-0.1561092764935455,0.34631944941601694
Australia,AUS,2007,-0.5642082691237215,1.8620050957787333,-1.4665451234585978,0.01530177276722891,-0.2874290898765528,0.46084507778038775,-0.21675172620834585,0.12871867576744528
Australia,AUS,2008,-0.2331246904208163,1.8869556601397905,-0.08482420158864994,-0.021106131597727888,-0.0015300645844776044,0.3707476205886938,-0.23761633143200245,0.31256621502027127
Australia,AUS,2009,-0.2755429370644165,1.9013594029215828,1.0176886783169325,-0.3883257880770531,-0.36608756140651455,-0.6413450056458795,-0.03902731912338634,0.36235098860060067
Australia,AUS,2010,-0.1244984856346995,1.9590874439688575,-2.1695829826382913,-0.3321803936205004,-0.20393255214795256,-0.1334909293727011,-0.09171419993995794,-0.02613633441069221
Australia,AUS,2011,-0.03329343113707054,1.8944131552075238,-1.6170365948709042,-0.29154819723961733,-0.14944196810680277,-0.29215732009402884,-0.11137796457520266,0.007034419419610456
Australia,AUS,2012,-0.17849931254333537,1.8725129413022985,-0.1040068114107167,0.05116274710695771,-0.367266004343546,-0.33762710170403976,-0.09006304413089171,0.15726950644992602
Australia,AUS,2013,-0.0321141615940128,1.9459810779604203,0.9755450405421159,-0.2344087305152789,-0.2701469352002203,-0.3816975540811363,-0.024317021915340728,0.3588410713450187
Australia,AUS,2014,-0.011705732863050619,2.025744216405623,0.9536700828315027,-0.24612694947943198,-0.2647691497304046,-0.36073526464432104,0.03797658360852599,0.37853130725905837
Australia,AUS,2015,-0.16192957530701,2.1963773589998166,2.7773467134182757,-0.3422346877826951,-0.4032266539244052,-0.43767090988713403,0.03452416691684172,0.6673592769447284
Australia,AUS,2016,-0.07631442272710597,2.332254657618679,0.09956868111759365,-0.2121468721060075,-0.4359305987715804,-0.38763517592186303,-0.017111978384869393,0.2685152686415819
Australia,AUS,2017,-0.0025679870985351114,2.2892282739507683,-0.4760702367265457,-0.3138621996478122,-0.34099534024955686,-0.5449225955682484,-0.034974482137496335,0.17267082943075257
Australia,AUS,2018,0.04880337555426428,2.2760800812973265,0.31438605563283817,-0.18606965003138085,-0.3462595146651175,-0.7025008556289902,-0.07205043530471338,0.2295602294012086
Australia,AUS,2019,0.3593869257242601,2.193498176322009,1.0075734194707555,-0.3357072871917478,-0.38875236855117157,0.1547022513650386,-0.10237166016211355,0.40585288284457227
Australia,AUS,2020,0.5717117302051261,2.3236435900868226,0.09283221759289974,-0.8477813942244218,-0.49672270364268856,0.12599846472684695,0.08540978685079556,0.34389014566199594
Australia,AUS,2021,0.6711207645813057,2.2511095566947916,-1.237129452720757,-0.37686344978971603,-0.21162521557316566,-0.3851687726050496,-0.1205343740618433,0.000342060991769503
Australia,AUS,2022,0.40015360578567594,2.149897532490919,1.1232463641247983,0.1172907962812102,0.3156229887151998,-0.3014558215615995,-0.3147703392374663,0.3507280460664236
Australia,AUS,2023,0.3152377214026537,2.005877049104067,0.5729051695240194,-0.029942447880498914,0.17468946589960263,-0.5881124987211154,-0.3237766436505554,0.22232675266198051
Australia,AUS,2024,0.08364311060095371,2.0566422771624433,0.04501041492357385,-0.516246036997318,-0.16884617639349134,-0.394393612332559,-0.28264785349744825,0.24119542517984044
Azerbaijan,AZE,1990,-1.6790572518313167,-0.022234294259346834,-0.05055929710966535,-0.972407660587929,-2.118955534768582,59.700947817697646,-0.7392674872410688,8.488770873819746
Azerbaijan,AZE,1991,-1.6790572518313167,-0.022234294259346834,-0.05055929710966535,-0.972407660587929,-2.118955534768582,59.700947817697646,-0.7392674872410688,8.488770873819746
Azerbaijan,AZE,1992,-1.6790572518313167,-0.022234294259346834,-0.05055929710966535,-5.790533211428164,-2.118955534768582,59.700947817697646,-0.6041729210447314,9.196373747682115
Azerbaijan,AZE,1993,-1.6790572518313167,-0.022234294259346834,11.898928980043902,-5.900535723446051,158.82236229702116,59.700947817697646,-0.19888922245571905,33.968672650475
Azerbaijan,AZE,1994,-1.6790572518313167,-0.022234294259346834,208.0244948700562,-5.152516791336814,234.33188314168558,81.02749724928178,0.07129990993695583,75.75207355998133
Azerbaijan,AZE,1995,-1.6790572518313167,-0.022234294259346834,25.569711249625993,-3.4144710441657584,57.58433172425601,0.9880217114316355,0.20639447613329331,12.774250451883523
Azerbaijan,AZE,1996,-3.253216202308487,-0.022234294259346834,-0.4104982802879214,-0.5323962901145926,2.1814958610131843,0.37719815071471724,0.3414890423296307,0.8932947102761919
Azerbaijan,AZE,1997,-2.486768208284331,-0.022234294259346834,-1.089662915696925,0.45762966472315775,-0.09707307554505179,2.162108640234696,0.49159411588111673,0.4962672877393804
Azerbaijan,AZE,1998,-3.4229540323388665,-0.022234294259346834,-0.4637176995241361,1.3816536185904555,-0.7256472081447305,-1.9895203014211031,0.6266886820774542,-0.07616148678906451
Azerbaijan,AZE,1999,-1.2486323286780399,-0.022234294259346834,0.8679560096750353,0.8096390883290097,-1.821431568519866,0.5955631035401912,0.7617832482737917,0.11723281986554791
Azerbaijan,AZE,2000,-0.024401443600173985,-0.022234294259346834,1.1650468069182582,1.6236598201460433,-0.3612983509343851,4.508524589452524,0.8938757129990993,0.6549508696614685
Azerbaijan,AZE,2001,0.2567099235791712,-0.022234294259346834,0.5263461016640664,1.3596531012877335,-0.3977384725818357,-1.6518114049230663,0.7632842990093066,-0.3426452565653972
Azerbaijan,AZE,2002,-1.1536202183440754,-0.022234294259346834,0.5700072315721685,1.2582120674533028,-0.224734833457295,0.18534797591000393,0.6326928850195136,0.1480695879536881
Azerbaijan,AZE,2003,-3.062697118227771,-0.022234294259346834,0.09471572360824668,1.427480766006965,-0.3006802477708953,1.3042313048348386,0.5021014710297208,0.45905004423762424
Azerbaijan,AZE,2004,-3.3166737797395083,-0.022234294259346834,-0.04264318592091213,1.2174858226972494,0.3318543436756561,2.6085460063478547,0.32497748423896733,0.7570983301606399
Azerbaijan,AZE,2005,0.5248188705192279,-0.022234294259346834,-0.587236441559567,5.333295032633678,0.7517348216131983,0.7446974041366831,0.21540078054638243,-0.6793930903822225
Azerbaijan,AZE,2006,2.5520145029386514,-0.022234294259346834,-0.8284128685733345,6.764360046695145,0.5608347902749524,5.491493010721547,0.11933353347343141,-0.5707657682852207
Azerbaijan,AZE,2007,3.740439970259368,-0.022234294259346834,-0.6099146092061875,4.78364979085876,1.7440218565581114,4.381674859819756,0.07580306214350044,-0.42210555515175613
Azerbaijan,AZE,2008,4.529988471554276,-0.022234294259346834,-0.6524442339327579,1.5117733355643728,2.3305152070278137,2.353681317457751,0.005253677574302033,-0.28957001903584084
Azerbaijan,AZE,2009,3.207049108532683,-0.022234294259346834,-0.35771098284945707,1.242940663031135,-0.41048050698475846,-0.8982601297111813,-0.01275893125187631,-0.8787763738029196
Azerbaijan,AZE,2010,3.8810135342449876,-0.022234294259346834,-0.07050911367011517,0.23516698404081607,0.19304391269787768,0.9061452800728089,-0.029270489342539823,-0.448429317541017
Azerbaijan,AZE,2011,3.5806441204256094,-0.022234294259346834,-0.2790770924232703,-1.1644720426750945,0.4943183561960398,1.475522623356656,-0.06079255478835189,-0.11549071995268398
Azerbaijan,AZE,2012,3.02424891576004,-0.022234294259346834,-0.12296264967359322,-0.3337444222683753,-0.4657236388275406,0.6387357110741443,-0.09531672170519362,-0.3940008695547421
Azerbaijan,AZE,2013,2.4066055202711567,-0.022234294259346834,-0.0704463587570012,0.46718138007017657,-0.2749760404333531,0.2229186625837026,-0.12833983788652065,-0.44955210987055033
Azerbaijan,AZE,2014,2.0451796531094972,-0.022234294259346834,-0.0540503339010232,-0.20291882868381103,-0.4222979946631524,-0.010819954315273035,-0.13734614229960976,-0.3555727919805845
Azerbaijan,AZE,2015,0.31695171499396374,-0.022234294259346834,4.282695548553567,-0.5874973839082835,-0.047130056786669976,-0.9608949493396306,-0.12984088862203547,0.48473443263717214
Azerbaijan,AZE,2016,-0.07611380519934266,-0.022234294259346834,7.836903125604849,-1.4924128216164418,1.1423976678718049,-1.0241380411169765,-0.12383668567997602,1.3396597713194482
Azerbaijan,AZE,2017,0.8780491303624004,-0.2543575827699228,1.061622362083632,-0.7846075039413277,1.2120169482598775,-0.2158227039425608,-0.12383668567997602,0.22659724450428245
Azerbaijan,AZE,2018,1.9357126252317554,-0.28309196300619244,-0.2243261705160599,-0.48830664278122815,-0.2957780740916701,-0.4616296095833622,-0.13884719303512458,-0.4072969989547052
Azerbaijan,AZE,2019,1.4442342889497524,-0.23490991818070245,-0.05069800967757265,-0.2728314629664115,-0.24743406754959688,0.5885843033923365,-0.12383668567997602,-0.17709960052555032
Azerbaijan,AZE,2020,0.27720721991606795,-0.16959734198782297,-0.05055929710966535,-1.742199019611937,-0.22633985764295017,-0.7954407210883252,0.2123986790753528,0.06220760870606547
Azerbaijan,AZE,2021,2.217370756940566,-0.23656582334645734,-0.05055929710966535,0.41724543984844803,0.32356701783237896,0.4958789198828433,0.03227259081356948,-0.2957175412451922
Azerbaijan,AZE,2022,4.0496487720693075,-0.3362882597557838,-0.05055929710966535,0.21885308491450398,1.3415384322564625,0.8548973191649155,-0.026268387871510035,-0.35502600718562755
Azerbaijan,AZE,2023,1.789640446914184,-0.23219561006967934,-0.05055929710966535,-0.5204107988445809,0.6253602430278422,-0.4914824550517483,-0.027769438607024997,-0.20655374369712562
Azerbaijan,AZE,2024,1.1441967761787522,-0.16262185702547216,-0.05055929710966535,0.09639518254312059,-0.303746481884575,-0.6453073412770782,-0.026568598018613106,-0.3470565048624681
"Bahamas, The",BHS,1990,0.2259124390218361,0.2674970395470932,-0.05055929710966535,-1.1695875579578177,0.043562539729684525,0.35735443727349886,0.952416691684179,0.35913521858011027
"Bahamas, The",BHS,1991,-0.34530083347150303,0.31910881210360503,-0.05055929710966535,-1.7384202825971697,0.38920577243021615,-0.39003108542039966,0.952416691684179,0.4719802871080869
"Bahamas, The",BHS,1992,0.5110183677489357,0.3645551298597262,-0.05055929710966535,-1.6600536412514693,0.19464488944749375,-0.474119694092834,1.3486940858601022,0.36175005535247945
"Bahamas, The",BHS,1993,0.5631884660947086,0.43213064131406137,-0.05055929710966535,-0.7506843946669723,-0.23155720933954907,0.30635567462752517,1.0349744821374964,0.23983431717173317
"Bahamas, The",BHS,1994,0.20875775250065315,0.49847025297680025,-0.05055929710966535,-0.12562404841287253,-0.4186381928891262,-0.23639644523991832,1.2015911137796458,0.13019053248999365
"Bahamas, The",BHS,1995,-0.15696519937002393,0.5642548408771134,-0.05055929710966535,0.14494693409149523,-0.32426672530107525,-0.2494880774023241,0.7512758931251877,0.10046212849539501
"Bahamas, The",BHS,1996,-0.5326659176746177,0.6132033124346437,-0.05055929710966535,0.11079727648549467,-0.42149294229852263,-0.4640646497242258,0.8458420894626241,0.13497102199342528
"Bahamas, The",BHS,1997,-0.5523984059647475,0.1376063649945041,-0.05055929710966535,-0.5350905241133286,-0.5395153889781558,0.8455429242077058,0.5906634644250975,0.2958895710882232
"Bahamas, The",BHS,1998,-1.431083970117721,0.16412348054731374,-0.05055929710966535,0.2193191060019201,-0.4275035649672987,0.3148955033933553,0.2739417592314621,0.21238039217299542
"Bahamas, The",BHS,1999,-0.15287757190715304,0.15535858241257747,-0.05055929710966535,0.7533401952593806,-0.4391455797328872,-0.10167633215929663,0.24392074452116486,-0.11322350077433348
"Bahamas, The",BHS,2000,-0.5995370411032181,0.23507730286101206,-0.05055929710966535,0.09427241396022419,-0.3893801604355681,-0.1935355656287175,0.1940858601020715,0.04299325241887521
"Bahamas, The",BHS,2001,-0.5892904897414787,0.28049158802637875,-0.05055929710966535,-0.24066639733440406,-0.3273770790925147,-0.5164605314366145,0.1568598018613029,0.053273052760681394
"Bahamas, The",BHS,2002,-0.2201737757039581,0.25700370417692153,-0.05055929710966535,-0.22329773235610506,-0.3092016014431527,-0.657975666067759,0.48408886220354264,0.023832501402850044
"Bahamas, The",BHS,2003,-0.29082340271011164,0.2642627559203581,-0.05055929710966535,-1.096692528444072,-0.18884972176176945,-0.606913654550322,0.7527769438607025,0.2226047082162125
"Bahamas, The",BHS,2004,-0.05030339818022121,0.30220711678863643,-0.05055929710966535,-0.6242763289209862,-0.4776390535938015,-0.20027233698545585,0.6567096967877514,0.12928940756981036
"Bahamas, The",BHS,2005,-0.5113404454561502,0.35485991753408463,-0.05055929710966535,-0.0712456204538765,-0.3914612375630402,-0.08179790642927641,0.6567096967877514,0.15290531987569725
"Bahamas, The",BHS,2006,-1.3370737625811233,0.4894928835869707,-0.05055929710966535,-0.2647388985861517,-0.27863566641168835,-0.30729818078669596,0.25743020114079856,0.24460608594099922
"Bahamas, The",BHS,2007,-1.161498292672556,0.5315804276488869,-0.05055929710966535,-0.500253341055791,-0.2641120826134054,-0.1042704353810922,0.3084659261483038,0.29755088177448213
"Bahamas, The",BHS,2008,-1.0657350804187615,0.6078531488850671,-0.05055929710966535,-1.3296195032027889,0.018154220914356384,-0.4911403821669223,0.3534974482137496,0.40473710319401945
"Bahamas, The",BHS,2009,-0.6325933054308172,0.6935904995181297,-0.05055929710966535,-1.7370217134279926,-0.32486889218522,-0.7545089887318852,1.26463524467127,0.456843369288777
"Bahamas, The",BHS,2010,-0.6275023912191602,0.6735220658557478,-0.05055929710966535,-0.47988904413481603,-0.42645561992191555,-0.47153760631298564,1.292404683278295,0.30353795159192176
"Bahamas, The",BHS,2011,-1.10739551396974,0.6921835439338682,-0.05055929710966535,-0.6835025337293879,-0.1642927343204493,-0.6972988825839771,1.3051636145301713,0.4108706131641537
"Bahamas, The",BHS,2012,-1.3655680166507898,0.6022586493696638,-0.05055929710966535,0.17603084702737937,-0.337500624480454,-0.6591758444555849,1.2301110777544282,0.2820958758145426
"Bahamas, The",BHS,2013,-1.393318752935448,0.6097843232889454,-0.05055929710966535,-1.4483241995124678,-0.5143183499192399,-0.8366349697486547,1.554338036625638,0.51489324222642
"Bahamas, The",BHS,2014,-1.7224066338738853,0.5209046359721381,-0.05055929710966535,-0.4120595957463364,-0.4024650228735218,-0.762447403861446,1.1970879615731014,0.37671244333154685
"Bahamas, The",BHS,2015,-0.8870553061921306,0.4350339501024136,-0.05055929710966535,-0.5989673247794531,-0.3533151050089583,-0.9041784064662013,0.9268988291804263,0.2199860859527998
"Bahamas, The",BHS,2016,-0.3704312343522719,0.38887753414753956,-0.05055929710966535,-1.0728420231571203,-0.6653882573297659,-0.23130911714171914,1.0319723806664665,0.2738380715346068
"Bahamas, The",BHS,2017,-1.1943332693669428,0.38887753414753956,-0.05055929710966535,-0.07667654107203083,-0.40183594966496655,-0.7440671779119583,0.5966676673671572,0.15144179818101144
"Bahamas, The",BHS,2018,-0.706183247962461,0.38887753414753956,-0.05055929710966535,-0.29083974249910916,-0.29615736836058004,-0.7994591765613682,0.6266886820774542,0.12377333780785003
"Bahamas, The",BHS,2019,0.04724398880363738,0.38887753414753956,-0.05055929710966535,-1.0028973078866812,-0.26430186504993175,-0.09957843120789572,0.5270189132392675,0.2081585961574797
"Bahamas, The",BHS,2020,-2.3549368640384523,0.38887753414753956,-0.05055929710966535,-5.238179377772621,-0.6109842900630538,-0.896264935874596,0.9293005103572501,1.050497966181221
"Bahamas, The",BHS,2021,-2.1296380546511493,0.38887753414753956,-0.05055929710966535,3.0506477640800185,-0.2058300421868163,-0.5583654053147961,0.7885019513659561,-0.07976928121809308
"Bahamas, The",BHS,2022,-0.7271367354693796,0.38887753414753956,-0.05055929710966535,1.5747969426825328,0.17587513822225886,-0.1899142224841629,0.5141098769138397,-0.0013244539319061666
"Bahamas, The",BHS,2023,-0.4962225736641557,0.38887753414753956,-0.05055929710966535,-0.14777294203897678,-0.18491032187438208,-0.1899142224841629,0.4232963074151906,0.14725507368537888
"Bahamas, The",BHS,2024,-0.4527208787059508,0.38887753414753956,-0.05055929710966535,-0.07507782812692451,-0.55859544771711,-0.1899142224841629,0.48393875712999096,0.08593514725706679
Bahrain,BHR,1990,0.5477533926206569,-0.1649998356617937,-0.05055929710966535,0.15798120480137937,-0.4850708515908935,-1.7248444084067323,-0.7172020414290005,-0.5497730045171603
Bahrain,BHR,1991,-1.0498610154838743,-0.0622027232130089,-0.05055929710966535,1.6522603745384097,-0.5083810994408458,0.8258240474895311,-0.7172020414290005,-0.15927435325107497
Bahrain,BHR,1992,-1.5217647048816643,-0.012944145648869722,-0.05055929710966535,0.6534343211258442,-0.640799186676248,-0.520101253279433,-0.7290603422395678,-0.1550191201711377
Bahrain,BHR,1993,-0.34036503328229695,0.06281847353220314,-0.05055970476627606,2.0130716371352095,-0.25757026472714134,-0.4564690196748577,-0.7419693785649957,-0.44520807115056865
Bahrain,BHR,1994,-0.13007902113736206,0.09785354819404599,-0.0505602064975553,-0.8734053466744902,-0.5009616604143947,-0.43771193754517734,-0.7232062443710598,-0.0873003046888984
Bahrain,BHR,1995,0.809715368822217,0.08619123571828245,-0.05055907760224573,0.046217240857870635,-0.23422341585762227,-0.33200358326027013,-0.7176523566496549,-0.3005971153330855
Bahrain,BHR,1996,0.8325089858270109,0.058102919881714454,-0.050559422542469534,0.085821335964739,-0.6803498423116501,-0.649088310715734,-0.6976883818673072,-0.4197019084781709
Bahrain,BHR,1997,0.3155825270497335,0.12234169297600939,-0.0505593911842782,-0.13792605131958688,-0.27273797685646406,-0.30090562418150274,-0.7054938456919845,-0.19785880295262384
Bahrain,BHR,1998,-0.9973303018606077,0.2184559482907332,-0.05055939118427883,0.23542463399498087,-0.6682373683353423,0.3525565757432968,-0.7071450015010509,-0.013289081303002168
Bahrain,BHR,1999,0.3082206428459196,0.26108420969169993,-0.05055866994555531,0.12762064879848706,-0.798425090433749,-0.5741099096719214,-0.7074452116481538,-0.3293279948074409
Bahrain,BHR,2000,1.500538500298643,0.14250357640919575,-0.05055851315459022,0.34764203554195466,-0.7160575681815488,-0.12685128141703686,-0.7120984689282498,-0.47303468444468966
Bahrain,BHR,2001,0.6797352348842428,0.1706079075434803,-0.05055929710966535,-0.2703806075826968,-0.7871150893627236,-0.19876253902552174,-0.7065445812068448,-0.28310403235183157
Bahrain,BHR,2002,0.3048262241814753,0.22929220728014704,-0.05055929710966535,-0.08170327043964339,-0.6864719463503315,-0.11825673401582791,-0.7036925848093667,-0.22183018696383947
Bahrain,BHR,2003,0.5923677714946918,0.17728561739064452,-0.05055929710966535,0.5668495614420992,-0.3911758142576569,-0.410315384415797,-0.705343740618433,-0.3627608502782427
Bahrain,BHR,2004,0.8118258160978483,0.21645906618849062,-0.05055929710966535,0.7174479876455763,-0.28384924381146776,-0.5724121301313233,-0.7146502551786251,-0.4191836662551451
Bahrain,BHR,2005,1.5093788611380474,0.21088580697056283,-0.05055929710966535,0.6708146090207494,-0.25087796394845824,0.736530334340037,-0.721104773341339,-0.3221884804639514
Bahrain,BHR,2006,1.829286565630198,0.23660877240158912,-0.05055929710966535,0.6043733493040296,-0.3326804146782934,0.21588330003310457,-0.721104773341339,-0.44078747537554736
Bahrain,BHR,2007,2.0213957913893985,0.414222362585114,-0.05055929710966535,1.0063154100695508,-0.1561108601079366,2.006196103661685,-0.7233563494446112,-0.21961703455348047
Bahrain,BHR,2008,1.4533007610035469,0.6533739507415905,-0.05055929710966535,0.5555345916984142,-0.11804110422679566,0.5669780045797004,-0.722005403782648,-0.23986988607139703
Bahrain,BHR,2009,0.6703715499046081,0.8090795614328007,-0.05055929710966535,-0.2596141985017166,-0.22129331392877408,-0.45046254206892417,-0.7137496247373162,-0.14824893825925292
Bahrain,BHR,2010,0.7236887433487371,0.6689854604807591,-0.05055929710966535,0.13516700625828723,-0.33912368822005046,-0.10571268058300326,-0.704743320324227,-0.19857275362331592
Bahrain,BHR,2011,1.7099737216624753,0.711424189580615,-0.05055929710966535,-0.39419781833114853,-0.6729734399965004,-0.6271278880613924,-0.6927349144401082,-0.37824960762262544
Bahrain,BHR,2012,1.3652635324116678,0.7030317048789484,-0.05055929710966535,0.018284564625265086,-0.22668089416461862,-0.5793391656692415,-0.694235965175623,-0.31876167346816187
Bahrain,BHR,2013,1.2490030289891658,0.7131711074067707,-0.05055929710966535,0.3460036189800328,-0.14998421234697365,-0.2749611646376072,-0.6966376463524467,-0.29342540871558864
Bahrain,BHR,2014,0.9099913587382098,0.5913282851611643,-0.05055929710966535,0.12956960967868947,-0.2422068803887514,-0.3989781267614133,-0.7026418492945062,-0.26323126240143874
Bahrain,BHR,2015,0.08302191996809166,0.7899568962430188,-0.05055929710966535,-0.2666573847441086,-0.355132199034987,-0.6605266385305738,-0.6996397478234766,-0.11318078878280959
Bahrain,BHR,2016,-0.17558517939779947,0.7899568962430188,-0.05055929710966535,0.020916775631968247,-0.22252576437911306,-0.6605266385305738,-0.6957370159111378,-0.09781763084594856
Bahrain,BHR,2017,-0.16260348813930142,0.7899568962430188,-0.05055929710966535,0.2714685575349082,-0.4204214099618524,-0.6605266385305738,-0.6972380666466528,-0.16395051220019033
Bahrain,BHR,2018,-0.39147269114941735,0.7899568962430188,-0.05055929710966535,-0.36682234278878506,-0.32134446866776306,-0.6605266385305738,-0.6960372260582409,-0.02574510002643171
Bahrain,BHR,2019,0.1260722333771176,0.7899568962430188,-0.05055929710966535,-0.36675874036652256,-0.47426002407099543,-0.6605266385305738,-0.6916841789252478,-0.12091239077200837
Bahrain,BHR,2020,-0.7498981574927318,0.7899568962430188,-0.05055929710966535,-2.118937339873676,-0.9440286512879371,-0.6605266385305738,-0.6094265986190335,0.19917874400888813
Bahrain,BHR,2021,1.156052789339221,0.7899568962430188,-0.05055929710966535,0.1386303235468394,-0.7021301988121931,-0.6605266385305738,-0.6419993995797059,-0.3657059643821685
Bahrain,BHR,2022,2.1874486803860362,0.7899568962430188,-0.05055929710966535,0.5412672870734788,-0.10394350971634658,-0.6605266385305738,-0.6844791353947765,-0.49118109313826547
Bahrain,BHR,2023,1.090797164568483,0.7899568962430188,-0.05055929710966535,0.03480416974536458,-0.6058817427974225,-0.6605266385305738,-0.7169018312818973,-0.338501992541484
Bahrain,BHR,2024,0.9659430541988511,0.7899568962430188,-0.05055929710966535,-0.18102381054267197,-0.4864419089342479,-0.6605266385305738,-0.7116481537075954,-0.272019763670749
Bangladesh,BGD,1990,0.21315655671722852,-0.3842329154931825,-0.05055929710966535,0.4185254090146456,0.24956075417816162,-0.11375877095335835,-0.544130891624137,-0.21068615524772225
Bangladesh,BGD,1991,0.394525558206151,-0.387556365013995,0.7792339940186706,-0.051633515199688215,0.2821616968736522,0.1289189909598801,-0.544130891624137,-0.012037802541770257
Bangladesh,BGD,1992,0.4391914911108157,-0.4171798133819535,0.859766761922817,0.3790184051860886,-0.10276526344228111,0.0062021533709153455,-0.5391774241969379,-0.14448049743204922
Bangladesh,BGD,1993,0.5025815727554258,-0.40104054940601813,0.1733833552228487,0.21816697329448226,-0.1902952241499276,-0.10536457167288904,-0.5276193335334735,-0.2530978385127668
Bangladesh,BGD,1994,0.44176505987151293,-0.3799847273996193,0.17990033242068063,0.037446502977919155,0.13464915025808147,0.5416099847953246,-0.5186130291203843,-0.0745214074136213
Bangladesh,BGD,1995,0.1004406861529117,-0.2806072968012341,-0.027132887140961966,0.30830687953678826,0.8391299600708552,0.014538395949484804,-0.5079555688982289,-0.05296785178711213
Bangladesh,BGD,1996,0.10496782373093141,-0.3230640968288101,0.48192295758326226,0.1766645404156127,-0.2804303768116257,-0.08922374069854838,-0.49759831882317634,-0.14143227710363462
Bangladesh,BGD,1997,0.29542036013861217,-0.2999011557066541,0.6596709590568303,0.16939935292127584,0.133498728351253,-0.16195183823298145,-0.46937856499549696,-0.08612594065527676
Bangladesh,BGD,1998,0.3600531700431303,-0.28890833599748766,0.9208675110323034,0.3205719737559228,0.5711973400898193,-0.039359169452090906,-0.4401080756529572,0.006152018031504836
Bangladesh,BGD,1999,0.28094132779764464,-0.27833389514291684,0.6069492781798105,0.2090575577256435,0.24673063492698286,0.2582655813101513,-0.41083758631041734,-0.009603553222811098
Bangladesh,BGD,2000,0.29794360043537343,-0.261259577783809,0.8304067107672567,0.3461515662041507,-0.3042999493005114,0.5425727994752587,-0.3835184629240469,-0.031456235200768005
Bangladesh,BGD,2001,0.2462181079074626,-0.20952494791926418,0.943951061815949,0.29862880057703206,-0.33272224084214297,2.2774499094734906,-0.33263284299009316,0.25738200443620635
Bangladesh,BGD,2002,0.5356517898517252,-0.16580142294424177,0.4771269772445696,0.024905626001838533,-0.14538291015347782,0.1870439068638345,-0.2790453317322126,-0.0695165995107274
Bangladesh,BGD,2003,0.3957814935258298,-0.1694548128485886,0.013487775850325246,0.22432838232612937,0.18482256576419595,0.15534515949921088,-0.2259081356949865,-0.0945453318974003
Bangladesh,BGD,2004,0.31586148790548113,-0.1290453998141529,0.2809872055912925,0.3343236601757867,0.45604217071581354,0.15982147249332052,-0.2265085559891925,-0.015555465012026672
Bangladesh,BGD,2005,0.3378478663775767,-0.09821359065275001,1.0941379710119001,0.6195417366930348,0.3795853038362171,0.2833558039984797,-0.23641549084359056,0.06643719918280641
Bangladesh,BGD,2006,0.5745785106129251,-0.05894449342222532,0.9624767120292435,0.6494537262773737,0.33981649378288675,0.6062808230244306,-0.33533473431401983,0.04146608060143099
Bangladesh,BGD,2007,0.5017171171298227,-0.040038570450076534,-0.06253757741123318,0.7345287036984846,0.6708108237494704,0.11720423315996883,-0.2716901831281898,-0.11749958498690964
Bangladesh,BGD,2008,0.4936237959588528,0.0030561395063831214,-0.10738065305362814,0.5046646041111311,0.6418291385112816,0.32691565998687494,-0.20039027319123387,-0.047751198330043744
Bangladesh,BGD,2009,0.797509156784747,0.04937293480135622,0.04035672416923085,0.291552761501868,0.15015941808122937,0.6083920419429648,-0.12383668567997602,-0.05208821213882996
Bangladesh,BGD,2010,0.594739296646589,0.15219293001792744,0.0744998105750762,0.4074217249710994,0.5322476930638714,0.6696034872875265,-0.3671570099069349,0.008460841345682622
Bangladesh,BGD,2011,0.35319730203181854,0.18471656211553245,0.8642191678114699,0.6037968474895762,0.9942369545564363,0.3641914413171331,-0.3134193935755029,0.16242151181481054
Bangladesh,BGD,2012,0.6074474905396697,0.1961495531214808,1.4206144237280065,0.616354698535119,0.2623929971615703,0.3712302024274553,-0.263434404082858,0.10902151189726661
Bangladesh,BGD,2013,0.5383028835521821,0.1701569491931085,-0.7003232740167288,0.5046241012667655,0.4479670518178827,0.2126730653129284,-0.209996997898529,-0.16035002720146935
Bangladesh,BGD,2014,0.42275883456251884,0.21200173526241212,-0.1342216789774312,0.5150641873542713,0.3718141795681678,0.2684522892176181,-0.2113479435604924,-0.06158920577235938
Bangladesh,BGD,2015,0.5320712265582737,0.22646137040469014,0.005112860275726643,0.6232147190479512,0.259110368658101,0.2157923441553575,-0.21435004503152208,-0.0947370067348388
Bangladesh,BGD,2016,0.4121346232409768,0.0840236834838047,0.04404521844562084,0.7466023670357503,0.1628881409515565,0.34822866928327095,-0.221404983488442,-0.10585089451441661
Bangladesh,BGD,2017,0.1169948988214235,0.14114924630403855,0.3045582316856373,0.6314891609579105,0.1895382255588172,0.1312186284902271,-0.2181026718703093,-0.02858891423013188
Bangladesh,BGD,2018,0.09595685967374597,0.1320055050086086,0.48217665873038207,0.7919091191653108,0.16714205657103892,-0.032599315015248494,-0.2080456319423597,-0.049598100783805055
Bangladesh,BGD,2019,0.2650234041452584,0.11066105522926563,0.1168069124844009,0.9156628977205475,0.17397969139051178,-0.003323633773185616,-0.19828880216151318,-0.14012158267090374
Bangladesh,BGD,2020,0.4081522807992342,0.11338957333636572,0.019447917670065644,-0.059819986712906364,0.1879840635043155,0.08320714311424314,-0.042930051035725086,0.001823764643276729
Bangladesh,BGD,2021,-0.09948852863301169,0.11168586133121129,-0.01515505332621649,0.7081455657713063,0.16742940157462358,-0.20354971479415684,-0.05523866706694692,-0.08621217277425428
Bangladesh,BGD,2022,-0.10201096291518015,0.10896036958855519,1.0572322506121694,0.7435994126765006,0.4715080139653331,-0.326302462297598,-0.18492945061543084,0.06926861021310117
Bangladesh,BGD,2023,0.16537121957147025,0.08063400709654792,2.1954794571419423,0.45215421094796326,0.7805688908763105,-0.36217620299132364,-0.37120984689282505,0.24368155353017412
Bangladesh,BGD,2024,0.2860299715371907,0.04118520212155477,1.1864097097014479,0.1107375999881022,0.8628671844379703,-0.426893689430657,-0.3287301110777545,0.13401010346103837
Barbados,BRB,1990,0.3249634389965533,0.04963322093476072,-0.05055929710966535,-1.5460930947656744,-0.18184919310782993,0.11756577038354499,2.4894926448513965,0.5207732573887611
Barbados,BRB,1991,0.24963362883848514,0.0801960838540045,-0.05055929710966535,-1.6764055491978234,0.26805002274865397,-0.93048163177723,2.4894926448513965,0.46906710613235686
Barbados,BRB,1992,1.2915669715759153,0.09977422743124245,-0.05055929710966535,-2.0707908128547787,0.24492099500504153,-0.48582642312756186,2.5690483338336843,0.45094023961594354
Barbados,BRB,1993,0.8780600520829895,0.06516309232453721,-0.05055929710966535,-0.6439239191729932,-0.45904842034363763,-0.6137382562888816,2.8092164515160616,0.2166996338840597
Barbados,BRB,1994,1.1388390765656293,0.10898156723358841,-0.05055929710966535,-0.37602002716822913,-0.6055165445444964,-0.3224668799018135,2.5750525367757433,0.13466747615085087
Barbados,BRB,1995,0.3739648500325184,0.18542808326277058,-0.05055929710966535,-0.3753124358546374,-0.3508585370505589,-0.5278353398701303,2.0767036925848097,0.19060374109133496
Barbados,BRB,1996,1.1050846085251245,0.1666147573892665,-0.05055929710966535,0.05644388733695957,-0.27915497974174347,0.43971911484089826,1.333683578504954,0.06411066828880371
Barbados,BRB,1997,-0.027631573429313182,0.22193161444845716,-0.05055929710966535,0.2244463477601229,0.47342812312318727,-0.42568064154229207,1.318673071149805,0.1915682993912403
Barbados,BRB,1998,-0.09695489402243576,0.24750244955391176,-0.05055929710966535,0.0018798829007375597,-0.7957817190303317,-0.2944315199799856,0.9869408586010209,0.026963683308092592
Barbados,BRB,1999,-0.1849454371264609,0.29454703362396123,-0.05055929710966535,-0.744777335095979,-0.3959198384323378,-0.3534411241218771,0.7182527769438607,0.16322890330376877
Barbados,BRB,2000,-0.04391884292577996,0.30179647117736513,-0.05055929710966535,0.16000356687550948,-0.2721356013791014,-0.17255272748126663,0.5291203842689882,0.03136921507522721
Barbados,BRB,2001,-0.08123020717473275,0.5463519087361995,-0.05055929710966535,-1.3388192815726236,-0.25206131527424275,1.6341399185160572,0.6041729210447313,0.5574419463800623
Barbados,BRB,2002,-0.2071500644713229,0.5722655740275917,-0.05055929710966535,-0.6451707350392807,-0.5987255448419698,0.25118317950843455,0.6747223056139299,0.24302957381556065
Barbados,BRB,2003,-0.3557760571265279,0.6143412843542415,-0.05055929710966535,-0.3397853170087419,-0.38752798760180657,-0.5379703548734084,0.7767937556289403,0.15866268207622447
Barbados,BRB,2004,-1.1996242720746282,0.7192210964883687,-0.05055929710966535,-0.5078439894250025,-0.4193324762574189,-0.016239771940034387,0.5621435004503152,0.3575287590187423
Barbados,BRB,2005,-1.2349015479407226,0.8376864803343769,-0.05055929710966535,0.05181962122956786,0.2432664310544062,0.3620203048750236,0.4885920144100871,0.4377268371821975
Barbados,BRB,2006,-0.9272645024330098,0.8574730082123394,-0.05055929710966535,0.5171514773748312,0.41648301064225124,-0.48453625144759144,0.436055238667067,0.22643267628893995
Barbados,BRB,2007,-0.5491642253002299,0.805739447903671,-0.05055929710966535,-0.3609713002027096,-0.04620507273973696,0.6573864503004675,0.23791654157910538,0.3592019422052544
Barbados,BRB,2008,-0.7452437247054665,0.8973415973766011,-0.05055929710966535,-0.6790386856627828,0.5296231322211812,-0.7919801550299054,0.34449114380066037,0.33617126166101735
Barbados,BRB,2009,-0.6852644098340505,1.0533832183062497,-0.05055929710966535,-1.9222329649604077,-0.10138219208560649,-0.8345983020252922,0.629690783548484,0.4720045122040896
Barbados,BRB,2010,-0.2511188559262501,1.0533832183062497,-0.05055929710966535,-2.596208590299445,0.20680346404622194,-0.8345983020252922,0.7302611828279796,0.5646596731815984
Barbados,BRB,2011,-0.016835606390649627,1.0533832183062497,-0.05055929710966535,-0.8347304916142276,0.7167791511434757,-0.8345983020252922,0.8053137196037226,0.36312636970333834
Barbados,BRB,2012,-0.6412591808984304,0.8190507638196569,-0.05055929710966535,-1.447173503178713,0.02434344033151006,-0.8345983020252922,0.8653557490243171,0.41600357687395284
Barbados,BRB,2013,-0.18241015943610944,0.7535504414076253,-0.05055929710966535,-0.7754316488755394,-0.3600119112363289,-0.6009123360123976,0.8593515460822577,0.2227514644918771
Barbados,BRB,2014,-1.0343089591595014,0.7293804434603809,-0.05055929710966535,-0.6407874057606313,-0.3663161236822927,-0.6442270244612601,0.952416691684179,0.3279701506873534
Barbados,BRB,2015,0.15471638574619834,0.7490054513993589,-0.05055929710966535,-0.9883844553982039,-0.7737180082420231,-0.4275799758609291,0.5971179825878117,0.13256203177522263
Barbados,BRB,2016,-0.6154882524856535,0.776712753326158,-0.05055929710966535,-0.50680410942207,-0.4352331285049878,-0.5719983652293215,0.36355448814169916,0.17210983036165803
Barbados,BRB,2017,-0.25753610264899596,0.780550325687694,-0.05055929710966535,-0.6743756252296524,0.04227141338225094,-0.7875020441349629,0.4195436805764034,0.19088797232576696
Barbados,BRB,2018,-0.25753610264899596,0.7471186457321267,-0.05055929710966535,-0.873863826436662,-0.17740624845982747,-0.8860706233497044,0.3746622635845091,0.16273495278329952
Barbados,BRB,2019,-0.25753610264899596,0.7203610508134088,-0.05055929710966535,-0.7653602745003092,-0.3794441676325021,-0.6592788933726974,0.38802161513059147,0.14885666928263436
Barbados,BRB,2020,-0.25753610264899596,0.9060808332103064,-0.05055929710966535,-4.647808292658881,-0.3794441676325021,-0.34423829141344225,0.7146502551786251,0.8216905325058855
Barbados,BRB,2021,-0.25753610264899596,0.7455589742777919,-0.05055929710966535,0.9460152972987903,-0.3794441676325021,-0.43866189745351186,0.7790453317322127,-0.004648607262209852
Barbados,BRB,2022,-0.25753610264899596,0.5853672626540095,-0.05055929710966535,2.6896583160297944,-0.3794441676325021,-0.48451183899426364,0.21555088561993396,-0.36367419554904085
Barbados,BRB,2023,-0.25753610264899596,0.556754994004579,-0.05055929710966535,-0.41926961288586273,-0.16593127344048367,-0.8078423289408373,0.10732512758931251,0.045221848233966265
Barbados,BRB,2024,-0.25753610264899596,0.556754994004579,-0.05055929710966535,-0.07765547582646781,-0.4119804353887084,-0.8078423289408373,0.09351546082257585,-0.04070286116237035
Belarus,BLR,1990,0.0385088960004556,-0.19606895565679286,-0.05055929710966535,-1.082409551547462,167.61823968269954,10.743774469391084,-0.7842990093065147,25.482141077937808
Belarus,BLR,1991,0.0385088960004556,-0.19606895565679286,-0.05055929710966535,-1.082409551547462,167.61823968269954,10.743774469391084,-0.7842990093065147,25.482141077937808
Belarus,BLR,1992,0.0385088960004556,-0.19606895565679286,-0.05055929710966535,-2.930458870608088,167.61823968269954,10.743774469391084,-0.4090363254277995,25.799757078357718
Belarus,BLR,1993,0.0385088960004556,-0.19606895565679286,-0.05055929710966535,-2.4904476129155904,167.61823968269954,10.743774469391084,0.4015310717502252,25.85269366971279
Belarus,BLR,1994,0.0015099794197677007,-0.19606895565679286,-0.05055929710966535,-3.3924715168302804,313.3163634224986,10.743774469391084,1.0469828880216154,46.89306486636506
Belarus,BLR,1995,-0.0365100794298825,-0.19606895565679286,30.569379868055737,-3.106463299722841,99.64710955528639,10.743774469391084,1.7824977484238969,20.81280943780758
Belarus,BLR,1996,-0.07084004047506517,-0.19606895565679286,2.0481414259253894,-0.2023865574863589,6.8342354545406305,2.9691332937554207,2.7882017412188533,2.1024099368207034
Belarus,BLR,1997,-0.38263527956047816,-0.19606895565679286,13.628550604957228,1.6896629162126728,8.420890211360337,7.292131137390446,1.6924347042930057,4.218701437956004
Belarus,BLR,1998,-0.45633129513844156,-0.19606895565679286,10.882773680105286,1.0296426351196795,9.683446215081387,19.36960473871764,1.2271089762833987,5.77050761636424
Belarus,BLR,1999,0.1715832275070148,-0.19606895565679286,62.267493879389505,-0.07038429831366265,40.894017782836166,8.854034187026564,1.0469828880216154,16.10932297891767
Belarus,BLR,2000,-0.07660711348376106,-0.19606895565679286,35.5607922056975,0.4576303526589011,23.217441485366333,15.20771487461861,0.9558691083758631,10.623532211318054
Belarus,BLR,2001,-0.16008199748816637,-0.19606895565679286,8.232169179110391,0.2211908039143364,8.024776249815023,3.435311144248559,0.861002701891324,2.8994402161403334
Belarus,BLR,2002,0.09302093074655886,-0.19606895565679286,4.030374520679538,0.291584174783423,5.3961020227099725,2.7198465765653284,0.7578805163614531,1.7605042250185023
Belarus,BLR,2003,0.0526061189753748,-0.19606895565679286,2.0063227871406704,0.7311390998958333,3.3975045571615743,3.109861591362811,0.6553587511257882,1.1698905017518348
Belarus,BLR,2004,-0.2676192392416175,-0.19606895565679286,0.7011858032179338,1.7006055190534894,1.9431065595440973,2.7897272659993995,0.5460822575803062,0.6215780929818673
Belarus,BLR,2005,0.556306111144715,-0.19606895565679286,-0.09272234149001846,1.2496505987096356,0.8449347264821406,2.219621429468944,0.44040828580006014,0.20145949067856897
Belarus,BLR,2006,-0.09519570113039139,-0.19606895565679286,-0.11136248663886346,1.381652544674877,0.3725901917749277,2.0033147319065447,0.33638546982888035,0.15977172966717298
Belarus,BLR,2007,-0.45334728249331535,-0.19606895565679286,-0.040569541189621396,1.073647131716524,0.5746624168970578,2.0566406725201145,0.23791654157910538,0.2874687549895221
Belarus,BLR,2008,-0.6397101973506639,-0.11350930912292283,-0.1143837961107877,1.425654737272372,1.4808519558086792,1.055592775138575,0.13554488141699184,0.23687885245840393
Belarus,BLR,2009,-1.120666940009805,0.043867820735271346,4.298279051932743,-0.7744035127182322,1.2133933689424654,0.8164325799011397,0.041278895226658584,1.1869031670666164
Belarus,BLR,2010,-1.4188191333323992,0.19206941525129836,0.8889341154643042,0.886644565002803,0.4769913614317038,1.4627976713466404,0.03407385169618725,0.5124344262171043
Belarus,BLR,2011,-0.6419989627579888,0.08747184232709886,9.431628444765465,0.4026226367802689,6.907258074352323,8.01686440507695,0.029870909636745702,3.5303528574480434
Belarus,BLR,2012,0.018467261064069,-0.26129907762582716,9.512373532046658,-0.44266626415387766,7.754069946173321,2.4283284270977776,0.020564395076553523,2.839748032265471
Belarus,BLR,2013,-0.869180278381564,-0.2365408538778323,0.8712452607365828,-0.5986796399665636,1.971943855096471,0.579288373078188,0.017562293605523867,0.6673369781410087
Belarus,BLR,2014,-0.4507970090406786,-0.22131363568508944,2.090950832033703,-0.45514671219341896,1.9447054505672758,0.8741049782800224,0.012458721104773371,0.8009785810763975
Belarus,BLR,2015,-0.03200159176315811,-0.12970459811297957,7.840104939079411,-1.6609310837436913,1.296622879075566,1.8038658161911332,0.008405884118883227,1.7874610851226946
Belarus,BLR,2016,-0.04854396306876764,-0.1763866333453354,3.4761119006018517,-1.3742363081588205,1.056629481035555,-0.5981714070159114,0.002851996397478254,0.7405450869858894
Belarus,BLR,2017,0.153720395122511,-0.16519813143317377,-0.4574889050596859,-0.26130872815604567,0.23614963147851606,0.4016643306880935,-0.026568598018613106,0.013735237241238787
Belarus,BLR,2018,0.3734589317138152,-0.13549679075324,0.7202149460425343,-0.1255620924336131,0.07225347687732472,-0.25362474706318267,-0.15941158811167824,-0.0005659346126348576
Belarus,BLR,2019,0.12977037982324616,-0.11060619874565603,0.32562308565071874,-0.5001751136870751,0.17485032202934067,0.018698717268348326,-0.24917442209546686,0.07568517685301626
Belarus,BLR,2020,0.3328298564432784,-0.030005839900519846,2.3019032318788013,-0.9664109078006514,0.16778125058738144,-0.5301997956657851,-0.2665866106274392,0.3252104696614016
Belarus,BLR,2021,0.7808044975000056,-0.10189599914088188,0.5241916841254686,-0.2818399693396563,0.7207483705060567,-0.3639080274747846,-0.2889522665866107,-0.001254395247300168
Belarus,BLR,2022,0.8398034714329113,-0.10189599914088188,0.43668725635588385,-1.8432774100099545,1.5334043925531546,-0.3639080274747846,-0.33788652056439517,0.3099821486151457
Belarus,BLR,2023,0.2406694078514967,-0.10189599914088188,2.0035277016902624,0.08945885664070621,0.09038777682732997,-0.3639080274747846,-0.3548483938757131,0.13473354193343
Belarus,BLR,2024,0.11271166936642096,-0.10189599914088188,1.0731302974224137,0.13862052552909437,0.20130516813586247,-0.3639080274747846,-0.3552987090963675,0.028857219278675256
Belize,BLZ,1990,0.71562472173056,-0.20174154954317428,-0.05055929710966535,1.6771087722310003,-0.18404020161377965,0.23481444099768253,0.5737015911137797,-0.2886512157309596
Belize,BLZ,1991,-0.16549364692005644,-0.13266960511609407,-0.05055929710966535,1.7729786179007605,-0.5087299756962379,-0.1359546755135379,0.5737015911137797,-0.2659567047574943
Belize,BLZ,1992,-0.13915348606729203,-0.15445089351896532,-0.05055929710966535,1.9836385257115048,-0.2776639865267683,0.07503713584413334,0.5747523266286401,-0.23962425061811973
Belize,BLZ,1993,-0.427845937753846,-0.17770803520642262,-0.05055929710966535,0.5319663624310447,-0.4082827694819018,-0.636427653927995,0.5936655658961272,-0.11191894492957946
Belize,BLZ,1994,-0.27248076469043775,-0.16482336774223985,-0.05055929710966535,-0.8228007191079091,-0.25326160918064705,-0.26192104703379604,0.7918042629840889,0.16521720367372678
Belize,BLZ,1995,0.10843406471400406,-0.15610677387274194,-0.05055929710966535,-0.6574566544887301,-0.20799218841917158,0.45793589647188665,0.9989492644851398,0.22732135590431055
Belize,BLZ,1996,0.27219353547355235,-0.12484546998286972,-0.05055929710966535,-0.575230001942065,0.22670538845813182,-0.32049181748694405,1.2000900630441311,0.17627647619875667
Belize,BLZ,1997,-0.08319932941242886,-0.0639728545270278,-0.05055929710966535,0.11323615349762407,-0.45401673692695876,-0.030176520110671717,1.028970279195437,0.057172578062274
Belize,BLZ,1998,-0.4271707893087732,-0.02224845183035246,-0.05055929710966535,0.03808310149856706,-0.30613656385206406,-0.4450268939591294,1.2736415490843591,0.11982257573476485
Belize,BLZ,1999,-0.5308927960280478,-0.03953596098328161,-0.05055929710966535,1.2547532354007163,-0.24590421593488812,0.2799609954238621,1.0529870909636747,0.03901259614100475
Belize,BLZ,2000,-1.3852527622688176,-0.08707569526813354,-0.05055929710966535,1.8746012004940433,-0.18285742314970296,0.034295996613522464,0.7529270489342539,-0.003231115457850185
Belize,BLZ,2001,-1.638047069022665,-0.021724532530613176,-0.05055929710966535,0.28020866366911573,-0.10031418217237426,-0.12822876757210347,0.4870909636745723,0.22058608423476647
Belize,BLZ,2002,-1.2733755109958325,0.03529811733135486,-0.05055929710966535,0.3694234397598639,-0.017082506987995346,-0.6611833105453985,0.6326928850195136,0.120445422706254
Belize,BLZ,2003,-1.3716655045159984,0.10191965100750293,-0.05055929710966535,1.3080016804862589,-0.28877635888618697,-0.5149454989881158,0.6780246172320625,-0.0015247232449518819
Belize,BLZ,2004,-0.9983108615680925,0.13513402143730407,-0.05055929710966535,0.23337010155590526,0.28740096776622903,0.08821137486796625,0.7146502551786251,0.27711115459323515
Belize,BLZ,2005,-0.89857446855058,0.13376787315920727,-0.05055929710966535,-0.33016897280705265,-0.7725194637635073,-0.39443336024786085,0.7632842990093066,0.12975478462930187
Belize,BLZ,2006,0.17155096175349757,0.17941739922720615,-0.05055929710966535,0.17414225942684228,-1.6219348744661073,0.33189444367616744,0.5351245872110478,-0.13882156609167015
Belize,BLZ,2007,-0.008466734117404983,0.2510989763003441,-0.05055929710966535,-0.0837170461783114,-0.28877635891598274,0.25091227447868614,0.40303212248574,0.09398449964783408
Belize,BLZ,2008,-0.6609200035168377,0.33422525926310515,-0.05055929710966535,-1.1764580458677127,0.28740096848375307,0.09743772882566121,0.3534974482137496,0.40848287958016494
Belize,BLZ,2009,-0.2375952164616473,0.40899161902246917,-0.05055929710966535,-0.916682290326657,-0.7725194644030222,-0.40465587070321446,0.3749624737316122,0.10149956676092627
Belize,BLZ,2010,0.04564587631857385,0.34344977190680126,-0.05055929710966535,-0.5065650678885408,-0.4866762727874384,-0.885024075610783,0.38832182527769454,-0.03279555096477486
Belize,BLZ,2011,0.23417443761942378,0.29575474414471775,-0.05055929710966535,-0.8470200025041587,-0.38998417067948504,-0.48925576828060224,0.39012308616031216,0.05270345130285888
Belize,BLZ,2012,0.15533398916280536,0.2711429995243222,-0.05055929710966535,0.0492755020764207,-0.4325966477374753,-0.06907793777085809,0.3832182527769439,-0.014640303079422672
Belize,BLZ,2013,-0.07191892718349009,0.2364486752175458,-0.05055929710966535,0.0762421321308946,-0.544378076161072,-0.7773865468181174,0.3788652056439508,-0.1087618920249661
Belize,BLZ,2014,-0.4163063234757604,0.23265820865284326,-0.05055929710966535,0.037916046103030246,-0.44661554355340954,-0.2976194976317657,0.3631041729210447,0.025622617235968228
Belize,BLZ,2015,-0.6156800535840188,0.2584531223551704,-0.05055929710966535,-0.21113052960232742,-0.7382109455398425,-0.3219596587866116,0.2631341939357551,0.03395257114873605
Belize,BLZ,2016,-0.5330111051748414,0.2335380078931235,-0.05055929710966535,-0.8225268464464097,-0.522656039722616,-0.6823094435385761,0.1763734614229961,0.07284637722378763
Belize,BLZ,2017,-0.49293669192281997,0.22580168510277132,-0.05055929710966535,-1.2217263208971507,-0.45421238507603284,-0.9036624413534605,0.11573101170819573,0.09253736944168271
Belize,BLZ,2018,-0.4463043920319776,0.24637488170233462,-0.05055929710966535,-0.6375438079952552,-0.5782680268084285,-0.682102970327698,0.5285199639747824,0.07825896449407974
Belize,BLZ,2019,-0.5893408103958786,0.2599928332704211,-0.05055929710966535,0.11806994831995926,-0.5899875180215103,-0.5361728245538868,0.4845391774241971,0.00558331901221074
Belize,BLZ,2020,-0.4032567576826768,0.4564727851872206,-0.05055929710966535,-3.7935190503306013,-0.5992647551534926,-0.002049766335637757,0.7412188531972381,0.6775133753998487
Belize,BLZ,2021,-0.43440524986326834,0.2956692570200777,-0.05055929710966535,3.139482868672363,-0.15908338631076976,0.032343677760832135,0.672020414290003,-0.2735267075940881
Belize,BLZ,2022,-0.653708393384089,0.18507327189024625,-0.05055929710966535,1.2167623334141182,0.2707874173733449,-0.6212823190198178,0.42885019513659567,-0.05002638167990364
Belize,BLZ,2023,0.2888000935091893,0.1754270416353342,-0.05055929710966535,-0.7083725963583747,0.004059184849974989,-0.27406265807506547,0.36820774542179535,0.09180635993879416
Belize,BLZ,2024,0.16913109346213173,0.15900975655233693,-0.05055929710966535,-0.047357366264212455,-0.15146152429031487,-0.19004885442854905,0.4312518763134195,0.010916889977043978
Benin,BEN,1990,0.25438523230640353,-0.3184150255511586,-0.05055929710966535,1.1563973950680633,-0.5541519783313492,1.2236298494100575,-0.6286400480336237,-0.24841701814145806
Benin,BEN,1991,-0.9771453591213437,-0.39911158612938724,0.46090751317924367,0.11129648235494173,-0.5541519783313492,-0.09404538533992654,-0.6286400480336237,-0.049884658269805864
Benin,BEN,1992,-0.16118608244378146,-0.479063551808266,-0.9239985238070563,-0.16769027614172172,-0.5541519783313492,0.49606993745324446,-0.6477033923746623,-0.2542815928975123
Benin,BEN,1993,0.049604387364644585,-0.5040650332542094,0.9367766717248056,0.4655876981913435,-0.5541519783313492,-1.1040346985236538,-0.6501050735514862,-0.341538885355983
Benin,BEN,1994,0.45032644080499634,-0.5485081969474261,13.542603732318003,-0.37390393175230763,4.829771777340396,2.637130877830515,-0.6562593815670971,2.8183308999888146
Benin,BEN,1995,-0.5820870088637422,-0.5705845074184809,-1.4790956774660522,0.5115747405947465,1.4278006405412433,-1.0113690708437726,-0.6784749324527171,-0.32017303991011187
Benin,BEN,1996,0.15443086827889943,-0.547969003920861,0.30104360076954007,0.13296366114196834,0.07818119628986793,0.07881437187916991,-0.6873311317922548,-0.1520936423136294
Benin,BEN,1997,-0.469850794585267,-0.6139758789127812,1.9440938761525528,0.44326070039136994,-0.12648051277914762,-0.5362708822237462,-0.7092464725307716,-0.0021842537285709745
Benin,BEN,1998,-0.2981282774517445,-0.5816891397650698,0.10173339854951383,0.05304176262707342,0.1967814430508318,-1.1378303556930824,-0.717051936355449,-0.27042429648408345
Benin,BEN,1999,-0.15415915996778776,-0.5767507131968015,0.5615249427963771,0.35674586588391066,-0.5702479913494327,1.6754790321686281,-0.7319123386370461,0.02221517512365743
Benin,BEN,2000,0.08518921691421953,-0.5634064068034516,2.1272494691330968,0.4703270881500169,-0.02766401042717096,1.0280040597995177,-0.7446712698889224,0.18057079096411902
Benin,BEN,2001,0.1160151942044324,-0.6199938945030375,0.3915060204356288,0.35491681171390344,-0.053263115673305356,-0.8224048909884285,-0.759381567096968,-0.33349563624920664
Benin,BEN,2002,-0.0935377155920049,-0.6265224730008415,-0.7978849463913256,0.20308979268176075,-0.2645948647444947,-1.7457609869019275,-0.7707895526868809,-0.616443557259318
Benin,BEN,2003,-0.3979790612245592,-0.5653494181033173,-2.371921039743793,-0.06079698273250054,-0.4062126780954336,0.7550788234225686,-0.7622335634944463,-0.4131231188653374
Benin,BEN,2004,-0.20810494300048613,-0.5624786629460855,-1.3329471871124183,0.15615238019184913,-0.4929077495334904,-1.75913787922315,-0.7557790453317323,-0.6930425659054629
Benin,BEN,2005,-0.056747733490455476,-0.5359703992735473,-0.05269688515556142,-0.4414975871253225,0.14182683274875427,0.36015799842958507,-0.7454217952566798,-0.04769413255595302
Benin,BEN,2006,-0.012764823526656298,-0.5079335508022896,-0.18024437090543133,0.04924153538974791,-0.08183184849612596,1.120614343283744,-0.7410687481236867,-0.06099155527241161
Benin,BEN,2007,-0.4400702929976151,-0.4653829168714871,-1.236572769096525,0.49862755100496176,-0.4329517965262875,0.5091936064634803,-0.7389672770939658,-0.34617691587601884
Benin,BEN,2008,-0.310634752289928,-0.45522260853535723,-1.0152386027355869,0.2588714128380717,0.5068933029224979,0.98821241435967,-0.7400180126088263,-0.09480145244939232
Benin,BEN,2009,-0.4578760562140075,-0.40458849536654523,0.7201193381820128,-0.3081460465516681,-0.48977246988600837,-0.28902373764765815,-0.7317622335634946,-0.06128649935943113
Benin,BEN,2010,-0.3191120921857466,-0.38939002102283593,0.6865506805467542,-0.3532972535739874,-0.30435943975835655,-0.15994488568166437,-0.7182527769438608,-0.03042672815717565
Benin,BEN,2011,-0.22842940301208814,-0.3734505814277932,-0.7238552770659065,-0.16636098130769905,-0.2341945349875428,-0.18854966913957863,-0.47703392374662273,-0.2288990860068081
Benin,BEN,2012,-0.27106077768065945,-0.39342595551121856,1.1296197989301764,0.2400930945475585,0.3369077766163817,-0.32937996489562343,-0.5054037826478536,0.03846936508928046
Benin,BEN,2013,-0.29588644223381566,-0.3760455124047559,-0.512159417491528,0.763753025754685,-0.5558071912666815,0.3948028117960424,-0.54443110177124,-0.29450099923700457
Benin,BEN,2014,-0.45510532056361214,-0.3699422216826012,-0.05463561517053746,0.5803222299962143,-0.693994038282756,0.46954445443161963,-0.5813569498649055,-0.1936573257145404
Benin,BEN,2015,-0.3681458790152981,-0.3699724558341896,2.7420359539051353,-0.4272001853896625,-0.5855044981332083,-0.4264938785107752,-0.5912638847193036,0.22344961444465986
Benin,BEN,2016,-0.0015099142945631796,-0.3538786213116025,-0.017200209629584875,-0.08365631516055513,-0.7285606777478554,-0.8637606548855096,-0.5990693485439809,-0.3539004689519164
Benin,BEN,2017,-0.14781039541714236,-0.37337343729709505,-0.33584575089387486,0.4293725253726419,-0.6103137768121478,-0.8000578903349915,-0.6205343740618434,-0.43166962276506465
Benin,BEN,2018,-0.19332864157973823,-0.3697416311689564,-0.6648566224766346,0.6550305714895842,-0.4865075985533031,-0.524610712390503,-0.6603122185529872,-0.45253295900746143
Benin,BEN,2019,-0.1254089156964804,-0.35111255676838105,0.7264744674782397,0.6920867983150214,-0.5128434582010413,-0.4356576896595217,-0.6921344941459023,-0.2617073734164497
Benin,BEN,2020,0.1529592232837606,-0.3958070908114693,-0.33202044757081683,0.028352777085260985,-0.1891782202084344,0.3925446467972354,-0.6465025517862505,-0.19318223770696535
Benin,BEN,2021,-0.14444119176503545,-0.3947518258715589,-0.5355792331948896,0.7558367628747376,-0.3713994497741903,0.3459344373711151,-0.5992194536175324,-0.30948729945667974
Benin,BEN,2022,-0.3339252050842019,-0.3621194900558773,1.6919852900189296,0.5572805800146268,-0.42550135447746446,0.07779193869415696,-0.6214350045031524,0.01962371496373824
Benin,BEN,2023,-0.641471906082535,-0.3296094170053511,-0.419828835768923,0.5792438251580095,-0.22932349533339594,-0.9084600957911267,-0.6280396277394177,-0.350433341530527
Benin,BEN,2024,-0.641471906082535,-0.321594880523472,-0.057781973339321724,0.8213245525375068,-0.4523356572029855,-0.7729282981227902,-0.6286400480336237,-0.34473335766816643
Bhutan,BTN,1990,-0.12792350807842912,-0.6383087478935646,-0.05055929710966535,1.4659418406402116,0.7987086268892842,-0.10815317485591999,-0.667066946862804,-0.28619969605635026
Bhutan,BTN,1991,-0.12792350807842912,-0.6099680510295077,4.184292478723986,-0.9081386066135326,1.1186229255044975,1.2931416874180992,-0.667066946862804,0.907869172635176
Bhutan,BTN,1992,-0.12792350807842912,-0.5833312792821415,1.925117693771944,0.19381883435080724,1.6416110437649725,0.11567021683068643,-0.6655658961272892,0.3382294932408278
Bhutan,BTN,1993,-0.12792350807842912,-0.5778001749278436,2.4470714593396132,-0.3813915820570726,0.9663707057122345,0.7642599667115355,-0.661513059141399,0.4925291411185203
Bhutan,BTN,1994,-0.12792350807842912,-0.5386450678039706,0.3579679637710238,0.2709555885384677,0.3744028913201995,0.8356096525223095,-0.6634644250975683,0.03183413346456503
Bhutan,BTN,1995,-0.12792350807842912,-0.5589236297885143,0.4244696604378993,0.7379427753164106,0.724602106602365,1.7371670014159168,-0.6642149504653259,0.15044013156633707
Bhutan,BTN,1996,-0.12792350807842912,-0.5806646256354581,1.2610829143957594,0.4059663202772119,0.6260080791297401,-0.22003343221381003,-0.6654157910537377,0.020419190346244415
Bhutan,BTN,1997,-0.12792350807842912,-0.48257460132240815,0.30087843004577003,0.36387166975710133,0.3030983645533737,3.4470242454207884,-0.6652656859801863,0.3810303701483808
Bhutan,BTN,1998,-0.12792350807842912,-0.5190804647509213,1.8765917545128392,0.482717091597102,0.8798063843087551,0.14625928650612538,-0.6642149504653259,0.19493834665611423
Bhutan,BTN,1999,-0.12792350807842912,-0.5438843999971602,0.565353670881402,0.9381159440836583,0.3414748783834036,1.4741226858837375,-0.6642149504653259,0.0518084926686897
Bhutan,BTN,2000,-0.12792350807842912,-0.5487901889270521,0.5692737036963332,-0.08026933672778758,-0.049330103818357694,0.3978716197303487,-0.6259381567096969,-0.006960040174601152
Bhutan,BTN,2001,-0.12792350807842912,-0.5282407576405584,0.6561667368548191,0.7938807503782381,-0.1337607655175985,-0.3006239168263078,-0.5891624136895828,-0.22308262273129106
Bhutan,BTN,2002,-0.12792350807842912,-0.5007958175327041,0.3763978430709485,1.4792877852500312,-0.2693731112318655,2.286156603897846,-0.5960672470729511,-0.007863715148618342
Bhutan,BTN,2003,-0.12792350807842912,-0.4636954081902157,-0.640560661633757,0.8946843078755218,-0.25284243633964926,-0.5039175558663035,-0.6041729210447314,-0.46170711183882135
Bhutan,BTN,2004,-0.12792350807842912,-0.4049325869251282,-0.43533194478651793,0.31622256794660947,-0.03606952158417773,0.3097377167386367,-0.500600420294206,-0.17935654524565336
Bhutan,BTN,2005,-0.12792350807842912,-0.36001103996364864,-0.43037536979013885,0.7073518606076505,0.13449239238986666,0.07618764246287198,-0.4090363254277995,-0.2240244361225814
Bhutan,BTN,2006,-0.12792350807842912,-0.29132405433584646,0.3366993835412584,0.42260585362319153,0.09036733096711293,0.49239611332969235,-0.404533173221255,-0.010153820751971456
Bhutan,BTN,2007,1.204447107336512,-0.24986927527807506,-1.2867422813356855,2.7247410969401846,0.11236889532253921,-0.012825115074110586,-0.3189732812969079,-0.8121756088484196
Bhutan,BTN,2008,-0.6861425508909892,-0.11391291175716689,0.687412562231862,0.17810108106512465,0.5605854078255889,1.0431297572263194,-0.296757730411288,0.3412140792773114
Bhutan,BTN,2009,-0.2432132660187116,-0.06680567757325682,1.5430531157958567,0.8684886603356652,0.0,1.0191929254879637,-0.2799459621735215,0.22717414388858406
Bhutan,BTN,2010,-1.9672954676534544,0.09825552089108679,-0.8337617124074594,1.8066770206746805,0.3781386227790332,0.3442698922444289,-0.37601320924647263,-0.032641776965801304
Bhutan,BTN,2011,-2.918675966063942,0.19793309495470002,0.2417427333358683,1.0492819119313446,0.6343435446352973,-0.5546991406951931,-0.38952266586610634,0.2855988029281662
Bhutan,BTN,2012,-1.9918987788340927,0.1799702667829055,2.00088296802661,0.31788641960578123,0.9270255602633577,-0.4518948349733435,-0.5666466526568599,0.5376213809529974
Bhutan,BTN,2013,-2.6328289009566763,0.17942264318442327,1.3158395634860363,-0.4363987713774259,0.6240814752809665,-0.6018054787500032,-0.4435604923446413,0.5918864833129834
Bhutan,BTN,2014,-2.5309348469669257,0.1548651702261283,0.536582583400782,0.47546890835335065,0.5526559353532157,1.0243560591556173,-0.479585709996998,0.5491914252503315
Bhutan,BTN,2015,-2.727870180453964,0.18598612970369707,0.6733314702459655,0.647010849274336,0.02643486053111989,-0.5914814996149428,-0.5066046232362654,0.2669322384013145
Bhutan,BTN,2016,-2.894717351080291,0.22046847244995119,0.620660775655843,1.0463525153879596,-0.1613095501636065,0.8497315916599323,-0.4680276193335336,0.41569835799441684
Bhutan,BTN,2017,-2.20794950286283,0.31065347198337323,-0.48721228631697644,-0.35928569939355914,0.083954342428512,0.3944128124630421,-0.419993995797058,0.34986422100246894
Bhutan,BTN,2018,-1.9181464384942999,0.4515063781268444,0.6594498437448808,-0.04797173070965589,-0.23140650687399186,-0.3961318085546242,-0.371510057039928,0.2968608598010195
Bhutan,BTN,2019,-1.8930792450668235,0.5490521632282581,0.3695999071169886,0.4477620478520529,-0.23105787416835047,0.03490950977138916,-0.4660762533773642,0.2431063785408131
Bhutan,BTN,2020,-1.5474774137877705,0.7253462267532113,0.6886690746457484,-3.0665096082712533,0.17926164217762489,1.1774228894984822,-0.11933353347343141,1.037907617380094
Bhutan,BTN,2021,-1.0560017843178775,0.6679338455498897,-0.08522584179196929,0.1543225563546998,0.4220169750741689,-0.6416113416244413,-0.1534073851696188,0.15876935428588673
Bhutan,BTN,2022,-3.066141809134499,0.7322206950067123,0.8464904316787127,0.3286771971429907,0.18064704759379313,-0.10351537627139445,0.018312818973281283,0.630231461281802
Bhutan,BTN,2023,-3.8206704024428686,0.8092175295088387,0.6685027849368756,0.2006974853294128,-0.01862635045300353,-0.4367117744463986,-0.4051335935154609,0.6053173590206152
Bhutan,BTN,2024,-2.028435517344461,0.7434900137326668,0.13272694199993776,0.8313230221703076,-0.22612695793256188,-0.03215351765769272,-0.38171720204142906,0.20476168189643915
Bolivia,BOL,1990,-0.13612553534987737,-0.21284499429412485,-0.05055929710966535,0.20149619379218517,1.8032487927432954,3.001308121462384,-0.4338036625637947,0.5774254716851124
Bolivia,BOL,1991,-0.23847614787767835,-0.11294944696142978,1.7687807767634138,0.34026243432466685,2.415037926288174,2.8448687956118293,-0.4338036625637947,0.9114497289558862
Bolivia,BOL,1992,-0.8000596460067523,0.05182100091241419,1.213562664016157,-0.4561645651510703,1.0882547351720713,1.6521780964614412,-0.41954368057640357,0.6917852895919291
Bolivia,BOL,1993,-0.7203590923643292,0.24998280700964046,1.2718779124739974,0.12086601256065814,0.5889559659775945,1.5956253806380787,-0.41654157910537387,0.5556276523996583
Bolivia,BOL,1994,0.18241872681223126,0.3456367891564469,1.128541341359504,0.2084214563313564,0.496539033393729,0.8993920139819753,-0.41203842689882925,0.29531865254989115
Bolivia,BOL,1995,-0.1878349150688024,0.30825708665573315,0.5000959335615142,0.21084405454846933,0.8243444109027936,-0.31490118178891713,-0.47448213749624746,0.11718642462217276
Bolivia,BOL,1996,-0.26546812033103934,0.4060139847262998,0.7578433325446265,0.1411166203511227,1.1398692287108985,2.0456723663936005,-0.5178625037526269,0.5651268440861021
Bolivia,BOL,1997,-0.4941079727801063,0.5253856705697368,0.45032164185319473,0.2715507060477165,0.04909275325800206,0.5145064857095992,-0.5621435004503152,0.17138861681037248
Bolivia,BOL,1998,-0.5997723249819084,0.6498921598798918,0.6384683925488811,0.2880832615807055,0.4681545109381524,0.108023287965617,-0.5559891924347043,0.23146260318557724
Bolivia,BOL,1999,-0.3590057942212727,0.6584739827715654,0.7256169765083655,-0.7244863800759237,-0.3111891666072697,-0.6396536680204471,-0.5292704893425398,0.14106711565812438
Bolivia,BOL,2000,-0.28795310066664886,0.5350070492768267,0.8528698262937033,-0.26667085741757934,0.03492780827715393,-0.7627031040146762,-0.5082557790453318,0.1009242512674149
Bolivia,BOL,2001,-0.04709087209987952,0.4236748948492703,0.9181827701007018,-0.44795814746515694,-0.39173720264184336,1.032204280266951,-0.48063644551185836,0.28524818808975116
Bolivia,BOL,2002,-0.18128951086014883,0.3686053999464381,1.1552929163377796,-0.2715648956549004,-0.4852230231755932,-1.3022000647292549,-0.48363854698288805,-0.04204413029835274
Bolivia,BOL,2003,0.4843066953000842,0.30133115057692145,0.9147309996645339,-0.22189331273969107,-0.14471715936018625,0.16653983095695618,-0.47598318823176233,0.07135546443515282
Bolivia,BOL,2004,0.8440390650062849,0.1886062477815339,0.4613290543152771,0.09974533880235889,0.010778883264281638,-1.2513706558075144,-0.4818372861002702,-0.2880397371936194
Bolivia,BOL,2005,1.1741104323453266,0.12705712629002003,0.1808414410827571,0.15433702086291495,0.1458849188993288,0.1389962982215243,-0.48438907235064554,-0.1742938201521796
Bolivia,BOL,2006,1.7901748387211782,0.027535231913628735,-0.1460636810914799,0.23696582197562374,-0.011127660327335425,0.8368698564380094,-0.4878414890423297,-0.25825262897232987
Bolivia,BOL,2007,1.8672539149580027,0.009613728013689647,-0.3337814930414089,0.18578708567748803,0.6140777914500655,1.0995594913783862,-0.4819873911738218,-0.16365126771551147
Bolivia,BOL,2008,1.8453152091779572,-0.051850280165914836,-1.1551176318679448,0.5343011626634183,1.3633837732386707,0.9346121833334401,-0.48363854698288805,-0.25317526775514465
Bolivia,BOL,2009,0.948426860692342,0.0026086305474952204,-0.47731303442368017,-0.07984446128142246,-0.1434197114234016,-0.13367822575037633,-0.4280996697688383,-0.2926406300328172
Bolivia,BOL,2010,0.9181445687132497,0.045880812314023856,-0.05727763549341469,0.08949901174005707,-0.26259994295002587,0.050111253497009935,-0.4827379165415792,-0.24489528708961328
Bolivia,BOL,2011,0.6457298980239792,0.061496527625026255,-0.21127948116533238,0.32652655640777095,0.7807047474868376,0.8080557799965968,-0.5358751125788053,-0.009879141866775283
Bolivia,BOL,2012,1.2674425902693032,0.10918098643268621,-0.10555275806658188,0.3085263801386289,0.021835300716137318,0.5441407772711023,-0.5642449714800362,-0.22437280507637486
Bolivia,BOL,2013,0.793492144931158,0.15154139638391817,-0.05055929710966535,0.6767578515027989,0.19439066026626878,0.45172850005440385,-0.5085559891924348,-0.17595781800449517
Bolivia,BOL,2014,0.5807715508022946,0.21229477477241643,-0.05055929710966535,0.3829529748602148,0.19865939474022806,0.2709187419734144,-0.570999699789853,-0.1290586587251384
Bolivia,BOL,2015,-0.3561824226960927,0.3782443732509861,-0.05055929710966535,0.25020540925247864,-0.042617617675219446,0.08725337603337648,-0.40738516961873317,0.010130382617765514
Bolivia,BOL,2016,-0.32554163183459695,0.5067029150050453,-0.05055929710966535,0.11968341966935378,-0.10430065336516403,-0.8764494178632475,-0.34929450615430807,-0.09543467818887093
Bolivia,BOL,2017,-0.1419220932643826,0.30117554774189337,-0.05055929710966535,0.10456582785825477,-0.2174422989910971,-0.14380603764248165,-0.3257280096067248,-0.05700054717170682
Bolivia,BOL,2018,-0.071476020084052,0.3926262417853956,-0.05055929710966535,-0.18740868122102886,-0.2952815284802838,-0.5736389480094283,-0.34614229960972687,-0.08773016144551825
Bolivia,BOL,2019,0.024679347406594394,0.4523348583661369,-0.05055929710966535,-0.48691634846346254,-0.3564159603044633,-0.9911743317899496,-0.32167517262083467,-0.11503612891455828
Bolivia,BOL,2020,0.3640983601408522,0.7332150845922024,-0.05055929710966535,-3.6167596923659824,-0.4834585528704166,-3.0735229870095933,0.3119183428399879,0.09860770323823502
Bolivia,BOL,2021,0.7794676167229565,0.6239622728694082,-0.05055929710966535,1.3880446247588412,-0.5122025439262877,-0.08630435772792404,-0.1104773341338937,-0.3290133573585943
Bolivia,BOL,2022,0.6486097094000188,0.6260894497866738,-0.05055929710966535,0.006049786731797769,-0.3695917556208662,-0.5022763649227385,-0.3411888321825278,-0.18459804231156296
Bolivia,BOL,2023,0.09225964372929034,0.5673420731082834,-0.05055929710966535,-0.2647886893104499,-0.25219515613950033,-0.7939033167045982,-0.42044431101771246,-0.11103299461171905
Bolivia,BOL,2024,0.07495149655288091,0.5462363214283609,-0.05055929710966535,-1.065548358493504,0.10440463041234825,-0.011230218776054027,-0.38291804262984097,0.17093289360939595
Botswana,BWA,1990,0.305850165758488,-0.5284216412019044,-0.05055929710966535,0.6716560368145255,0.9944038797185911,-1.9025587106548763,1.2000900630441311,-0.18065027268239106
Botswana,BWA,1991,1.3180276844675085,-0.4750785091490664,1.1745345832141731,0.8225551671676554,1.046514067858682,2.1725542668196076,1.2000900630441311,0.42543308859319484
Botswana,BWA,1992,0.9578545577997505,-0.4141244319557885,0.5665284920653452,-0.1766314498021246,1.668805397630043,0.0953740682034623,1.576853797658361,0.38745917365768534
Botswana,BWA,1993,1.636736187412424,-0.42402119118803533,2.050915040233352,-0.39684907656261825,1.4091789701262125,-1.9355764815401504,1.9417592314620236,0.25748120832051385
Botswana,BWA,1994,1.0116629535414259,-0.42914859068293404,1.4768032848241406,-0.020241263530774066,0.8737752735689283,0.06301147619055485,2.307865505854098,0.47155503710630514
Botswana,BWA,1995,1.1513849656478943,-0.47434387594596317,0.41091214925541253,0.7283269387807386,0.8694818877597168,0.0224842462684116,2.336985890123086,0.18368691329029022
Botswana,BWA,1996,1.6302357415613764,-0.5132149015454769,2.766693686544282,0.46418580600277815,0.8087470149437234,0.5008669467510337,2.3668567997598324,0.5479325712698915
Botswana,BWA,1997,2.1442748116733807,-0.5219342566592325,1.3394105680184245,1.0133401035368885,0.6161021602546141,1.2244502345915544,2.282497748423897,0.2547016484884269
Botswana,BWA,1998,0.8064444123500999,-0.4686858014034412,2.1783506098280943,-0.7207950782021467,0.32513589685868455,2.0157708430004306,2.256829780846593,0.8888217135689155
Botswana,BWA,1999,1.6832041578317305,-0.43167234044239416,1.2837239274583574,1.308444751485123,0.47890634409165966,1.055026729660819,1.8611528069648757,0.17935550834520916
Botswana,BWA,2000,1.5323897224321987,-0.41361064927346425,1.4114617619821452,-0.38109913423839653,0.5993602220584271,-0.7749353883097296,1.5093065145601923,0.1686131246891098
Botswana,BWA,2001,1.7083884717964237,-0.3731958150281914,1.9992170908030555,-0.7632759048812092,0.3106675354892337,4.433724820610183,1.9085860102071452,1.047698153595173
Botswana,BWA,2002,0.9670067320880165,-0.3151286468249717,1.1275166782264965,0.5169279697873409,0.518978121987703,0.8298438893700714,2.319423596517563,0.42809984820021496
Botswana,BWA,2003,1.5477598452417312,-0.30010094546404487,-3.132020329078922,0.1993197478143813,0.6825309439271778,0.17341290509376775,2.698138697087962,-0.23215976021288162
Botswana,BWA,2004,0.8057317927439186,-0.25789030772788696,-0.7818691387338959,-0.22310732645949716,0.36532139456111457,-0.09102132558897734,2.391173821675173,0.14901285398587225
Botswana,BWA,2005,2.3586815263929894,-0.3047121262286685,1.224256324959694,0.18408454972060168,0.6005956093296577,0.17988702812832497,2.105523866706695,0.18039780382601597
Botswana,BWA,2006,2.7984206584272626,-0.2794332294834298,1.9225468669505978,1.0216959671652577,1.0168599667604654,-0.21923293329519192,1.7948063644551189,0.05934720139929147
Botswana,BWA,2007,2.303001694291316,-0.22499739536082244,0.6995767791618419,0.45599186050542334,0.38444483830241666,1.4310928936411453,1.673821675172621,0.17213503373149472
Botswana,BWA,2008,0.5409140350322218,-0.163772437138924,1.5337312758989798,-0.1029289202662356,1.1789800403040547,0.6976308063451442,1.571299909936956,0.625697782940032
Botswana,BWA,2009,-0.42273807158377047,-0.09794183171104218,0.6298154484018597,-3.9302162918241237,0.5182007739112386,-0.9721864969079229,1.552686880816572,0.8547898768455143
Botswana,BWA,2010,-0.35879391284686946,-0.13763424786609255,-0.7654346569491748,1.407993521229578,0.365769879883179,-0.09161593500030002,1.8065145601921346,0.018342855982433966
Botswana,BWA,2011,0.2608843510827629,-0.13033595626484573,0.04234475738447956,0.686085899204268,0.5793437544218359,-0.5509133856733204,1.8348844190933655,0.11833619123921199
Botswana,BWA,2012,-0.360473071980591,-0.02133748963275606,1.6094426853096062,-0.8559931510568726,0.44888526683509916,-0.1435219903046716,1.814920444311018,0.7035507342222512
Botswana,BWA,2013,0.9285387431862108,-0.015216047338332645,1.353824532118203,1.624299537487883,0.21533916902710515,-0.25790820714628016,1.8525968177724412,0.08511399767986326
Botswana,BWA,2014,1.7371174822016608,-0.028380734912830812,0.9217510587831618,0.4350007712242459,0.00581370659694728,-0.5396908298025778,1.9001801260882623,0.01250786761815083
Botswana,BWA,2015,0.6438009948817371,0.04513386609517348,1.7667470504961895,-1.8857229311419994,-0.183621820969096,0.5813312670589034,1.9648754127889525,0.7737696731043407
Botswana,BWA,2016,1.353846758597389,-0.026075463908142762,1.0280522791902977,0.7666111285040338,-0.21854482129867242,-0.4811707221256169,2.0268688081657165,0.029810313274594158
Botswana,BWA,2017,1.0588985171885068,0.0011168926587197228,-0.7692711331257629,0.0867832553788804,-0.148815390508474,-0.6773309979996864,2.078354848393876,-0.09451822187838779
Botswana,BWA,2018,0.4172960564030851,0.01808962756781651,-0.2521676562944966,0.10313271887219529,-0.15874712353129902,-0.26639738749280223,2.077454217952567,0.12825755756092933
Botswana,BWA,2019,-0.4844060825592258,0.043900680215101406,0.7205417580224682,-0.15139608684406577,-0.2244945856850031,-0.29052124524536826,2.1418492945061547,0.43243972445952067
Botswana,BWA,2020,-0.8428698593520225,0.12562103141320372,0.870750027389847,-2.738807775467592,-0.3492335653808445,-0.4443918625999015,2.280396277394176,0.8664027918622994
Botswana,BWA,2021,0.15068340147946874,0.013614210559484568,-0.506265378823094,1.8032446232519437,0.40705732697532776,-0.5083626416198879,2.593965776043231,0.006583038343378446
Botswana,BWA,2022,0.29522516777311775,-0.08645820975148004,1.5848694573371018,0.3885515867924666,1.0324573612354546,-0.3788587986929854,2.6703692584809366,0.5912289020062061
Botswana,BWA,2023,0.5525822986978283,-0.0828639785149827,1.3536777178391775,-0.11261023633484903,0.09986031544371539,-0.1908913421742767,2.635244671269889,0.4821507602143633
Botswana,BWA,2024,-0.1573045540781654,-0.016699236101838356,-0.08516028434426719,-1.4299953022807388,-0.218065175833924,-0.5246633949309283,2.699639747823477,0.4917645018530604
Brazil,BRA,1990,0.24604470777930548,0.1763653277473774,-0.05055929710966535,-1.7754285415456497,416.0351138987531,46.134156438770646,0.1594115881116781,66.28341025571991
Brazil,BRA,1991,0.31644308742593286,0.24267760513947398,70.03191323004329,-0.5913159852519325,60.55642623425567,35.91935767615906,0.1594115881116781,23.883522747362168
Brazil,BRA,1992,0.597978771953055,1.0899022398213651,142.84058878552895,-0.9381025791984512,133.94002118709489,127.44900692499824,0.18928249774842393,57.97841792034818
Brazil,BRA,1993,0.3694166593045501,2.1600217008660305,263.09830559220774,0.2650564162348166,271.81199034574365,239.7750276243689,0.030771540078054653,110.89166338967502
Brazil,BRA,1994,0.3416298222150006,0.7678232321664162,231.49864799386177,0.469261414874647,292.80301244747847,79.98848265650295,0.11317922545782041,86.33717918833968
Brazil,BRA,1995,0.07748204717841777,0.2067942448919559,5.334579907171234,0.11085519767221051,8.713430311383329,2.373144043654994,0.19018312818973276,2.3756849129200885
Brazil,BRA,1996,0.030985851362482355,0.14825218610151886,1.2975103188995434,-0.33244085898168924,1.6108608760879273,1.3999273805882995,0.33173221254878416,0.7271054259778972
Brazil,BRA,1997,-0.08077868241941683,0.14984167299600154,0.9755387205401832,-0.07151803574235399,0.3626370672599197,0.38824837980530763,0.4770339237466227,0.35794235464425794
Brazil,BRA,1998,-0.13183089019320524,-0.09415211874966992,1.0325951085383094,-0.7440201339123627,-0.1648164403917176,0.005044862673482402,0.6492044431101772,0.32910383989802133
Brazil,BRA,1999,-0.18312425612444874,-0.0878011619632489,7.915778969123983,-0.7154546633898513,0.07029516339423188,0.4522155224711354,0.7955568898228761,1.4349463289090394
Brazil,BRA,2000,-0.13137165157625713,-0.05947722691512808,0.07026608521808904,0.14697041758441,0.37923517417328845,0.568797790484994,0.7601320924647252,0.24333644991683082
Brazil,BRA,2001,-0.18042844488248355,-0.10553756820833501,3.9727516065001027,-0.5126184356889023,0.35043130838696934,1.940765345948768,0.7241068748123686,1.0822234925730372
Brazil,BRA,2002,0.14075532564934887,-0.0917190434898177,3.3862239580853424,-0.14662450033857227,0.5779715692284142,-0.4259683475281,0.7229060342239568,0.5964690493155743
Brazil,BRA,2003,0.4172875107041713,-0.13395402498365241,0.7106306369456912,-0.5674146917896383,1.4634724551089962,0.48661174571328547,0.8020114079855899,0.49698562883648245
Brazil,BRA,2004,0.5341397701623629,-0.09758981538648251,-0.7510208605873415,0.4488216227889765,0.31605953899758826,0.11856013268893334,0.6374962473731611,-0.10849373569506866
Brazil,BRA,2005,0.5305880697251858,-0.04441514050827566,-2.4242204652401917,-0.11391620376360831,0.35455554093170893,0.4695976238008453,0.7093965776043231,-0.19310824705330962
Brazil,BRA,2006,0.4889286289956587,0.03286514961615069,-1.5562511110063015,0.05325661426214238,-0.025096635178669533,0.35265531730643723,0.5804563194235965,-0.16536517187094107
Brazil,BRA,2007,0.34439344851542075,0.14636498645981352,-1.5352685845681386,0.5170027124005175,-0.10174812411256276,0.7386388651505024,0.5186130291203842,-0.15639942698084855
Brazil,BRA,2008,0.10936269890907745,0.25610461222902114,-0.8738235228392035,0.3023485851720891,0.18621994050860116,0.435132190536834,0.36670669468628053,-0.00591019556566189
Brazil,BRA,2009,0.15136881326363147,0.2930062460004192,1.2276376425988946,-0.8460829715069758,0.07447722297770863,0.27464813068070826,0.539477634344041,0.44342300497787374
Brazil,BRA,2010,-0.11632327844852353,0.4066051573976484,-1.7503289892245757,0.837849217320066,0.09577701566379924,0.12971420541814993,0.3895226658661063,-0.20717655482148783
Brazil,BRA,2011,-0.025964320902769233,0.5211409398993119,-0.7454266305520391,0.05599224653707622,0.3216094395661041,0.3394385379931364,0.2631341939357551,0.09569550788685163
Brazil,BRA,2012,-0.09574772778874241,0.6168591714316666,2.3197152712424423,-0.3957338820547336,0.14733627427959406,0.09215743055728118,0.21404983488441914,0.554514227462697
Brazil,BRA,2013,-0.0728659806150448,0.6537445699930758,1.4202037838783161,-0.15732540083199434,0.26052813518874174,-0.13298382588361718,0.18703092164515156,0.37410213803838677
Brazil,BRA,2014,-0.18710581486557795,0.692497773754116,1.2413059340979617,-0.7075304587269395,0.27815820479201914,0.07051688691095162,0.139597718402882,0.47381611307863547
Brazil,BRA,2015,-0.06596803096578799,0.7097668419396127,5.806032047233894,-1.5984918785360755,0.6599152823081017,-0.028726267819336827,0.40723506454518166,1.3169546968156165
Brazil,BRA,2016,0.15868874518204654,0.6098478651816127,0.6486474528810164,-1.5391241052658284,0.6188177437154793,-0.04106200209820557,0.8638546982888022,0.5829344454360695
Brazil,BRA,2017,0.2174778052622843,0.5514423197441162,-1.2660246587697814,-0.5273648361702094,-0.12929649511400973,-0.5692610422547614,1.0457820474332034,-0.00821011400761543
Brazil,BRA,2018,0.021863474478358073,0.5672639841779774,1.999620704229787,-0.42598669948409956,-0.09841555764245419,-0.35550796632544907,0.9762833983788654,0.49905254111778113
Brazil,BRA,2019,-0.05310591083039091,0.622704944490171,1.0749171495180712,-0.5498254919917852,-0.08878619997053773,-0.2797982235284068,0.9172921044731313,0.40703731111494357
Brazil,BRA,2020,0.16598810545759693,0.7499968930349488,4.292250050464841,-1.539309325594399,-0.16245712157155046,0.3721800758164682,1.181627138997298,1.1152740366969724
Brazil,BRA,2021,0.0773764792864686,0.7523478133388123,0.6060055553674946,0.22939664984052846,0.5569809692135076,0.022639756751223622,1.1007205043530472,0.390274495699584
Brazil,BRA,2022,0.10314306330508947,0.791164303219384,-0.6549489079309181,-0.1547135622037309,0.6952808783837724,0.058630804595626834,0.5112578805163615,0.20756506538326686
Brazil,BRA,2023,0.2166011601571662,0.8012828064356997,-0.5152223042828981,-0.10522085833151346,0.03285465654565167,0.20104794780410695,0.3185229660762534,0.10387225296473727
Brazil,BRA,2024,-0.00043742538046395084,0.8994696577500452,1.067195101263632,-0.06613467618296887,0.0008964029341624663,0.12883931856776384,0.14650255178625038,0.3299250191236124
Brunei Darussalam,BRN,1990,4.3236039009759395,-0.04732980968162588,-0.05055929710966535,-0.23691227688096697,-0.314136711582025,2.6195191795932584,-0.16886820774542183,-0.29258092437435035
Brunei Darussalam,BRN,1991,4.3236039009759395,-0.04732980968162588,-0.713947891562588,-0.17804259974380998,-0.3902748010736505,2.6195191795932584,-0.16886820774542183,-0.40663754738602265
Brunei Darussalam,BRN,1992,4.3236039009759395,-0.04732980968162588,-0.8579674190461002,-1.5049576372649052,-0.4355724407572712,2.6195191795932584,-0.15520864605223655,-0.2421721999507158
Brunei Darussalam,BRN,1993,4.3236039009759395,-0.04732980968162588,-0.1650014808452427,-0.9578101665835138,-0.015466341383199068,2.6195191795932584,-0.13839687781447024,-0.15892415207481506
Brunei Darussalam,BRN,1994,4.3236039009759395,-0.04732980968162588,-0.8241749871389029,-0.5999962292241539,-0.2683608860134919,2.6195191795932584,-0.12278595016511568,-0.33810573216538076
Brunei Darussalam,BRN,1995,4.3236039009759395,-0.04732980968162588,-1.0701375774343147,-0.5219912600237526,0.22693442900849764,2.6195191795932584,-0.11392975082557796,-0.31236516718456414
Brunei Darussalam,BRN,1996,4.3236039009759395,-0.04732980968162588,-0.1237719674916441,-0.8244131689962186,-0.33428231435082373,2.6195191795932584,-0.10087060942659871,-0.21227517904816495
Brunei Darussalam,BRN,1997,4.3236039009759395,-0.04732980968162588,0.6996576823264764,0.5773006482567191,-0.37450618552041126,2.6195191795932584,-0.09321525067547291,-0.29953984759863345
Brunei Darussalam,BRN,1998,4.3236039009759395,-0.04732980968162588,1.7484896577945224,-2.283016813587244,-0.678816505892239,2.6195191795932584,-0.070399279495647,0.21869659356136759
Brunei Darussalam,BRN,1999,4.3236039009759395,-0.04732980968162588,0.1299783246576982,0.11897968574088916,-0.6751765928986804,2.6195191795932584,-0.061543080156109306,-0.3538765093146126
Brunei Darussalam,BRN,2000,4.3236039009759395,-0.04732980968162588,0.1915767598123812,-0.05395491431075797,-0.3961897997000072,2.6195191795932584,-0.044280996697688375,-0.27805052190555196
Brunei Darussalam,BRN,2001,4.3236039009759395,-0.04732980968162588,0.5055501497025883,-0.4958618269988571,-0.5322021201066011,-1.7517832564349674,-0.04007805463824683,-0.8133693093051336
Brunei Darussalam,BRN,2002,3.7940180261595238,-0.04732980968162588,-0.05951555051289349,0.05313565264665267,-0.9436422286680013,-0.7383274935995638,-0.025968177724407095,-0.8088481341418098
Brunei Darussalam,BRN,2003,4.650718807959257,-0.04732980968162588,-0.43304456753469833,-0.030028669930646703,-0.5740251772841348,-0.5780003911777398,-0.012308616031221834,-0.8950569571054329
Brunei Darussalam,BRN,2004,4.500311445680514,-0.04732980968162588,-0.4725022477100033,-0.7954045688284883,-0.5013414446076795,0.28491722905355843,0.0033023116181327295,-0.633980119739949
Brunei Darussalam,BRN,2005,5.092750505761817,-0.04732980968162588,-0.2667879690050847,-0.819267202103725,-0.440532349673417,-1.2065392491287374,0.02221555088561989,-0.8874938757516196
Brunei Darussalam,BRN,2006,5.478571290490986,-0.04732980968162588,-0.692070089229018,0.08327064577109705,-0.5938294990654049,-0.7213477637084595,0.03542479735815068,-1.0829991857983488
Brunei Darussalam,BRN,2007,4.810133784969956,0.006465161980157379,-0.7792378072384454,-1.6464222985457762,-0.4796376806023155,-0.38470344541145146,0.054338036625637964,-0.6780696030100852
Brunei Darussalam,BRN,2008,5.751824501510333,-0.04595102505520363,-0.8948780395408824,-1.6765823902636572,-0.3217245695107869,-0.17398384100542372,0.07310117081957372,-0.776954059362771
Brunei Darussalam,BRN,2009,4.493888536817447,0.1336662578019332,0.3228638050265635,-1.2364703089133655,-0.4700340911235042,-0.16834698269430182,0.09486640648453915,-0.47777183320126443
Brunei Darussalam,BRN,2010,4.89030355683998,0.06483237687874936,-0.936312073474529,-0.21528773129112938,-0.5659869277433685,-0.5240122176852312,0.09936955869108376,-0.9338750155545924
Brunei Darussalam,BRN,2011,4.657410537446535,-0.12457191716955596,-1.146309132187969,0.005387226894858904,-0.5969358013202575,-0.1390574590322135,0.10222155508856201,-0.9382072169946897
Brunei Darussalam,BRN,2012,4.055409424295646,-0.127348237461039,-0.14443391860092825,-0.6175086346826605,-0.6006313467327445,-0.810680377360639,0.11197838486940853,-0.715573754985561
Brunei Darussalam,BRN,2013,2.9486893526204883,-0.058368695943289806,-0.032457780383609934,-1.2858680317969187,-0.5614163603061738,-0.7690742616758831,0.1326928850195136,-0.4216350763018589
Brunei Darussalam,BRN,2014,4.163008824991254,-0.014924715283597135,0.12895713157937663,-1.3701531843589938,-0.6457031928480813,-0.6403470475789658,0.15565896127289103,-0.5441735004986624
Brunei Darussalam,BRN,2015,2.4295194281336236,0.16243002512810142,1.154014625092269,-0.9047302837514669,-0.6854552812427328,-1.0056900347496527,0.2818973281296908,-0.23108464028921155
Brunei Darussalam,BRN,2016,1.9618479987833823,0.22420231233972263,0.01567210018612688,-1.363559709924979,-0.6558214121245918,-0.7659200028276059,0.40708495947163026,-0.1961529045447316
Brunei Darussalam,BRN,2017,2.390374251952413,0.11987313715694638,-0.05522705956809931,-0.5260761401606728,-0.7945971000412776,-0.9090245322539894,0.5240168117682379,-0.4256081221042746
Brunei Darussalam,BRN,2018,1.224761015202048,0.024573269025534864,-0.37815539956059924,-0.8068816805854574,-0.4715416851934784,-0.6684867317051256,0.4315520864605223,-0.2114196850842481
Brunei Darussalam,BRN,2019,1.1885995266112828,0.03890862253398331,0.1099220206278502,0.03276432353435958,-0.6716280157385954,-0.5634833941611168,0.11633143200240162,-0.31304474069730276
Brunei Darussalam,BRN,2020,0.8974206511889282,0.12478798520858035,0.11004055692542439,-0.5690109760940101,-0.34217178430623646,-0.9081505961009908,0.23776643650555385,-0.15801958240894098
Brunei Darussalam,BRN,2021,1.7449588622059764,0.051061485715317996,-0.41867657394436514,-1.1683804994695515,-0.3714172230200612,-0.6781636763829166,-0.13809666766736717,-0.3045530025765452
Brunei Darussalam,BRN,2022,2.780062042689989,-0.05053977644585625,0.3195258746808698,-1.176645882506329,-0.09595612638162491,-0.7848282534239627,-0.0951666166316422,-0.33005443691226805
Brunei Darussalam,BRN,2023,1.959634446533256,0.06861684733487765,-0.41867415847269757,-0.5703154270138775,-0.5659593398125182,-0.679356228278585,-0.07940558390873612,-0.4377282118081482
Brunei Darussalam,BRN,2024,2.16450663155789,0.08210550653751447,-0.12478958354997899,0.07317337712161627,-0.6713668210625052,-0.6101341597958486,-0.09681777244070858,-0.522668976998719
Bulgaria,BGR,1990,-0.6506131550350256,1.0541499226131112,-0.05055929710966535,-2.8242786290222566,2.747616238828429,2.9132479440069976,0.7918042629840889,1.5615929793400347
Bulgaria,BGR,1991,0.24419926689438246,1.0541499226131112,-0.05055929710966535,-2.6764302539522946,47.222149013387025,2.9132479440069976,0.7918042629840889,7.766146118991352
Bulgaria,BGR,1992,-0.14814349384934442,0.8830369803984288,4.366245162260568,-2.4183705201611367,12.288208955753854,2.9132479440069976,1.4222455719003306,3.4913569469043795
Bulgaria,BGR,1993,-0.8845902750941316,0.7016081545504746,2.527147359385182,-1.1440593200173275,9.684728839789553,3.0755782042870563,1.5873611528069649,2.8007247579900985
Bulgaria,BGR,1994,0.32827865352160734,0.3308595338886779,13.558071166601117,-0.4184305733764681,12.96093400100717,4.806994371140934,1.0469828880216154,4.68485626864491
Bulgaria,BGR,1995,0.35196155134794804,-0.13712122391291864,3.3569418778366424,-0.17987757794464412,8.154800916726412,2.091597274684156,0.7918042629840889,2.0122770192735824
Bulgaria,BGR,1996,0.38452215644116683,0.36229016009807397,23.27097309013018,0.326831650007846,16.572364485960808,8.211236910667713,1.0019513659561694,6.958208886623418
Bulgaria,BGR,1997,0.8348308630537999,-0.5464924325958345,119.5730919550098,-3.923867485962394,148.98090910347477,24.903814624144992,1.1820774542179526,42.454633903880044
Bulgaria,BGR,1998,0.3178564992099624,-0.5378977085457163,0.6096472592537956,0.015223295658685916,2.022820575058273,-0.014262954074118366,0.9569198438907235,0.38630674581632984
Bulgaria,BGR,1999,-0.2220679273546083,-0.4832951713475271,0.5604890721332766,-2.6655910341541906,-0.2527386595027504,0.10438927310421724,1.242119483638547,0.5798032799335088
Bulgaria,BGR,2000,-0.2875978182688074,-0.47300473110080177,2.159860858641289,0.1908122983902282,0.8417378491976605,1.3827191271617687,1.5600420294205948,0.7954486647427271
Bulgaria,BGR,2001,-0.332162774075441,-0.4216532623266445,0.3588126468998136,0.022832794875020195,0.4240134747834531,1.02751522752336,2.1158811167817473,0.5448427404088786
Bulgaria,BGR,2002,0.1284442514514577,-0.32596769395800357,-0.7482723907136722,0.4734549407265791,0.20481403039867258,0.02890653509441262,1.8440408285800063,0.05737458817476842
Bulgaria,BGR,2003,-0.2284916681885852,-0.17254694464870252,-2.395826641761136,0.33380002775387213,-0.28445696010813565,0.605446102471101,1.1870309216451518,-0.16652312599528685
Bulgaria,BGR,2004,-0.42056045314943774,-0.016289895494927834,-1.337423386993013,0.6139270144707745,0.25244595631539046,0.8844657107683559,0.9324527169018315,0.07461207716804288
Bulgaria,BGR,2005,-1.015702977241659,0.1112856573936161,-0.05932272511964605,0.7340336485803471,0.09579272915331474,0.6999970456244341,0.6391474031822276,0.2526527769850369
Bulgaria,BGR,2006,-1.738238865997062,0.18428985447394422,-0.18418571595896263,0.6782057557839606,0.40997146261174033,1.0986172504081861,0.46922845992194545,0.4339934888099936
Bulgaria,BGR,2007,-2.8115009222855045,0.529332115908936,-1.2321482452324644,0.6455992562064765,0.5712392117017178,1.4183374022758304,0.1580606424497148,0.5158175418832519
Bulgaria,BGR,2008,-2.3242789288403554,0.7117196782697398,-0.9607781444702234,0.5301344699849018,1.1290184836733435,-0.2269541011431385,-0.03242269588712102,0.3449610970425791
Bulgaria,BGR,2009,-0.6420654551822598,0.7556530034195966,0.6856548420926788,-1.5547942724741608,-0.22727376623499862,-0.5705865994565359,0.14890423296307417,0.4270302057771765
Bulgaria,BGR,2010,0.133631396500481,0.7393384819511212,0.6605571775824849,-0.4762149097122154,-0.2716864631402867,-0.4141660725890529,0.6685679975983189,0.24645637637347426
Bulgaria,BGR,2011,0.4271107053632593,0.6763415788075955,-0.7298801793812574,-0.35855291397408934,-0.0199607645228202,0.016926465265702597,0.8158210747523267,0.0986700547903396
Bulgaria,BGR,2012,0.24846267742506303,0.6872122635165449,1.1122805254033585,-0.6536601158000988,-0.19881138998343992,-0.25808284900015965,0.9674271990393275,0.38788902676438103
Bulgaria,BGR,2013,0.5189534465476853,0.6959106885528201,-0.5012553893392439,-0.9378124687761654,-0.49061755409785673,-0.2211503265130084,1.068147703392375,0.1385563063176523
Bulgaria,BGR,2014,0.6396235842458767,0.5458864042566365,-0.044638217150230045,-0.6095192184349757,-0.8168843466190502,-0.7927122108027046,0.8404383068147703,-0.04257348990163986
Bulgaria,BGR,2015,0.371018762712376,0.45035904911822605,2.7348632954899412,-0.07092236281342293,-0.6312186495438079,-0.23363787737550895,0.4980486340438308,0.3597597216905325
Bulgaria,BGR,2016,0.752024810457943,0.3905492713742196,-0.021356571829957146,-0.15252805892163496,-0.7293154310990939,-0.31863249163029944,0.26268387871510057,-0.14508115657233406
Bulgaria,BGR,2017,0.769839667146014,0.3427879703635509,-0.31130866051797973,-0.214283848890213,-0.32502982077819104,-0.31137725080228207,0.0508856199339537,-0.15851399429382132
Bulgaria,BGR,2018,0.43972823484814905,0.3586674692561919,-0.6898736097867326,-0.30575713566313134,-0.21860322216780562,-0.23270197803035367,-0.09216451516061241,-0.1440924221534757
Bulgaria,BGR,2019,0.5735801783502384,0.3434043024935263,0.7179149560567769,0.016148453178615668,-0.17772799200992465,-0.15171118482578036,-0.2517262083458422,-0.01565353688001402
Bulgaria,BGR,2020,0.550039786106266,0.37510465737329657,-0.2992578305561178,-1.5077333626573075,-0.3800355278232634,-0.07822629072501354,-0.11828279795857105,0.06528511240876747
Bulgaria,BGR,2021,0.39932433210936097,0.3072142918681255,-0.5662671846407077,0.9038393399924323,-0.15030467524898922,-0.09182994214155044,-0.09891924347042928,-0.2718957751050492
Bulgaria,BGR,2022,0.2004829215864855,0.23339839577862861,1.7150043085535547,0.08006987217006374,1.5497417307101862,0.09129171059835237,-0.2517262083458422,0.4367367347911901
Bulgaria,BGR,2023,0.2261707924162074,0.24624750050198718,-0.4398123895123924,-0.44846160570813426,0.7182829358277816,-0.23857294086835848,-0.22605824076853803,0.040339668353200964
Bulgaria,BGR,2024,0.304942611848161,0.2838157951041582,-0.05935847705533456,-0.07322448076414044,-0.2706222905019959,-0.23569877274253268,-0.24392074452116486,-0.10821466011441291
Burkina Faso,BFA,1990,-0.9068726518633843,-0.36628157677797596,-0.05055929710966535,-0.951051330645041,-0.6877106005927562,-0.9131143231836375,-0.5040528369858902,-0.0948278074487857
Burkina Faso,BFA,1991,-0.9068726518633843,-0.46204318086094337,0.46090751317924367,1.1770449546931894,-0.3107532175989359,-0.5489787861162437,-0.5040528369858902,-0.2335846873160821
Burkina Faso,BFA,1992,-0.9068726518633843,-0.49519473374927625,-0.9239985238070563,-0.7672059085877859,-0.8978690746328561,-0.5864060199631669,-0.4983488441909337,-0.24681980512744556
Burkina Faso,BFA,1993,-0.9068726518633843,-0.5200304155289568,0.9367766717248056,-0.05687908468762743,-0.5382001122429558,-0.29203072802396696,-0.5102071450015011,0.005722858211205249
Burkina Faso,BFA,1994,-0.9068726518633843,-0.5792574196143537,13.542603732318003,-0.5290944732563267,2.9423741424549603,1.2792087345241017,-0.4870909636745723,2.590543621589693
Burkina Faso,BFA,1995,-0.9068726518633843,-0.5844487507838501,-1.4790956774660522,0.43923140266985305,0.43785209809436865,0.755994050774358,-0.49429600720504363,-0.12805043391324114
Burkina Faso,BFA,1996,-0.9068726518633843,-0.5817080080639221,0.30104360076954007,1.6049031712610542,0.24547385200892366,-0.4970306626744855,-0.5072050435304714,-0.2482081115554407
Burkina Faso,BFA,1997,-0.9068726518633843,-0.48170175327281173,1.9440938761525528,0.571336236022842,-0.28869043789780546,0.42389267073165215,-0.5123086160312219,0.20297459364612974
Burkina Faso,BFA,1998,-0.9068726518633843,-0.4931854715055524,0.10173339854951383,0.7893365932101419,0.10222333793387885,-0.8000049082421358,-0.5081056739717803,-0.21140046551183334
Burkina Faso,BFA,1999,-0.9068726518633843,-0.5368658600834862,0.5615249427956819,0.8085910913648985,-0.76803923148588,-0.6891275261475703,-0.4912939057340139,-0.26078857430811186
Burkina Faso,BFA,2000,-0.9068726518633843,-0.5079048752428581,2.1272494691337274,-0.40292853075758017,-0.6594284182613607,-0.3260943613915207,-0.4710297208045633,0.21037046800776985
Burkina Faso,BFA,2001,-0.9068726518633843,-0.5214351121742352,0.3915060204364706,0.6365835581131462,0.09135372107871804,-1.1051270272615297,-0.4618733113179226,-0.19075523078403725
Burkina Faso,BFA,2002,-0.9068726518633843,-0.5397552526847647,-0.7978849463919279,0.1392733812012747,-0.3089023877631608,-1.0980604919943204,-0.4447613329330532,-0.3459664487293025
Burkina Faso,BFA,2003,-0.9068726518633843,-0.4859824385606744,-2.3719210397434147,0.8981897647812689,-0.3288504792951345,4.190565855452258,-0.4570699489642751,0.07934640513869641
Burkina Faso,BFA,2004,-0.9068726518633843,-0.45149666148940293,-1.3329471871130794,0.1668815279260767,-0.6730000137818919,-1.1950996173261172,-0.35199639747823486,-0.4663641076073456
Burkina Faso,BFA,2005,-0.9068726518633843,-0.44410841392770833,-0.05269688515580547,1.0872581449645304,0.29031400294394294,-1.0568060272456008,-0.2739417592314621,-0.24537493938825428
Burkina Faso,BFA,2006,-0.6577015332456085,-0.41432729954748315,-0.1802443709050847,0.5573284608384536,-0.28665251308358997,-0.12021081165140032,-0.3234764335034525,-0.17493405089769368
Burkina Faso,BFA,2007,-0.5397781721788322,-0.45513655812026715,-1.2365727690963169,0.08612333788342813,-0.6490274597112272,-0.2927719024460405,-0.37901531071750233,-0.36555273797085
Burkina Faso,BFA,2008,-0.8954139690576652,-0.40542382544919076,-1.015238602735698,0.4576278151561033,0.8902954085175645,1.1014686671468594,-0.34884419093365365,0.09429194434963477
Burkina Faso,BFA,2009,-0.13010142985476633,-0.38403887008332205,0.7201193381820128,-0.16675744491854894,-0.24777261550564808,0.8437953928704537,-0.3155208646052237,0.13049160794736972
Burkina Faso,BFA,2010,0.1467728059797764,-0.3937075859111979,0.6865506805470842,1.0398267460284674,-0.7244504064161388,0.44057457021927277,-0.31522065445812075,-0.21326470686104917
Burkina Faso,BFA,2011,0.20469935924023536,-0.3994018817116806,-0.7238552770661207,0.6385981214822548,-0.22634582550688198,0.17858289440384392,-0.29990993695586915,-0.3306039296513142
Burkina Faso,BFA,2012,0.20910791493745254,-0.371982332230856,1.1296197989300805,0.6012212963954467,-0.07674684841524469,0.26476125167879044,-0.29660762533773644,-0.023040709529695082
Burkina Faso,BFA,2013,-0.8678247677181093,-0.28191613120728115,-0.5121594174914162,0.4559982555940705,-0.5409870706589287,-0.0805010554059788,-0.2658360852596818,-0.1813676068427497
Burkina Faso,BFA,2014,-0.5164678634743679,-0.22620761710640752,-0.05463561517085334,0.1335272241300462,-0.6529091455966185,-0.06842788929324685,-0.23566496547583315,-0.12212922761409109
Burkina Faso,BFA,2015,-0.5662557682783355,-0.1910275537469016,2.7420359539053747,0.04428919881553538,-0.5139756983606037,0.547581138042842,-0.2030921645151606,0.41478403496976446
Burkina Faso,BFA,2016,-0.3824220671075514,-0.17438388719583636,-0.01720020962920125,0.49238541325825347,-0.5540894702517632,-0.020867985158710595,-0.18417892524767343,-0.1515262605191267
Burkina Faso,BFA,2017,-0.4162582913295008,-0.13964581817697383,-0.33584575089413043,0.5463996151991939,-0.4068124802914016,0.6695084930940546,-0.17457220054037834,-0.07392986866836039
Burkina Faso,BFA,2018,-0.14817306222908713,-0.14550616837071026,-0.6648566224769699,0.6346394384664642,-0.3399635202503625,-0.11067035784023749,-0.16961873311317924,-0.27386882546983377
Burkina Faso,BFA,2019,-0.03494225558205919,-0.11968104962780171,0.7254606321865219,0.47725523699091627,-1.0734571930475552,-0.20953433891693174,-0.1999399579705794,-0.1884949841121719
Burkina Faso,BFA,2020,0.8868259000336464,-0.1126536552865769,-0.29989186202911444,-0.3760221081151926,-0.3500333746615311,0.4304627755752265,-0.18537976583608534,-0.14689995345093357
Burkina Faso,BFA,2021,0.41720493614348864,-0.09523610245864504,-0.5681328271871329,0.7089916640989211,-0.10005272621582875,0.36030026905202117,-0.1972380666466527,-0.24665086481409257
Burkina Faso,BFA,2022,-0.562747945418513,-0.048520764604602876,1.7158156106604026,-0.4605131184300254,1.4034448408677043,-0.7035601439904076,-0.2997598318823177,0.4415258249856168
Burkina Faso,BFA,2023,-0.2563321635924021,-0.04267232713924951,-0.44048113637637853,-0.15832609938801062,-0.5114213635183928,-1.0881750537284465,-0.333833683578505,-0.28598932876579425
Burkina Faso,BFA,2024,-0.1216144474070938,-0.1456431323778348,-0.05579486806814636,0.2450948777589093,-0.02407200287122924,-0.37432282496247504,-0.3578504953467428,-0.1544519648540348
Burundi,BDI,1990,-0.38915105954022466,-0.5450182171509818,-0.05055929710966535,-0.048422681124694264,0.37330265292576514,-0.14404404741615157,-0.4019813869708797,-0.04724665072242775
Burundi,BDI,1991,0.016567019172648804,-0.4990228735610013,0.7968697315713273,0.28092904746211106,0.6552561799661207,0.4438988028961452,-0.4019813869708797,0.09964634103813608
Burundi,BDI,1992,-0.3112770972409546,-0.49961480736425784,2.0377151186420455,-0.5961981796279577,-0.3587074287503475,-0.4610075147510435,-0.4043830681477035,0.17449679664251508
Burundi,BDI,1993,-0.0013524483499023823,-0.4282661511363632,2.291290728882438,-2.191239374198851,0.7517121017991726,-0.44000415022502526,-0.40993695586910844,0.5653410565714095
Burundi,BDI,1994,0.14322669703267688,-0.41307214485975025,0.5253766116850247,-1.6610255603808324,1.482963459731782,1.54727952233966,-0.40813569498649066,0.6074586596083403
Burundi,BDI,1995,0.4977572821713229,-0.46632094763827053,-0.21323608511002146,-2.5608490034706493,2.1063632767188567,-1.461323247010542,-0.40978685079555693,0.23125540963768462
Burundi,BDI,1996,-0.2001004527127845,-0.42390763392193426,2.9512893553952475,-2.578449460705179,3.1203159408856744,0.4981877701610944,-0.40978685079555693,1.2163783564489268
Burundi,BDI,1997,0.4465907253282498,-0.474812468515919,2.267684086713338,-1.16821272218845,3.781083455998474,-0.2576713169341033,-0.4054338036625639,0.8046388500656322
Burundi,BDI,1998,-0.3035899245672611,-0.43895686485518676,3.7808768548383207,0.22662361312196402,1.150459490449106,-0.9386878632624495,-0.4006304413089163,0.46143249818659593
Burundi,BDI,1999,0.046039907098901614,-0.39897372184443836,3.6084654541513332,-1.0406093978968087,-0.13791143035564407,2.6140062968497144,-0.4040828580006005,0.8965818902283245
Burundi,BDI,2000,-0.3432490816313828,-0.3625511492834412,3.8938710026993224,-1.006918613837105,2.836950612983122,0.26365785912071726,-0.4034824377063945,1.0826590833259735
Burundi,BDI,2001,-0.14860267388197984,-0.379302739366391,2.1027639571307533,-0.36611426346066905,0.6975539587164973,0.32725781670533294,-0.4009306514560193,0.4088656112961175
Burundi,BDI,2002,0.3195721671152698,-0.2929255170434353,1.6601373201389338,0.15985614552654148,-0.8094631283892086,1.3376268815232626,-0.39882918042629845,0.14530258045163466
Burundi,BDI,2003,-0.007639080023171681,-0.29675218769009437,2.258111242341941,-1.087630774879395,0.8885521356358546,0.9571332701477357,-0.40228159711798267,0.6428618168885745
Burundi,BDI,2004,-0.06821258522360625,-0.3567156915413773,0.18834303356001234,0.24502880265783145,0.5392801002685972,-0.12642354801621658,-0.3974782347643351,-0.047115793989649234
Burundi,BDI,2005,0.30572304409042583,-0.41722022916510676,-0.2988972960344837,-0.6203984514934572,1.2567038383220643,0.9375372650157663,-0.3997298108676074,0.19900988209623774
Burundi,BDI,2006,-0.9269776873657642,-0.38947532117979633,-0.7424953656901805,0.3726649906267608,-0.22837375775620725,0.7856983035694034,-0.3962773941759232,-0.05951583407052863
Burundi,BDI,2007,-0.6453016172300361,-0.4122442990501864,0.6809786033789784,-0.060595265919241664,0.5725860549851839,-0.5131967275376572,-0.5135094566196339,0.07435872261513753
Burundi,BDI,2008,-1.6193397147897608,-0.43620421787132574,1.3072260860516751,0.2615477438041274,2.833406608901087,1.5908037972084879,-0.6290903632542781,0.860561983145897
Burundi,BDI,2009,-0.7528916045155752,-0.41429500618302895,0.480318931042771,0.01477477800769858,0.875544158739843,0.376529481958814,-0.6308916241368959,0.20361753827562565
Burundi,BDI,2010,-1.4612375163336633,-0.33492065790286524,-0.04401306604277633,0.3022477184058964,0.30137093179664104,0.9554670768269997,-0.6319423596517563,0.20070738899342994
Burundi,BDI,2011,-1.1983817823446583,-0.2659886332444121,0.29806029811698986,0.06699360215791877,0.7393894452527113,-0.3632297090357262,-0.6338937256079256,0.12938940795262524
Burundi,BDI,2012,-1.017658250908235,-0.29408468733640436,1.9850502781239687,0.15468860088982225,1.9505700493236267,0.3021196987018723,-0.635244671269889,0.5959114739373697
Burundi,BDI,2013,-0.9336618633912355,-0.3127680342657732,1.0537330476752502,0.2648880782922619,0.5055730302137075,0.03896101257416016,-0.6365956169318523,0.18823960348063798
Burundi,BDI,2014,-1.5892893523788407,-0.3148496458451932,-0.12702367090342168,0.11550048610831966,0.00625177447898484,0.01797871659545362,-0.6383968778144702,0.05967845182598208
Burundi,BDI,2015,-1.209256308553852,-0.3405810538615308,0.18007264489499702,-0.9074015593957253,0.16729294640569703,-0.8813325687120092,-0.656859801861303,0.08360714783077551
Burundi,BDI,2016,-1.1779647353875717,-0.3568825173520365,0.6940870486768609,-0.1143468335691704,0.1691305493098735,-0.3414333553987935,-0.6714199939957971,0.11225618574240706
Burundi,BDI,2017,-1.2610974723382513,-0.4100762565304749,0.5858822397026984,0.024627017494598363,1.6525396597945738,1.0538557972992981,-0.6867307114980488,0.49027731194452845
Burundi,BDI,2018,-1.282805672089638,-0.3748675441437358,0.3898639720625618,0.3569208496028169,-1.0142766721863317,0.5809415771402138,-0.7021915340738517,-0.027806482673474662
Burundi,BDI,2019,-1.3226166199965286,-0.33027984989970327,0.4473899074489303,0.16267719351283644,-0.7135019139133966,0.7776023470164316,-0.7178024617232063,0.08904963648753542
Burundi,BDI,2020,-0.9732467316817947,-0.3072843511160414,0.48164997181562935,-0.7509842150368633,0.41838324478497685,0.8917153611566931,-0.7197538276793757,0.3555630493829343
Burundi,BDI,2021,-1.035619176428251,-0.11717135573109878,0.3994192807769238,-0.10622860235932008,0.5715225068236194,0.6154957205066836,-0.7065445812068448,0.27208133570812193
Burundi,BDI,2022,-1.5217338418158692,0.02519990025723885,0.3672977907817755,-0.3084960571062782,2.041008219018025,1.8492673805896116,-0.7379165415791055,0.7678695211413847
Burundi,BDI,2023,-1.8998087971977218,0.07068871982973651,3.7034258127949524,-0.10233578144969084,3.191653768823861,0.4003532425463845,-0.7376163314320024,1.2329499701729063
Burundi,BDI,2024,-1.5633614802144804,0.09391558844834068,1.6599830580053634,0.08632018720504904,2.240534814004365,1.0398723040175253,-0.7370159111377965,0.8249044494781755
Cabo Verde,CPV,1990,0.21436547607216197,-0.28362647196448715,-0.05055929710966535,-0.6661218304532126,0.8894060406548314,-0.05858409050609377,1.1561092764935454,0.3006431159927402
Cabo Verde,CPV,1991,0.09974562686406524,-0.26219606609018103,0.22764368844971627,-0.5094832263883409,0.7335576822897956,-0.18955647130963085,1.1561092764935454,0.29647081562250305
Cabo Verde,CPV,1992,-0.05145730655662714,-0.21093029193872415,-0.7224012423378681,1.5879414157800436,-0.1758996928892113,1.3150518837415237,1.1412488742119486,-0.02705922549082104
Cabo Verde,CPV,1993,-0.23413877319992082,-0.3207646245142775,2.5307278519830954,1.097474845322269,0.20174006289459984,5.69790308538824,1.1184329030321225,1.1949576009516332
Cabo Verde,CPV,1994,-1.020909199052766,-0.24095893987486883,0.20703225593099112,3.4018874924524813,-0.1284929434421669,0.020669154216463176,1.0673971780246174,-0.20790451264923998
Cabo Verde,CPV,1995,-1.1942253510210077,-0.13596539473735678,-0.9209214738468225,2.3082378169614777,0.564029241249199,0.15135297320939464,1.0594416091263885,-0.05658221584852389
Cabo Verde,CPV,1996,-0.49374564881736926,-0.15031803367750457,1.0058401562199466,1.6778968696553767,0.22650731154613818,-0.0118399649435419,1.0535875112578805,0.13423225136641592
Cabo Verde,CPV,1997,-0.37976459768596066,-0.0361815020540502,1.7628011170198112,1.627713847045097,0.5929399037661613,-0.14967752256172662,1.0785049534674274,0.2857768143254981
Cabo Verde,CPV,1998,-1.0164418967411044,-0.0373562083490398,0.7057772404938423,1.9354710049855577,0.004680391861092678,-0.7322764985589291,1.0852596817772442,0.015293642711393869
Cabo Verde,CPV,1999,-1.1905130029556021,0.1603422459343545,0.6042150985290342,1.65064336956045,-0.0006626951796360624,0.35392433791472794,1.087661362954068,0.24933571193538578
Cabo Verde,CPV,2000,-1.0094426774302763,0.13430711835633433,1.7647538962313298,2.324349408275113,-0.9666088009868291,0.07682636035850385,1.080606424497148,0.11071118108737858
Cabo Verde,CPV,2001,-0.8543801674215338,-0.06134924766866671,0.845280349559397,-0.32742681948250346,-0.14292351165888276,-0.1636727546339004,1.1133293305313723,0.3960673075761938
Cabo Verde,CPV,2002,-1.0539484043457066,0.0011184642113513162,-0.734670315452798,0.33682254232131204,-0.3500569179499842,0.16654157407454453,1.1338937256079256,0.13342177035934769
Cabo Verde,CPV,2003,-1.0058645226712395,0.037501297891651166,-2.399729897738849,0.1003973775354675,-0.4484854522039554,-0.24579576125904096,1.16766736715701,-0.1404821858596303
Cabo Verde,CPV,2004,-1.3688765121891406,0.0849045279219634,-1.3584905427713105,1.4250108130205152,-0.8836900356092817,-0.10034614330355467,1.14545181627139,-0.1669006683317383
Cabo Verde,CPV,2005,-0.1479672956777752,0.11209093433917457,-0.06678201686412334,0.7023767586983531,-0.5572202706761239,0.2808968946299704,1.1429000300210148,0.051068015489904965
Cabo Verde,CPV,2006,-0.554144616279485,0.23613907303128628,-0.165495081191611,0.9380672466695567,0.14247080888724456,0.44591003244650934,1.1337436205343743,0.20126368904539024
Cabo Verde,CPV,2007,-1.1154704390183396,0.1698055207452457,-1.2270313926974048,2.5192346935206493,0.007049632758719907,-0.08884354305962705,1.1211347943560495,-0.20309274891418946
Cabo Verde,CPV,2008,-0.9254049092460471,0.29777855426686917,-0.9770857364572508,0.7302192184850861,0.34111324749082866,-0.3210068219993572,1.1230861603122186,0.09415301348203849
Cabo Verde,CPV,2009,-1.2649673938747519,0.414398677049846,0.8320354892016908,-1.1492013068590259,-0.47634015839585514,-0.6227040301604619,1.1546082257580306,0.5308809863124326
Cabo Verde,CPV,2010,-1.1396339754734384,0.4864871176153735,0.5227927278618001,-0.4143808717205525,-0.3226172469434706,-0.4801160484152994,0.7272590813569499,0.35540292552419206
Cabo Verde,CPV,2011,-1.4695741729549767,0.5610792315413787,-0.7304554700545005,0.04505689112444988,0.01593839885964973,-0.5403300153942878,0.7701891323926748,0.21441979416792029
Cabo Verde,CPV,2012,-1.2042591090064705,0.5316407190211108,1.2062639003419773,-0.5799947327012679,-0.25735310880898965,-0.4141678762016391,0.7985589912939057,0.5213137810505861
Cabo Verde,CPV,2013,-0.28503855063181854,0.5310955318699326,-0.5826961655048626,-0.6793299068989046,-0.4034846358299745,-0.03945025585796029,0.8365355749024317,0.18662407244432713
Cabo Verde,CPV,2014,-0.6536139695494348,0.5119212536239967,-0.05703141705520062,-0.6651329122496117,-0.6501795517733697,-0.33108853452908155,0.8802161513059142,0.23894068333875795
Cabo Verde,CPV,2015,0.011514728661882185,0.4852029925320801,2.735633244803336,-0.6124724134915873,-0.5978861531980407,-0.41911330549977266,0.915340738516962,0.5314478859977527
Cabo Verde,CPV,2016,-0.059638119329045496,0.4570330745877632,-0.0075059409235998555,0.12337818639668464,-0.8154189470183039,-0.26366252304876786,0.9396577604323029,0.03519476528025077
Cabo Verde,CPV,2017,-0.49528651784547134,0.4639266147567908,-0.31755622308228887,0.18291173372183467,-0.5055548044903116,-0.39942586377442396,0.9629240468327831,0.07381265062374087
Cabo Verde,CPV,2018,-0.1751054413442985,0.42591881269445725,-0.6861056904340926,-0.0028501555692311007,-0.4387572435721231,-0.7743434537966734,0.952416691684179,-0.04898789807296046
Cabo Verde,CPV,2019,0.24905846491060532,0.3823329300087127,0.719121548527786,0.710158005738378,-0.4600057022875932,-0.25691957629353934,0.945361753227259,0.052953497504805984
Cabo Verde,CPV,2020,-1.5690154186697132,0.7448212308497694,-0.29468304686589886,-5.395683551121713,-0.5308020274100996,-0.599730566563057,1.3246772740918644,1.0869974048420006
Cabo Verde,CPV,2021,-1.140471866587375,0.7255433649602997,-0.5735113609377221,0.7290133255548464,-0.3532204104804887,-0.6538793898854206,1.2169018312818973,0.1104703679958706
Cabo Verde,CPV,2022,-0.061640542675249044,0.51767695082497,1.7169370781011977,2.667295847122759,0.5045795314184389,-0.45105136974359117,0.9627739417592317,0.0921801182732482
Cabo Verde,CPV,2023,0.026560170631958053,0.4834293192438038,-0.4631991248322054,0.2364713767899182,-0.0900019257440131,-0.41666256736693774,0.909186430501351,0.022817226340017465
Cabo Verde,CPV,2024,0.855760314070715,0.44644788561590626,-0.0342710978963334,0.719190664315731,-0.46827400730268065,-0.30886752420948654,0.9093365355749023,-0.14722559808630545
Cambodia,KHM,1990,-0.09244821475887273,-0.6795719117376807,-0.05055929710966535,-0.5626883416319036,-0.7293570507512909,1.7317642550815808,-0.759081356949865,0.024047313560550756
Cambodia,KHM,1991,-0.09244821475887273,-0.6795719117376807,9.64477136366366,0.8517254452967157,-0.7293570507512909,1.7317642550815808,-0.759081356949865,1.207035438395509
Cambodia,KHM,1992,-0.09244821475887273,-0.6795719117376807,10.74817515364575,0.7254950534664069,-0.7293570507512909,1.7317642550815808,-0.7620834584208948,1.38226859272999
Cambodia,KHM,1993,-0.13801946024180242,-0.6795719117376807,15.83905314049645,0.08326145645100391,-0.7293570507512909,1.7317642550815808,-0.7643350345241671,2.207473057479384
Cambodia,KHM,1994,-0.3243981432355772,-0.6587724089876557,-0.8069345170623278,-8.476503642458422,-0.7293570507512909,1.7317642550815808,-0.7248574001801262,1.087534951970597
Cambodia,KHM,1995,-0.2980003404522658,-0.6557124857820152,-0.5754132335535964,1.3604163090539338,-0.7293570507512909,2.321117420447958,-0.7283098168718104,-0.20429873358748907
Cambodia,KHM,1996,-0.28272967143226363,-0.6289117512737987,0.9496242493930475,0.47908142454314356,0.39431971596173077,2.0899893424524127,-0.7298108676073253,0.2684084194021696
Cambodia,KHM,1997,-0.38440597964010353,-0.5954101239633017,1.6865343095314433,0.06307599092069928,0.5087188229226778,0.340449482508616,-0.7785950165115583,0.21186106617246878
Cambodia,KHM,1998,-0.3185472030402448,-0.6103138490907603,3.7824884769945584,0.21158228529508227,1.47641750246014,0.27728314099631807,-0.7674872410687483,0.6093361354338102
Cambodia,KHM,1999,-0.2901136967124484,-0.6077110943197847,0.18906976180341623,1.976853060048888,-0.049883304088377156,0.39022588606679653,-0.7652356649654759,-0.3614676826914093
Cambodia,KHM,2000,-0.08642818849048534,-0.5946785487634012,0.07174963078670475,1.3802413383033938,-0.7283744373685926,1.0964642475103692,-0.7625337736415492,-0.31588371875562543
Cambodia,KHM,2001,0.10684016836323722,-0.606665687657797,0.22787981671415897,0.8073750865954739,-0.701328611115712,0.6289255239683924,-0.7575803062143502,-0.3032835027520027
Cambodia,KHM,2002,0.07419802946924214,-0.6012465169843336,-0.06591357944105167,0.5599483148113931,-0.5865390630018615,1.4039500963113698,-0.7449714800360253,-0.17555241249036252
Cambodia,KHM,2003,-0.20276423966884474,-0.5872290523818368,0.17096340323332512,1.4440652175230084,-0.48331664607088426,0.2554113820327565,-0.7379165415791055,-0.3747697760885584
Cambodia,KHM,2004,-0.015388601850695528,-0.5542085985175157,0.10226458350358694,1.2623434543148615,-0.0059062200510262355,1.2028742529736212,-0.7236565595917143,-0.175083913449602
Cambodia,KHM,2005,-0.16803446326421154,-0.558394326701854,0.21806132499047728,2.108406080670458,0.3186142374616997,0.283585799078843,-0.7151005703992797,-0.3419435932823371
Cambodia,KHM,2006,0.022713178157228463,-0.5055179483951887,-0.013393793911358162,1.5891983258263922,0.20489061860494615,2.0976054369747166,-0.7002401681176824,-0.07550962268974105
Cambodia,KHM,2007,-0.14769208265441044,-0.3959525117959885,-0.21291197810335563,1.4693167700418248,0.6145327107219425,3.6593723763259134,-0.6856799759831884,0.23681941911112986
Cambodia,KHM,2008,-0.4634316194060365,-0.30074311459177294,-0.05753574645158559,0.826439774685471,2.7895752033879835,-0.47713862226258535,-0.7505253677574303,0.12008917100645354
Cambodia,KHM,2009,-0.3639264695878125,-0.28967977012267865,0.246667726326879,0.07807101555383753,-0.7919414683100947,1.7335355325619133,-0.7874512158510959,0.05671232266269972
Cambodia,KHM,2010,-0.5089952423167922,-0.24710410768407412,0.10525091564598117,0.2985475430057214,-0.05155285149978037,0.6858185119055428,-0.7586310417292106,-0.00796726772149576
Cambodia,KHM,2011,-0.42183885450698416,-0.24338561728301825,-0.47796248923027534,0.7847029433401111,0.1579299577991627,-0.587761609534919,-0.7877514259981988,-0.3288278961543393
Cambodia,KHM,2012,-0.47174911487329957,-0.07237524876765146,-0.13945788679130025,0.8646966840482491,-0.201673967180318,2.0143007391965675,-0.7985589912939058,0.058469582284063217
Cambodia,KHM,2013,-0.4395004788174881,0.1312450908509579,-0.07073180359568279,0.9102913707206867,-0.20064086566851627,0.7241643489999433,-0.8086160312218554,-0.09933859321976454
Cambodia,KHM,2014,-0.4407553545247125,0.29279741819456506,-0.014548269355993295,0.9417128072523152,-0.07144123839620754,1.4338021715449851,-0.770489342539778,0.05273761238856695
Cambodia,KHM,2015,-0.44822417229250866,0.46533816335402367,0.05544734666614417,0.7671853360163347,-0.44343068163446464,0.37019318792541195,-0.8153707595316724,-0.09811198670634047
Cambodia,KHM,2016,-0.4377869836082292,0.5962014640939842,-0.08205669237569195,0.920851955129983,-0.18968444475565494,0.6638173007688498,-0.7668868207745423,-0.03738202350925841
Cambodia,KHM,2017,-0.391936192730789,0.6803025883315615,-0.07884719060043907,0.9581512855117671,-0.20473843146030465,0.8210161293206202,-0.8531972380666468,-0.028811319322312418
Cambodia,KHM,2018,-0.7106060555743798,0.8603606026422184,-0.04850918426830223,1.1124159177963844,-0.2688461701445305,1.0710299019539204,-0.8549984989492645,0.05103239843029101
Cambodia,KHM,2019,-0.6196817012190776,1.0868366014375694,-0.015696646335486883,0.9277709097838622,-0.34185304210354106,0.45492692384293426,-0.8564995496847795,0.0028035826559873944
Cambodia,KHM,2020,0.2451834270276352,1.5051854299898308,0.05965271835686958,-1.6006828147141392,-0.20082884977124793,0.24476098560851006,-0.8485439807865508,0.30224652729770224
Cambodia,KHM,2021,-3.2893750132428634,1.8955215820751565,-0.030026082499719133,-0.13862047569801622,-0.20359363803418334,0.326601052722689,-0.8149204443110178,0.6573682798419721
Cambodia,KHM,2022,-1.9735047964929058,2.132075666501752,-0.03911565238441315,0.310204035269071,0.13888425289983772,-0.2755778237881217,-0.8375863104172923,0.3974258420050853
Cambodia,KHM,2023,0.5299454562769124,2.0741523326123397,-0.020844697081604524,0.2832377854508744,-0.3157190801653367,0.04342130298584365,-0.8359351546082259,0.018841637430747054
Cambodia,KHM,2024,0.42957459918300794,1.956251472815562,-0.1822343237054131,0.5051100752658307,-0.502215245230791,0.40886209885731256,-0.8362353647553288,-0.012893719495356717
Cameroon,CMR,1990,-0.1842801206454719,-0.16215312461817796,-0.05055929710966535,-2.161692086273776,-0.4610354760222102,-0.9286856379504383,0.4744821374962475,0.17400297267357193
Cameroon,CMR,1991,0.01844849200181214,-0.16126355601456055,0.46090751317924367,-1.6563173005761624,-0.6079410682777959,-0.7681645019130116,0.4744821374962475,0.14798419043492478
Cameroon,CMR,1992,-0.00563428297848915,-0.46083321843117686,-0.9239985238070563,-1.500422083693329,-0.6186984338857863,-2.103158695151034,0.4848393875712999,-0.3022561595759908
Cameroon,CMR,1993,-0.022377721892081804,-0.5572089685425873,0.9367766717248056,-2.563503718189082,-1.0696641936575793,-1.5535803442170353,0.49969978985289704,0.12027205646309493
Cameroon,CMR,1994,0.29092846254467125,-0.5695498065445924,13.542603732318003,-0.4054948235299056,4.344048249049586,1.0702730069389315,0.4582707895526869,2.7086017617571208
Cameroon,CMR,1995,0.4709269649950962,-0.5830892385344613,-1.4790956774660522,-0.1817067202436408,0.6655394141815043,-1.3281007429343,0.4162413689582709,-0.3711035886494991
Cameroon,CMR,1996,0.04947325683007879,-0.5841312259408196,0.30104360076954007,0.10893642121171017,-0.06177665933143244,-1.6176057085739686,0.3354848393875714,-0.25505640453298545
Cameroon,CMR,1997,-0.2979517263833989,-0.6115427515638365,1.9440938761525528,0.17763136647188718,0.06008872324548419,0.4861276548466682,0.3053137196037226,0.3292002260280147
Cameroon,CMR,1998,0.20385427428519676,-0.5920292751176345,0.10173339854951383,0.22124114054689278,-0.16825461331845817,-0.30639724192439033,0.28069648754127896,-0.1584780941573971
Cameroon,CMR,1999,-0.17559529926747972,-0.5849139014333293,0.5615249427956819,0.17410917484929736,-0.3518646109058551,0.09875938731490164,0.26568598018613027,-0.0013317253748983166
Cameroon,CMR,2000,0.11337082284794871,-0.57446551354695,2.1272494691337274,0.024750269916890808,-0.44297015023621783,0.5269168095178828,0.2563794656259382,0.25071271253279154
Cameroon,CMR,2001,-0.02340999770196229,-0.5616967348764739,0.3915060204364706,0.13295863640854685,0.00829000672216104,-0.7757850982749096,0.24542179525667968,-0.11454466420609381
Cameroon,CMR,2002,-0.06837907533746876,-0.5568989611607017,-0.7978849463919279,0.16656795309438585,-0.21579355692900276,0.6765519727392245,0.13299309516661667,-0.12274589633324405
Cameroon,CMR,2003,-0.09380957054208909,-0.5531224358233892,-2.3719210397434147,0.3813214557953569,-0.5283471578648629,-0.7337795082344302,0.012458721104773371,-0.6374604722592272
Cameroon,CMR,2004,0.09560948802502565,-0.5626737819152912,-1.3329471871130794,0.7323866099932529,-0.5834038841111551,-0.3300862797818088,-0.11077754428099677,-0.5354121107458014
Cameroon,CMR,2005,0.054909638045593366,-0.5495807957605077,-0.05269688515580547,-0.3281713928100077,-0.3318224633611362,-0.4618735037068459,-0.2138997298108676,-0.19094451757582123
Cameroon,CMR,2006,0.48309061912343554,-0.5556015369668147,-0.1802443709050847,0.019726544941265117,0.10692236068445812,-0.28041065539385096,-0.31462023416391477,-0.24668165725855826
Cameroon,CMR,2007,0.5164617495348173,-0.5521193650441494,-1.2365727690963169,0.13369077533451096,-0.4861921800408672,0.2142898359905731,-0.41459021314920447,-0.44647674517275615
Cameroon,CMR,2008,0.16743910235041326,-0.5315430463991832,-1.015238602735698,-0.19189815314313946,0.13805082159359539,0.14676312811811265,-0.3661062743920745,-0.22908784614607453
Cameroon,CMR,2009,-0.12806406969452297,-0.5228299043412223,0.7201193381820128,-0.25095343620179805,-0.18622446361661305,-0.27281038306760125,-0.312518763134194,-0.027892381440185268
Cameroon,CMR,2010,-0.01625350634195751,-0.49838779645310216,0.6865506805470842,-0.18060155581174933,-0.43615861811593964,0.13623884727385221,-0.25743020114079856,-0.024618860819313866
Cameroon,CMR,2011,0.06654516508223032,-0.46501257441767785,-0.7238552770661207,-0.074957759625269,-0.20091304696243334,-0.13352054253417653,-0.2757430201140799,-0.2558045523644928
Cameroon,CMR,2012,-0.022930071796819523,-0.4631663450129062,1.1296197989300805,0.1993382222462598,-0.22980463986513333,-0.8809529314170175,-0.29855899129390584,-0.13132446558690322
Cameroon,CMR,2013,-0.044495246680469405,-0.45133052050308015,-0.5121594174914162,0.2806414369145751,-0.3266198289555523,-0.037065837361816845,-0.3210747523266287,-0.2691995066960857
Cameroon,CMR,2014,-0.10731084906700583,-0.43480488739967377,-0.05463561517085334,0.4399891645374828,-0.3542458041933112,0.09482297724931754,-0.3438907235064546,-0.20363319549877892
Cameroon,CMR,2015,-0.0814684875345732,-0.4248348179458182,2.7420359539053747,0.4283585267744932,-0.23815276732359666,-0.2308954485022457,-0.3462924046832784,0.164995782315788
Cameroon,CMR,2016,-0.010327485885827065,-0.4209492095825838,-0.01720020962920125,0.17949711859514272,-0.4928654088643095,-0.5097856574748215,-0.34464124887421205,-0.2792301953049206
Cameroon,CMR,2017,0.04366984041379532,-0.42757322154712335,-0.33584575089413043,-0.0393244732135227,-0.5259095547023626,-0.4781480372794219,-0.3380366256379466,-0.3014083653230367
Cameroon,CMR,2018,-0.06706315909930557,-0.41423691829908443,-0.6648566224769699,0.05183219324709767,-0.4653498176379994,0.14577666975232256,-0.3327829480636446,-0.24517409583902397
Cameroon,CMR,2019,-0.1592244171225868,-0.4269751611400235,0.7254606321865219,-0.053870496962320644,-0.26973425170951787,0.14577666975232256,-0.32918042629840893,0.008348910982257365
Cameroon,CMR,2020,-0.08955721362933547,-0.4269751611400235,-0.29989186202911444,-0.7612168786732567,-0.2718817732835926,0.14577666975232256,-0.29180426298408896,-0.042000328197414956
Cameroon,CMR,2021,-0.12383082254868433,-0.4269751611400235,-0.5681328271871329,-0.08383582982753093,-0.29531011541187174,0.14577666975232256,-0.27754428099669776,-0.17350272322959828
Cameroon,CMR,2022,-0.050595755966279805,-0.4269751611400235,1.7158156106604026,0.003710288295039952,0.2666578310603404,0.14577666975232256,-0.32707895526868813,0.20301163753365628
Cameroon,CMR,2023,-0.14225184041525896,-0.4269751611400235,-0.44048113637637853,-0.08192058407761973,0.42710536751979383,0.14577666975232256,-0.33293305313719607,-0.05761926984122901
Cameroon,CMR,2024,-0.036951315546738694,-0.4269751611400235,-0.05579486806814636,-0.042944330637221494,0.02433862864816007,0.14577666975232256,-0.333533473431402,-0.08089893686501844
Canada,CAN,1990,-0.05119230848815364,0.8442298288478914,-0.05055929710966535,-0.7737539201533551,0.059274301260358174,-0.28294436054908156,0.674121885319724,0.2955812266301051
Canada,CAN,1991,-0.09266753351499678,0.885632849529041,-0.3057941537912292,-1.2784477309243067,0.1787667684355075,-0.5917993488806506,0.674121885319724,0.3160061807216709
Canada,CAN,1992,-0.08272470149901677,0.918819464570409,0.7274054586899398,-0.6224959326632551,-0.4058041243582094,-0.4070895106015137,0.8063644551185829,0.3349880539402115
Canada,CAN,1993,-0.10820824020721827,0.897338558706835,0.9018659689657177,-0.23369287311512602,-0.3528067756436713,-0.7368842572944927,0.8333833683578507,0.26925685377351194
Canada,CAN,1994,0.07246276990935706,0.8805155530103783,0.7784126115941842,0.1703130017860765,-0.593027381242727,-0.5369573045557472,0.6859801861302912,0.13887827046299225
Canada,CAN,1995,0.2655496771279613,0.8632507396866734,0.019600521000375397,-0.2282760171376925,-0.31270948015581607,-0.5223294760970303,0.549984989492645,0.08007480484808267
Canada,CAN,1996,0.416318684103578,0.9641801328508575,-0.1425563968138004,-0.44682246111824825,-0.3944401217310609,-0.5798945301440802,0.5696487541278894,0.06392023075778223
Canada,CAN,1997,0.19924658005387635,1.026646420640598,0.1681435744133418,0.123257618327817,-0.3872759411027655,-0.5559159000738536,0.49159411588111673,0.06009829591096346
Canada,CAN,1998,0.19335803902507212,0.9906819598615213,0.9601465116316862,0.0380537504428035,-0.47565618633662504,-0.699073826201398,0.36820774542179535,0.1304134878441577
Canada,CAN,1999,0.38414146723473724,0.9343661842754115,-0.029581563792026033,0.31264662178765984,-0.37121522954560765,-0.4832838188856286,0.2638847193035125,-0.0546596853809622
Canada,CAN,2000,0.675560161471734,0.8640530967613936,-0.05351841822499575,0.3121044628617797,-0.23204594474361281,-0.39078153342947963,0.15070549384569193,-0.09275027573207376
Canada,CAN,2001,0.6322099501162451,1.884972936569404,0.5537813935331084,-0.405871274194101,-0.2595123597444437,8.294993468869867,0.20924647253077158,1.493877605119509
Canada,CAN,2002,0.5719965412107024,1.809240452491129,0.1458718315610438,-0.15855024558653344,-0.29721309305542154,-0.6818365651929722,0.27619333533473434,0.11982995221633494
Canada,CAN,2003,0.5126851973261708,1.710124040029373,-1.576210578189262,-0.42098853054330115,-0.22651601156378273,-0.8391722535519054,0.26253377364154906,-0.10870538520241398
Canada,CAN,2004,0.6483683409470143,1.7575957348404803,-1.0577605848896061,-0.13806584809244438,-0.35391219621123987,-0.47588689973373877,0.20414290003002095,-0.06230336268837905
Canada,CAN,2005,0.5997485066885059,1.8915951448321349,-1.0277850787027645,-0.11208523824566781,-0.30355140326959124,-0.16911097374500833,0.14004803362353646,0.006218922042209902
Canada,CAN,2006,0.5372284223004187,2.160119330588912,-0.95059997294041,-0.23804086517383768,-0.33344994135042927,0.03879863510820575,0.09891924347042928,0.10208567682144669
Canada,CAN,2007,0.4617032301933091,1.9319788321278444,-0.8026774054302299,-0.36741285035191423,-0.31417613861325583,-2.7508978892801697,0.04968477934554181,-0.2829111716702377
Canada,CAN,2008,0.39402912493886527,1.9441316462231932,-0.1422290021368332,-0.5994085032015443,-0.2813997809099587,0.21795134184937806,0.06889822876013205,0.28753311600694154
Canada,CAN,2009,0.0022483456340014456,1.9441316462231932,0.9365751895932161,-1.4597392970110572,-0.5741005427823114,0.21795134184937806,0.39552686880816584,0.6253679221526711
Canada,CAN,2010,-0.07557824342118985,1.9441316462231932,-1.4315934506661605,-0.1384085010642168,-0.365274637853551,0.21795134184937806,0.35319723806664677,0.13319984030070192
Canada,CAN,2011,0.026006031929125078,1.9441316462231932,-0.6117057191349059,-0.12820285386884533,-0.20480917323371506,0.21795134184937806,0.2719903932752926,0.24567933013128052
Canada,CAN,2012,-0.0676816775528427,1.9441316462231932,0.09398968289980579,-0.4321480545024037,-0.4021933831747529,0.21795134184937806,0.23521465025517868,0.3698462385868641
Canada,CAN,2013,-0.020068328027949615,1.9441316462231932,0.3851137498100391,-0.3067112952349239,-0.4838048877797721,0.21795134184937806,0.19783848694085857,0.3697157086152244
Canada,CAN,2014,0.08223241510904591,1.9441316462231932,0.9741974697896407,-0.18622445468771298,-0.3469329062246418,0.21795134184937806,0.17982587811468023,0.4390236384758453
Canada,CAN,2015,-0.06542339799185591,1.9441316462231932,2.178410148103051,-0.675406261427774,-0.4573802461012977,0.21795134184937806,0.1681176823776644,0.6845800331245171
Canada,CAN,2016,-0.013422295216904731,1.9441316462231932,0.4675684051414606,-0.5899164552245321,-0.414479030042273,0.21795134184937806,0.1820774542179526,0.42865550969016397
Canada,CAN,2017,0.022369944512569073,1.9441316462231932,-0.34599171697589093,-0.150942539777858,-0.39071521842355683,0.21795134184937806,0.09021314920444312,0.23488025673469368
Canada,CAN,2018,0.07405922104668144,1.9441316462231932,-0.07364676062718895,-0.21493593784512552,-0.2958234789875812,0.21795134184937806,0.0018012608826177676,0.27647010373412334
Canada,CAN,2019,0.1276042264334585,1.9441316462231932,0.28765632539673414,-0.39853764541240216,-0.3409068667813665,0.21795134184937806,-0.020264184929450587,0.337071668676776
Canada,CAN,2020,0.12034016552338629,1.9441316462231932,0.10256725687730164,-1.9268438402341486,-0.5150837624255187,0.21795134184937806,0.5752026418492946,0.59018182844063
Canada,CAN,2021,0.3660320384304468,1.9441316462231932,-0.971296542438572,0.49074666587462856,-0.13653062940840283,0.21795134184937806,0.25547883518462927,0.06470799244359292
Canada,CAN,2022,0.3141169760267858,1.9441316462231932,0.4874406188513243,0.21461566848112235,0.3451226368406044,0.21795134184937806,-0.08195737015911142,0.3405651755853544
Canada,CAN,2023,0.28303027145768933,1.9441316462231932,0.4750814143599635,-0.38871360119892145,-0.06814603107709893,0.21795134184937806,-0.061543080156109306,0.37330837442007986
Canada,CAN,2024,0.30846922788533654,1.9441316462231932,0.1533141162276632,-0.368213350098067,-0.2798007062127397,0.21795134184937806,0.07895526868808164,0.31061368414118673
Central African Republic,CAF,1990,-0.39564560216636246,-0.5736687786051508,-0.05055929710966535,-1.2908720927593886,-0.6181719763870075,-1.1365665295294634,-0.01921344941459023,-0.10166604801716086
Central African Republic,CAF,1991,-0.1853578977874012,-0.5847148510276782,0.46090751317924367,-0.939966237920302,-1.0068792679262017,-1.1877481089502473,-0.01921344941459023,-0.17318914691882434
Central African Republic,CAF,1992,-0.3580562160169244,-0.6335399620199097,-0.9239985238070563,-2.2317376328007903,-0.7625259412509682,-1.1218831068870887,0.0,-0.12173624073532974
Central African Republic,CAF,1993,0.24362246527669248,-0.6358746307589354,0.9367766717248056,-0.7446410377310899,-1.0285046640050928,0.0637221428220382,0.010807565295707006,-0.02172204892386856
Central African Republic,CAF,1994,0.01056013452983844,-0.6454118952225246,13.542603732318003,0.25961334382124907,2.856596286907376,4.883276644668151,0.01486040228159715,2.9116788132287885
Central African Republic,CAF,1995,0.01056013452983844,-0.6410387463072338,-1.4790956774660522,0.7656476790478737,2.0959248892729123,-0.5630151798208421,0.006904833383368398,-0.19378967064507996
Central African Republic,CAF,1996,0.01056013452983844,-0.6335126876878572,0.30104360076954007,-1.698446988090701,-0.08992193403613288,-0.5197369305778496,0.0022515761032722427,0.10685863973311933
Central African Republic,CAF,1997,0.01056013452983844,-0.6354994777925402,1.9440938761525528,0.34761269012189094,-0.38867568125294066,-1.4433169239375714,-0.00420294205944168,-0.1265391390773815
Central African Republic,CAF,1998,0.01056013452983844,-0.62512573574822,0.10173339854951383,0.2156546517813618,-0.8828955609654082,-2.0611249267312117,-0.0078054638246773484,-0.5287761535758863
Central African Republic,CAF,1999,0.01056013452983844,-0.633430869852203,0.5615249427956819,-0.026388498102801486,-0.8163215613629914,-0.06497948284878069,-0.008706094265986166,-0.13515495742304517
Central African Republic,CAF,2000,0.01056013452983844,-0.6283962428371114,2.1272494691337274,-1.3660930147508945,-0.16363978456330755,-0.7021438832277969,-0.015460822575803028,0.2818773737358235
Central African Republic,CAF,2001,0.01056013452983844,-0.5990129901554472,0.3915060204364706,0.16386456506580485,-0.07438520379354911,-1.0225296073565797,-0.008255779045331825,-0.21244317993001152
Central African Republic,CAF,2002,0.01056013452983844,-0.6048106903287369,-0.7978849463919279,-0.02274359996873157,-0.2868350660518662,-1.2493848157514662,-0.002401681176823779,-0.4184476763231325
Central African Republic,CAF,2003,0.01056013452983844,-0.5974178543147244,-2.3719210397434147,-2.0058812931860537,-0.03200269199744807,-1.437044584730676,-0.002401681176823779,-0.3493523847581245
Central African Republic,CAF,2004,0.01056013452983844,-0.5763570268288458,-1.3329471871130794,0.5005052792883207,-0.9085082502492818,0.08243538019407441,-0.014410087060942675,-0.4658360835537478
Central African Republic,CAF,2005,0.01056013452983844,-0.581997432772408,-0.05269688515580547,-0.6185920913623025,-0.2088537105573784,0.4645857688999171,-0.02011407985589918,0.029850802484412877
Central African Republic,CAF,2006,0.01056013452983844,-0.5861627410048542,-0.1802443709050847,0.23126252974692557,0.32992273565750246,-1.2135840808344982,-0.03227259081356948,-0.2748805303110383
Central African Republic,CAF,2007,0.01056013452983844,-0.5844470116109166,-1.2365727690963169,0.19528046567046295,-0.48074816894323164,-1.3395294767832802,-0.03947763434404082,-0.5552308087111554
Central African Republic,CAF,2008,0.01056013452983844,-0.5793849856267826,-1.015238602735698,-0.36648302526380305,0.6922906808928913,0.47515405457753773,-0.04728309816871817,-0.01693415147525788
Central African Republic,CAF,2009,0.01056013452983844,-0.5806261227544877,0.7201193381820128,1.070842900888156,-0.11871121234287547,-0.017561420034120662,-0.037526268387871514,-0.15938696010790526
Central African Republic,CAF,2010,0.01056013452983844,-0.5516043356433666,0.6865506805470842,0.20040298621479713,-0.40567821340841187,0.3065209529303162,-0.025067547283098145,-0.02860594051458739
Central African Republic,CAF,2011,0.01056013452983844,-0.5328201336312617,-0.7238552770661207,0.10443580530117093,-0.4475942150627911,0.13523638066345003,-0.028069648754127933,-0.24458554766883725
Central African Republic,CAF,2012,0.01056013452983844,-0.4985170362309848,1.1296197989300805,0.2934528309635269,0.1579085363621703,-0.7625440560026415,-0.0367757430201141,-0.044903066493550726
Central African Republic,CAF,2013,0.01056013452983844,-0.438059806696813,-0.5121594174914162,-8.82484714860135,0.37141198215003873,-0.4646552178333081,-0.03887721404983494,1.1045639057357397
Central African Republic,CAF,2014,0.01056013452983844,-0.4549972070700493,-0.05463561517085334,-0.8005676319330841,1.4894469074912227,0.1928751591141562,-0.02882017412188535,0.27626808109226236
Central African Republic,CAF,2015,0.01056013452983844,-0.47818075418683564,2.7420359539053747,0.1357878744705318,-0.4181242665627174,-0.48693471224983337,-0.007505253677574276,0.172134708318292
Central African Republic,CAF,2016,0.01056013452983844,-0.4652609190527822,-0.01720020962920125,0.2266933210859399,0.08259022079757297,-0.454835936178025,-0.004803362353647558,-0.1566805231474088
Central African Republic,CAF,2017,0.01056013452983844,-0.48896685100027437,-0.33584575089413043,0.17762354465474667,-0.02549873899010382,-0.1208566111344486,0.0016511558090663648,-0.16538578219921085
Central African Republic,CAF,2018,0.01056013452983844,-0.4646253105512814,-0.6648566224769699,0.015295699273187203,-0.38855647075017036,0.1538839317083305,0.0,-0.19857290083901669
Central African Republic,CAF,2019,0.01056013452983844,-0.47840532881338854,0.7254606321865219,-0.13638584261032718,-0.23686110981855363,-0.22257221033815658,0.01365956169318526,-0.010413249572843269
Central African Republic,CAF,2020,0.01056013452983844,-0.4784291986298243,-0.29989186202911444,-0.6203984523833473,-0.37470455813837417,-0.035242583760594054,0.10417292104473132,-0.06775099480852383
Central African Republic,CAF,2021,0.01056013452983844,-0.47647246636205437,-0.5681328271871329,-0.6021555772660273,-0.014383133600041282,0.19207657520840526,0.1314920444311017,-0.020546337824790383
Central African Republic,CAF,2022,0.01056013452983844,-0.4496612468567795,1.7158156106604026,-0.7185425956404712,0.17273173693290056,-0.6939578239710957,0.06934854398078652,0.21746561169383533
Central African Republic,CAF,2023,0.01056013452983844,-0.4496612468567795,-0.44048113637637853,-0.6644065499858137,-0.19533847566314033,-0.6939578239710957,0.05343740618432902,-0.15316498017529856
Central African Republic,CAF,2024,0.01056013452983844,-0.4496612468567795,-0.05579486806814636,-0.48839501318688977,-0.4076129201711793,-0.6939578239710957,0.06424497148003602,-0.15213528699001624
Chad,TCD,1990,0.044564198394975954,-0.5910029957792108,-0.05055929710966535,-1.7376914804628294,-0.7207826825637842,-0.9494997884651042,-0.7740918643050136,-0.1989727637364178
Chad,TCD,1991,-0.06287027213258767,-0.6024847943322187,0.46090751317924367,1.059375484936729,-0.16498627697820764,-0.629453432199519,-0.7740918643050136,-0.3866591524914081
Chad,TCD,1992,-0.19385001337531224,-0.5994799184745238,-0.9239985238070563,0.9419597863051652,-1.0564449234574955,-1.4787395467702797,-0.7755929150405284,-0.7974808000685337
Chad,TCD,1993,-0.616141995620394,-0.6221825719768604,0.9367766717248056,-4.274657799166858,-1.8076875324285346,-2.9523869290720315,-0.769288501951366,-0.04628129555953347
Chad,TCD,1994,-0.026522674496929022,-0.6525497021854404,13.542603732318003,1.4117697677472112,5.281236708620921,1.4295741658704466,-0.7679375562894027,2.4925257507263203
Chad,TCD,1995,-0.026522674496929022,-0.647704109983806,-1.4790956774660522,-0.5463556733377769,0.6882446394521256,2.699381218865407,-0.7610327229060343,0.1532388136851923
Chad,TCD,1996,-0.026522674496929022,-0.6521872927956113,0.30104360076954007,-0.331206850225431,0.9851503218387936,1.1720639380926714,-0.769288501951366,0.19921594152519823
Chad,TCD,1997,-0.026522674496929022,-0.6609855120606511,1.9440938761525528,0.4253751042948667,0.17118961323215492,-1.1772938455579198,-0.7644851395977185,-0.12661906251850275
Chad,TCD,1998,-0.026522674496929022,-0.6594339240323261,0.10173339854951383,0.7109838133535552,-0.014455654668771056,-1.4427751362893495,-0.7655358751125789,-0.49498976148716256
Chad,TCD,1999,-0.026522674496929022,-0.6534024771444754,0.5615249427956819,-0.9686345723575082,-1.7507427453505702,-1.1241142575234833,-0.7613329330531373,-0.3904157462030781
Chad,TCD,2000,-0.026522674496929022,-0.655703199135162,2.1272494691337274,-1.0119384770712883,-0.07611807182416534,0.5491678151565075,-0.7548784148904234,0.318311250001243
Chad,TCD,2001,-0.026522674496929022,-0.6371854469645548,0.3915060204364706,1.7464528316056602,1.1406890253589772,0.8967305544283738,-0.7554788351846293,-0.09766697700487055
Chad,TCD,2002,-0.026522674496929022,-0.6399038439178328,-0.7978849463919279,1.0497112169113476,0.1174160325429362,0.6955061330786162,-0.7589312518763135,-0.34385520271127723
Chad,TCD,2003,-0.026522674496929022,-0.6402803941394358,-2.3719210397434147,2.420447508539178,-0.86414856323992,-0.834007920522088,-0.7655358751125789,-1.1242598038285265
Chad,TCD,2004,-0.026522674496929022,-0.6631523759817508,-1.3329471871130794,6.5802509404205995,-1.3733958932046721,-0.6511590586959816,-0.7734914440108077,-1.6211248892757089
Chad,TCD,2005,-0.026522674496929022,-0.6886131464737852,-0.05269688515580547,2.9948531514911685,0.4988460137069166,1.538896677605724,-0.774842389672771,-0.349534315283423
Chad,TCD,2006,-0.026522674496929022,-0.6941659121110998,-0.1802443709050847,-0.9378292267028592,0.519471753837838,2.7819919050376627,-0.7668868207745423,0.3749312080406518
Chad,TCD,2007,-0.026522674496929022,-0.6895542632762551,-1.2365727690963169,0.10565878330602538,-1.8849766345504955,-0.46111334948106386,-0.7484238967277096,-0.7285395745629911
Chad,TCD,2008,-0.026522674496929022,-0.6794466242326873,-1.015238602735698,-0.1405240759360418,0.8390117983178786,1.0570773817508736,-0.7359651756229362,-0.0525020674413712
Chad,TCD,2009,-0.026522674496929022,-0.6667892890054558,0.7201193381820128,-1.128233859187265,0.7903104693264,-1.2173453526651266,-0.732812969078355,0.006891247206238492
Chad,TCD,2010,-0.026522674496929022,-0.6614018604719587,0.6865506805470842,2.189916760188251,-0.9101280430398546,0.9826793748144673,-0.7376163314320024,-0.4004728950390838
Chad,TCD,2011,-0.026522674496929022,-0.6544591021229192,-0.7238552770661207,0.17061668268569669,-0.3296031779055036,0.16627636045199462,-0.7362653857700392,-0.3460000843716223
Chad,TCD,2012,-0.026522674496929022,-0.6440281483632606,1.1296197989300805,1.175245189834482,0.44601890736143646,0.10966234898387135,-0.7413689582707896,-0.12125979524231642
Chad,TCD,2013,-0.026522674496929022,-0.6355372650464699,-0.5121594174914162,-0.19397998859699736,-0.5849552765856737,-0.24222040050509536,-0.7310117081957371,-0.35505448639006654
Chad,TCD,2014,-0.026522674496929022,-0.601499514441391,-0.05463561517085334,-0.3645690234478314,-0.37868818939859467,1.0654394649757344,-0.726658661062744,-0.04356440245044118
Chad,TCD,2015,-0.026522674496929022,-0.5952945157285853,2.7420359539053747,-0.09146951697314425,0.002262173420417565,-1.221458814824146,-0.7194536175322727,0.04658333867298022
Chad,TCD,2016,-0.026522674496929022,-0.5222909283210597,-0.01720020962920125,-1.7253779694724793,-0.728437759976213,-1.4409378278186953,-0.710597418192735,-0.23822335713835655
Chad,TCD,2017,-0.026522674496929022,-0.5344213641819203,-0.33584575089413043,-1.1742561105212492,-0.8336926758329196,-1.1968266483681647,-0.7044431101771241,-0.3434929663480116
Chad,TCD,2018,-0.026522674496929022,-0.5529028655354241,-0.6648566224769699,0.44467477235062386,-0.012226496329268357,-0.8288808894564991,-0.7039927949564697,-0.45443025237261797
Chad,TCD,2019,-0.026522674496929022,-0.5681474103311532,0.7254606321865219,0.36584808748205805,-0.7538092557457934,0.7885952641724738,-0.7126988892224558,-0.1228464388465051
Chad,TCD,2020,-0.026522674496929022,-0.5748791845194242,-0.29989186202911444,-0.9050081142225093,0.014561818877511158,0.4098951971469608,-0.6199339537676374,-0.019816742224609402
Chad,TCD,2021,-0.026522674496929022,-0.5513041213708088,-0.5681328271871329,-0.7538445455477641,-0.7256679131831971,0.12334201763337405,-0.6447012909036326,-0.226585273566672
Chad,TCD,2022,-0.026522674496929022,-0.5513041213708088,1.7158156106604026,0.09015383387750246,0.20168790238192263,0.12334201763337405,-0.7120984689282498,0.10197311157086672
Chad,TCD,2023,-0.026522674496929022,-0.5513041213708088,-0.44048113637637853,0.0613141885167877,0.9152513867427741,0.12334201763337405,-0.7154007805463826,-0.10048344970532577
Chad,TCD,2024,-0.026522674496929022,-0.5513041213708088,-0.05579486806814636,0.27108783868037645,0.6414845963769641,0.12334201763337405,-0.7163014109876915,-0.11473413579996514
Chile,CHL,1990,0.18963001714676686,0.8445240146719508,-0.05055929710966535,-0.0266639139068639,3.0637348928061403,0.9018133223221622,-0.08931251876313416,0.6438906158125073
Chile,CHL,1991,0.3371721819942864,0.8445240146719508,2.0057305032903265,0.8880052604370083,2.4627201044580924,1.1020488607688055,-0.08931251876313416,0.7286476459992495
Chile,CHL,1992,0.11470128239722746,0.8445240146719508,0.49073415426458444,1.7120872283696875,1.563953768212761,1.0364744083231943,-0.221404983488442,0.26964183588816193
Chile,CHL,1993,-0.2627484290787574,0.8445240146719508,1.5724100134738892,0.6524632759875731,1.1825954783717378,0.9233115435201555,-0.20039027319123387,0.5618194185625262
Chile,CHL,1994,0.02736833358489147,0.8445240146719508,0.5099393655333155,0.2985223115122432,1.0010151510503045,-0.02061828635211246,0.006754728309816862,0.2879606183023058
Chile,CHL,1995,0.14286054009620977,0.8445240146719508,-0.838631534079131,1.217843503669513,0.5472239069674276,0.9093759874424054,-0.16886820774542183,-0.009582839501213105
Chile,CHL,1996,-0.1159275376427809,0.8445240146719508,0.5019284231422557,0.7469069461327011,0.4237560186781464,0.59736524277662,0.23851696187331128,0.28215875037890914
Chile,CHL,1997,-0.15869346018859473,0.8445240146719508,0.19065018147548252,0.8078213941224396,0.2505708404225672,0.9181658797843791,0.19678775142599822,0.25022439054950474
Chile,CHL,1998,-0.22174134601636789,0.8445240146719508,1.3327043476491123,0.1014154103255264,0.10588648701764156,0.0985476189738438,0.22245571900330235,0.38920630328667033
Chile,CHL,1999,0.3849853027133038,0.8445240146719508,1.4399537452065556,-0.8786040858463238,-0.14477310731502366,0.07586666735087816,0.800510357250075,0.5013857800424936
Chile,CHL,2000,0.2271910161834998,0.8445240146719508,0.8062743256684178,0.2753816118277606,-0.07319614737856714,-0.20964628832728446,0.7003902731912338,0.22368193568778436
Chile,CHL,2001,0.17883799490725064,0.8445240146719508,2.4496873512001125,-0.12449784950259246,-0.11194944477638089,5.181617581923466,0.6852296607625339,1.284967002625289
Chile,CHL,2002,0.2667431954478869,0.8717772790844561,1.1527272157328046,-0.11376944368304007,-0.26456153361474183,-0.4306963102780669,0.6519063344341038,0.2611684619419585
Chile,CHL,2003,0.3952605805792266,0.9038061400044528,-2.0704618491783024e-05,0.2207374199530473,-0.21922033802687035,-0.9142156563928523,0.5914139897928551,-0.0363192242533115
Chile,CHL,2004,0.7716034866173541,0.9235913107943187,-1.7259202350901601,0.6499705598829767,-0.46734554448061005,-0.17584941746782776,0.6510057039927951,-0.3165846041074021
Chile,CHL,2005,0.6048698719405975,0.9426577757315538,-1.2056621777068741,0.46577990271451597,-0.18495831970859916,-0.055671069292326604,0.5276193335334735,-0.14952346172826944
Chile,CHL,2006,1.0478562114851655,0.9529770523796688,-0.7960189613683366,0.5126290466099119,-0.13697952426722082,0.5307819786699406,0.4801861302912037,-0.07564836891283166
Chile,CHL,2007,0.9933860750234104,1.0814819495679044,-0.2589682921641638,0.31863682801275695,0.006597655180164024,0.49910662515370335,0.39057340138096663,0.05810977658320105
Chile,CHL,2008,-0.14873460723141693,1.4284478903487785,-0.050644083018626135,0.01528452597361716,0.615584473099542,-0.8592826699074446,0.5193635544881418,0.25527417803831304
Chile,CHL,2009,0.5466333944302474,1.4826462617952099,0.9893241228494353,-1.0643782098862606,-0.5665274299918422,-1.2212494494415542,0.8237766436505556,0.28938785204540246
Chile,CHL,2010,0.47955962122741747,1.4134250530987773,-1.3273168649015739,0.4689931530971961,-0.4170301167247356,-0.3107396995935226,0.40858601020714513,-0.16880405603407475
Chile,CHL,2011,-0.23878980140657774,1.4648943714914842,-0.7876486613798696,0.5508893544140251,-0.14415997933093624,0.8014837018712845,0.2502251576103272,0.18181357675069182
Chile,CHL,2012,-0.2896142844336742,1.5166936097290398,0.03146091570008112,0.5358064728497078,-0.19133697539033334,-0.12102077033290991,0.14485139597718402,0.16206514103814687
Chile,CHL,2013,-0.2213594989782718,1.514164389706735,0.2054309217876638,-0.0905128332038229,-0.3634817997202161,-0.01523628238784763,0.08045631942359646,0.24760084014171807
Chile,CHL,2014,-0.058790523921088536,1.58194572831004,2.0941725190805336,-0.4240104518537007,0.05053885716579737,-0.23532628073470135,0.14049834884419093,0.5878043069200929
Chile,CHL,2015,0.03081524152830163,1.6118874112016186,2.027696929963298,-0.3449639263491482,-0.0017454390323218207,-0.2053252929010843,0.11708195737015917,0.551963464488931
Chile,CHL,2016,0.04495109359228335,1.6329206741292563,0.4433366645729949,-0.43272503778937244,-0.08126411728708764,-0.5170602530068572,0.16526568598018615,0.2901389426550831
Chile,CHL,2017,0.02800664706740221,1.6803561147800827,-0.6383664972023418,-0.5197028462995901,-0.30790961811542106,-0.8358453210044179,0.21495046532572795,0.0864116204308311
Chile,CHL,2018,-0.18523336451213643,1.7717148117816817,-0.215350880358713,0.05942574364320435,-0.272266095434774,-0.5701014796699694,0.2698889222455719,0.15852755706181848
Chile,CHL,2019,-0.27522272471224235,1.925622085010691,1.3090079497872822,-0.6766707690710312,-0.25492925542500766,0.01536636656597267,0.2503752626838788,0.5996194146294416
Chile,CHL,2020,0.12627141765108768,1.9319556085547587,1.7576497734072036,-2.169172126077409,-0.18595981096845488,0.1551497362936899,0.7668868207745422,0.9240832623554374
Chile,CHL,2021,-0.5325269755179362,1.6242959472668208,-0.6533284784693092,1.6758900822665301,0.023102537814388764,0.5380334184443694,0.5187631341939358,0.1296433503573731
Chile,CHL,2022,-0.7277156046764742,1.6978119182747744,2.081374079824166,-0.3643296794485152,1.0293900348990057,-0.5984851217311705,0.36385469828880224,0.8094272705257952
Chile,CHL,2023,-0.014803677526801399,1.6296034997427757,-0.589214484964572,-0.6694542667008323,0.45521474687540936,-0.6850028171367568,0.4785349744821375,0.2819134090323754
Chile,CHL,2024,0.22441257729416056,1.5231842409070055,1.692734477403879,-0.20125973101470648,-0.008973135193232652,-1.0321542208959522,0.43425397778444913,0.36941321338952776
China,CHN,1990,0.7787148504894713,1.1236803093124397,-0.05055929710966535,0.0445731768121787,-0.18499875795441698,1.2408714451835667,-0.5186130291203843,0.11244180614426995
China,CHN,1991,0.7952146283787028,1.1682556962282384,1.5473132104981981,1.2442892489382533,-0.11370424359809027,1.080408794147629,-0.5186130291203843,0.16059379297694787
China,CHN,1992,0.5533125862376234,1.1241123264874708,0.4576232066462505,2.327155310813,0.28168355259427025,1.3826718879377848,-0.5186130291203843,-0.02185570750074734
China,CHN,1993,0.047544764580841406,1.349426148383487,0.5841108307250528,2.245418828986999,1.4486535403344152,2.5468215202325273,-0.4705794055839088,0.45220986293196186
China,CHN,1994,0.5192962731703006,1.1119232012893507,6.964439213862779,2.059868078047946,2.812210110959988,1.4340542610931428,-0.4390573401380968,1.3292007279784168
China,CHN,1995,0.3958334952751481,1.075189178139278,-0.48941073654515366,1.6050505303109839,1.756951082504409,1.2844755625222903,-0.42404683278294814,0.1717534611788205
China,CHN,1996,0.4717833303638477,1.186851302747282,-0.11365346219458243,1.3757768696587769,0.5586063078884971,0.9772754886625817,-0.4060342239567698,0.05078360187491201
China,CHN,1997,0.8406583320788519,1.34090323897264,-0.09201159867053982,1.227120491598872,-0.22257218547717303,0.6438158800457137,-0.38952266586610634,-0.11245230781045563
China,CHN,1998,0.7436743117198608,1.5190145306494278,-0.06909198811104553,0.9248217802996096,-0.7257162029502927,0.21667363357420988,-0.38802161513059147,-0.1593768191411089
China,CHN,1999,0.6050887683013935,1.6273297689055617,-0.05176984569324427,0.8847131791879786,-0.8145222892609444,0.19922455169428535,-0.38652056439507665,-0.13086576089125576
China,CHN,2000,0.57590662024826,1.6401605543839286,-0.050124886626980725,1.0678316522689235,-0.567267230419936,0.027449905021994327,-0.3850195136595618,-0.13979134911681987
China,CHN,2001,0.5274111453568381,1.6138625204622281,-0.05301328491806138,1.0129344282596071,-0.5147832631646937,0.22680125109270144,-0.3039627739417593,-0.08163444629800427
China,CHN,2002,0.6625092687443929,1.7691523513815919,-0.05074875561002483,1.2135800403880561,-0.7198905938573036,0.0872820719296582,-0.23791654157910538,-0.14688725383823326
China,CHN,2003,0.6846322576601677,1.9400572261363864,-0.050423967797285876,1.4066929749115042,-0.4570463679427356,0.5346972969319785,-0.18688081657160016,-0.044417408830704094
China,CHN,2004,0.7980367290266286,1.7892359620667482,-0.05096243215277834,1.4125489300990366,-0.07583021269429883,0.21539506473132153,-0.20039027319123387,-0.07616250719512949
China,CHN,2005,1.074489793823814,1.6471341327790991,-0.19156228884438284,1.701434895394207,-0.36533929879827653,0.35144859816855023,-0.19588712098468938,-0.2185900952711029
China,CHN,2006,1.3949074994461763,1.588939147696782,-0.4319416683166949,1.9702315673755713,-0.38328790580703437,0.7456915677395578,-0.20939657760432312,-0.29359064330192286
China,CHN,2007,1.5795307737438236,1.5154817937499474,-0.6998571017878141,2.2948471249209668,0.06440386834197796,0.3509998272452031,-0.221404983488442,-0.409250642086274
China,CHN,2008,1.4820807853811488,1.4335216109041056,-1.2759683990389825,1.30878254363936,0.22108409624781045,0.4274775699144627,-0.18537976583608534,-0.3100183166898854
China,CHN,2009,0.9478966588717228,1.9054131911496566,-0.28928072595156445,1.2509923317166178,-0.719352678565255,1.2083520237236776,-0.16586610627439216,-0.0370890409294597
China,CHN,2010,0.8432273617235297,1.9512043842978428,-0.17720335671875886,1.5118289807547618,-0.16760825033454746,0.5133178874497488,-0.19438607024917443,-0.0613902497190258
China,CHN,2011,0.5879313475407192,1.8809694765767775,-0.6959198832841798,1.2633021671177909,0.16859474855815984,0.3940910253401933,-0.1913839687781448,-0.04212601660652913
China,CHN,2012,0.6755670677716578,2.002808014960255,-0.37710963729162106,0.9103618589502155,-0.246168663733714,0.17906476525023718,-0.18688081657160016,-0.030602180586902283
China,CHN,2013,0.5566863431889771,2.1131510122339168,-0.3118559467209815,0.8928954718100628,-0.2459530127337442,0.12017920548081881,-0.1838787151005705,0.006008675451485606
China,CHN,2014,0.6419628705585205,2.2356801326934064,-0.17004853625817953,0.8230607707822881,-0.3448119009745287,-0.06885365338749219,-0.17937556289402587,0.001080976834053052
China,CHN,2015,0.6896824138441789,2.4944413801245897,0.14302512757813174,0.7175933667611468,-0.4133109059537158,0.10214855484167465,-0.1763734614229961,0.10609355922319409
China,CHN,2016,0.5751051184374542,2.5712592723263343,0.8968378146050549,0.6718467238616102,-0.333735966256287,-0.04529334877113133,-0.18988291804262994,0.23603328736603954
China,CHN,2017,0.5546815485146107,2.547484606743487,0.19278388982299471,0.6977085031001382,-0.3912450029590696,-0.2817409168840323,-0.20339237466226368,0.08735716434948101
China,CHN,2018,0.38981960298930385,2.610031052239021,-0.34949334274306976,0.6683524730536696,-0.3231648667983659,-0.3638041369740142,-0.22740918643050145,0.04114106332144228
China,CHN,2019,0.44534478720808385,2.7655667682964906,0.5748239756677173,0.516454338556487,-0.20663267311691977,-0.22507424508577853,-0.18988291804262994,0.25100025456490116
China,CHN,2020,0.5530640557852265,3.1297591636448643,-0.06616092376282375,-0.3036993538718354,-0.2744524307630517,-0.14208917610869948,-0.12383668567997602,0.3248364636309889
China,CHN,2021,0.5706284247640889,3.0101420053866534,-0.9768802387428607,1.0671300233131837,-0.477766110083051,-0.21088253384670805,-0.1913839687781448,-0.06921847059162622
China,CHN,2022,0.6413572977046256,3.187547492786518,0.5817037374238098,-0.1289376841103331,-0.3374712247555383,-0.021072964021177098,-0.1268387871510057,0.39592123438404486
China,CHN,2023,0.542563775565077,3.356135191227379,0.6778459546018024,0.3731481672173873,-0.5832357597502608,-0.15417275115456647,-0.17337135995196643,0.31535561888427477
China,CHN,2024,0.6737016011257588,3.457565673658059,0.1761188498916838,0.2724516414071211,-0.5855973606399398,-0.37703401521632957,-0.18537976583608534,0.2199314484749297
Colombia,COL,1990,0.5087141495213418,-0.17221453537020082,-0.05055929710966535,0.12366056461247142,3.504105879828919,1.532420003061375,0.6447012909036325,0.6894398038828925
Colombia,COL,1991,0.9588867765080211,-0.22623561566978587,3.4677013274786046,-0.3780384669074657,3.6787812331417453,1.532420003061375,0.6447012909036325,1.2166457041878596
Colombia,COL,1992,0.5592414643375664,-0.1866220887561655,1.1504067919994267,0.07150404981275597,3.201426892576572,1.9865732942672916,0.542629840888622,0.8662384595464891
Colombia,COL,1993,-0.02218557912227269,-0.1127083574390611,2.1529269482607063,0.3664174425720818,2.5557360185105034,1.984941529659406,0.2964575202641849,0.9333031136865616
Colombia,COL,1994,-0.18578571621573509,-0.06092940364106651,0.6726436974610518,0.46085533579839183,2.6128059032309676,2.4782406672275905,0.36400480336235363,0.8273851497226057
Colombia,COL,1995,-0.23440425821695168,-0.0051078010464626475,1.42767697220389,0.3261624777150243,2.3365515259302385,1.194383810931936,0.4345541879315522,0.7566143537790117
Colombia,COL,1996,-0.22146247600866065,0.03067342458746691,1.8670743905154605,-0.36610379019353406,2.3232342164610444,0.6658700347048017,0.8983788652056441,0.9103995996680875
Colombia,COL,1997,-0.2973954412836978,0.05551175321742333,1.3756775650992357,-0.06371934043048282,1.994242765266519,0.8751648846599025,0.9479135394776345,0.8013750413478423
Colombia,COL,1998,-0.24092449596485352,0.02841168991675485,3.4869971697960453,-0.6930478448359987,2.0234955729630095,-0.04345367287078846,1.3772140498348846,1.1152338786343938
Colombia,COL,1999,0.46493633294213416,-0.04841562778068211,3.225333802483764,-1.7433110581873417,0.9205278842065775,-0.003896349805166099,2.136745722005404,1.0726671651935862
Colombia,COL,2000,0.47332997546694483,-0.2791908871583532,2.6172764322221633,-0.17491732041044084,0.687541043454433,-0.6090008331697943,2.2057940558390876,0.6177153080187191
Colombia,COL,2001,0.2378547528451637,-0.2585173667162187,1.385893559534774,-0.44925636551229653,0.5094745917923903,0.5600755845068416,1.383218252776944,0.5416494620802663
Colombia,COL,2002,0.206119130109655,-0.26677919554598306,1.2092824373045397,-0.26751355598585097,0.28133385407866723,-0.5386494632388021,1.299309516661663,0.2922702250194687
Colombia,COL,2003,0.24968858640976616,-0.2764155464367171,2.0557228943188868,0.0436386659433693,0.391341153557196,-0.10454372240444298,1.1101771239867908,0.4118506643812254
Colombia,COL,2004,0.28701637175070605,-0.2522121821386878,-1.2757475822637832,0.3548918106057256,0.21808312539492408,0.5382923175540152,1.184629240468328,-0.03269475190594789
Colombia,COL,2005,0.2034627747850896,-0.24028017235536359,-1.7044509660963143,0.24395150931454246,0.0975145487356307,0.4168683390021206,0.7861002701891323,-0.1559517520892038
Colombia,COL,2006,0.1403343478248734,-0.14163473144605693,0.17780189683658004,0.6593460007711791,-0.009568949948764763,0.4400565259750686,0.790003002101471,0.06528248498889222
Colombia,COL,2007,0.0003147336119586565,-0.0718583759206768,-1.7349341570881904,0.664037841341448,0.1672499693911714,0.3991731508633514,0.8074151906334436,-0.15675811386775823
Colombia,COL,2008,0.03771294928893606,-0.055125499179434434,-0.8178074175530049,-0.09602663025033349,0.3725556919618047,0.47910994702489035,0.817772440708496,0.12211697770344987
Colombia,COL,2009,0.13313607957051984,-0.08280187388906944,1.335142115806976,-0.5676743761637301,-0.02241833447418228,-0.2856941658372182,0.9368057640348245,0.3307959717477916
Colombia,COL,2010,-0.001403207973781674,-0.03335404098074673,-1.7463785562720233,0.17044712429511585,-0.29528966909990867,-0.03615747349749795,0.7997598318823178,-0.21149483204131328
Colombia,COL,2011,0.009681677420149064,0.022838260304656015,-0.43040111718416335,0.7101724471823252,-0.13372627887290944,0.5115208727324582,0.6699189432602822,-0.011386206337450102
Colombia,COL,2012,-0.019225872959530887,0.08286425490031664,-0.4334085368781482,0.04239868370633946,-0.16845956078025265,0.30229762369849855,0.6205343740618433,0.05437933489363557
Colombia,COL,2013,-0.03109583704788256,0.12034367909733173,0.5072321722238196,0.31110438941205415,-0.3313344306527424,0.13088105756056784,0.5135094566196339,0.09437476892634843
Colombia,COL,2014,-0.2735447641605249,0.18287075246602247,0.9503613411878553,0.17140877603535254,-0.20668868672856242,-0.20243565680654524,0.4464124887421194,0.18180803242658025
Colombia,COL,2015,-0.4185822864040039,0.28031301939812076,5.186397937058378,-0.16808836593673418,0.08886577635982447,-0.038847145559123906,0.41233863704593204,0.9308198395205528
Colombia,COL,2016,-0.18131360855971443,0.28352038488676745,1.5671034152371413,-0.35916749596882547,0.4455717719717868,-0.3494628040983674,0.4648754127889524,0.42172704075926004
Colombia,COL,2017,-0.024435157878360095,0.34282099122726295,-0.5311070995578883,-0.5193364279754382,-0.0066162763677465805,-0.378569771194045,0.48949264485139604,0.06568458211611107
Colombia,COL,2018,-0.15035485646241767,0.25801111894555645,-0.030343585490237357,-0.2542375705715612,-0.15838616148957754,-2.2853319138576373,0.5306214350045031,-0.1829766685504877
Colombia,COL,2019,-0.19766291820879786,0.2616941101137033,1.509596434996589,-0.11727715846709454,-0.11846285886408713,-0.3492987157942474,0.6687181026718703,0.3267410213999601
Colombia,COL,2020,-0.054766291450821465,0.39009720666053493,1.72429873521119,-2.399345905579788,-0.2592982395233079,0.5854076842272822,1.5247673371359955,0.9170549886774719
Colombia,COL,2021,-0.32750582189125566,0.30201843437132825,0.1446987445319885,1.5579218979497538,-0.1224151532567239,0.3423487747784151,1.2117982587811469,0.09257614044966524
Colombia,COL,2022,-0.37759148820799865,0.22174833935683125,1.8840070405198137,0.7938593960827077,0.822086343737982,0.032099681522278926,0.7078955268688083,0.46450986059014354
Colombia,COL,2023,0.08857022100497068,0.1657152398398976,0.18134589321148975,-0.6331984828818737,1.0423992482845432,-0.5620011323267368,0.5652957069948964,0.2767690311258562
Colombia,COL,2024,0.1627050355466586,0.11798113701372973,-0.8732038130833675,-0.4898674479137289,0.3177416800388433,-0.044697564872692205,0.569498649054338,0.05921178578827451
Comoros,COM,1990,0.04643898904442693,-0.5515098856537536,-0.05055929710966535,0.796176863201706,0.16869298795371723,-0.5912814384864884,-0.15460822575803068,-0.2888402444714791
Comoros,COM,1991,0.05262399231372761,-0.5446597725989545,0.4609075131792332,-2.1751733346861535,0.16869298795371723,-0.6583198927525225,-0.15460822575803068,0.19922313605655262
Comoros,COM,1992,-0.03287034066974031,-0.5425408203094759,-0.923998523807055,0.8004019264472484,0.16869298795371723,-0.491256108944685,-0.1946862803962775,-0.39304576161161214
Comoros,COM,1993,0.645290601552725,-0.5723361700016042,0.9367766717248067,-0.2579729265029105,0.16869298795371723,-0.6288974507412259,-0.18823176223356358,-0.09590191404966918
Comoros,COM,1994,0.08549313895156598,-0.5880479541723982,6.607049243414369,-1.6954603145689502,0.16869298795371723,-0.34071430606886055,-0.188982287601321,1.03828069416327
Comoros,COM,1995,-0.22777670940332986,-0.5910715764454614,-1.4790956774660575,0.4218301426292539,0.16869298795371723,-1.326434516404693,-0.17262083458420902,-0.5135118643103754
Comoros,COM,1996,-0.22777670940332986,-0.6334921423899743,0.30104360076954667,-0.9306876774458847,0.16869298795371723,-0.16079123885313776,-0.15776043230261186,0.09659388028953637
Comoros,COM,1997,-0.22777670940332986,-0.6159119758035184,1.9440938761525612,0.15191530566361722,0.16869298795371723,-1.1878204696598023,-0.1897328129690784,0.027883287059084525
Comoros,COM,1998,-0.22777670940332986,-0.6369317507041061,0.101733398549541,-0.8128944906023566,0.16869298795371723,-1.9150334863728908,-0.18177724407084966,-0.20323498494841455
Comoros,COM,1999,-0.22777670940332986,-0.6221513949181042,0.5677029579750451,-0.22489712633096381,0.16869298795371723,0.483684988330968,-0.19228459921945373,0.12261696797949516
Comoros,COM,2000,-0.22777670940332986,-0.6169430468325211,2.120603232615589,-1.0399535332224323,0.16869298795371723,0.1892841072261044,-0.2138997298108676,0.416495399111112
Comoros,COM,2001,-0.22777670940332986,-0.6378810115331366,0.3915060204355969,0.3739393899243722,0.16869298795371723,2.960584583648635,-0.21705193635544892,0.3599554233754745
Comoros,COM,2002,-0.22777670940332986,-0.6339553630739271,-0.7978849463913086,0.19311292038811093,-0.11704616951841575,-0.05059008541879092,-0.2181026718703093,-0.25470220675107613
Comoros,COM,2003,-0.047901755100216624,-0.6213362178935008,-2.3719210397437798,-0.3928183358801099,-0.07944247149513353,-1.0282921559490037,-0.19003302311618134,-0.5500435453167531
Comoros,COM,2004,-0.04269850412300793,-0.6409427754674386,-1.3329471871124259,-0.13629517736910463,0.016095218375177175,-1.0888398271225996,-0.18823176223356358,-0.43655323600981966
Comoros,COM,2005,-0.13746022147111184,-0.619410248933358,-0.05269688515557057,0.42797338801747037,-0.19050648751474522,-0.3588600346457316,-0.1948363854698289,-0.2438318868950847
Comoros,COM,2006,-0.03571955587050611,-0.6232428834307,-0.1802443709054243,-1.2043919601787876,-0.139474817029886,0.04061044607351589,-0.20159111377964578,0.01945268242530764
Comoros,COM,2007,-0.12224302054762896,-0.6153741835810168,-1.2365727690965327,-0.6416070507856194,0.014847724378208976,-0.17548529990826936,-0.20279195436805766,-0.2073609158917742
Comoros,COM,2008,-0.5622012298659151,-0.5937546920863026,-1.0152386027355786,0.053833574340847394,-0.376029657352128,-0.03071116872877105,-0.2114980486340438,-0.24555207343025093
Comoros,COM,2009,-0.16875453954421307,-0.5413799384319783,0.720119338182035,-0.10542207300577885,0.00017330516510721063,0.10226830404493963,-0.22845992194536183,0.04669967136639053
Comoros,COM,2010,-0.16652023656495485,-0.504861560332588,0.6865506805467314,0.012726724048161138,-0.1422460409677844,0.5473363399713549,-0.24542179525667968,0.0707358766396897
Comoros,COM,2011,-0.3015042832317259,-0.5016156841831299,-0.7238552770659261,0.09319160942979318,-0.3559752480491385,-0.17449558105844779,-0.25592915040528375,-0.2576511809942848
Comoros,COM,2012,-0.13161447508807114,-0.4701196083200211,1.1296197989301897,-0.12133527597234141,0.27613756522667926,0.29639654080106625,-0.2602821975382768,0.17495740716572142
Comoros,COM,2013,-0.13161447508807114,-0.45469408118459465,-0.5121594174915101,0.1641963936137591,-1.2234941775443477,-0.6675979640451803,-0.27694386070249183,-0.45249591707054465
Comoros,COM,2014,-0.09833169883926071,-0.43693811140556554,-0.054635615170556456,-0.354926863147404,0.4503907732511733,-0.28268252043339687,-0.27634344040828585,-0.020992907454280958
Comoros,COM,2015,0.33705816864951543,-0.3896661630989371,2.742035953905128,-0.5659786430215771,-0.6329912220265242,0.37849240983122245,-0.26928850195136605,0.2939289930045121
Comoros,COM,2016,-0.16854281350067318,-0.38274872012222705,-0.01720020962958484,-0.0878863370674902,-0.5037028579787218,-0.12403774559621361,-0.2563794656259382,-0.1468056926263603
Comoros,COM,2017,0.10532192772742052,-0.37593190832697626,-0.3358457508938852,0.0210860921905287,-0.6499794163992919,-0.7433616862258028,-0.2665866106274392,-0.3568733417701921
Comoros,COM,2018,0.018807962613631372,-0.39068301919257536,-0.664856622476618,-0.017043481191319123,-0.31231505099045376,-0.2552068594560859,-0.2776943860702492,-0.2717886313726135
Comoros,COM,2019,-0.04289663427761861,-0.39687441389361017,0.7264744674782673,-0.4310218663733812,-0.11010700594880314,-0.4433472884018785,-0.285049534674272,-0.004997896398470972
Comoros,COM,2020,0.14637330761475834,-0.4076909453564991,-0.33202044757083293,-0.8614272359892696,-0.5052400714185434,0.06942661220892442,-0.2036925848093666,-0.09488050122454375
Comoros,COM,2021,0.3299792498141883,-0.3847389685001398,-0.5355792331948979,-0.369052379533628,-0.6170535699122306,0.4834806867355408,-0.21480036025217655,-0.17565975934349493
Comoros,COM,2022,0.3180698252281206,-0.37933426094646316,1.6919852900189636,-0.27855096216357467,1.1549289627624297,-0.3353970736675848,-0.29210447313119187,0.2572227974245153
Comoros,COM,2023,0.16123288122523075,-0.3730168949126635,-0.41982883576892155,-0.11733044658329549,0.5671691924390512,-0.19022952653536584,-0.2990093065145602,-0.10840254370491362
Comoros,COM,2024,0.16123288122523075,-0.4004998814387866,-0.06509322817149892,-0.09222739553224521,0.09764267490259787,-0.5058709559075312,-0.301711197838487,-0.17779115344952734
"Congo, Dem. Rep.",COD,1990,-0.012018608672068047,-0.6916920109652459,-0.05055929710966535,-2.263469608394426,10.874387211864585,13.455908014847445,-0.38321825277694394,3.6400448404180956
"Congo, Dem. Rep.",COD,1991,-0.012018608672068047,-0.7159624121484719,292.70982608070153,-2.6710832042534425,303.9055535849759,174.33625984873623,-0.38321825277694394,110.36222295177338
"Congo, Dem. Rep.",COD,1992,-0.012018608672068047,-0.710735160187605,571.7826552383071,-3.1284656738700902,583.0270436513482,277.46445263258863,-0.36820774542179535,204.90509898559665
"Congo, Dem. Rep.",COD,1993,-0.012018608672068047,-0.7045962106962494,151.16573548039847,-3.7816719247323802,280.2254920392774,208.41380596692085,-0.35649954968477937,91.79108975137432
"Congo, Dem. Rep.",COD,1994,-0.012018608672068047,-0.7079185515082481,6705.202834264061,-1.6764252591208313,3359.6311918070337,510.3273599579019,-0.3635544881416993,1510.82547955102
"Congo, Dem. Rep.",COD,1995,-0.012018608672068047,-0.7077835564905418,69.03183555176666,-0.6643998554303207,75.98046409510737,25.357417956774263,-0.3812668868207746,24.279583660634195
"Congo, Dem. Rep.",COD,1996,-0.012018608672068047,-0.7077835564905418,86.88400826215104,-1.0435074555312107,68.98847492246884,25.357417956774263,-0.4006304413089163,25.882430458256856
"Congo, Dem. Rep.",COD,1997,-0.012018608672068047,-0.7077835564905418,22.8311372682808,-2.054186055255967,27.443201406544826,25.357417956774263,-0.39837886520564403,10.941685553404536
"Congo, Dem. Rep.",COD,1998,-0.012018608672068047,-0.7077835564905418,3.108004471569759,-1.1757268083844234,3.503651073059694,25.357417956774263,-0.3947763434404084,4.579179859789894
"Congo, Dem. Rep.",COD,1999,-0.012018608672068047,-0.7077835564905418,21.18749825631594,-1.7578590665615927,39.65246243181271,25.357417956774263,-0.38952266586610634,12.409992871111417
"Congo, Dem. Rep.",COD,2000,-0.012018608672068047,-0.7139667732218177,62.62443215645238,-2.3388472290174667,72.02247540955172,25.357417956774263,-0.38727108976283403,23.036279071069035
"Congo, Dem. Rep.",COD,2001,-0.012018608672068047,-0.7189748780006205,119.7885788688624,-1.2804537122301258,50.25933110747036,2.162252406308377,-0.38637045932152514,24.62818419517446
"Congo, Dem. Rep.",COD,2002,-0.012018608672068047,-0.7201068339090698,9.527333041790389,-0.1698783749720762,3.8391758223168297,1.9433102858794649,-0.3971780246172322,2.053490182157789
"Congo, Dem. Rep.",COD,2003,-0.012018608672068047,-0.7135414194962351,2.346194743238519,0.4087492674819097,1.2032601544668247,1.3046254045822763,-0.4154908435905134,0.47547391148443274
"Congo, Dem. Rep.",COD,2004,-0.012018608672068047,-0.7070913239968912,-0.24968678910121792,0.6640772756743462,-0.05183713777234059,5.127769806197978,-0.4276493545481838,0.4342066476824381
"Congo, Dem. Rep.",COD,2005,-0.012018608672068047,-0.7061349373241294,2.585715804260311,0.5313648071729066,2.3966271147049785,0.8355266801181018,-0.4318522966076254,0.5943623095215426
"Congo, Dem. Rep.",COD,2006,0.40688762841638937,-0.6887882738643122,-0.21862209392054655,0.3055934244614125,1.2285228990725807,3.2701385387364983,-0.39792854998498955,0.35440592388020414
"Congo, Dem. Rep.",COD,2007,0.7231075685777448,-0.6787319817919388,1.4139707898777176,1.069976641090763,1.7787005975386638,2.8341502450875136,-0.36340438306814776,0.45594300828218576
"Congo, Dem. Rep.",COD,2008,0.28664230472649505,-0.6370539582152077,1.114274720890002,0.81697285671454,1.8290600618231228,3.16157052574069,-0.3299309516661664,0.5763293195902007
"Congo, Dem. Rep.",COD,2009,-0.3770076062116889,-0.616203599587865,6.2863486234881885,-0.6992550625639632,-0.22065906918707934,3.2469385529551076,-0.2916541579105374,1.3544332883619234
"Congo, Dem. Rep.",COD,2010,-0.7427105557122713,-0.6590557941737749,1.629011360121556,1.0777547656631394,0.38713063673996956,1.673495317757889,-0.25923146202341646,0.348043692638765
"Congo, Dem. Rep.",COD,2011,-0.23076217971185006,-0.6458017434367744,0.16150339453169119,-0.9071020185233991,1.5485059369918572,0.7002657355645241,-0.22635845091564097,0.3822827244244152
"Congo, Dem. Rep.",COD,2012,-0.14986628100435856,-0.6294908294347363,-0.04650131438003525,1.0887366665222487,0.7577167081910707,0.6396563844158762,-0.2011407985589913,-0.05980431932638658
"Congo, Dem. Rep.",COD,2013,-0.7321258237125301,-0.6247812698110353,-0.05346841278134756,3.035197523904264,-0.5021896495171199,0.49806467426055073,-0.20354247973581507,-0.45556983396807155
"Congo, Dem. Rep.",COD,2014,-0.1861970729311725,-0.6153050304428399,0.0365335718995201,0.7881392942405432,-0.4407299832713675,0.19877210782007712,-0.20849594716301417,-0.23302392892385645
"Congo, Dem. Rep.",COD,2015,-0.08751948165596828,-0.6028454340578506,-0.03895736822566209,0.5807751038144682,-0.5112392292815056,-0.18816354029309304,-0.20774542179525676,-0.2917438022588383
"Congo, Dem. Rep.",COD,2016,-0.11271766569271723,-0.5774016262045223,1.2377957198148004,-0.7317581371449382,-0.2085243253844183,0.7815615662119069,-0.1946862803962775,0.2690315509827349
"Congo, Dem. Rep.",COD,2017,-0.03986878472016936,-0.6113742067072973,6.309112698380479,0.11468700212416852,-0.2085243253844183,2.1943977679298934,-0.18192734914440106,1.0609809096671794
"Congo, Dem. Rep.",COD,2018,-0.07408188164862463,-0.6031534244208389,1.4770151083788174,0.5174027047509849,-0.2085243253844183,1.1522690278382846,-0.17907535274692293,0.17074431579465169
"Congo, Dem. Rep.",COD,2019,-0.07783923383733508,-0.5876770390689408,0.1695105443912625,-0.6962158820148009,-0.2085243253844183,1.6677397393467999,-0.18312818973281295,0.23313940648628947
"Congo, Dem. Rep.",COD,2020,0.09033439320239631,-0.5631458562217915,1.6956493309041585,-0.647805007345959,-0.2085243253844183,2.4723599942471686,-0.0705493845691984,0.5547514818742116
"Congo, Dem. Rep.",COD,2021,0.24587418019339943,-0.5849044902028818,1.0062848693459907,0.5961474531432917,-0.2085243253844183,1.6769944096471119,-0.0804563194235966,0.13819607294935923
"Congo, Dem. Rep.",COD,2022,-0.1835788650926274,-0.5466149138635538,0.07259975328389426,1.2301070330334256,-0.2085243253844183,1.6769944096471119,-0.1928850195136596,-0.03499403768163195
"Congo, Dem. Rep.",COD,2023,-0.31811361990403797,-0.4874301188681445,2.299653230835172,1.0590130619030673,-0.2085243253844183,1.6769944096471119,-0.20354247973581507,0.3337501820706966
"Congo, Dem. Rep.",COD,2024,-0.07501723483143449,-0.4874301188681445,-0.05055929710966535,0.5241878438320444,-0.2085243253844183,1.6769944096471119,-0.2107475232662864,0.03865179085971249
"Congo, Rep.",COG,1990,-0.7403277385690643,-0.39246323829859525,-0.05055929710966535,-0.598397093950901,-0.20807163947429147,0.473007453350889,2.114380066046233,0.46785973957636223
"Congo, Rep.",COG,1991,-1.723984671566407,-0.38590016811486294,0.46090751317924367,-0.29140904157945124,-0.8536578693868396,-1.2288283039954353,2.114380066046233,0.30318499298202817
"Congo, Rep.",COG,1992,-0.9648299781889944,-0.39108260213668383,-0.9239985238070563,-0.24376006765707003,-1.172693528770845,-0.23013596077143558,2.1151305914139904,0.08654428882486201
"Congo, Rep.",COG,1993,-2.175170390700168,-0.5434844554933654,0.9367766717248056,-1.0339395308334072,0.07951330111098522,-2.8249323086408316,2.1262383668568,0.426174499584567
"Congo, Rep.",COG,1994,-5.171568771201999,-0.5647715538844267,13.542603732318003,-2.0269117569618222,5.38226800791936,1.191520068718083,2.1681176823776647,4.131174066516073
"Congo, Rep.",COG,1995,-3.281849176156871,-0.5558418447506075,-1.4790956774660522,0.058390594722796715,0.7147727430108078,-0.8804088566012326,2.161663164214951,0.4549354442631343
"Congo, Rep.",COG,1996,-2.796352925946946,-0.5680239026708825,0.30104360076954007,0.12552692343140803,0.8014340703661123,0.2747986695203703,2.135094566196338,0.8021675723852878
"Congo, Rep.",COG,1997,-0.4602654140585103,-0.5613311158011147,1.9440938761525528,-0.9558658644986897,0.8014340703661123,-0.17858388928557653,2.1106274392074456,0.7903388084566599
"Congo, Rep.",COG,1998,-1.1561838808079037,-0.5207780301717685,0.10173339854951383,0.0038794208180162816,0.8014340703661123,-1.8143200276602016,2.1124287000900632,0.2618289387376581
"Congo, Rep.",COG,1999,-0.8419076522624328,-0.49571920053037893,0.5615249427956819,-1.386502268361985,-0.030877246197454335,0.5810318078140003,2.148904232963074,0.7133249224956202
"Congo, Rep.",COG,2000,2.8557705586446387,-0.6276571851268888,2.1272494691337274,0.8483554979850064,-0.7410954741541443,3.4162347113338423,2.108525968177725,0.36844734753351654
"Congo, Rep.",COG,2001,0.24306170964873688,-0.6251378819784316,0.3915060204364706,0.018190602092531545,-0.608515133950142,-3.021911445527408,2.1097268087661365,-0.28794056342780616
"Congo, Rep.",COG,2002,0.2277986327958694,-0.668922200082289,-0.7978849463919279,0.18963406402034838,0.002493001653949854,0.05389114808617383,2.0743020114079855,0.03520661683681065
"Congo, Rep.",COG,2003,2.2082618123784914,-0.6523304641492365,-2.3719210397434147,-0.6394808520233857,-0.7057381518978452,-1.0048617322888245,2.109276493545482,-0.5991936935555634
"Congo, Rep.",COG,2004,2.1613399556093547,-0.66748722822822,-1.3329471871130794,-0.053524727323788775,-0.2729903169994194,0.5892147049482331,2.1121284899429607,-0.23998525224787018
"Congo, Rep.",COG,2005,1.6616359289148257,-0.6830557458639488,-0.05269688515580547,0.8879078165846048,-0.17903393892474492,1.6331688353844034,2.097117982587812,0.03799378607546939
"Congo, Rep.",COG,2006,0.5588893528451683,-0.6873652080828156,-0.1802443709050847,0.9386146023151313,0.3076718789507067,2.5783274275216588,2.0621435004503152,0.3690041818249258
"Congo, Rep.",COG,2007,-2.5965942993739253,-0.683925186806009,-1.2365727690963169,-2.2735203743772283,-0.24120427640588987,0.33847619957725505,2.1140798558991296,0.7372812138456174
"Congo, Rep.",COG,2008,1.2906741454703257,-0.6614379707999807,-1.015238602735698,0.569035244702669,0.08447269522622369,1.5417619994569332,2.1220354247973585,0.030269165110263056
"Congo, Rep.",COG,2009,-1.3737524695685301,-0.6256807654072761,0.7201193381820128,1.7418666375597784,0.00761596640337455,-0.5165016703901061,2.1043230261182835,0.18882310384500572
"Congo, Rep.",COG,2010,1.2156061861406562,-0.6018094204118598,0.6865506805470842,1.3665317049194754,-0.5610884424797132,1.4667544090445173,2.0226658661062746,0.06156217167802452
"Congo, Rep.",COG,2011,2.00489958068498,-0.5761674882116752,-0.7238552770661207,-0.33308870711394223,-0.36771774019562675,1.9133115978039605,2.042930051035725,0.0880986099707464
"Congo, Rep.",COG,2012,2.0595801027205423,-0.5709218493825183,1.1296197989300805,1.3700270925346865,0.09174310552862075,0.5802376619791868,2.0513359351546083,-0.02108464900646442
"Congo, Rep.",COG,2013,1.7013545624117403,-0.5393250520715315,-0.5121594174914162,-0.9751432726126609,0.03823336567917128,-0.799248542119648,2.1044731311918343,-0.06203397208723852
"Congo, Rep.",COG,2014,0.8374571269033096,-0.4901558965980279,-0.05463561517085334,0.6437688713540566,-0.4875014297689245,0.13605857524325016,2.0821074752326636,-0.04219326990275115
"Congo, Rep.",COG,2015,-4.2322854291964385,-0.4024860809950264,2.7420359539053747,-0.727058756830087,-0.16848838427307566,-1.7211591378159017,2.1307415190633447,1.077141150844463
"Congo, Rep.",COG,2016,-3.6957567907394266,-0.3440241677677179,-0.01720020962920125,-2.7292069451732472,-0.1654545482825355,-1.979294498591487,2.1724707295106573,0.870208720164627
"Congo, Rep.",COG,2017,-3.6957567907394266,-0.3904747014348805,-0.33584575089413043,-2.04928589405678,-0.5528141896038978,-1.7243880794970456,2.23836685679976,0.7114124028808589
"Congo, Rep.",COG,2018,-3.6957567907394266,-0.45041574409648294,-0.6648566224769699,-1.3253667331980508,-0.45348790388843285,-1.317480406720372,2.253827679375563,0.6269586465901117
"Congo, Rep.",COG,2019,1.8117784096109648,-0.4582529148402395,0.7254606321865219,-0.5710129027935366,-0.30460853000858285,0.15027671403609483,2.2018913239267492,0.15342881692615928
"Congo, Rep.",COG,2020,1.9207688312281652,-0.395390746162277,-0.29989186202911444,-2.1973494345860978,-0.3626597385613384,0.15850542713835786,2.4708796157310124,0.2640033284963676
"Congo, Rep.",COG,2021,1.7987520549784821,-0.4310373192383798,-0.5681328271871329,-0.5950823107974859,-0.3739291090369533,-0.3389047015852264,2.4276493545481843,-0.06971776381150052
"Congo, Rep.",COG,2022,1.7987520549784821,-0.4555273638924818,1.7158156106604026,-0.49381680495164526,-0.1862492179605988,-0.22110834241276114,2.14740318222756,0.24219980265646912
"Congo, Rep.",COG,2023,1.7987520549784821,-0.4334639658048116,-0.44048113637637853,-0.3988825429864715,-0.008392664901717117,-0.1694905829566266,2.1155809066346447,-0.04801670791384284
"Congo, Rep.",COG,2024,1.7987520549784821,-0.4334639658048116,-0.05579486806814636,-0.35639395446750494,-0.17946558345216065,-0.1694905829566266,2.111978384869409,-0.024084959417616174
Costa Rica,CRI,1990,-0.5484469602981671,0.04224238836125622,-0.05055929710966535,-0.03670930546361597,2.074772208886169,1.13348952502558,-0.06829780846592616,0.5309718974941711
Costa Rica,CRI,1991,0.2399809449447724,0.04224238836125622,4.716187898096388,-0.31994653272444534,3.441527112894515,1.5934390447623874,-0.06829780846592616,1.4007234604897563
Costa Rica,CRI,1992,-0.1646570719668571,0.04224238836125622,1.3447548357322923,1.2058919134724917,2.4636750922363526,0.8958470632850067,-0.2844491143800661,0.4886907748184582
Costa Rica,CRI,1993,-0.43240517860755023,0.04224238836125622,0.7557627827674093,0.7430190640010198,0.7657413302649178,0.233311316158869,-0.28144701290903634,0.17214241703570662
Costa Rica,CRI,1994,0.09360140850874824,0.04224238836125622,1.4317802457628535,0.17580854292372242,1.296619905481292,0.7358870776354163,-0.2664365055538878,0.4243833086077799
Costa Rica,CRI,1995,-0.013426058783447903,0.04224238836125622,1.990915539484462,0.09548992310493212,2.6608999287928703,-0.5327832259219014,-0.09681777244070858,0.5689132848506421
Costa Rica,CRI,1996,0.08978975041306489,0.04224238836125622,2.150536008259704,-0.5212947771410477,1.8587524139442568,2.614086538023971,0.05028519963974783,1.0210582249938454
Costa Rica,CRI,1997,-0.10225192056127778,0.04224238836125622,1.6463204503326063,0.3863842906316574,1.2561348001989532,-4.212293546106962,-0.02176523566496555,-0.2247847875642131
Costa Rica,CRI,1998,-0.10143766845028038,0.04224238836125622,1.4477759542888224,0.7411152215757151,1.0315714434859835,0.613247642408555,-0.07430201140798562,0.3458368377158853
Costa Rica,CRI,1999,-0.20890173602981735,0.04224238836125622,1.5146293218777651,0.09413626333861752,0.803435733505632,1.3348324598564016,0.011257880516361481,0.5458804652583737
Costa Rica,CRI,2000,-0.1946090329402201,0.04224238836125622,1.0638733945549796,0.018074044708887845,0.9329469464808817,0.8865370925946048,-0.11182827979585713,0.42718664720388533
Costa Rica,CRI,2001,-0.02897061213468438,0.04224238836125622,0.8990488327329854,-0.05032617092294026,0.9745121366910439,10.44867450532131,0.03392374662263584,1.7825283418266937
Costa Rica,CRI,2002,-0.2722306915804601,0.04224238836125622,1.280842493256924,-0.06667127150391437,0.6793673036309784,0.5379669543967541,0.0857099969978985,0.4235758713897408
Costa Rica,CRI,2003,-0.27485473098014923,0.04224238836125622,1.4769000009499949,0.13140073374863342,0.7189528494558793,0.9335237127695893,0.12443710597418191,0.49135857924891674
Costa Rica,CRI,2004,-0.07940967745578023,0.04224238836125622,1.3432609790265078,0.15503370227023813,1.1242261916664285,0.7954325518378769,0.09306514560192138,0.47465760452564754
Costa Rica,CRI,2005,-0.1614909576340839,0.04224238836125622,1.236972282567507,0.056485771069226254,1.3339107981602079,1.1535675831484786,0.13869708796157304,0.5729136181091257
Costa Rica,CRI,2006,-0.1418420804408892,0.08541051506148807,0.941931209981396,0.7935113124724681,1.0048989513577284,0.7925665034720037,0.015160612428700088,0.3126140800385339
Costa Rica,CRI,2007,-0.32006555595665065,0.2127831595095367,0.09653401707031771,0.9889725345178636,0.7061841274057526,0.6243123439224924,-0.1903332332632843,0.11151049086908603
Costa Rica,CRI,2008,-0.6663861697793277,0.3336644120603525,0.21285634219701458,0.22402207110033637,1.2810710650290011,0.774063477183064,-0.13374362053437408,0.4157536820877214
Costa Rica,CRI,2009,0.14347073528452778,0.29643469679168355,1.2145331636506926,-1.0105689558674091,0.49210887717230634,-0.19874559968493344,0.3000600420294206,0.4244984857917216
Costa Rica,CRI,2010,-0.029515968436343767,0.22446030124574598,-1.221847510312317,0.3609026773128685,0.18398146252141104,-0.8075842986309805,0.20204142900030025,-0.25004790357890927
Costa Rica,CRI,2011,-0.28570085523298044,0.2612299293904908,-0.5931507185647771,0.15031665435685448,0.07305860094633511,-0.4780609331071969,0.5543380366256381,-0.006742983404769151
Costa Rica,CRI,2012,-0.2619783983171721,0.29208007370903566,-0.12786365524586013,0.25579473059342506,0.018987202331274607,-0.14800498780119337,0.4930951666166316,0.07635392390480507
Costa Rica,CRI,2013,-0.22082091185396927,0.3411937096254147,-0.13875015103394298,-0.2695407997358813,0.12300164676652113,-0.17101969613700718,0.3592014410087061,0.14342695168850605
Costa Rica,CRI,2014,-0.21393873110859354,0.41379970685422474,1.0408341341865477,-0.03911911375242165,0.022343875279354,0.17003731670441016,0.4013809666766738,0.32877912065174647
Costa Rica,CRI,2015,-0.051830026994986574,0.45752906753154826,-0.1491597404072971,-0.014924873799301632,-0.503071806293402,-0.5810989197427212,0.38877214049834874,-0.045753479659890725
Costa Rica,CRI,2016,0.1047691361060653,0.533201903167294,0.21871421597222215,0.10657159241389487,-0.6188996836186949,-0.6502533343996862,0.3392374662263586,-0.05562002302463808
Costa Rica,CRI,2017,-0.07812268420853383,0.5557875889838333,0.5409553656309243,0.0963140317765665,-0.38661294867459967,-0.7631120610081702,0.28580006004202946,0.030660951057997782
Costa Rica,CRI,2018,0.0,0.5660537087220207,0.1852758069176093,-0.19075814759799467,-0.30248245936217366,-0.7182473165817337,0.478084659261483,0.0570632209364572
Costa Rica,CRI,2019,0.2254641513014415,0.473899509861255,0.20256448691437212,-0.22259748003567198,-0.3201604133562029,-0.5803431626843774,0.7478234764335036,0.07441674655754012
Costa Rica,CRI,2020,0.24575968161955328,0.556997313636009,-0.1082281542720764,-1.7295778963474868,-0.513965451158906,0.42739374752391474,1.5921645151606125,0.4911685979453554
Costa Rica,CRI,2021,-0.041585011072214476,0.4773655542857527,0.8174756288841762,0.9896429904594938,-0.37239764907718087,-0.23339457235623548,1.3980786550585411,0.1627242339153964
Costa Rica,CRI,2022,0.04666110373957125,0.3762980196077143,0.550030475372609,0.3830904918589541,0.5531808907900181,-1.0493918834298266,0.8255779045331731,0.11799197303930894
Costa Rica,CRI,2023,0.1929272322451495,0.35837340465491335,-2.3043856679785173,0.23583686540724136,-0.5421948757898376,-0.5118245572352168,0.37526268387871503,-0.43621901573176197
Costa Rica,CRI,2024,0.26150790817383285,0.37347607609563394,-0.8032115993954284,0.07986316812402258,-0.6747844135342597,-0.05970020712266542,0.16676673671570097,-0.19126064050555344
Cote d'Ivoire,CIV,1990,0.3891473994355868,0.055924935501434264,-0.05055929710966535,-1.059509741767049,-0.7303373392857649,-1.0652971847240849,0.1155809066346442,-0.14347509095028205
Cote d'Ivoire,CIV,1991,0.3891473994355868,0.04547816462885198,0.46090751317924367,-0.809399837614398,-0.378493787242325,-0.8681583363206908,0.1155809066346442,-0.029204728705923555
Cote d'Ivoire,CIV,1992,0.3891473994355868,-0.039680433887051496,-0.9239985238070563,-0.8722083459795376,-0.01833805609077475,-0.963591691788339,0.13134193935755029,-0.1901722599531029
Cote d'Ivoire,CIV,1993,0.3891473994355868,-0.11304305247624631,0.9367766717248056,-0.8607514348554678,-0.3104544094322556,-0.9765623571493782,0.0066046232362653255,0.002132215903295964
Cote d'Ivoire,CIV,1994,0.3891473994355868,-0.3314687613948228,13.542603732318003,-0.6399334910161747,3.070108325274845,2.555181141999913,-0.11693185229660763,2.710039811068846
Cote d'Ivoire,CIV,1995,0.3891473994355868,-0.33184455627215725,-1.4790956774660522,0.7493010707811394,1.4041280607898257,0.4497521583281822,-0.25893125187631355,-0.1934913909590344
Cote d'Ivoire,CIV,1996,0.3891473994355868,-0.488522237447727,0.30104360076954007,0.8820927221374643,-0.26577590799608664,-0.5885960393241801,-0.26808766136295414,-0.3687397667049227
Cote d'Ivoire,CIV,1997,0.3891473994355868,-0.4914183424496021,1.9440938761525528,1.3043965018580872,-0.04809861973302025,-0.2760107767721942,-0.2793455418793156,-0.1206176151393219
Cote d'Ivoire,CIV,1998,0.3891473994355868,-0.5097167540556106,0.10173339854951383,0.11968013596293718,0.035382605501457415,-0.43525028325054343,-0.25893125187631355,-0.22508711721857436
Cote d'Ivoire,CIV,1999,0.3891473994355868,-0.5265386872931378,0.5615249427956819,-0.5616877261653924,-0.5171507882668972,-1.0000632481947485,-0.2107475232662864,-0.21720499678508318
Cote d'Ivoire,CIV,2000,0.3891473994355868,-0.520286123995897,2.1272494691337274,-0.8768788149991411,-0.2587130417094646,-1.005623860981712,-0.14860402281597124,0.0973934050277481
Cote d'Ivoire,CIV,2001,0.3891473994355868,-0.5271330965727673,0.3915060204364706,-1.2922987034313087,5.752077599196843e-05,-0.5423374426528631,-0.0945661963374362,0.018668301377873984
Cote d'Ivoire,CIV,2002,0.3891473994355868,-0.5228818971224766,-0.7978849463919279,-1.419135084066072,-0.18146866858188856,1.3077868075747385,-0.0475833083158211,0.11256509597044422
Cote d'Ivoire,CIV,2003,0.3891473994355868,-0.5361569266611149,-2.3719210397434147,-1.8581213447751181,-0.15043710036452795,-2.907044731412517,0.0033023116181327295,-0.641897648746273
Cote d'Ivoire,CIV,2004,0.3891473994355868,-0.5262985734940818,-1.3329471871130794,-0.1176769455563042,-0.4103476418505021,-0.32148845219453714,0.013509456619633724,-0.40700612170169276
Cote d'Ivoire,CIV,2005,0.3891473994355868,-0.539843159277612,-0.05269688515580547,-0.5992634768335832,-0.06718080434691091,-0.8896007285959292,0.029720804563194165,-0.18706924220215243
Cote d'Ivoire,CIV,2006,0.6030323014830634,-0.5119361318775167,-0.1802443709050847,-0.19896018238826182,-0.26770036892491494,0.08913599494145763,0.02882017412188535,-0.17799954596271067
Cote d'Ivoire,CIV,2007,0.3089342807420364,-0.4687017314423171,-1.2365727690963169,-0.5760827482715191,-0.3490007500846397,1.4819252044415225,0.06889822876013205,-0.03375762141316237
Cote d'Ivoire,CIV,2008,0.5331280932178367,-0.4713506681288954,-1.015238602735698,0.23381031675144148,0.2752588410150598,-0.28855353203358813,0.08360852596817765,-0.31188769226917457
Cote d'Ivoire,CIV,2009,0.9609083479048861,-0.4569746048363925,0.7201193381820128,-0.025652213205224733,-0.47232576438710844,0.6762734188290367,0.1122785950165116,-0.05084073598508591
Cote d'Ivoire,CIV,2010,0.5331911239468617,-0.44859885204621147,0.6865506805470842,0.6882065067580839,-0.44307389971378686,0.5259420728674093,0.1173821675172621,-0.1118850659333126
Cote d'Ivoire,CIV,2011,1.2665097164531154,-0.4468685430165957,-0.7238552770661207,-1.999932782938909,0.07792595629653581,-0.06857048158151591,0.1979885920144101,-0.032850955266784665
Cote d'Ivoire,CIV,2012,0.25965204151319377,-0.43576148485275257,1.1296197989300805,0.8581306538744913,-0.43204109208984853,-0.5204290205569551,0.20984689282497745,-0.16664965730459763
Cote d'Ivoire,CIV,2013,0.18586961405162403,-0.4220936429335907,-0.5121594174914162,1.5489049499882717,-0.25158985870530715,-0.04477653000304586,-0.23566496547583315,-0.45729413980701267
Cote d'Ivoire,CIV,2014,0.4979374466495969,-0.41405107351257175,-0.05463561517085334,1.2434900920634118,-0.5530094945598734,0.16337714554288912,-0.38291804262984097,-0.4260949455776085
Cote d'Ivoire,CIV,2015,0.31443911784489653,-0.3698430183105003,2.7420359539053747,0.7645265011877427,-0.4395341004571696,0.45510181645696485,-0.4881416991894327,0.11723619048179969
Cote d'Ivoire,CIV,2016,0.2630077794934417,-0.34984671213305063,-0.01720020962920125,0.7596446207110878,-0.5142104074593296,-0.06690738835439898,-0.5897628339837887,-0.3657971359663284
Cote d'Ivoire,CIV,2017,0.12190815552966194,-0.3157676347590821,-0.33584575089413043,0.8120065978000047,-0.5194822611901136,-0.20225168602213117,-0.38321825277694394,-0.3843543341388668
Cote d'Ivoire,CIV,2018,-0.11356613402555955,-0.3152435568760971,-0.6648566224769699,0.24711628101442312,-0.5597070911060708,0.10608063299945995,-0.4462623836685681,-0.28764845258815847
Cote d'Ivoire,CIV,2019,0.09275043436987264,-0.32013972981370725,0.7254606321865219,0.6603366816088143,-0.5046444965111703,-0.08726239242868829,-0.5139597718402883,-0.20766183919800274
Cote d'Ivoire,CIV,2020,-0.018281326700492016,-0.2872451108191892,-0.29989186202911444,-0.664459308958834,-0.2754271166384615,0.6712082851616848,-0.48589012308616036,0.0007849583211550572
Cote d'Ivoire,CIV,2021,-0.11907942117303953,-0.2781384046671132,-0.5681328271871329,0.735395037860809,-0.028541467066341766,0.49840214691414403,-0.48063644551185836,-0.21048037345801024
Cote d'Ivoire,CIV,2022,-0.5709131363912876,-0.2812067954254284,1.7158156106604026,0.5896074683530598,0.12331153743159697,-0.2176871407826109,-0.5276193335334735,0.11341707805553063
Cote d'Ivoire,CIV,2023,-0.6258739607997245,-0.25858166818332573,-0.44048113637637853,0.6336343167549321,0.0012156299399125473,-0.6326250310062954,-0.5346742719903934,-0.26755811908166977
Cote d'Ivoire,CIV,2024,-0.18331028914759545,-0.2453300278009375,-0.05579486806814636,0.5059285066787442,-0.1287089277047027,0.12430557456268936,-0.5331732212548784,-0.16590281254244635
Cyprus,CYP,1990,0.02768024815055718,2.382152776326435,-0.05055929710966535,0.8105187178424821,0.019920298814403326,0.473007453350889,-0.42404683278294814,0.2231822046580107
Cyprus,CYP,1991,-0.5312272532049133,2.382152776326435,0.1455308688397302,-0.6557090560356027,0.09528901528759291,0.48593769195437225,-0.42404683278294814,0.5531142612665283
Cyprus,CYP,1992,-0.7720290658768391,2.382152776326435,-0.5038761628880731,1.2496498926666548,0.30376726510672425,0.36031298237804316,-0.5606424497148005,0.21487051205978755
Cyprus,CYP,1993,0.5745416990152041,2.382152776326435,1.4556499068514688,-0.6643994296531587,0.06969008296608234,0.42865150525755996,-0.46907835484839394,0.5652748067415867
Cyprus,CYP,1994,0.49247397492154177,2.382152776326435,-0.19887763772578948,0.479630048058388,0.047699777030423766,0.5660583793186961,-0.46907835484839394,0.19369298816020603
Cyprus,CYP,1995,0.11360557431908185,2.382152776326435,-1.1938357637359232,1.0213874672696537,-0.24669255681895885,0.26720293076719565,-0.4840888622035425,-0.058607788179075596
Cyprus,CYP,1996,-0.20844829850914148,2.382152776326435,0.38386529535228664,-0.5437173295013498,-0.19536867593879587,0.21240257914872188,-0.4090363254277995,0.4465973253530486
Cyprus,CYP,1997,-0.17227042695604547,2.382152776326435,1.3932981218615688,-0.2373837277474024,-0.10682649649549465,0.3265114560108266,-0.36400480336235375,0.5772550298634899
Cyprus,CYP,1998,0.7200709826023124,2.382152776326435,0.05759480500176243,0.5260256628499772,-0.3015506030718197,-0.04345367287078846,-0.37901531071750233,0.06709019274511395
Cyprus,CYP,1999,0.16839100035327467,2.382152776326435,0.6358668695372679,0.2811750681909767,-0.38603440777648984,0.11793733887744783,-0.04398078655058544,0.32233938883854635
Cyprus,CYP,2000,-0.23512465414342001,2.382152776326435,2.020145709906973,0.4939975596849544,-0.03102053273652079,0.027449905021994327,-0.15896127289102377,0.5686990971551891
Cyprus,CYP,2001,-0.014171030487111366,2.382152776326435,0.4199527842526838,0.05118281180952498,-0.3375466528844188,0.13684968154209043,-0.26748724106874816,0.32812993812080415
Cyprus,CYP,2002,-0.0414712722780275,2.491513896939252,-0.7644176143465172,0.0006722083922810081,-0.22049580672231428,-0.05059008541879092,-0.37361152806964887,0.16045684660967538
Cyprus,CYP,2003,0.12068851301941677,2.44198684368492,-2.210364732348188,-0.2412626576774786,-0.03138693948896005,0.05079184711545112,-0.25097568297808476,0.01723221152045718
Cyprus,CYP,2004,-0.22101471320266716,2.44507515039869,-1.3861003817422135,0.28740509629206773,-0.29328045921970003,0.1115792174037317,-0.15836085259681787,0.0932174701648985
Cyprus,CYP,2005,-0.2819953063142707,2.6463382481729516,-0.18733846888173672,0.249281481250461,-0.25455941308937446,0.17988702812832497,-0.05163614530171125,0.33791501058460904
Cyprus,CYP,2006,-0.41804398750096894,2.781301491691861,-0.207714184652536,0.21865579553677209,-0.29066975341299706,0.43133023522234765,-0.18492945061543084,0.3898152185996345
Cyprus,CYP,2007,-0.574803211316753,3.163742263428096,-1.0615357722834233,0.30323536270499346,-0.2810632120945544,0.38255264135439704,-0.2820474332032423,0.31331661940186184
Cyprus,CYP,2008,-1.4086551531055307,3.8433161256375206,8.376399583046187,-0.016045078967250333,0.04351862322554683,0.2157826754180248,-0.31056739717802473,1.9418785488888621
Cyprus,CYP,2009,-0.45545572651295385,4.148238754645427,0.7201193381820146,-1.2617332072992602,-0.5703110659483983,-0.10962757218361394,-0.03467427199039326,0.8387048737881785
Cyprus,CYP,2010,-0.9609837333197699,4.318422914466681,0.6865506805467333,-0.3162029067867939,-0.2729514804521512,0.039261340737993686,0.08015610927649353,0.8755180292403306
Cyprus,CYP,2011,0.11009185641139034,4.497097595892104,-0.7238552770659071,-0.7267246105599124,-0.15147713796764795,-0.0005962755242289513,0.317772440708496,0.650796300027334
Cyprus,CYP,2012,-0.10923805828677038,4.641015472263602,1.1296197989301773,-1.576847301301461,-0.2787448104558077,-0.12102077033290991,0.9414590213149204,1.142630581615459
Cyprus,CYP,2013,0.18302202864651848,4.7584849837249585,-0.5121594174915177,-2.2676864178861567,-0.6728768974041494,-0.09347300160619954,1.5469828880216154,1.015946134926335
Cyprus,CYP,2014,-0.13488231493758568,4.697320878464389,-0.054635615170529964,-1.2091466982594363,-0.807951965462403,-0.1968147494985861,1.5688982287601325,0.935835112898575
Cyprus,CYP,2015,0.33857533077179625,4.5159622572883995,2.7420359539051264,-0.06622152919395366,-0.9128322752924062,-0.20207417092530003,1.3811167817472232,1.035979249306457
Cyprus,CYP,2016,-0.10942255211795703,3.9302556747084503,-0.017200209629603138,0.6278240439647907,-0.8184367353846056,-0.254805750009089,1.0779045331732213,0.48561657443022
Cyprus,CYP,2017,-0.23818864253342698,3.4030636410840636,-0.3358457508938759,0.44681247079212727,-0.5412658073879432,-0.2680563091375293,0.8000600420294206,0.4070474267764908
Cyprus,CYP,2018,-0.09349239602768784,2.185994808443498,-0.6648566224766168,0.5613983275887702,-0.4135275354969806,-0.35550796632544907,0.40213149204443105,0.09804689208968574
Cyprus,CYP,2019,-0.3137195485807119,1.5687999624003506,0.7264744674782448,0.47426114889213833,-0.5810400603738056,-0.27569498522850505,0.19963974782347646,0.21109107596976204
Cyprus,CYP,2020,-0.8303798341740772,1.56426029324868,-0.33202044757082044,-1.5269607096772988,-0.7066679020326737,0.09099330671142151,0.28970279195436804,0.46622979802319303
Cyprus,CYP,2021,-0.319033754504271,1.153042050814871,-0.5355792331948978,1.6891247116589274,-0.2706831766564517,-0.07947011832487784,0.2533773641549084,-0.12134343862301487
Cyprus,CYP,2022,-0.49313073663211887,0.7954933271272957,1.6919852900189463,1.1041267809007604,0.5702425482299359,-0.30297263958352094,0.1472530771540078,0.3272865083825747
Cyprus,CYP,2023,-0.8299544284246047,0.5748837071266244,-0.41982883576892094,-0.02188304956234085,-0.11587303016264112,-0.32375104636115315,0.0015010507355148286,0.08125276050805282
Cyprus,CYP,2024,-0.6393449744494395,0.4905181910764099,-0.06509322817147975,0.048588231960822854,-0.3619729764184132,-0.26606012626733333,-0.13884719303512458,0.03561448709609651
Czechia,CZE,1990,0.5087450926297266,0.5875996332694535,-0.05055929710966535,-3.3737575000704867,0.9506082429199793,0.6202656945010158,-0.533623536475533,0.634186163506573
Czechia,CZE,1991,0.5087450926297266,0.5875996332694535,-0.05055929710966535,-3.3737575000704867,0.9506082429199793,0.6202656945010158,-0.533623536475533,0.634186163506573
Czechia,CZE,1992,0.5087450926297266,0.5875996332694535,-0.05055929710966535,-0.9298458286353711,0.9506082429199793,0.6202656945010158,-0.4840888622035425,0.2921323067689836
Czechia,CZE,1993,0.5087450926297266,0.5875996332694535,-0.05055929710966535,-0.8047843218351423,2.325418588791099,0.6202656945010158,-0.2215550885619934,0.5081726800136178
Czechia,CZE,1994,0.15853064550639165,0.6765019008453024,-0.22904036375132644,-0.17833884902552224,0.8026085890874822,0.6202656945010158,-0.23131191834284007,0.23697601512268066
Czechia,CZE,1995,0.0885764346822527,0.6611873442207502,-1.153764331530181,0.5503413649185994,0.6543494255487218,1.2729211994666088,-0.2616331432002402,0.0763060992721153
Czechia,CZE,1996,-0.3833893801183669,0.6265936015280241,0.27156617836518343,0.09870882108801374,0.621592544787583,-0.4041368451653747,-0.296157310117082,0.157734104061241
Czechia,CZE,1997,-0.3467689392865322,0.6528882712334207,2.322874210093475,-0.9494914760684973,0.5986070601704298,-0.7545395925662972,-0.17277093965776041,0.5633313463754712
Czechia,CZE,1998,0.12815683319234988,0.48646006808612624,0.20955543708814156,-0.9048989058789106,0.8957468055236772,-0.6299679610951885,0.0945661963374362,0.2618718026609648
Czechia,CZE,1999,0.0926214479520872,0.3716779897972928,0.9523065849782858,-0.5151563759391102,-0.31459106795198905,-0.6841414947670489,0.43185229660762536,0.16851989095016986
Czechia,CZE,2000,-0.1657591725389565,0.2324711794959958,1.598535099789135,0.06396669319865998,-0.08279140340428544,0.2971062800570384,0.4411588111678174,0.36975320663514255
Czechia,CZE,2001,-0.22469370683484974,0.06535405846273463,-0.2569676557599652,-0.17659859381941392,0.042623497523710495,-0.05625760708555366,0.3456919843890724,0.07739093974060889
Czechia,CZE,2002,-0.26913587759141205,-0.22316050501378298,-2.02092784440345,-0.48543384760172836,-0.3474495185682057,-1.6902982591188533,0.21840288201741223,-0.4726947885562485
Czechia,CZE,2003,-0.34297544815388686,-0.20799920911352573,-2.0081110046781783,-0.09220058835910025,-0.5996457458815595,-0.39506292748161265,0.29300510357250076,-0.3546625352956269
Czechia,CZE,2004,-0.08961376701733259,-0.17872755589364508,-1.3091267111040163,0.22361826921173583,-0.22629768740791065,-0.33680290881210817,0.371209846892825,-0.25910707407417977
Czechia,CZE,2005,0.11583771450151907,-0.10134583947350279,-1.0097889324871592,0.5841392772833477,-0.3539349286035525,-0.06993630157961249,0.3155208646052236,-0.2742088756176386
Czechia,CZE,2006,0.05272757470904215,-0.0011549795842483715,-0.8548336409512495,0.6387324082962386,-0.2582582713934786,0.0733564595071167,0.19753827679375563,-0.21925887694762639
Czechia,CZE,2007,-0.21285235016224488,0.10369186534470028,-1.491965148671887,0.38916955807036346,-0.213150128139769,0.3056547976629171,-0.07640348243770645,-0.2212127577356948
Czechia,CZE,2008,0.13846717170997574,0.20225109075695435,-2.2969498010343523,-0.2436896621461364,0.2823454018410965,0.11998306175072125,-0.2151005703992795,-0.2574640466640999
Czechia,CZE,2009,0.0780382738086341,0.24090153991125512,1.5998371586281823,-1.8740624277778857,-0.47234374704969995,-0.8609836141929641,0.12563794656259378,0.3470104911183741
Czechia,CZE,2010,-0.06137287564945502,0.2580022392937585,-0.02439626257020075,-0.22116172932210684,-0.4082643483949552,-0.7389842774043385,0.21855298709096363,-0.058936436716172914
Czechia,CZE,2011,0.10073661397998411,0.3024652098428836,-1.0894692917681896,-0.42846966398300146,-0.34543700442250697,-0.6745799689235152,0.13314320024016807,-0.19230640071830613
Czechia,CZE,2012,0.1832346052401441,0.32664502968752346,1.453866022971662,-0.9879550288977373,-0.1517352831520248,-0.5252393651989904,0.1732212548784149,0.29735401183488264
Czechia,CZE,2013,0.30460377447590653,0.3532628157507285,-0.055558029126903705,-0.8276025811260761,-0.4131308216824862,-0.45042389573680636,0.1693185229660763,0.018066771260111154
Czechia,CZE,2014,0.39555954559501605,0.3274586791547586,0.8075383252627709,-0.3244440580439381,-0.5678075465944634,-0.4423748074781485,0.042479735815070474,0.013739842658415722
Czechia,CZE,2015,0.42397107989810384,0.3310745246469535,2.5677308278463946,0.2725516782937249,-0.5727015316618279,-0.29339370814057913,-0.11663164214950468,0.17422224462137256
Czechia,CZE,2016,0.5846388590993935,0.35934797758870013,-0.14191777444617448,-0.2505973873245495,-0.5198182213203413,-0.3977872859908184,-0.28114680276193343,-0.18790908267220166
Czechia,CZE,2017,0.5359172779672935,0.3520251192005718,-0.6662917490743115,0.31981040775264025,-0.2700548474964924,-0.11688927616540402,-0.4401080756529572,-0.28529235927264673
Czechia,CZE,2018,0.4245750853313987,0.36250215224850246,-1.0470737537155252,-0.19572009414607477,-0.31260564438484134,-0.41366243432837146,-0.5372260582407686,-0.3109886756580469
Czechia,CZE,2019,0.4127552671793181,0.33494685804996144,0.7323060465179108,-0.033912325175922915,-0.21389197264025553,-0.41021180983062516,-0.5719003302311619,-0.07251345001965223
Czechia,CZE,2020,0.5893155999836361,0.38975689867461294,0.12096212520439316,-1.985507516363484,-0.16959126569643976,-0.14629072476321286,-0.4915941158811169,0.15706211913115492
Czechia,CZE,2021,0.11592304785233697,0.39090207649722203,-0.9845075433815988,0.06800351248726318,-0.07368068893161349,-0.3800632784539189,-0.4536175322725909,-0.2406990752688715
Czechia,CZE,2022,-0.1897812694945031,0.3175884491498947,1.0451750459572176,-0.1920097468326846,1.5179255255685975,-0.4287383529242938,-0.5405283698589013,0.32760190203138606
Czechia,CZE,2023,0.3532511329022924,0.2978610293913691,-0.7525888406709749,-0.8079356644531557,0.8905020905874022,-0.16287185246996944,-0.48724106874812373,0.0343351270915095
Czechia,CZE,2024,0.5783069051650868,0.30435186069080566,0.5987810448772811,-0.5431080264469534,-0.27220641743670676,-0.33764991664284494,-0.4840888622035425,-0.03228730991902012
Denmark,DNK,1990,0.4913500208937121,0.3543726015635108,-0.05055929710966535,-0.45313519112062045,-0.2430479127360235,-0.3978752049223127,0.49144401080756533,0.016588481118568994
Denmark,DNK,1991,0.5448069032120065,0.17203965086211043,0.4247597758997139,-0.497595640864718,-0.27788270785163105,-0.5882888998642594,0.49144401080756533,0.024980081072315825
Denmark,DNK,1992,0.7078888980436157,0.1170632494823116,-0.8475900178709438,-0.3733735432643259,-0.3201606852991171,-0.9309102840332355,0.4806364455118582,-0.2622109495697738
Denmark,DNK,1993,0.7858894627579894,0.0077731699726548325,0.999106783108485,-0.8357621529795737,-0.4386355424996408,0.5689430366241881,0.7346142299609727,0.274524909626892
Denmark,DNK,1994,0.6213215638493333,-0.07778098084486522,-0.31980728993831914,0.346459889416938,-0.3348649262813409,-1.606598525760543,0.3318823176223356,-0.42499297978128625
Denmark,DNK,1995,0.4927214185504604,-0.07605760203673156,-1.7371148250319237,-0.15002146681935435,-0.3219184704451481,-0.4209015734512171,0.1751726208345842,-0.3890742574087918
Denmark,DNK,1996,0.5723626790856601,-0.06216585135363391,0.445210508803492,-0.1813218609379419,-0.3158844474734933,-0.2792627045478745,0.15295706994896432,-0.06431232039575195
Denmark,DNK,1997,0.43444958317358273,-0.050316343784235495,1.9155707864272238,-0.12131953378990978,-0.3079875974801303,-0.3764452154243257,-0.06379465625938155,0.11484241772792543
Denmark,DNK,1998,0.2284734136130673,0.0095364843391167,0.1558900787211284,-0.30660367299360375,-0.35555287483822867,-0.6326928206214425,-0.11798258781146811,-0.12323878011862253
Denmark,DNK,1999,0.5803931541643108,0.004206421398459868,0.5309769890822755,-0.16557942337100012,-0.2633746083018223,-0.9420684479378623,-0.10267187030921648,-0.16967789240878234
Denmark,DNK,2000,0.5391028684686592,2.1157782601228523,2.1944019593294968,0.0008997126727364672,-0.2060605212618385,-1.255522117942399,-0.20249174422095473,0.3008718935551088
Denmark,DNK,2001,0.7320379159235455,2.2600445802453986,0.36896742846773184,-0.6093910708170064,-0.28597950064020944,-0.6151133691208588,-0.2493245271690184,0.1937068238109292
Denmark,DNK,2002,0.6078832630353175,2.3188391664780776,-0.7783365524789756,-0.7179643892644505,-0.2737436182637406,-0.5654897564360805,-0.2328129690783549,0.0826481994928656
Denmark,DNK,2003,0.7626265905914156,2.28445934477748,-2.3930236250894357,-0.7213610604256904,-0.3231241863295315,-1.0361561551421663,-0.06409486640648462,-0.22474357405083764
Denmark,DNK,2004,0.6600388064795235,2.4009856751483682,-1.3319558961967157,-0.2075902999308884,-0.45326486379559394,-0.676566519928315,-0.09321525067547291,-0.08663790885662348
Denmark,DNK,2005,0.8816679403144461,2.65629917367257,-0.03673573174131906,-0.29927614350523984,-0.35948748449341367,0.1809271786926753,-0.14935454818372865,0.24417954159108252
Denmark,DNK,2006,0.7812682945510265,2.9064871898829496,-0.16883753704656218,0.021245557665759376,-0.3444472615319923,-0.03459635662135405,-0.2894025818072652,0.18095565723699858
Denmark,DNK,2007,0.555556353499574,3.2360933538436245,-1.2475020642052808,-0.6012197125558847,-0.3770920031756197,0.38255264135439704,-0.3038126688682078,0.24798608828646054
Denmark,DNK,2008,0.7311861614055714,3.371442107673133,-0.9487364925407366,-0.9101852577673479,-0.13355178742073046,-0.36312861571632393,-0.32152506754728316,0.25478560582997656
Denmark,DNK,2009,0.822229523612874,3.58875903678799,0.6786103342831298,-1.9128175131572362,-0.43201300498442663,-0.5444325970185785,0.0876613629540678,0.638453303080935
Denmark,DNK,2010,1.159112262547818,3.425609716703039,0.6441208227001648,-0.47015719089599095,-0.2897881699979833,-0.29872346901879204,0.28835184629240473,0.4400879535752865
Denmark,DNK,2011,1.1519526211554627,3.301482608664717,-0.6929923838093548,-0.5300192697995845,-0.2264991847062806,-1.3120809784401428,0.2918042629840889,0.10568299619102131
Denmark,DNK,2012,1.1151115429805518,3.1985328957583183,1.0662376878839042,-0.8195987474428934,-0.27749237407926053,-0.7263793304168733,0.29615731011708196,0.465934770532216
Denmark,DNK,2013,1.281120614070176,3.073150911801599,-0.4808607653683991,-0.5120074730266919,-0.5048966206816126,-1.5642265480289936,0.2340138096667668,-0.001704621950589081
Denmark,DNK,2014,1.3988514487868924,3.006946488458489,-0.06024581282017984,-0.5372363221991504,-0.5367068129495939,0.157907360904717,0.1651155809066346,0.2673430968446178
Denmark,DNK,2015,1.3612728853413707,2.943929232119782,2.761424053006709,-0.35542034452973315,-0.5525356904090003,-0.14958941215612823,0.0679975983188231,0.5807676057240785
Denmark,DNK,2016,1.2525970304006169,2.870143328151587,-0.04254384988541292,-0.14231598883740612,-0.5810924994460673,-1.405146702472589,0.024617232062443668,-0.034900504736178485
Denmark,DNK,2017,1.287048139736107,2.762301801748274,-0.32132506606305433,-0.14596109942672728,-0.4542860581613659,-0.49803474692137667,0.0012008405884118894,0.049824247268786995
Denmark,DNK,2018,1.149793928372909,2.7602354830638363,-0.6682804140144469,-0.4091913016840124,-0.5014283058454868,-0.766533410058117,-0.10417292104473132,-0.002968884941120371
Denmark,DNK,2019,1.2968361248426445,2.7589089287373967,0.7444839936141797,-0.44188559457594545,-0.5092699089742003,-0.45060522287194416,-0.1211347943560493,0.22391892369752625
Denmark,DNK,2020,1.2721455514662143,2.794216459919043,-0.320606557525531,-1.2100371364822546,-0.5569629690873403,-0.15485421270758562,-0.027169018312818982,0.2389307553288296
Denmark,DNK,2021,1.4321645306072464,2.6151558132843005,-0.6021366183122523,0.6116896262743302,-0.3545077281664198,-0.9533996296651148,-0.11407985589912938,-0.20754602509145606
Denmark,DNK,2022,1.7467554482692154,2.360312812614825,1.7251313937886639,-0.7207578908901242,0.47145326018704964,-0.15592213224236778,-0.2087961573101171,0.4523116599512805
Denmark,DNK,2023,1.7290757677404447,2.4481701134166554,-0.4233660746584492,-0.6853908362591407,-0.14925393980059157,-0.5235126057321793,-0.10972680876613629,0.028375107568285002
Denmark,DNK,2024,1.8755231593639965,2.3744575053272805,-0.0407454017391472,-0.053259772172513695,-0.42247345049684937,-0.7699543811506505,-0.07009906934854407,-0.10729688351419907
Djibouti,DJI,1990,3.095959724256486,0.24882411260973752,-0.05055929710966535,0.7640948185600301,-0.3695460271637672,-0.6156422801343143,3.0460822575803066,-0.2286993967191741
Djibouti,DJI,1991,3.095959724256486,0.19911710723373408,-0.05055929710966535,0.7640948185600301,-0.3695460271637672,-0.5799656565113678,3.0460822575803066,-0.23070373696961077
Djibouti,DJI,1992,2.178998123178694,0.15685714837825493,-0.05055929710966535,0.7640948185600301,-0.3695460271637672,-1.2644826864275462,3.0969678775142606,-0.1962651323638839
Djibouti,DJI,1993,3.312519686182395,0.12299807815181488,-0.05055929710966535,0.7640948185600301,-0.3695460271637672,-0.8094363180513282,3.2164515160612432,-0.2809580789791611
Djibouti,DJI,1994,2.3845941881208437,0.09503035094248127,-0.05055929710966535,0.7640948185600301,-0.3695460271637672,-0.6082822947003028,3.1961873311317923,-0.12655127765433377
Djibouti,DJI,1995,2.2960399129093187,0.19284360141337012,-0.05055929710966535,0.7640948185600301,-0.3695460271637672,-0.48940177856256045,3.223956769738818,-0.07897735187902206
Djibouti,DJI,1996,2.08144045744465,0.22518225812924453,-0.05055929710966535,0.7640948185600301,-0.3695460271637672,-1.4200223911206646,3.204293005103573,-0.17945538973799424
Djibouti,DJI,1997,1.6787549416578447,0.1999356401962286,-0.05055929710966535,0.7640948185600301,-0.3695460271637672,-1.210333862875195,3.2048934253977786,-0.0954942688246422
Djibouti,DJI,1998,1.4229244672750905,0.2621126479411228,-0.05055929710966535,0.7640948185600301,-0.3695460271637672,-1.1780030010478266,3.182527769438608,-0.04864102768237848
Djibouti,DJI,1999,1.970618337807082,-0.108748561359333,-0.05055929710966535,0.7640948185600301,-0.3695460271637672,-1.1589172592941894,3.139747823476434,-0.18324806825966197
Djibouti,DJI,2000,1.1152550303193582,-0.03955139314319623,-0.05055929710966535,0.7640948185600301,-0.3695460271637672,-0.793859275672979,3.1280396277394185,-0.0006894591756540106
Djibouti,DJI,2001,1.8548422830679854,-0.16079442974462543,-0.05055929710966535,0.7640948185600301,-0.3695460271637672,-0.3243237400816421,3.117982587811469,-0.05802542970232105
Djibouti,DJI,2002,1.8298114430604557,-0.2048557081321412,-0.05055929710966535,0.7640948185600301,-0.5263038542055144,0.2739707847573407,3.1167817472230563,0.0021610587017986127
Djibouti,DJI,2003,1.9385717047015785,-0.24390707513462756,-0.05055929710966535,0.7640948185600301,-0.3362850752442409,0.4258119040216814,3.1010207145001507,0.02763066396738426
Djibouti,DJI,2004,0.4271960614231412,-0.2756470254895102,-0.05055929710966535,0.7640948185600301,-0.175108475053655,0.1415706042510408,3.0945661963374365,0.2205044461360679
Djibouti,DJI,2005,0.7197716860589316,-0.2979939381886451,-0.05055929710966535,0.7640948185600301,-0.17755315303008806,-0.04397361337960033,3.0956169318522972,0.14881006078933381
Djibouti,DJI,2006,0.10254865146670195,-0.2956704702937548,-0.05055929710966535,0.7640948185600301,-0.1240619209078594,-0.02501710330863164,3.0857099969978994,0.24625110505017941
Djibouti,DJI,2007,-2.128125714311637,-0.24525782652396538,-0.05055929710966535,0.7640948185600301,0.0854940116627659,-0.27318386831346414,3.0722005403782653,0.564674922263649
Djibouti,DJI,2008,-2.4184976040168644,-0.20616215369836804,-0.05055929710966535,0.7640948185600301,1.0738793902692736,0.6679688064032965,3.055839087361153,0.8850526598117892
Djibouti,DJI,2009,-0.46860759363622795,-0.09814246511211186,-0.05055929710966535,0.7640948185600301,-0.37960372796573083,0.3711017378559834,3.077154007805464,0.374923290078591
Djibouti,DJI,2010,0.9214763451633474,-0.017033010366917702,-0.05055929710966535,0.7640948185600301,-0.05809952712411374,0.018308939340530152,3.083608525968178,0.18437920956923337
Djibouti,DJI,2011,-1.3446887877354943,-0.06448108906873987,-0.05055929710966535,0.7640948185600301,0.1000155780579467,-1.2043008127497723,3.0749024317021916,0.3480243971439178
Djibouti,DJI,2012,-0.9818511028984115,-0.10711402953408418,-0.05055929710966535,0.7640948185600301,-0.08903591738201135,0.22693077325450114,3.055238667066947,0.46474521151915266
Djibouti,DJI,2013,-3.4307099402574015,-0.2533491966543398,-0.05055929710966535,0.7640948185600301,-0.2339410511670103,-0.36782406472451307,3.0507355148604027,0.6873824324146065
Djibouti,DJI,2014,3.3208643579127712,-0.25353640666722155,-0.05055929710966535,0.7640948185600301,-0.4267612731990857,-0.40073004969165016,3.052386670669469,-0.3091656474958508
Djibouti,DJI,2015,4.008660316052118,-0.2629094041845873,-0.05055929710966535,0.7896151203646793,-0.6902354908405346,0.518945448118437,3.0378264785349747,-0.3207439574140248
Djibouti,DJI,2016,0.24514804316250496,-0.2901910602790047,-0.05055929710966535,0.7487923314958064,-0.2768401736456114,-0.2336136916723833,3.0256679675773044,0.16864619574461834
Djibouti,DJI,2017,-0.2237123905660846,-0.27433514491520045,-0.05055929710966535,0.38240780634370675,-0.5348318263565787,0.731217901711045,3.0379765836085264,0.39296754302292924
Djibouti,DJI,2018,2.1864548457222326,-0.2644097687222505,-0.05055929710966535,0.23197841057443272,-0.5968050789220837,-1.286117444161752,3.055388772140499,-0.22299086758170258
Djibouti,DJI,2019,2.624661171292835,-0.24892850476542305,-0.05055929710966535,0.40154594966852153,-0.1474936224165801,-0.23252849108687942,3.0669468628039636,-0.09125288193370588
Djibouti,DJI,2020,1.8084192206820318,-0.27474715489840146,-0.05055929710966535,-0.5539313821114491,-0.364973030620221,0.544928175344286,3.2836985890123094,0.26912277759396064
Djibouti,DJI,2021,-0.45101673400240616,-0.3298566959626182,-0.05055929710966535,0.15119611786290793,-0.44951764122986415,-0.48817583784359236,3.2727409186430507,0.322064580376687
Djibouti,DJI,2022,2.6444024855257457,-0.30318391408076356,-0.05055929710966535,0.3182641478210867,0.11464591569320268,-1.0005339862812834,3.069198438907235,-0.1618713537454439
Djibouti,DJI,2023,2.654937575883676,-0.26031677064636044,-0.05055929710966535,0.6792491703010823,-0.4116109236680343,-0.3135684158775315,3.0394776343440415,-0.1901092170203298
Djibouti,DJI,2024,2.1842797595408676,-0.2327402948689874,-0.05055929710966535,0.7173430260102114,-0.31790377221958177,-0.6164145215956085,3.029420594416092,-0.15568858241840436
Dominica,DMA,1990,-2.3011902133583857,0.10605631619400076,-0.05055929710966535,0.37358381520516787,-0.16540346072651518,0.5040832794158673,-0.06274392074452119,0.32271990216891205
Dominica,DMA,1991,-1.5532066171918606,0.12088336028153575,-0.05055929710966535,-0.5218866701766851,0.16904177247561705,0.1764960198398934,-0.06274392074452119,0.34688731744448653
Dominica,DMA,1992,-1.062976033476089,0.16969264204056575,-0.05055929710966535,-0.37192103457457115,0.1569939754004193,0.15228546326164227,-0.015460822575803028,0.26397843272397414
Dominica,DMA,1993,-0.546936593817281,0.21082305788965,-0.05055929710966535,-0.3428785163524399,-0.39465285983535237,-0.9582015707198642,0.010807565295707006,-0.041709713472829146
Dominica,DMA,1994,-0.8536287375577711,0.21287492809431727,-0.05055929710966535,-0.8108183564359468,-0.6142895865766266,-0.505504859945606,0.07655358751125786,0.11193169513819927
Dominica,DMA,1995,-1.4423760016320615,0.27148883601925644,-0.05055929710966535,-0.15159574904895243,-0.4301998767689283,0.6407441765889069,0.09891924347042928,0.3034806904115732
Dominica,DMA,1996,-1.7940129520590118,0.2484111245792485,-0.05055929710966535,-0.13546275912724917,-0.37936787276752704,-0.41094761862109075,0.13734614229960976,0.21062259850954804
Dominica,DMA,1997,-1.3542262995388394,0.2872346840306048,-0.05055929710966535,-0.3375530499561908,-0.27206717275237763,-0.5205729918639495,0.11453017111978385,0.1786206775599181
Dominica,DMA,1998,-0.5150752164438549,0.28440805560879573,-0.05055929710966535,0.011948718153100987,-0.47520317080897595,-0.6448164107260187,0.0945661963374362,-0.04121116120109631
Dominica,DMA,1999,-0.9635619547047147,0.279396074144608,-0.05055929710966535,-0.7405044955664166,-0.44971410789521526,-0.24084097815439295,0.08000600420294199,0.1889077350656297
Dominica,DMA,2000,-2.09476893884983,0.35635372802241905,-0.05055929710966535,-0.30354193410838526,-0.4953027272734794,-1.111602018382664,0.09111377964575207,0.1697591911229397
Dominica,DMA,2001,-1.0666864738712523,0.1989765280630946,-0.05055929710966535,-0.8324495333002686,-0.4321283260963164,-0.4912097447647732,0.07024917442209547,0.1706377630979937
Dominica,DMA,2002,-0.7249068929776981,0.19131124534116986,-0.05055929710966535,-1.4976538203870855,-0.5923923941785322,-0.18360599327987906,0.0857099969978985,0.23900346730511074
Dominica,DMA,2003,-0.37840692451505026,0.16875755447056137,-0.05055929710966535,0.4587196915538524,-0.411000712120608,-0.25982286871979277,0.10642449714800356,-0.07521622762432904
Dominica,DMA,2004,-0.6700715833708202,0.17616173038603866,-0.05055929710966535,0.08314393339381858,-0.27803020240452814,-0.3960312364228802,0.08781146802761934,0.018040016064798
Dominica,DMA,2005,-1.6193972741581037,0.2437740246139934,-0.05055929710966535,-0.6170353400675704,-0.3786984144683102,-0.4756933455397514,0.11287901531071748,0.24116208529037972
Dominica,DMA,2006,-0.4945003816304113,0.2870453813891615,-0.05055929710966535,0.14979206823780405,-0.30512892966086325,-0.05581145325904823,0.03542479735815068,0.03652554458719181
Dominica,DMA,2007,-1.7572390336047865,0.272560182770319,-0.05055929710966535,0.3603733612039076,-0.10302754940869391,-0.1308485056802836,-0.024016811768237792,0.1944248130291882
Dominica,DMA,2008,-2.6606020435082387,0.27656834110874423,-0.05055929710966535,0.748325884218046,0.2825232201670557,-0.4658227715783308,-0.03242269588712102,0.2746518508558393
Dominica,DMA,2009,-2.0616420893446317,0.2693826588943385,-0.05055929710966535,-1.0682754398255307,-0.6155437767629667,-0.13658166520677142,0.04443110177123991,0.37729236439376246
Dominica,DMA,2010,-1.7233977290294988,0.3565711521668596,-0.05055929710966535,-0.8416386039435614,-0.19247935100437624,-0.6831614026335788,0.08015610927649353,0.29650907766697043
Dominica,DMA,2011,-1.2803066570250141,0.3980762555335183,-0.05055929710966535,-0.8090008096632165,-0.4565335802953935,-0.6825452794590905,0.039327529270489284,0.19101044208972698
Dominica,DMA,2012,-1.6722314336790758,0.45937037803166647,-0.05055929710966535,-0.8530307065192413,-0.42465428754006485,-0.04758737897079834,0.020564395076553523,0.35462799281228685
Dominica,DMA,2013,-1.7420179007641703,0.40417029147172145,-0.05055929710966535,-0.8174127047328341,-0.6229892314672085,-0.6534304146122341,-0.024317021915340728,0.23032927598061095
Dominica,DMA,2014,-0.39887384954118427,0.32144572570851226,-0.05055929710966535,-0.30464239333681714,-0.5034579128190926,-0.5120892523318515,0.007805463824677215,-0.004762718549916938
Dominica,DMA,2015,-0.44265046220478144,0.294690543087401,-0.05055929710966535,-1.560567121609254,-0.7357010532433546,-0.6183612955883471,-0.03152206544581207,0.12310920221632247
Dominica,DMA,2016,-0.6756315359583274,0.22093649880001456,-0.05055929710966535,-0.5000012909318862,-0.5963838911549618,-0.4279640202482158,-0.0855598919243471,0.033728889321862576
Dominica,DMA,2017,-0.8927416906765319,0.28718831842131665,-0.05055929710966535,-2.4782068757644913,-0.5745548180568967,0.3855513198938639,-0.12383668567997602,0.47067677198709496
Dominica,DMA,2018,-4.721261382137757,0.16712036282503484,-0.05055929710966535,-0.16630428771748845,-0.4766104638748503,-0.7617524118866933,-0.13884719303512458,0.518130952396278
Dominica,DMA,2019,-4.10333403687128,0.09603758279172205,-0.05055929710966535,0.05020048564045871,-0.4037559246638737,-1.7410572991876319,-0.12578805163614531,0.26114436591788953
Dominica,DMA,2020,-3.9847262522040467,0.3632725652866715,-0.05055929710966535,-4.273902169647636,-0.4439490743351536,-1.7392884627086558,0.025367757430201084,0.9162102729164402
Dominica,DMA,2021,-3.7160274405739955,0.3336557867788524,-0.05055929710966535,0.3651916697574019,-0.3013801420231436,-0.7423282235576284,-0.06184329030321224,0.361197229228828
Dominica,DMA,2022,-2.913059230564056,0.2575419845218622,-0.05055929710966535,1.4689536638729361,-0.2086584355408545,-0.9688070243280612,-0.12083458420894637,0.050398315717922026
Dominica,DMA,2023,-4.619540088725855,0.1696881829571259,-0.05055929710966535,-0.014896450813625362,0.102568419745013,-0.909610259136247,-0.13899729810867612,0.5439323268410043
Dominica,DMA,2024,-4.302142676418675,0.11824296296156545,-0.05055929710966535,-0.36678938093006525,-0.2296759095195057,-0.6335235764412818,-0.13884719303512458,0.5335098634578183
Dominican Republic,DOM,1990,-0.11962680533889176,-0.2211391282922874,-0.05055929710966535,-2.0183835977272033,6.5162628470279875,1.913905370186271,0.15580906634644257,1.4931841801749777
Dominican Republic,DOM,1991,0.1709220649251112,-0.2211391282922874,6.67195852493589,-0.6106876431217859,6.038042340404513,1.7260940562926959,0.15580906634644257,2.115790062554847
Dominican Republic,DOM,1992,-0.38490763875082734,-0.2211391282922874,-0.1359736361077111,1.653902905073897,-0.014430878519649722,1.0963964057212088,0.12668868207745415,-0.05963626020629353
Dominican Republic,DOM,1993,-0.1345955708762861,-0.2211391282922874,-0.05055929710966535,0.8023115708762902,0.12568760589971306,0.5605502171818106,0.07460222155508855,-0.025510625823620674
Dominican Republic,DOM,1994,0.12998430624498228,-0.2211391282922874,0.08162498780361066,-0.24775647077271296,0.55120106295236,-0.03685573831853312,0.06904833383368358,0.08023595464379493
Dominican Republic,DOM,1995,0.23299231381306493,-0.2211391282922874,0.2334085606103309,0.43562654914830407,1.1554841714213477,0.3444905726132318,0.09216451516061241,0.13368426122169522
Dominican Republic,DOM,1996,0.2246791349808812,-0.2211391282922874,-0.021591916026458643,0.4930930586722952,0.14674187149802712,0.37993725660531713,0.09906934854398082,-0.04782210876065678
Dominican Republic,DOM,1997,0.26813642276407357,-0.2211391282922874,1.1667722736181054,1.1395489030265897,0.5562612037334832,0.8926061480221479,0.07475232662864009,0.1516524997027751
Dominican Republic,DOM,1998,0.17582171733365964,-0.2211391282922874,0.6537437813548223,0.6569230797074147,0.06650963523332426,0.4234810008902162,0.07190033023116184,0.023107260339451825
Dominican Republic,DOM,1999,0.1291889705100711,-0.2211391282922874,1.0381103498561473,0.4920627841935395,0.29815896868029007,0.7297977389408855,0.07310117081957372,0.18525390647157122
Dominican Republic,DOM,2000,-0.15305968207367776,-0.2211391282922874,0.25952661860543974,0.20500266160840333,0.47534999263614497,0.35560019631469514,0.09111377964575207,0.1297869256250027
Dominican Republic,DOM,2001,0.011234833981835298,-0.2211391282922874,0.3949431203738126,-0.27512800472306587,0.6391610255882764,1.8790473164139492,0.21570099069348536,0.45308664221692385
Dominican Republic,DOM,2002,0.0054679901799002395,-0.2211391282922874,0.7141299476102557,0.16865291149822595,0.12187533552779818,-0.4743263961120524,0.14320024016811767,0.015659871031957946
Dominican Republic,DOM,2003,0.9669042583221367,-0.2211391282922874,9.420799951720152,-1.1152699821828376,3.2634901533916088,5.519836750288652,0.1670669468628039,2.6140600568330896
Dominican Republic,DOM,2004,0.9452060838520349,-0.2211391282922874,6.000296875195835,-0.2495641226447817,6.657380393264764,0.2718403301694902,0.0717502251576103,1.7263552477554513
Dominican Republic,DOM,2005,0.2054303722414716,-0.307169138845884,-3.9808536565344683,1.2566440977614937,-0.024158875628444945,-0.3310548983672215,0.11438006604623231,-0.8558472819046788
Dominican Republic,DOM,2006,-0.05117572213561292,-0.32779258921490245,1.3591581815941485,1.1993143860086213,0.45395997555092416,-0.43926700190532575,-0.025667967577304156,-0.018249723632209718
Dominican Republic,DOM,2007,-0.24004241768827833,-0.2843468356079619,-0.10501504457805624,0.813688179006925,0.25194217073837905,0.38041046482308144,-0.10012008405884117,-0.06153929857172079
Dominican Republic,DOM,2008,-0.7924383448543142,-0.2836604196983798,0.5284520035559565,-0.09940580240395334,0.8881502211999637,-0.4796432820907621,-0.1592614830381267,0.19798302674098847
Dominican Republic,DOM,2009,-0.22128280226047434,-0.26584905297316236,0.5405242942265506,-0.5976382141205039,-0.4125861507957309,0.11595926110022965,-0.05373761633143209,0.1061759645153476
Dominican Republic,DOM,2010,-0.5552552144909744,-0.24066001075675475,0.2835457177106451,1.0298965310393555,0.27828429236373836,0.02841599517464969,-0.09201441008706102,-0.03100996173473768
Dominican Republic,DOM,2011,-0.5605966757652051,-0.23629869779143348,0.43602201542818014,-0.11615361509152773,0.2029234418379966,0.045341798058008934,0.039327529270489284,0.16629519680856775
Dominican Republic,DOM,2012,-0.4413091668157437,-0.24492101676690395,0.40737147762098996,-0.20774007960234142,-0.09422508860439792,-0.14648449657011164,0.13464425097568303,0.10077633901047779
Dominican Republic,DOM,2013,-0.13844625399757302,-0.22552796089770352,0.8397454004549578,0.26726593454146946,0.0664086264485288,0.0,0.2290603422395677,0.11155238967163635
Dominican Republic,DOM,2014,-0.03137522092616042,-0.18610468238144318,0.5436234799133401,0.7461069326174753,-0.1925816920821383,-0.1968147494985861,0.13419393575502855,-0.08748791714073054
Dominican Republic,DOM,2015,0.1458427557256182,-0.16944092375831007,0.4354186435324264,0.7189329281410953,-0.49815799025317786,0.011791113471757028,0.2671870309216452,-0.11685397285033901
Dominican Republic,DOM,2016,0.23551456145562719,-0.15075068219547139,0.269491949605836,0.659977876673433,-0.3882724771178642,-0.16125887992088833,0.2190033023116181,-0.15818274649226144
Dominican Republic,DOM,2017,0.3479475836896198,-0.13617200411264538,0.4009289092426579,0.04706852466904702,-0.152875400428456,-0.16432773781163323,0.0010507355148603533,-0.06377308656484046
Dominican Republic,DOM,2018,0.1766426172313374,-0.1403021074891923,0.5374974584741486,0.7430906772203628,-0.11260900542705342,-0.389780645275732,0.005403782647853436,-0.14564625878881082
Dominican Republic,DOM,2019,0.2041052438853399,-0.12507070876048668,0.45951432692050664,0.25831106498599443,-0.3605067071907408,-0.02066540515254764,0.07970579405583905,-0.061348429856966244
Dominican Republic,DOM,2020,0.1596612584356554,-0.07054226786010573,1.3919582565941315,-2.5628405698370647,-0.0819937136722799,0.718896341074843,0.04518162713899733,0.6295256506681423
Dominican Republic,DOM,2021,0.018952504462242312,-0.13213571011099232,0.12380450671641609,2.2644110602609904,0.5486901132218105,0.1286375589903241,0.2817472230561393,-0.19037426754993358
Dominican Republic,DOM,2022,-0.3442968779366987,-0.1279161247165428,-0.5649029038118614,0.33397684726094856,0.6289874181107002,-0.4681773619395307,-0.048183728610027114,-0.08141038147021594
Dominican Republic,DOM,2023,-0.0844595217761385,-0.0659174280686626,0.21029580416496244,-0.3360853788879801,0.060000239185779396,0.18573677325704696,-0.040528369858901306,0.11001884562062049
Dominican Republic,DOM,2024,0.0003649731089690433,-0.042641174102704675,0.8079634664197742,0.27139963055150373,-0.14967016590371235,-0.04905739007753,-0.07700390273191234,0.031118032849063153
Ecuador,ECU,1990,0.07687033720149956,-0.31961666309885656,-0.05055929710966535,-0.008801427210981004,6.241574940884446,2.8150942519606637,-0.2182527769438607,1.200024506528887
Ecuador,ECU,1991,-0.1461704293810024,-0.31961666309885656,5.0818679864148555,0.12571632754106815,6.269698314608828,-0.4371481232126881,-0.2182527769438607,1.4852861199440304
Ecuador,ECU,1992,0.285439234593626,-0.31961666309885656,6.544956806501555,-0.353243149037233,7.1021922331131195,-0.5508070290219323,-0.2239567697388172,1.8029389274569536
Ecuador,ECU,1993,-0.18506332554119553,-0.31961666309885656,3.5018918892359348,-0.384284310555732,5.737807844219861,2.5537175813681485,-0.21344941459021327,1.6899569818902573
Ecuador,ECU,1994,-0.12001747829905807,-0.31961666309885656,1.9962504124972804,0.11843588981857221,3.2438668930492476,1.9916536761960482,-0.21254878414890432,0.9573124461393288
Ecuador,ECU,1995,-0.13694943598291875,-0.31961666309885656,2.318169112769602,-0.32282999619835084,2.6252292180063903,-0.37986243223937743,-0.21269888922245572,0.641571396913796
Ecuador,ECU,1996,0.34188598033802853,-0.31961666309885656,3.397578755277302,-0.43740920687565343,2.834043824063771,0.03509883813392878,-0.210597418192735,0.8331472232458622
Ecuador,ECU,1997,0.16834374955326997,-0.31961666309885656,3.5373236630327987,0.13375144146328616,3.716909024431244,-0.2104845385064399,-0.21029720804563193,0.8873912981137941
Ecuador,ECU,1998,-0.5578515239527163,-0.31961666309885656,5.074617893434538,-0.09974843210774141,4.485956023742498,-2.077521114153726,-0.21555088561993396,1.0864978871949968
Ecuador,ECU,1999,0.9461773179232519,-0.31961666309885656,16.41975355080921,-1.8610956610713985,6.767792510424769,-4.603938747874378,-0.17547283098168728,2.714776594632458
Ecuador,ECU,2000,1.1525214536328792,-0.31961666309885656,-14.198179538060668,-0.578200990015177,12.966451802036994,2.5712750033947924,-0.15385770039027327,0.0416789200377551
Ecuador,ECU,2001,0.07428391691663178,-0.31961666309885656,-0.05055929710966535,0.10700030652431823,4.709044852172264,1.453039373405673,-0.23611528069648763,0.7677869658902825
Ecuador,ECU,2002,-0.1879746469644395,-0.31961666309885656,-0.05055929710966535,0.2658056440825233,1.148083067027982,1.773102221558946,-0.15010507355148606,0.3318676082441194
Ecuador,ECU,2003,0.21440075532459632,-0.3415334593181637,-0.05055929710966535,-0.18379699739854413,0.5043584119140453,0.4358161131755922,-0.024467126988892265,0.070430126249552
Ecuador,ECU,2004,0.20044052555696254,-0.28794356544835964,-0.05055929710966535,0.6847629698769153,-0.22868302559390155,0.910980022621429,-0.12353647553287309,-0.09499226235674978
Ecuador,ECU,2005,0.5141215109200299,-0.2568428491909473,-0.05055929710966535,0.3693242685035076,-0.3099508666760715,0.5581877773689227,-0.3071149804863405,-0.17853228507394853
Ecuador,ECU,2006,0.8392480264998143,-0.24936534005534677,-0.05055929710966535,0.13667030768522312,-0.15016274793023204,0.07485327599307713,-0.34148904232963084,-0.24180592651669078
Ecuador,ECU,2007,0.8363293844665485,-0.22674967019435027,-0.05055929710966535,-0.3998584150308474,-0.29469848744542143,0.3048773495522675,-0.40273191233863714,-0.15804756956735824
Ecuador,ECU,2008,0.7263194553040329,-0.21415301843763723,-0.05055929710966535,0.6259165663329089,0.5708945737104392,0.876707534847015,-0.28640048033623544,-0.06510667270900365
Ecuador,ECU,2009,0.43310833475094684,-0.19422054546640236,-0.05055929710966535,-0.5783745035571705,0.11291405501677448,-0.3566286661934192,-0.1826778745121586,-0.07512945135123535
Ecuador,ECU,2010,0.08188558310933927,-0.1469153869143562,-0.05055929710966535,0.06802981622174384,-0.11403051451545808,0.3291706051219224,-0.2607325127589313,-0.05614035792965309
Ecuador,ECU,2011,0.30615449731009664,-0.1359827395699782,-0.05055929710966535,1.0475698447204718,0.016030166102631013,0.3424398339309553,-0.3552987090963675,-0.21958501253899904
Ecuador,ECU,2012,0.3481232434005324,-0.11760074185045839,-0.05055929710966535,0.4539362499125989,0.1046811219232652,0.3674033057674473,-0.3887721404983489,-0.1267010350115559
Ecuador,ECU,2013,0.24938721105699846,-0.1152758895752266,-0.05055929710966535,0.7681097586278235,-0.231715784868566,0.1471606836840815,-0.4115881116781748,-0.23992505274748188
Ecuador,ECU,2014,0.2883056802070761,-0.10113202790780032,-0.05055929710966535,0.11135495617518527,-0.10910560576704198,0.21933716184480384,-0.35199639747823486,-0.11330240040002858
Ecuador,ECU,2015,0.08644253643792159,-0.08544417781012509,-0.05055929710966535,-0.7920706599058058,-0.05575777369762388,-1.2306867877016578,-0.3315821074752327,-0.14977171718948865
Ecuador,ECU,2016,0.4813483337947617,-0.051638586359313475,-0.05055929710966535,-0.9697574869871207,-0.37214505137109,0.431538352857398,-0.18432903032122483,0.037325077269780474
Ecuador,ECU,2017,0.3206110057097428,0.006906903127686972,-0.05055929710966535,0.4951183468960951,-0.55744020916074,-2.3444798513038796,-0.29855899129390584,-0.5799801140494774
Ecuador,ECU,2018,0.1773996303904448,0.09563824481353268,-0.05055929710966535,-0.588652811186536,-0.6481053069969408,-0.5335870310192675,-0.34449114380066054,-0.15283590761670146
Ecuador,ECU,2019,0.30205377993004306,0.18948740190705177,-0.05055929710966535,-0.7820136797411888,-0.5788291873376239,-0.22707739234559746,-0.30216151305914146,-0.06988286973340438
Ecuador,ECU,2020,0.6318925029083123,0.3266614056314133,-0.05055929710966535,-2.8523777594682835,-0.6643275176562703,-0.14613935978826695,0.043680576403482364,0.24711443772009492
Ecuador,ECU,2021,0.7203097575375116,0.34169966769000126,-0.05055929710966535,1.254466782563906,-0.5975945007744106,0.04797977653184025,-0.19828880216151318,-0.34736281370359495
Ecuador,ECU,2022,0.6123566407224197,0.3983130401284702,-0.05055929710966535,0.4726832050314465,-0.12649834837046953,-0.1342503036666505,-0.3170219153407386,-0.18786523858755996
Ecuador,ECU,2023,0.6235140940497117,0.4473402929505287,-0.05055929710966535,-0.41516817083720975,-0.303249542678468,-0.49404358801930814,-0.3474932452716903,-0.13662161476301501
Ecuador,ECU,2024,1.0715913171505707,0.48877727610591093,-0.05055929710966535,-1.246114601827703,-0.39772020289948723,0.036178185927524496,-0.35604923446412495,-0.014978569680387117
"Egypt, Arab Rep.",EGY,1990,1.0377056466582775,-0.18051105613121673,-0.05055929710966535,0.428375284637204,1.7520248562644811,1.2308787433938388,0.5336235364755331,0.25991083594249853
"Egypt, Arab Rep.",EGY,1991,1.482090921414024,-0.25524071920959635,14.44521172038239,-0.570808148862183,2.1749574591313476,0.5419691214950003,0.5336235364755331,2.3613197636746905
"Egypt, Arab Rep.",EGY,1992,1.3340168880432102,-0.250675055686708,0.7778974906173897,0.16565104629377977,1.3111722913563513,0.5485225143423451,0.4645752026418493,0.19311778699060536
"Egypt, Arab Rep.",EGY,1993,1.041976639410109,-0.2184442461193748,0.08050042704919773,-0.1802130084473048,1.0924200289934571,0.09524640952384404,0.7647853497448214,0.13610633403273448
"Egypt, Arab Rep.",EGY,1994,0.37612593726975924,-0.12925547083050173,0.08709116280090802,0.055717041565318065,0.5361424793488762,-0.05398165243957031,0.7662864004803362,0.110634277217853
"Egypt, Arab Rep.",EGY,1995,0.31657934156801343,-0.025144777633012073,-0.020987963828535194,0.20296392776838135,1.6086791798703088,-0.15067514540562635,0.7827979585709997,0.2393037117482486
"Egypt, Arab Rep.",EGY,1996,0.33366866751418556,0.056773732417329595,-0.05358325494276713,0.2791457067882312,0.39944243453207795,-0.08176645796734928,0.4765836085259682,0.026376526894691808
"Egypt, Arab Rep.",EGY,1997,0.25682649394017315,0.12486824137628245,-0.06196240285170243,0.3899459123998159,0.03738381574033772,-0.08645676704587274,0.38201741218853186,-0.035846015276058865
"Egypt, Arab Rep.",EGY,1998,-0.004996781358732452,0.2727607673837506,-0.0536907218170486,0.4082377868744961,-0.06905434220655945,-0.08613064942883077,0.3309816871810266,-0.0011963234862036082
"Egypt, Arab Rep.",EGY,1999,0.14607387773633593,0.3901627636403377,-0.02028215731852096,0.5133876173594382,-0.18115286178441126,-0.4611767764412027,0.3189732812969079,-0.08756246367180906
"Egypt, Arab Rep.",EGY,2000,0.2485800974456432,0.3891164743129942,0.26948471286297393,0.5830337416738267,-0.2370827691952773,-0.027086486287773326,0.47358150705493857,0.005199942804055169
"Egypt, Arab Rep.",EGY,2001,0.31911151024585005,0.4533021005345601,1.9908432453942626,-0.04062791374553801,-0.2956070023473055,0.09277010856445159,0.5156109276493546,0.3540622547564302
"Egypt, Arab Rep.",EGY,2002,0.45906158841096345,0.4473586618821392,1.8250289741534187,-0.29254502484908934,-0.22953017691659353,0.049866405614481406,0.6281897328129691,0.3649138619977915
"Egypt, Arab Rep.",EGY,2003,0.9447963497912375,0.43102551860484956,4.198200837077067,-0.11582526471887752,0.02072904559762749,0.6843405948954019,0.7632842990093066,0.7526584585874133
"Egypt, Arab Rep.",EGY,2004,0.9837865500126419,0.43415704178450976,0.7846202308047651,0.081875597593402,0.9766328454285744,0.3145950471921401,0.6747223056139299,0.30272361760255356
"Egypt, Arab Rep.",EGY,2005,0.6585179283937952,0.37213506633053406,-1.0036912048201914,0.1654058030405699,0.07184283199071856,-0.03383273106876764,0.784148904232963,-0.09047440925272977
"Egypt, Arab Rep.",EGY,2006,0.6718526936421266,0.33173257855358534,-0.16236897190899358,0.6872800174402945,0.4640975130275154,0.2238449840445361,0.7002401681176824,0.028344794393129185
"Egypt, Arab Rep.",EGY,2007,0.4077337009968907,0.2503488810095311,-0.29175434408958634,0.7409590471128933,0.7007740207441471,0.5254899596009123,0.4465625938156711,0.06896119471012731
"Egypt, Arab Rep.",EGY,2008,0.2613986953197264,0.1917706833055784,-0.5600617904591526,0.7560197903415327,1.9725898995643951,-0.10766134595793038,0.40408285800060034,0.12618597411317597
"Egypt, Arab Rep.",EGY,2009,0.14996260837215378,0.04725362848437684,0.24128095424690488,0.20981513232214183,1.0462991300527988,-0.181771943898245,0.48964274992494744,0.18327525401664105
"Egypt, Arab Rep.",EGY,2010,0.11463289522270428,-0.01784926860444602,0.14692671044105693,0.31401755955581934,0.9758651834628015,0.034325551184493326,0.44010807565295706,0.16438939962261986
"Egypt, Arab Rep.",EGY,2011,0.08163081828284062,-0.059176814061166996,0.7318485649070063,-0.4301876679103174,0.806212379536847,-0.3877307125578151,0.904232963074152,0.3348490329323571
"Egypt, Arab Rep.",EGY,2012,0.060120927006849456,-0.14036038868467457,0.24332566236255032,-0.32862689510874904,0.38878855043657173,0.029102061210263062,1.0165115580906634,0.2579819159310391
"Egypt, Arab Rep.",EGY,2013,0.217374854480878,-0.16549288392205536,1.8518188476457569,-0.33758855237138363,0.7220821034477779,0.5090927947388006,1.1001200840588412,0.5911192348370895
"Egypt, Arab Rep.",EGY,2014,0.12800049291638554,-0.17876511652744304,0.3763226800670373,-0.1768862839768641,0.8069600289004167,0.27990805825295917,1.0927649354548186,0.34658233960118107
"Egypt, Arab Rep.",EGY,2015,-0.27809901225745925,-0.16346776867276358,1.1761856540147744,0.1434656449604299,0.8494028144429862,0.48813150082017637,1.0848093665565897,0.5099564192083988
"Egypt, Arab Rep.",EGY,2016,-0.39292678836310435,0.005053592317963579,4.243323642045338,0.13788286272707254,1.3360749965121044,2.0215534877777612,0.994446112278595,1.2650708223668274
"Egypt, Arab Rep.",EGY,2017,-0.026235813610196636,-0.1472281180282304,10.897060844323475,0.10148897421591441,3.5542250382776928,0.6235099496486628,0.89192434704293,2.249176985808402
"Egypt, Arab Rep.",EGY,2018,0.0065272815095476205,-0.20703141317690493,-0.06268759098822754,0.35447084091893427,1.419166855277858,0.09914380452947569,0.6049234464124889,0.2132167113751726
"Egypt, Arab Rep.",EGY,2019,-0.02756646823911618,-0.23821069791223262,-0.8442791370569991,0.40308868690292626,0.6772865579276458,0.0974105053822625,0.3041128790153107,-0.05417173018683181
"Egypt, Arab Rep.",EGY,2020,-0.08952351153656708,-0.17482513208192113,-0.9038536920720305,-0.03734699799239589,0.09665421009256693,0.5688820866589624,0.32257580306214356,0.0051862550269549034
"Egypt, Arab Rep.",EGY,2021,-0.1727206678152574,-0.12220512962936632,-0.15348986274779955,-0.09444262731649819,0.12055822803094693,0.4682482777790271,0.2425697988592014,0.11754922963196646
"Egypt, Arab Rep.",EGY,2022,0.09567870021181771,-0.0658138290692141,3.129211745868275,0.6309601815454944,1.3476731453689723,1.1139955170974054,0.10822575803062146,0.7009504936483925
"Egypt, Arab Rep.",EGY,2023,-0.023341170137801265,-0.10006745063842461,8.416365842669977,0.008879656736274392,4.173063501325842,0.5848209631846053,0.13929750825577905,1.889705982599901
"Egypt, Arab Rep.",EGY,2024,-0.33378151538045236,-0.13646384626143146,6.72801662744687,-0.2905726204305577,3.3795182249253544,1.402964580197417,0.14890423296307417,1.7353277078688993
El Salvador,SLV,1990,-0.020431952332438868,0.2589199636888615,-0.05055929710966535,0.24486221648360382,2.7757675191803663,-2.1613423100432185,0.25592915040528375,0.1220406802814947
El Salvador,SLV,1991,-0.02519115472079063,0.2589199636888615,2.3632453429417284,-0.48969578179710016,1.4193377572460382,0.5068939283111685,0.25592915040528375,0.7598875827301387
El Salvador,SLV,1992,0.13716741558437814,0.2589199636888615,0.5568692811385166,0.7264685651984778,0.9686979456033978,0.2628147821099283,0.3084659261483038,0.21316170255802172
El Salvador,SLV,1993,0.21742415793919195,0.2589199636888615,0.5276484123536459,0.46165915972721766,1.9994254613576539,1.5786151343946098,0.6176823776643651,0.6147440045418181
El Salvador,SLV,1994,0.3398069077725224,0.2589199636888615,-0.007894743323568007,0.21387686200269684,0.8798370089095556,2.0901139218521347,0.2784449114380066,0.4208196132556816
El Salvador,SLV,1995,0.006503091790483837,0.2589199636888615,-0.008684893584732577,0.22312143147039173,0.801227155873505,-5.041486339703756e-05,0.2739417592314621,0.15653272101211763
El Salvador,SLV,1996,0.150868158973618,0.2589199636888615,-0.04988589647969244,-0.639877341287054,0.7671999716866261,0.13571907560908714,0.2784449114380066,0.2684867440366178
El Salvador,SLV,1997,0.2505800064993284,0.2589199636888615,-0.04853919136492236,-0.12803221032383644,0.018235682375190205,-0.1024535740896727,0.3234764335034525,0.04672735970534531
El Salvador,SLV,1998,0.26628945716690666,0.2589199636888615,-0.05257911447385948,-0.2348874026523097,-0.2564112702662929,-0.21820153417688534,0.19138396877814465,-0.015470005852089793
El Salvador,SLV,1999,0.1067276474723735,0.2589199636888615,-0.05055929710966535,-0.3427437962802871,-0.5436601265201474,-0.23094346441053973,0.22140498348844187,-0.015545970293590786
El Salvador,SLV,2000,-0.08259594541558303,0.2589199636888615,-0.05055929710966535,-0.5702576105819533,-0.29539069090580694,-0.7619388908377862,0.17036925848093665,-0.0036780143837034257
El Salvador,SLV,2001,0.21755321811048897,0.2589199636888615,-12.583295337506563,-0.6248835633599684,-0.08626396279205296,1.0657984275559862,0.17036925848093665,-1.5381630436176217
El Salvador,SLV,2002,-0.026527700587654728,0.2513239242680074,-0.05055929710966535,-0.4723525364550801,-0.3527437816299446,-1.0306779678097977,0.05628940258180727,-0.08964106895097974
El Salvador,SLV,2003,-0.28634751348231585,0.2915914793037761,-0.05055929710966535,-0.4740081711330315,-0.3167193958147963,-0.7317119189169006,0.16136295406784754,0.016331358020801278
El Salvador,SLV,2004,-0.20908854225470505,0.3072514582802122,-0.05055929710966535,-0.6227295255667379,0.012837328893339358,-0.6118804851784573,0.14635244671269884,0.09083135991708154
El Salvador,SLV,2005,-0.1537767450429865,0.3453751223641032,-0.05055929710966535,-0.22860562444199642,0.0466198051824817,-0.5940270248051956,0.20939657760432298,0.04845536467443282
El Salvador,SLV,2006,-0.22243658420485307,0.3529729553947995,-0.05055929710966535,0.13576093975363154,-0.04579604928645939,-0.10688869689363972,0.11182827979585713,0.04974754805030195
El Salvador,SLV,2007,-0.5148299017951881,0.38008563786552824,-0.05055929710966535,-0.4119205353106394,0.03066702364179345,0.39694061083184756,0.08781146802761934,0.25309941148042153
El Salvador,SLV,2008,-0.6837250862610036,0.3697518903415464,-0.05055929710966535,-0.34442260598364927,0.33171193814917665,-0.9613642429632966,0.008255779045331691,0.10370625138682081
El Salvador,SLV,2009,0.14959920685671033,0.4451424965126928,-0.05055929710966535,-1.2823447389296339,-0.4671742914937411,-0.7156553486621889,0.2259081356949865,0.08148674671642962
El Salvador,SLV,2010,0.011893089096914907,0.3968145654455292,-0.05055929710966535,-0.3444682826696718,-0.4497341939605105,-0.8660248710374958,-0.13989792854998506,-0.11097521880562437
El Salvador,SLV,2011,-0.3084638845823723,0.34696579648929043,-0.05055929710966535,0.019132058353157698,0.10852602182678127,-1.0284870416380156,-0.22936055238667077,-0.08051189236986649
El Salvador,SLV,2012,-0.3475273052469549,0.33184249384869924,-0.05055929710966535,-0.19741021439982456,-0.37193724629412084,-0.7820578478591548,-0.2975082557790454,-0.08932609050664395
El Salvador,SLV,2013,-0.48436804138121103,0.3794366096633024,-0.05055929710966535,-0.3265534304568719,-0.5093352658717919,-0.6998033250399512,-0.3200240168117683,-0.055623403333113074
El Salvador,SLV,2014,-0.29491426061474113,0.41750170925139757,-0.05055929710966535,-0.44247843428655603,-0.4551040998809094,-0.8536545011603711,-0.25082557790453325,-0.06503558170039776
El Salvador,SLV,2015,-0.02859739896019992,0.4352127944761975,-0.05055929710966535,-0.29038983511566036,-0.7198077061881223,-0.3686786406511614,-0.27424196937856504,-0.09415536925363661
El Salvador,SLV,2016,0.08777831315529695,0.4560752245858189,-0.05055929710966535,-0.25979532706951697,-0.5310489202671456,-0.6530862482854617,-0.21119783848694088,-0.11682858080702493
El Salvador,SLV,2017,0.13894545735035949,0.47738980718505775,-0.05055929710966535,-0.3239145300518222,-0.47333646837072185,-0.06084466366544796,-0.21615130591413997,-0.019790407881922083
El Salvador,SLV,2018,-0.039206261555845334,0.5038657240691046,-0.05055929710966535,-0.28765205403656374,-0.4623148419767016,-0.431465963735787,-0.27304112879015313,-0.0552367417072562
El Salvador,SLV,2019,0.3166434870238679,0.5426051549026085,-0.05055929710966535,-0.28214588988139466,-0.6057823116831399,-0.047343551953995804,-0.24842389672770945,-0.06342878567348217
El Salvador,SLV,2020,0.5059289826073017,0.6775113577904315,-0.05055929710966535,-2.554931147649984,-0.6689520651101519,-0.2258022995492142,-0.12263584509156414,0.2369377165675026
El Salvador,SLV,2021,-0.1632226974826494,0.5871202193523566,-0.05055929710966535,1.800712195358181,-0.12639147194298983,-0.7109976521809916,-0.22485740018012615,-0.30902501427670687
El Salvador,SLV,2022,-0.46233648042102704,0.6188881056002387,-0.05055929710966535,-0.168373771967134,0.4010696796503496,-0.5355608846648457,-0.4241969378564996,0.0914787025725341
El Salvador,SLV,2023,0.1535233559568253,0.614994499255254,-0.05055929710966535,-0.08026519298170887,-0.044605439016581545,-0.22497779338100413,-0.42524767337136005,-0.029093409514067647
El Salvador,SLV,2024,0.027119629468077486,0.634912366103631,-0.05055929710966535,-0.24848674659550588,-0.49575001990109857,-0.633504429249169,-0.38486940858601026,-0.10120052451641197
Equatorial Guinea,GNQ,1990,-1.7242166909059506,-0.17521617864912345,-0.05055929710966535,-1.205297787680137,-0.4951720177485195,-4.69000286904881,0.12788952266586603,-0.33622090875773775
Equatorial Guinea,GNQ,1991,-4.167503647501901,0.09337938121776773,0.46090751317924367,-1.043302021775778,-1.100581295142832,-1.7448740250326964,0.12788952266586603,0.4353609665950041
Equatorial Guinea,GNQ,1992,-0.6011629374991166,-0.273327632973533,-0.9239985238070563,6.825765935793645,-1.221214236944175,1.3435763907260163,0.1580606424497148,-1.0202151941205087
Equatorial Guinea,GNQ,1993,0.6269285139075605,-0.6193564380428362,0.9367766717248056,1.6089664940685906,0.15423194489157316,-2.744673907258703,0.17997598318823177,-0.6184201076390113
Equatorial Guinea,GNQ,1994,0.3219451224989752,-0.6440476597271962,13.542603732318003,2.848835745028461,3.884185369417523,9.359080793385885,0.1948363854698289,3.309411107619515
Equatorial Guinea,GNQ,1995,-10.379792366383866,-0.6272890646842801,-1.4790956774660522,3.028674631958456,2.1924688881881296,2.714076860532313,0.20039027319123387,1.478809859169536
Equatorial Guinea,GNQ,1996,-17.917013762613866,-0.6183929353780167,0.30104360076954007,13.829577375440438,0.025386602032323485,2.2618876977908147,0.20864605223656557,0.8951439149463793
Equatorial Guinea,GNQ,1997,-17.917013762613866,-0.6303735363433411,1.9440938761525528,32.17650791254892,-0.19005679997359196,-0.19401376753266814,0.2158510957670369,-1.8734276116950093
Equatorial Guinea,GNQ,1998,-17.917013762613866,-0.5914206486176442,0.10173339854951383,4.412118763723697,0.5052553714988554,0.26463242543720483,0.22620834584208943,2.0016148416571697
Equatorial Guinea,GNQ,1999,-17.917013762613866,-0.6107193547385507,0.5615249427956819,4.82782687783295,-0.5638106111440476,4.159232432375274,0.23896727709396576,2.410625938737606
Equatorial Guinea,GNQ,2000,-17.917013762613866,-0.6523827109881346,2.1272494691337274,3.188732371051652,0.06235734078477271,1.78222418481429,0.24302011407985588,2.6129642556266743
Equatorial Guinea,GNQ,2001,-17.917013762613866,-0.65590335474011,0.3915060204364706,13.12553223902362,0.6310082716383946,1.194151791251726,0.25908135694986495,0.9444750870180844
Equatorial Guinea,GNQ,2002,-17.917013762613866,-0.6408374225920084,-0.7978849463919279,3.4635314272517785,0.4567407208508023,3.11369474161456,0.2733413389372561,2.4083623953972535
Equatorial Guinea,GNQ,2003,-17.917013762613866,-0.6533445587856709,-2.3719210397434147,2.251831442783176,0.4187277851311034,3.554215591029259,0.28159711798258774,2.4134938879206507
Equatorial Guinea,GNQ,2004,-17.917013762613866,-0.672024291824888,-1.3329471871130794,7.541534084218797,-0.01999123811919829,1.539550605756797,0.275142599819874,1.4521728809877963
Equatorial Guinea,GNQ,2005,-17.917013762613866,-0.6843882863484662,-0.05269688515580547,2.8664065167398927,0.1795822565128047,1.832640494594939,0.27649354548183724,2.37174833870847
Equatorial Guinea,GNQ,2006,-17.917013762613866,-0.679551481093713,-0.1802443709050847,0.876722423466994,0.0077426260668097815,0.05820797323882404,0.2682377664365056,2.3592405504128875
Equatorial Guinea,GNQ,2007,-17.917013762613866,-0.6702887714447068,-1.2365727690963169,2.5437490402528744,-0.22013067126839975,2.084532285246862,0.2652356649654758,2.2280057801091293
Equatorial Guinea,GNQ,2008,-17.917013762613866,-0.6422384401349301,-1.015238602735698,3.0975024132180144,0.3096398396634173,1.3738373455450013,0.2620834584208946,2.1582278500220764
Equatorial Guinea,GNQ,2009,-17.917013762613866,-0.6160830617064716,0.7201193381820128,-0.5228575272659306,0.04663633825489005,0.8811143608714621,0.2817472230561393,2.821915069791118
Equatorial Guinea,GNQ,2010,-17.917013762613866,-0.5996853501447653,0.6865506805470842,-2.7817734534545013,0.4845417261284375,1.1690372247214247,0.3035124587211048,3.2489634222916655
Equatorial Guinea,GNQ,2011,-17.917013762613866,-0.5926113104054318,-0.7238552770661207,0.6168969798457129,0.06279556458951512,-0.8766321440931373,0.3020114079855899,2.2102607176826528
Equatorial Guinea,GNQ,2012,-17.917013762613866,-0.6265470394357697,1.1296197989300805,1.0104758402274663,-0.09957881073943181,3.493957348049435,0.290603422395677,3.013513234512341
Equatorial Guinea,GNQ,2013,-17.917013762613866,-0.582768011929936,-0.5121594174914162,-1.7277309692588205,-0.19961584233363364,-0.42101220185763416,0.27769438607024916,2.600983377761473
Equatorial Guinea,GNQ,2014,-17.917013762613866,-0.5559260622029402,-0.05463561517085334,-0.7270866446899149,-0.007226129089896326,-2.0396323917071375,0.2767937556289402,2.3233534235374136
Equatorial Guinea,GNQ,2015,-17.917013762613866,-0.46070414546974797,2.7420359539053747,-2.8226648759881936,-0.37944330253714437,-1.3920983814438987,0.29315520864605216,3.0775177102432427
Equatorial Guinea,GNQ,2016,-17.917013762613866,-0.40852976604110774,-0.01720020962920125,-2.758065931455954,-0.4168565326565511,-2.4180579835515092,0.29615731011708196,2.5300846446155036
Equatorial Guinea,GNQ,2017,-17.917013762613866,-0.42632119990601464,-0.33584575089413043,-2.065287963785488,-0.5112172143141742,-1.2545906850285615,0.30291203842689884,2.536748416383339
Equatorial Guinea,GNQ,2018,-17.917013762613866,-0.42488102896752156,-0.6648566224769699,-2.1904790489016697,-0.46659140571521984,-0.9335593807782162,0.2991594115881116,2.5595376835951025
Equatorial Guinea,GNQ,2019,-17.917013762613866,-0.4022219094849793,0.7254606321865219,-2.0244366118559585,-0.400130140888627,-1.4093765793439246,0.3140198138697088,2.681314598686932
Equatorial Guinea,GNQ,2020,-17.917013762613866,-0.4532757323772251,-0.29989186202911444,-1.872468852999851,0.05732630784285244,-1.247825162092712,0.42029420594416095,2.6094443389859543
Equatorial Guinea,GNQ,2021,-17.917013762613866,-0.5053640570492437,-0.5681328271871329,-0.6291392889966279,-0.6301539582312328,-0.9231770747402921,0.44971480036025213,2.3384342763946924
Equatorial Guinea,GNQ,2022,-17.917013762613866,-0.5564982713932962,1.7158156106604026,-0.10921330508575623,0.06015631914361817,0.7360120059248346,0.37661362954067845,2.9083323373679804
Equatorial Guinea,GNQ,2023,-17.917013762613866,-0.6054206952511769,-0.44048113637637853,-2.4519583357065518,-0.21224965401301976,-0.23657007141011605,0.3592014410087061,2.7476359974683477
Equatorial Guinea,GNQ,2024,-17.917013762613866,-0.6054206952511769,-0.05579486806814636,-0.7312317244158644,-0.20349928968452766,-0.23657007141011605,0.37045932152506744,2.5596314120201185
Eswatini,SWZ,1990,0.9312397514662564,-0.37720813251943214,-0.05055929710966535,3.805676970581284,1.2341195027274465,-0.8328195047832624,2.2059441609126393,-0.36534857040283064
Eswatini,SWZ,1991,0.8730339134987107,-0.28250841594108467,0.9009316135629444,-0.4311106180755653,0.6464033461261545,0.5972700033858688,2.2059441609126393,0.518016773231911
Eswatini,SWZ,1992,-0.021392856695032436,-0.32879514072369703,0.4141780620901586,-0.10861971497258985,0.4519090562773212,0.6795822481213798,2.2698889222455723,0.5166822456683368
Eswatini,SWZ,1993,-0.21101013614571038,-0.3671615825105534,2.0118612619154943,-0.13504073349730825,1.0830390896628987,0.11837801996693191,2.3919243470429308,0.7977274293886744
Eswatini,SWZ,1994,0.38480654139108095,-0.3400830365601354,1.1750330832793467,-0.29023768216766876,1.3298159873937703,-0.07899368093789985,2.38682077454218,0.6254320383562642
Eswatini,SWZ,1995,0.1526165216786421,-0.4060684512173933,0.253419206391117,0.24326728199586234,1.1205195567811552,-0.5932038105706349,2.375412788952267,0.33631364095171523
Eswatini,SWZ,1996,-0.031832875114572876,-0.42233085728023323,2.5718620451820944,0.02687025442779451,0.29175193719559894,0.3215477273943082,2.4390573401380973,0.7438358304738062
Eswatini,SWZ,1997,0.34902050364073856,-0.42877196871274353,0.9650602162904125,-0.13576868542879694,0.3907105499292324,0.5470464724667241,2.50300210147103,0.5376850790332448
Eswatini,SWZ,1998,-0.3625576834770169,-0.4409865994807448,2.7753057863930914,-0.24549998158038752,0.5298856871450169,0.0676199603931771,2.610177123986791,0.8785799462135336
Eswatini,SWZ,1999,0.10567094917326023,-0.44838822237587755,1.4369356119506158,-0.16919411585775856,0.2442096837815654,0.2698002486999862,2.7083458420894626,0.61063233297575
Eswatini,SWZ,2000,0.03485353986693427,-0.48829519433334734,1.8724165810462532,-0.4311553992400262,1.1092040099434615,-1.3612789033405983,2.810267187030922,0.619802219959969
Eswatini,SWZ,2001,0.4427438939855781,-0.5358910686235886,3.352892195722166,-0.5077084507570402,0.22346697853384748,-0.1628875491568067,2.9142900030021015,0.8366907308927402
Eswatini,SWZ,2002,0.6630738241599299,-0.503975899073368,3.1238865708429726,0.08112237050141591,1.0825149201606132,0.09466787701539517,2.993995797057941,0.8638418673346012
Eswatini,SWZ,2003,0.8825967368893387,-0.449770727238792,-4.045234074221439,0.1801265593789938,0.4139864609552937,0.18278234692512627,3.067247072951066,-0.2705303166995825
Eswatini,SWZ,2004,0.6937774421650319,-0.3927402042549214,-2.117415477667635,-0.022616628563349152,-0.12944325189774958,-0.36243617330742683,3.1358450915640956,-0.07676440416647427
Eswatini,SWZ,2005,-0.040635534181852284,-0.3511108634257229,-0.27038935751388204,0.49993297023316596,0.05835938158868047,-0.16381299345701292,3.211648153707596,0.2893424121211921
Eswatini,SWZ,2006,-0.38682365804392366,-0.3099433575748165,0.8665876604964973,0.6619730379918232,0.13336281055835122,0.9633849689266518,3.2824977484238973,0.6658200644118116
Eswatini,SWZ,2007,0.12994348249563986,-0.2630068415898004,0.5215654881985126,0.131519855358445,0.5250972432093859,0.6979605161016321,3.36460522365656,0.6549654702460294
Eswatini,SWZ,2008,-0.5141650089384032,-0.2850873738601082,2.391182397941414,-0.5014735643630105,1.172657867527764,0.2518046409884722,3.3122185529870913,1.1226306655551495
Eswatini,SWZ,2009,-1.0833745294078236,-0.2797448144532841,0.313300690019921,-0.503110900872094,0.4363523071944875,1.0893173304531398,3.2517262083458425,0.9139195931200035
Eswatini,SWZ,2010,-0.7314743213332685,-0.31106787121268614,-1.9748531894614605,0.022993981761714015,0.02093548978851823,-0.2969788122991017,3.1568598018613034,0.18619653689258972
Eswatini,SWZ,2011,-0.3682496836206725,-0.23838202595040975,-0.16668748098705655,-0.4136510886712587,0.2468339941578224,-0.4750095750046048,3.044130891624137,0.4561123680188314
Eswatini,SWZ,2012,0.9931501221811734,-0.3050270823974608,1.7983145597196055,0.08152585251244773,0.6471581726766519,-0.1417562840454988,2.912188531972381,0.5480288461760082
Eswatini,SWZ,2013,1.7168982348177007,-0.26782997838295847,2.4398622815930824,0.08242860641841343,0.1781225323738413,0.29236623091570435,2.8116181326928857,0.5221160511366344
Eswatini,SWZ,2014,1.8452840362925822,-0.2598547068020956,1.7044404038945669,-0.36576782393056884,0.18660934358822084,-0.5872491756370124,2.7178024617232066,0.3260331592006961
Eswatini,SWZ,2015,2.054799802731042,-0.27249656360377894,2.4346893415430806,-0.4434570689286315,0.08341175120039096,0.11946491011345313,2.6427499249474637,0.48521094719974267
Eswatini,SWZ,2016,1.3559779910886196,-0.2655536853617883,2.112617363802781,-0.16956970075594538,0.49275524228027817,1.0594699030972732,2.535725007505254,0.678372220141589
Eswatini,SWZ,2017,1.1240275676014957,-0.2859200921983513,-1.383536059894712,-0.04377366878380424,0.26294015894513295,-0.5978611390705382,2.809666766736716,-0.039280609185634904
Eswatini,SWZ,2018,0.5303324394352288,-0.27829561230412986,-0.14599937070271066,-0.804016190871254,0.0641627314266763,-0.5786098167996063,3.0990693485439813,0.3477158616571766
Eswatini,SWZ,2019,0.84011994678896,-0.2947982413543928,1.2514973335905484,0.5966444087868359,-0.24920876046922094,-0.7461748912847224,3.3619033323326337,0.26949348817700713
Eswatini,SWZ,2020,1.1783891590749147,-0.2788270596296761,1.9255920256352457,-1.467824125599491,-0.24920876046922094,0.2563906013499308,4.0758030621435015,0.8598835479363368
Eswatini,SWZ,2021,0.6908461475444168,-0.28186851426037823,-1.4996274895238944,0.11358887947075853,-0.24920876046922094,-0.8565770492641768,4.252176523566497,0.08006566900480738
Eswatini,SWZ,2022,0.001798062927943744,-0.27066797856815056,1.4605127757439682,-0.733465813402065,-0.24920876046922094,-0.6109943785518116,4.600270189132393,0.8087970853944714
Eswatini,SWZ,2023,0.6326288718133866,-0.27138710194551463,1.7578412788373086,-0.0412165051006666,-0.24920876046922094,-0.6109943785518116,4.320774542179526,0.622230459048224
Eswatini,SWZ,2024,0.5679352641669021,-0.26462739177363037,-0.15476149063766942,-0.15142881704998387,-0.24920876046922094,-0.6109943785518116,4.325728009606725,0.3756613630082106
Ethiopia,ETH,1990,0.07788435979517729,-0.6965963916851706,-0.05055929710966535,-0.21856859136493714,0.1118557871200466,0.5812312135282339,-0.38141699189432615,-0.042114492638731675
Ethiopia,ETH,1991,0.4610562137234104,-0.6996930422450254,-0.05055929710966535,-2.3886900553592936,4.4328330927863,0.2916600972364591,-0.38141699189432615,0.7886368143442322
Ethiopia,ETH,1992,0.23093580816646084,-0.6860470105271317,4.956209357968208,-2.7263989405719737,0.8715876572305779,0.239690478733015,-0.3616031221855299,1.0736143562320932
Ethiopia,ETH,1993,0.3004913218110701,-0.6554550264332206,11.043832620119089,2.07309518288682,-0.11562933841452645,-0.2324230095757203,-0.3862203542479737,1.040074055249965
Ethiopia,ETH,1994,0.5869753545596506,-0.6263509621454981,1.2652810220562607,-0.11659311865844788,0.45693825300290514,0.8233571990888636,-0.4090363254277995,0.14854385009621843
Ethiopia,ETH,1995,0.4306831615581058,-0.568075198404209,1.7444725371862049,0.5296840207631909,0.8001694470422298,-0.21423746216563505,-0.4232963074151907,0.054095119131729034
Ethiopia,ETH,1996,0.4809577247359738,-0.47960703821973677,0.3936447456241843,1.9154258413576128,-1.8156474860686522,-0.2131228677740789,-0.40588411888321835,-0.702428618773584
Ethiopia,ETH,1997,0.3122535776622758,-0.4290204890125803,0.7461693633163874,-0.1289261408849487,-0.277874755192717,0.5776303913065244,-0.3899729810867608,0.006229156079075228
Ethiopia,ETH,1998,-0.14409747836729697,-0.3909091026436478,0.8068182414200434,-1.579214039564262,-0.4899520734098723,-0.9568400718488703,-0.35184629240468335,0.048654602720646936
Ethiopia,ETH,1999,-0.35950497808070503,-0.32289738921250544,1.592486042739777,0.31729805733494926,0.5060664093661723,0.12872168714024237,-0.3168718102671871,0.23281598007317927
Ethiopia,ETH,2000,0.3889183341547997,-0.35082887041029703,0.43935773922029175,0.5177390439661017,-0.5227930127162416,0.08239947701577845,-0.34914440108075656,-0.22966663515601807
Ethiopia,ETH,2001,-0.19172374305056672,-0.34749479710564773,0.3630845493275339,1.0079313591499395,-1.780819135078593,-0.16686928606754292,-0.40003002101471036,-0.44976232943404765
Ethiopia,ETH,2002,0.15370308576963318,-0.3431931926603211,0.13389555587320467,-0.4851552729841798,-0.5210076667946412,0.2922127852257984,-0.41594115881116794,-0.07465449856465435
Ethiopia,ETH,2003,0.17334309518063973,-0.35348523045068325,0.002175552255574378,-1.293915136536268,1.3163485438508378,0.03574940182681379,-0.4228459921945362,0.24264490237766206
Ethiopia,ETH,2004,-0.4457135704587791,-0.3744238410094308,0.008505977872086035,2.167646870907091,-0.14611712771852914,0.5365095340058992,-0.45767036925848104,-0.30787558950810967
Ethiopia,ETH,2005,-1.193230524696246,-0.3240600831268797,0.0,1.781792636946761,0.7927908630231434,0.4871728980762264,-0.49954968477934564,-0.01888687415105293
Ethiopia,ETH,2006,-1.0752575949494976,-0.28992813047874716,0.001968202733374765,1.5652984431560757,1.1220581200725224,0.5899989987183174,-0.5235664965475834,0.0586414066130437
Ethiopia,ETH,2007,-0.15036258281618342,-0.3314039068593745,0.38427576706207,1.7020187903687498,1.8204402276545808,0.752768910500269,-0.5235664965475834,0.07869404203677079
Ethiopia,ETH,2008,-0.45553639607490526,-0.3489690752387446,0.9496029402863041,1.555132994535621,5.653230672277154,0.8391141248729843,-0.5252176523566497,0.7811663444829045
Ethiopia,ETH,2009,-0.46567875743128884,-0.3489690752387446,3.159331485954692,1.1182085447978327,0.582703801252058,0.8391141248729843,-0.5252176523566497,0.43634755673111375
Ethiopia,ETH,2010,0.10653045220458623,-0.3489690752387446,3.111337641063887,1.9427867558597058,0.5354403753495033,0.8391141248729843,-0.5298709096367458,0.2225335640495132
Ethiopia,ETH,2011,-0.0394393568554092,-0.3489690752387446,2.394021915598659,1.640885627876583,4.083334456945992,0.8391141248729843,-0.533623536475533,0.6903473735260263
Ethiopia,ETH,2012,-0.509326306163672,-0.3489690752387446,0.6238727240845443,1.0841645138518468,2.7194059873838,0.8391141248729843,-0.5363254277994597,0.3888943036592786
Ethiopia,ETH,2013,-0.417835962978505,-0.3489690752387446,0.6861543332457439,1.5097564523336842,0.4385838417279286,0.8391141248729843,-0.5364755328730112,-0.0019303996600397325
Ethiopia,ETH,2014,-0.9135259573039316,-0.3489690752387446,0.6780210743468529,1.4383036316544044,0.35745064217298006,0.8391141248729843,-0.5199639747823477,0.06869644528875031
Ethiopia,ETH,2015,-1.1366237611492973,-0.3489690752387446,0.6653839385612701,1.4679978165261127,0.7361008082154805,0.8391141248729843,-0.5078054638246773,0.1503500396013568
Ethiopia,ETH,2016,-1.0576832254450328,-0.3489690752387446,0.743421441673659,1.257016642276868,0.32043396723272694,0.8391141248729843,-0.49069348543980795,0.12342479375271176
Ethiopia,ETH,2017,-0.5904624008463453,-0.3489690752387446,1.3391929901785458,1.285772930909687,0.8941565874961779,0.8391141248729843,-0.47433203242269595,0.2219788664032751
Ethiopia,ETH,2018,-0.3149130901111141,-0.3489690752387446,2.061902747923672,0.6811879689477455,1.3388212792925867,0.8391141248729843,-0.45241669168417903,0.4388825009042411
Ethiopia,ETH,2019,-0.30733860506253485,-0.3489690752387446,0.7955845832002727,1.0217431888193238,1.618206166161335,0.8391141248729843,-0.43485439807865517,0.2506681167372004
Ethiopia,ETH,2020,0.028320316350355184,-0.3489690752387446,2.8003602994964347,0.5147279159939976,2.260868115162498,0.8391141248729843,-0.27424196937856504,0.6762976089386078
Ethiopia,ETH,2021,-0.14183389187535703,-0.3489690752387446,3.516955704536133,0.42276547643367746,3.17724188469241,0.8391141248729843,-0.28369858901230866,0.9456732093274506
Ethiopia,ETH,2022,-0.1490307060549448,-0.3489690752387446,2.544872026299639,0.3524140658538513,4.173784848557222,0.8391141248729843,-0.3661062743920745,0.9484731843285886
Ethiopia,ETH,2023,-0.06661117655957138,-0.3489690752387446,0.7271176916988595,0.6323683022331964,3.6548947200330204,0.8391141248729843,-0.3677574302011409,0.5626632722130505
Ethiopia,ETH,2024,0.0559343278854523,-0.3489690752387446,7.2052207869002824,0.8564504066656374,2.3571814687718935,0.8391141248729843,-0.3704593215250676,1.2528147498900368
Fiji,FJI,1990,-0.49988089334261726,0.03304974816688301,-0.05055929710966535,0.4576302314364207,0.5413920911326945,1.008140388769939,-0.18117682377664365,0.19901382415562915
Fiji,FJI,1991,-0.2405569321440478,0.03304974816688301,-0.1016819624248351,-1.412419832136282,0.3019475751219858,0.190364352901868,-0.18117682377664365,0.2707828077527982
Fiji,FJI,1992,-0.12532284003980523,0.03304974816688301,0.2124933543703158,0.5236316992869742,0.07376878286087304,0.19237159102793183,-0.17787451215851105,-0.009214270711382326
Fiji,FJI,1993,-0.6740606342479153,0.03304974816688301,0.31454620155389074,-0.34978414316286327,0.11950376191395769,-0.41189382609798414,-0.16976883818673077,0.12989740353725643
Fiji,FJI,1994,-0.3943711471763812,0.03304974816688301,-0.7631509024997954,0.30362523543201764,-0.5009961816106857,-0.6902424374598795,-0.18417892524767343,-0.2878246838438268
Fiji,FJI,1995,-0.33800701439841374,0.03304974816688301,-0.6090388845310609,-0.2683895021906074,-0.31032257918808587,-0.5471819749650785,-0.1762233563494447,-0.1433315043253951
Fiji,FJI,1996,0.4473322943063082,0.03304974816688301,-0.08107701879471339,0.23762416317383356,-0.1852995867845545,-0.8134328955784507,-0.18042629840888624,-0.2731632155542662
Fiji,FJI,1997,0.16688841670791868,0.03304974816688301,0.3565230325320957,-1.3024161267206018,-0.14035449182553988,-1.5170831591454461,-0.16511558090663475,-0.042493248737994135
Fiji,FJI,1998,-0.0789026031486568,0.03304974816688301,5.272532133932298,-0.5323962422077791,0.1908967694008209,-0.9159544157143458,-0.1619633743620534,0.7185513866828627
Fiji,FJI,1999,0.4497311689464279,0.03304974816688301,-0.17298720512194357,1.117646568536668,-0.3381640905155096,0.12405464857027734,-0.16916841789252476,-0.29865615061084483
Fiji,FJI,2000,0.18096728513215984,0.03304974816688301,1.0916187729060225,-1.192412860890964,-0.46205552864638055,-0.9900243870703087,-0.1693185229660763,0.07353080830699203
Fiji,FJI,2001,-0.13672895795439652,0.03304974816688301,0.9330397005700221,-0.37839208747760306,-0.012502368041969598,-0.03223235789396959,-0.1700690483338337,0.18091524569987597
Fiji,FJI,2002,0.4748641923834866,0.4612336614576207,-0.608777565185168,-0.1143855736881096,-0.5087185853278346,0.6687832710259617,-0.1580606424497148,-0.07228835416778742
Fiji,FJI,2003,0.08674914578280124,0.44923730622395,-1.9334703717941422,-0.5983980996403739,-0.026626053354996352,0.3178404961206198,-0.16286400480336236,-0.12060481053576548
Fiji,FJI,2004,-0.7774551519988306,0.586557720158502,-1.264601071615552,0.34762695702611063,-0.21677413478586174,-0.18252932000277025,-0.16886820774542183,-0.11662668843119765
Fiji,FJI,2005,-0.4832682236421164,0.7606755221172189,-0.39389472013478144,-0.6643996875211197,-0.28203670722590685,0.23599228487823717,-0.29105373761633146,0.16819293616881037
Fiji,FJI,2006,-1.663592009614133,0.9735261485594979,0.28594683074192995,-0.4108466067046455,-0.2643582461403871,0.7568108154076827,-0.280396277394176,0.5065668410704751
Fiji,FJI,2007,-1.0465205915322722,0.9666932156133494,-1.0382192584691887,-1.0055522234122116,0.06255770559521001,-0.26863373140720176,-0.25758030621435013,0.21669863429461467
Fiji,FJI,2008,-1.4769431966603888,1.1210578151503994,-0.19446577985844513,-0.5911830792872476,0.4765009650437079,-1.351019940490859,-0.24587211047733415,0.2677610321878721
Fiji,FJI,2009,-0.16491777939897748,1.200683938223027,3.1808819086573745,-1.1233398084772448,-0.17386836593251737,-0.3571466401999226,-0.22755929150405285,0.7016070195885901
Fiji,FJI,2010,-0.21927531189870023,1.068254144396594,-0.33660275109035365,-0.16835868408587704,-0.09500034305184936,-0.6194213933963644,-0.22215550885619942,0.026101163426629218
Fiji,FJI,2011,-0.26894367879088843,0.8942362855096107,-0.9917805117588024,-0.22325679699629658,0.4123069580758111,-0.06623965991737524,-0.2129990993695588,0.07538920690383859
Fiji,FJI,2012,0.19156282640603134,0.9246963939821276,-0.0583887704430443,-0.5079064076600424,-0.132547197055183,-0.41528183817462844,-0.21765235664965482,0.059595687559089706
Fiji,FJI,2013,-0.831190188254152,0.8834736641718373,0.3572025095994336,0.22315200581743008,-0.2046103203693604,0.5160791984107074,-0.22050435304713306,0.2770969830288867
Fiji,FJI,2014,-0.34513002002791426,0.8340762310864186,0.30186906760322935,0.4144015811187738,-0.5430269871231264,-0.11408058941980839,-0.22545782047433202,0.02630119151164596
Fiji,FJI,2015,-0.06035875038521262,0.967043486675086,1.5258755964158437,0.17188633006904555,-0.42209394539946044,0.14561419863323233,-0.23071149804863406,0.26774289408460494
Fiji,FJI,2016,-0.07691221874598374,1.0890237361253017,-0.07034872858284695,-0.28034614755242737,-0.07037594305003132,-0.4845620867443033,-0.22605824076853803,0.08499101475399902
Fiji,FJI,2017,-0.45154252896218855,1.1274234437419488,-0.23847639403965065,0.35936722927877474,-0.1432608173622637,-0.2841540639132231,-0.21119783848694088,0.048929947089040624
Fiji,FJI,2018,-0.6749574941501615,1.2694583759266374,0.08980441333184114,0.020335446850994265,-0.03952694128190777,-0.6961780866836358,-0.1954368057640349,0.15467757183258105
Fiji,FJI,2019,-1.0863911580734005,1.5134000024764036,0.4443446297469155,-0.9464351951985673,-0.36286963741971306,-0.643474856150884,-0.17472230561392985,0.40135774090153725
Fiji,FJI,2020,-1.1301156577972438,2.0724517842857653,0.004531220861991406,-4.598879852864466,-0.8567380895100587,-0.8043090456451998,-0.11573101170819573,0.8613143384208589
Fiji,FJI,2021,-0.5213441261039947,2.268878690405842,-0.6910098124217314,-1.7745401581767433,-0.39952613250055496,-0.038834348931657596,-0.09006304413089171,0.47790423381453495
Fiji,FJI,2022,-1.547386021258953,1.8209356401941446,0.843028640115077,3.085626029499873,0.24279108578520608,-0.5039404026804154,-0.0633443410387272,0.11446151630490922
Fiji,FJI,2023,-0.4482296480150151,1.7178782607826801,0.26255973647178066,1.2589913933854884,-0.19586113525358453,-0.23428337047673084,-0.07640348243770645,0.09473260910228083
Fiji,FJI,2024,-0.5926097125526565,1.755507171616493,0.06372538265825908,-0.04159440181699768,-0.06647237880368656,-0.23428337047673084,-0.0696487541278896,0.2975760236051571
Finland,FIN,1990,-0.23941581564066314,0.4042322170180233,-0.05055929710966535,-0.6662366639123646,0.2527900740318396,0.473007453350889,0.10177123986790754,0.29812773810171744
Finland,FIN,1991,-0.2894071737715476,0.4042322170180233,0.7653019189946114,-2.112168474735671,-0.0071958474599165805,0.48593769195437225,0.10177123986790754,0.593088981268888
Finland,FIN,1992,-0.19292700415623715,0.4042322170180233,1.4730037508174232,-1.5469247845161234,-0.2037931602817785,0.36031298237804316,0.8661062743920747,0.6628162647137351
Finland,FIN,1993,0.2113764474387677,0.4042322170180233,3.843542890373147,-0.9899673929286418,-0.3067880726929859,0.42865150525755996,1.5574902431702196,0.9579599612308339
Finland,FIN,1994,0.5017142305478416,0.4042322170180233,-1.2612203003336149,0.05378113565572452,-0.4625654817196309,0.5660583793186961,1.5912638847193035,0.040324761828458726
Finland,FIN,1995,0.8508853152449783,0.4042322170180233,-2.3714799436482545,0.11318142131363128,-0.5045902343346264,0.26720293076719565,1.678174722305614,-0.21293243492152247
Finland,FIN,1996,0.8370258229914634,0.4042322170180233,0.6845853415181548,-0.012598040424813894,-0.5274947425910025,0.21240257914872188,1.4630741519063346,0.20176739491908321
Finland,FIN,1997,1.0147292459522217,0.4042322170180233,1.7910158737429687,0.5891272083232524,-0.44786516068030424,0.3265114560108266,1.3722605824076854,0.2631855020319608
Finland,FIN,1998,1.0455421296983503,0.4042322170180233,0.36542323650308584,0.3815670985396447,-0.4186184682271988,-0.04345367287078846,1.1091263884719305,-0.0014856467632774959
Finland,FIN,1999,1.1037409747890619,0.4042322170180233,-11.715204155659329,0.1472633015982853,-0.45215181349709527,0.11793733887744783,0.8808165716001201,-1.7164820168640258
Finland,FIN,2000,1.4012890340803894,0.4042322170180233,2.1272494691330825,0.44745166212130244,-0.1864389812578782,0.027449905021994327,0.7969078354848395,0.18866567845690993
Finland,FIN,2001,1.5213036600019798,0.4042322170180233,0.39150602043557015,-0.23753082501421952,-0.25197567393409875,0.13684968154209043,0.6702191534073851,0.00957979478302998
Finland,FIN,2002,1.4331435026293324,0.4641921355134278,-0.797884946391231,-0.4471821216207288,-0.3943427336327303,-0.05059008541879092,0.6901831281897328,-0.1534862689640279
Finland,FIN,2003,0.9835429061172557,0.5686894692686014,-2.3719210397438095,-0.37579609549670545,-0.4924060325045677,0.05079184711545112,0.6970879615731012,-0.3079292292731105
Finland,FIN,2004,1.1544534097377033,0.6430142790486606,-1.3329471871124154,0.0628028414933452,-0.5899802847723274,0.1115792174037317,0.6804262984088864,-0.24359484689350186
Finland,FIN,2005,0.8381416433039899,0.7620366531441052,-0.05269688515556709,-0.20737967134105212,-0.5282466757171324,0.17988702812832497,0.5669468628039629,0.04245214446296512
Finland,FIN,2006,0.8559311351135795,0.8516844080750161,-0.18024437090542933,0.06592554616750726,-0.39498675337913414,0.43133023522234765,0.4668267787451217,0.036107659496690744
Finland,FIN,2007,0.8728792225795416,0.9135232747428474,-1.2365727690965245,0.3504432285704082,-0.26155545012666076,0.38255264135439704,0.15445812068447914,-0.1815595190844874
Finland,FIN,2008,0.673561851610436,0.9959132198535287,-1.0152386027355782,-0.6458242422050293,-0.041721037082421336,0.2157826754180248,0.08165716001200836,0.029807972294307934
Finland,FIN,2009,0.6282486143380389,1.1296210086341703,0.7201193381820146,-2.595176753338526,-0.6164292399214125,-0.10962757218361394,0.36385469828880224,0.493495196000064
Finland,FIN,2010,0.5408253677025843,1.1689484658907512,0.6865506805467333,-0.12136211054927486,-0.4490558069628911,0.039261340737993686,0.38561993395376765,0.20169447957329215
Finland,FIN,2011,0.17601320786035346,1.1991366952244134,-0.7238552770659071,-0.29250310777045935,-0.13347551688443096,-0.0005962755242289513,0.29360552386670663,0.10732929278952266
Finland,FIN,2012,0.09024428834889384,1.2539210391712676,1.1296197989301773,-1.1534371666490382,-0.21948077334623262,-0.12102077033290991,0.27979585709997,0.4837182899746309
Finland,FIN,2013,0.136974293044214,1.2806038758523204,-0.5121594174915177,-1.0339522507298406,-0.4074786198904466,-0.09347300160619954,0.3554488141699189,0.21713137267424315
Finland,FIN,2014,0.19538989565400686,1.281741713234623,-0.054635615170529964,-0.9235814034066427,-0.4692597290063244,-0.1968147494985861,0.42599819873911743,0.24503161800727652
Finland,FIN,2015,0.25600385149729704,1.3166349863883433,2.7420359539051264,-0.7157701076415154,-0.6458191122231524,-0.20207417092530003,0.5330231161813269,0.6005095756386518
Finland,FIN,2016,0.12384316903440853,1.312309238793458,-0.017200209629603138,-0.25256335639005867,-0.5660130246963208,-0.254805750009089,0.44926448513959766,0.15032498956481327
Finland,FIN,2017,0.29291889718128017,1.2960872131149561,-0.3358457508938759,-0.09164326911487133,-0.5098517652018347,-0.2680563091375293,0.4225457820474333,0.057657648837534374
Finland,FIN,2018,0.16634921855367915,1.3144033327584987,-0.6648566224766168,-0.5559417010868313,-0.4632348690466303,-0.35550796632544907,0.23056139297508252,0.0644225357740053
Finland,FIN,2019,0.3495953065704927,1.3367736604577412,0.7264744674782448,-0.5214534134287482,-0.47167707575949247,-0.27569498522850505,0.13059141398979288,0.23118936968514808
Finland,FIN,2020,0.4342276124607419,1.462195042473838,-0.33202044757082044,-1.3664458192568876,-0.5753602572473551,0.09099330671142151,0.2903032122485741,0.26690415191597194
Finland,FIN,2021,0.4091037122721349,1.4277522376310505,-0.5355792331948978,-0.22959205944120872,-0.3062338352199292,-0.07947011832487784,0.268988291804263,0.08513509855209753
Finland,FIN,2022,0.059003215921121496,1.3427745581994026,1.6919852900189463,-0.6505300158455855,0.3904533711900711,-0.30297263958352094,0.13419393575502855,0.5497087593577702
Finland,FIN,2023,0.25432463894078217,1.2784383160762465,-0.41982883576892094,-1.1021526677371951,0.26707707706488343,-0.32375104636115315,0.1987391173821675,0.264071808169948
Finland,FIN,2024,0.31529206580693064,1.252820867479596,-0.06509322817147975,-0.7359968180829702,-0.3951245300794504,-0.26606012626733333,0.38652056439507665,0.19053832851892125
France,FRA,1990,0.2710510773325194,0.9373515623814492,-0.05055929710966535,-0.19586941850719863,-0.1649285157541979,0.473007453350889,0.4966976883818674,0.2309124617750031
France,FRA,1991,0.304775453917609,0.9373515623814492,0.4609075131792479,-0.5463307758901065,-0.162225414317093,0.48593769195437225,0.4966976883818674,0.3514606233646202
France,FRA,1992,0.40336210812284573,0.9373515623814492,-0.9239985238070741,-0.4848614750669669,-0.2823199761854723,0.36031298237804316,0.6571600120084058,0.11857220338849614
France,FRA,1993,0.45325148460726006,0.9373515623814492,0.9367766717247893,-0.8973851858260554,-0.31897078261156525,0.42865150525755996,0.8248273791654159,0.4646814338766349
France,FRA,1994,0.4348574534614482,0.9373515623814492,-0.328340108137136,-0.29398455879465396,-0.38242790673610483,0.5660583793186961,1.0159111377964576,0.2382400242795097
France,FRA,1995,0.4527074591531262,0.9373515623814492,-1.4790956774660562,-0.3113359877985566,-0.3625028510590241,0.26720293076719565,0.9019813869708796,0.0176522686056964
France,FRA,1996,0.5276284847384444,0.9373515623814492,0.3010436007695416,-0.5110380308904146,-0.33615555884500636,0.21240257914872188,0.9819873911738219,0.29714844582578553
France,FRA,1997,0.6909848045237914,0.9373515623814492,1.9440938761525617,-0.26243556688382796,-0.44625605778616595,0.3265114560108266,1.0118583008105675,0.4778585571327536
France,FRA,1998,0.6799095460927093,0.9373515623814492,0.10173339854952054,-0.05881306633570379,-0.5243946433903344,-0.04345367287078846,0.9380066046232364,0.11259239564801113
France,FRA,1999,0.789972330452698,0.9373515623814492,-11.949093698399064,-0.07053634777496669,-0.5405060500486287,0.11793733887744783,0.9240468327829481,-1.6042428567262255
France,FRA,2000,0.5151381545647424,0.9373515623814492,2.1272494691330825,0.09264011586401905,-0.37953814118779605,0.027449905021994327,0.6594115881116782,0.3948780161473782
France,FRA,2001,0.5577719246124624,0.9373515623814492,0.39150602043557015,-0.40050998073534416,-0.38535865933727514,0.13684968154209043,0.4180426298408886,0.19158989871222928
France,FRA,2002,0.5148743534270624,0.918816039038597,-0.797884946391231,-0.583492430695141,-0.34456162456821066,-0.05059008541879092,0.43185229660762536,0.03232139379086691
France,FRA,2003,0.47636965285712735,0.9065905809340951,-2.3719210397438095,-0.6054760827842833,-0.3198175297560152,0.05079184711545112,0.37241068748123674,-0.17611986057741227
France,FRA,2004,0.4224265123766316,0.9284287435622226,-1.3329471871124154,-0.18737205535715967,-0.31365235763807736,0.1115792174037317,0.46367457220054037,-0.05399592408621003
France,FRA,2005,0.36794145791719973,1.0006336669943585,-0.05269688515556709,-0.402908300784492,-0.36965668532232115,0.17988702812832497,0.4588712098468928,0.17885788247985432
France,FRA,2006,0.3714873349683387,1.0875610329375227,-0.18024437090542933,-0.22129386729987516,-0.3796562207516069,0.43133023522234765,0.4513659561693187,0.18002330928624133
France,FRA,2007,0.3281851772375966,1.1870775778594176,-1.2365727690965245,-0.2616830923745159,-0.40610587699371664,0.38255264135439704,0.3276793755628939,0.026875551974769533
France,FRA,2008,0.24985584001011535,1.2659971458695687,-1.0152386027355782,-0.7347637151508771,-0.2188410784218866,0.2157826754180248,0.23431401981386973,0.13813171929782286
France,FRA,2009,0.26761865244314137,1.3190399995274218,0.7201193381820146,-1.4398211367617233,-0.6040442673133359,-0.10962757218361394,0.4948964274992495,0.4275123442900454
France,FRA,2010,0.2658808163329373,1.3352165735931494,0.6865506805467333,-0.3783206980038598,-0.40001036185359035,0.039261340737993686,0.5184629240468328,0.327417291248863
France,FRA,2011,0.2417280387820996,1.3525041023171325,-0.7238552770659071,-0.28212280102081283,-0.3179622502255172,-0.0005962755242289513,0.510807565295707,0.12304180386227134
France,FRA,2012,0.21735316074622218,1.3509814516950325,1.1296197989301773,-0.7779587980248897,-0.340210552926101,-0.12102077033290991,0.6028219753827678,0.4546853628610906
France,FRA,2013,0.2948611839687905,1.3358592670061815,-0.5121594174915177,-0.6464127112222507,-0.4943459966627576,-0.09347300160619954,0.613629540678475,0.17158027416823457
France,FRA,2014,0.2497954521322062,1.2935901750356273,-0.054635615170529964,-0.5988746425671043,-0.5446592066103593,-0.1968147494985861,0.6676673671570099,0.21631816590686576
France,FRA,2015,0.32741314752627365,1.3157805526246078,2.7420359539051264,-0.5837114514299868,-0.6111265860000268,-0.20207417092530003,0.6798258781146802,0.5972485616604002
France,FRA,2016,0.3021951551895369,1.370637206829032,-0.017200209629603138,-0.6291918441765184,-0.5905153797142503,-0.254805750009089,0.635244671269889,0.21005103253328
France,FRA,2017,0.31010477524592894,1.45959945565419,-0.3358457508938759,-0.3599963987265585,-0.4705196150350562,-0.2680563091375293,0.5379765836085261,0.13900656966812633
France,FRA,2018,0.2778501571071899,1.5243963599378774,-0.6648566224766168,-0.4562942573191428,-0.35482298115904964,-0.35550796632544907,0.47928549984989505,0.11527691286265855
France,FRA,2019,0.4413171129363335,1.5737336148389782,0.7264744674782448,-0.3723537677220982,-0.45978121870435135,-0.27569498522850505,0.38877214049834874,0.2692200962383543
France,FRA,2020,0.12124886983258691,1.9721514937076654,-0.33202044757082044,-2.455388353161806,-0.549077692215708,0.09099330671142151,0.32782948063644557,0.5491450892283177
France,FRA,2021,0.39892250828717396,1.8713738796991268,-0.5355792331948978,0.695750158875939,-0.3842914067785973,-0.07947011832487784,0.3071149804863405,0.012067919246283072
France,FRA,2022,0.19177234279511404,1.84051802155976,1.6919852900189463,-0.22070025788818223,0.12173395885094805,-0.30297263958352094,0.22185529870909634,0.5145782635211854
France,FRA,2023,0.23987607053000123,1.6956084262870361,-0.41982883576892094,-0.5017680734719343,0.07310933801220924,-0.32375104636115315,0.2266586610627439,0.21624122088197834
France,FRA,2024,0.37926365968506814,1.5881669991031224,-0.06509322817147975,-0.5564938306965383,-0.3338705844681597,-0.26606012626733333,0.23641549084359056,0.1909698174358872
Gabon,GAB,1990,0.7168579008179158,-0.45216735992240686,-0.05055929710966535,0.32391834967515903,0.4755176615463536,-0.6073453203214118,1.7110477334133898,0.0051024524447406605
Gabon,GAB,1991,0.5397863681230605,-0.4152725943827698,0.46090751317924367,0.5263821895168627,-2.268219574570686,-0.26839409584338586,1.7110477334133898,-0.26372851083487586
Gabon,GAB,1992,-0.002687895617460588,-0.4948006556501172,-0.9239985238070563,-1.4982533641551607,-1.9652859638230467,-2.0349871780376576,1.784899429600721,-0.3047473759920765
Gabon,GAB,1993,0.23023020033021294,-0.508360646593362,0.9367766717248056,0.04986111107417928,-0.5409859329071788,-1.0026481612817377,1.794506154308016,0.05702811054945015
Gabon,GAB,1994,1.3043948055412655,-0.5850777812807931,13.542603732318003,-0.0015762656270695821,4.488473762055733,1.8643358425882701,1.7981086760732514,2.829375098834324
Gabon,GAB,1995,1.6510713510670547,-0.5599500862061972,-1.4790956774660522,0.27587140509929947,0.7470737419537318,-0.13456228387002017,1.7356649654758336,-0.23111601375415122
Gabon,GAB,1996,2.296950231555864,-0.5886701599833848,0.30104360076954007,-0.020872048882426896,-0.5189434044516429,0.3866212359594322,1.7262083458420896,-0.138545509219629
Gabon,GAB,1997,1.6012205442106255,-0.5435947367074415,1.9440938761525528,0.4440701057948848,-0.05479607470343507,-0.04951493149418254,1.7023416391474036,0.13617701748419814
Gabon,GAB,1998,-1.2724433946403462,-0.4983539329245852,0.10173339854951383,-0.05326028791305361,-0.4116550700273593,-1.011945200723363,1.7002401681176829,0.1722461493636127
Gabon,GAB,1999,1.403157756851112,-0.5159387077091193,0.5615249427956819,-2.7836318228994066,-0.8901611942306821,-1.0963366534405585,1.767337135995197,0.17241422706554482
Gabon,GAB,2000,2.8031136057159762,-0.5432505260171401,2.1272494691337274,-1.2326670094614387,-0.5450604604839636,0.4641474215396437,1.8047132993095167,0.2481932296038924
Gabon,GAB,2001,1.6413405751622347,-0.4608103870414332,0.3915060204364706,-0.3486400192398429,-0.3142840517679441,-0.5705019458855748,1.801561092764936,-0.0636042610594196
Gabon,GAB,2002,1.1515390076388399,-0.465344758313389,-0.7978849463919279,-0.8731923343409544,-0.6112441143117702,-0.5311929785926981,1.7338637045932157,-0.13573568090206495
Gabon,GAB,2003,1.8219311196607133,-0.4824287917934228,-2.3719210397434147,-0.3239781270727109,-0.30046989516791567,-1.0067545114125103,1.6963374362053443,-0.5661699706428459
Gabon,GAB,2004,1.8387671245820887,-0.5308698800997377,-1.3329471871130794,-0.66670018504268,-0.5587307419380281,-0.16408899883590738,1.6936355448814173,-0.2950097432349635
Gabon,GAB,2005,2.925469562800103,-0.5482712611692664,-0.05269688515580547,-0.22962353827480456,-0.09226938324515767,1.5200398311928809,1.663914740318223,-0.029304140369203497
Gabon,GAB,2006,2.925469562800103,-0.5247899259108664,-0.1802443709050847,-1.4358669338296102,-0.8156429804372137,0.17405122149996183,1.798258781146803,-0.14828141479669896
Gabon,GAB,2007,3.0948481313381673,-0.5161853336877094,-1.2365727690963169,0.503414590394938,0.0945885656831225,-0.32631423810389476,1.8661062743920749,-0.5309486032208327
Gabon,GAB,2008,3.407444234209791,-0.5440131157082473,-1.015238602735698,-1.546277314627536,0.12766117665188373,-0.08219483753852012,2.009456619633744,-0.19507081132558465
Gabon,GAB,2009,1.1888792118289293,-0.5131917935496274,0.7201193381820128,-0.7897300166129922,-0.34989105567126805,-0.6277274738085711,2.0917141999399584,0.13169628855379534
Gabon,GAB,2010,2.477639360744367,-0.5537378721536176,0.6865506805470842,0.7414122342339324,-0.4098450603734398,0.6434210731900226,2.1862803962773945,-0.09519748249869364
Gabon,GAB,2011,2.135831362839225,-0.5253363588826251,-0.7238552770661207,0.7418227710966485,-0.43786373454471383,1.108717326358151,2.111978384869409,-0.19200197045739628
Gabon,GAB,2012,1.7918054595627533,-0.48708994988656173,1.1296197989300805,0.3368634079243389,-0.24151921941288026,-0.1449771736850161,2.0768537976583614,0.029174055159555973
Gabon,GAB,2013,1.3957842113648904,-0.40710798112654517,-0.5121594174914162,0.42214248843607216,-0.544986814311189,-0.07729960760564884,2.0881116781747227,-0.18162412030871986
Gabon,GAB,2014,1.1235313804380738,-0.41726211356611487,-0.05463561517085334,0.13091329787416492,0.046550377113504994,-1.0699621902331167,2.1086760732512766,-0.0915825924167917
Gabon,GAB,2015,0.4898649438200318,-0.4178134263574256,2.7420359539053747,0.03497648849157759,-0.6643166051725015,-0.8504973449448434,2.1191834283998805,0.3433929390741251
Gabon,GAB,2016,0.4898649438200318,-0.4326246060256779,-0.01720020962920125,-0.35827433723413016,-0.31865355078962676,-1.1702978089574008,2.1453017111978387,0.010704989887147218
Gabon,GAB,2017,0.4898649438200318,-0.5088971225647274,-0.33584575089413043,-0.7144196542511976,-0.24158882624869546,-2.153743938248485,2.173821675172621,-0.1202427503360359
Gabon,GAB,2018,0.4898649438200318,-0.4487104792257307,-0.6648566224769699,-0.6340571597360903,0.05483455116846095,1.5611672821728055,2.196637646352447,0.40618065627243877
Gabon,GAB,2019,0.4898649438200318,-0.44237816129066854,0.7254606321865219,0.04419679657000947,-0.26807125131427884,-0.7765910333470556,2.183428399879916,0.12682669224634197
Gabon,GAB,2020,0.4898649438200318,-0.44237816129066854,-0.29989186202911444,-1.2227215768696493,-0.4252211392643722,-0.7765910333470556,2.3197238066646655,0.15835689196901034
Gabon,GAB,2021,0.4898649438200318,-0.44237816129066854,-0.5681328271871329,-0.4954445871831249,-0.46279860592086025,-0.7765910333470556,2.3113179225457823,0.009570991166165412
Gabon,GAB,2022,0.4898649438200318,-0.44237816129066854,1.7158156106604026,-0.15011101121012863,-0.0183572574331854,-0.7765910333470556,2.175622936055239,0.3306225945764041
Gabon,GAB,2023,0.4898649438200318,-0.44237816129066854,-0.44048113637637853,-0.28182356833900674,-0.10348069922560177,-0.7765910333470556,2.1519063344341043,0.025847704101910667
Gabon,GAB,2024,0.4898649438200318,-0.44237816129066854,-0.05579486806814636,-0.07169557840699131,-0.45061277305153324,-0.7765910333470556,2.1413989792855004,-0.00030674598356344215
"Gambia, The",GMB,1990,1.310724598837475,-0.4937592756384039,-0.05055929710966535,-0.03542975172343014,1.1034438962245563,-0.2618246143704172,0.5933653557490244,-0.05494696889413581
"Gambia, The",GMB,1991,0.5827729842558622,-0.6191189708761446,1.4832912126882252,-0.13483717301743411,0.6051353707567556,1.0087978466727854,0.5933653557490244,0.37479071482174536
"Gambia, The",GMB,1992,1.0289495463474188,-0.6503609028217708,0.2128317833358386,-0.07507271126520325,0.724459931625562,0.13627347950005209,0.6098769138396878,0.011314910056736318
"Gambia, The",GMB,1993,0.2842185744451486,-0.6126437298378963,0.29729487773484964,-0.1557240440300723,0.2972066270988997,0.05957760401785477,0.6142299609726809,0.07531011565304466
"Gambia, The",GMB,1994,0.5028074162342453,-0.6094198111017199,0.6749364304144857,-0.784446614168048,-0.37469752928720307,-1.1544385438731324,0.6332933053137197,-0.07838385008572105
"Gambia, The",GMB,1995,0.24080655571809367,-0.6264580523624237,-0.10594234281108804,-0.6243919427608596,0.3703067941129753,0.16642707274544444,0.6496547583308317,0.11965337386550082
"Gambia, The",GMB,1996,-0.3170059717812842,-0.6364367373654825,0.32436315074334937,-0.3292108254764944,-0.4610202920396872,-0.45274056431517196,0.6555088561993396,0.010841601497160847
"Gambia, The",GMB,1997,0.015846214866078876,-0.613334622090976,0.531432895019143,0.25962427810514704,-0.22331243872134418,0.8081659342479619,0.6265385770039028,0.12200283606963738
"Gambia, The",GMB,1998,0.015846214866078876,-0.6076328717473357,0.5638408878994516,-0.04838383560580757,-0.45894254115740085,-0.1276557773124574,0.6113779645752027,0.001932183285312718
"Gambia, The",GMB,1999,0.015846214866078876,-0.5883042260141874,0.9491301929429299,0.5896328620270321,-0.07756388016779416,0.011066322968779584,0.5872110477334135,0.03943719722429006
"Gambia, The",GMB,2000,0.015846214866078876,-0.5853994200576175,1.678492674131699,0.39162796034511554,-0.49699566734726136,1.678039067148923,0.5849594716301411,0.3502317071849557
"Gambia, The",GMB,2001,0.015846214866078876,-0.5513366152862567,3.15761856323904,0.4576296856844106,0.018583368313281303,0.5478725057941046,0.5726508555989194,0.46741611101551417
"Gambia, The",GMB,2002,0.015846214866078876,-0.5002844827991396,3.7652333765062864,-1.5334222699401332,0.6004400516887014,1.711405703209369,0.6325427799459622,1.1038447833750333
"Gambia, The",GMB,2003,0.43561306412263984,-0.47726447007261785,6.067544043976001,0.6930356815506293,1.791105993787045,2.2588620450881938,0.6253377364154908,1.3052766576458346
"Gambia, The",GMB,2004,-0.02073331079963714,-0.6222247527763974,0.6931084096703731,0.7326367965646732,1.3916435230234792,0.7702312443287966,0.618883218252777,0.3056768795334275
"Gambia, The",GMB,2005,-0.15292647067380236,-0.604557615531743,-0.73592475913595,-1.3357975482430915,0.06749286787942842,-0.286142050038866,0.6146802761933353,0.07775324832615696
"Gambia, The",GMB,2006,-0.4001654505672423,-0.5752291541675607,-0.30293593479631314,-0.9406346092039615,-0.32574966581297465,1.0779481473041084,0.6628640048033624,0.26824249387168947
"Gambia, The",GMB,2007,-0.39664827505255984,-0.5679956859156847,-1.6598946059278055,-0.14887127604470754,0.14247898823333688,-0.37940738652622197,0.690483338336836,-0.17554511438603887
"Gambia, The",GMB,2008,0.3189963773827384,-0.5424712006491149,-1.5756469955249228,0.5579314626163187,0.011665706175759696,0.45518592832840893,0.6364455118583008,-0.27024984140151787
"Gambia, The",GMB,2009,0.6073426368012133,-0.5331221697673307,2.7878380785170322,0.6480939417085723,0.028323662576621635,0.21093908871479738,0.5933653557490244,0.26170106246862274
"Gambia, The",GMB,2010,0.5088458021238574,-0.5261250611650256,0.6756664228368763,0.4814641312177571,0.09732530446021796,0.43206771745357814,0.5776043230261183,0.03803268189573579
"Gambia, The",GMB,2011,-0.5790857188150206,-0.506371179952919,0.681615802316778,-2.6071479378807485,0.06145184618482159,-0.05517357872886857,0.6681176823776643,0.5765534612704636
"Gambia, The",GMB,2012,-0.4414111254931709,-0.5134387858117733,1.205582641151414,0.33477166576880024,-0.015095827426118574,-0.3435424585970631,0.6786250375262685,0.15982429522387115
"Gambia, The",GMB,2013,-0.5034707921076887,-0.5155651795748081,1.6610597304604597,-0.18637801109150098,0.18912263015274475,0.1951994553451808,0.544731311918343,0.3949138216430157
"Gambia, The",GMB,2014,-0.48101233413145167,-0.5403486048964823,2.221972025978018,-1.1280358251496483,0.22429944323825254,-0.2161255768592803,0.3551486040228161,0.5219991501092035
"Gambia, The",GMB,2015,-0.11339930382714498,-0.5403486048964823,0.21159619775001104,0.0743958853744657,0.34592178028432397,-0.2161255768592803,0.21029720804563193,0.007192060396697663
"Gambia, The",GMB,2016,-0.2648385189154401,-0.5403486048964823,0.23780800057674867,-0.3908533477263114,0.4053350297088425,-0.2161255768592803,0.0628940258180726,0.08646496299852181
"Gambia, The",GMB,2017,-0.4132016672600416,-0.5993850778771316,1.0052008325933406,0.24259850520566306,0.5191750345707508,-0.2161255768592803,-0.10927649354548181,0.11002741156236802
"Gambia, The",GMB,2018,-0.629986910025127,-0.5786918668753183,0.4178019622082039,0.7733137292719293,0.3052865568660799,0.46201537980360213,-0.2656859801861304,0.028199890367090714
"Gambia, The",GMB,2019,0.11614407520487216,-0.5539065207994447,0.5108712167974927,0.5504837463160569,0.38934641981290735,1.1047486361585972,-0.20174121885319732,0.08324153022791804
"Gambia, The",GMB,2020,-0.22137841135742614,-0.5549831569324488,0.35619194768228407,-0.6882730165695855,0.22193570789176828,0.7744390088337121,0.0022515761032722427,0.2442123587865142
"Gambia, The",GMB,2021,-0.16418657421035718,-0.5393945178430029,-0.05528910574068492,0.3379396475075512,0.4253433068502107,0.7181002613593389,0.05824076853797658,0.0618925199809492
"Gambia, The",GMB,2022,-0.13702588030614607,-0.523341536216279,0.8945441695052698,0.39008748324367654,1.010909429435079,-0.309068506855067,0.036325427799459624,0.12232962581870457
"Gambia, The",GMB,2023,-0.2539570896783053,-0.5426306024300712,1.5396310728914342,0.4833253699874306,1.7828155188756123,-0.19686404213036393,0.09816871810267187,0.3502503407143083
"Gambia, The",GMB,2024,-0.14395661206918522,-0.5280025494258771,1.4697556271955086,0.4029055513180501,1.0176846523451193,-0.30261100671544655,0.09831882317622341,0.2137423724752375
Georgia,GEO,1990,-1.4410092195985167,0.011551598780938626,-0.05055929710966535,-4.072021080685991,22.383061600151628,2.074568237549705,-0.46907835484839394,4.208939154972674
Georgia,GEO,1991,-1.4410092195985167,0.011551598780938626,-0.05055929710966535,-5.4604917259993115,22.383061600151628,2.074568237549705,-0.46907835484839394,4.407292104303148
Georgia,GEO,1992,-1.4410092195985167,0.011551598780938626,-0.05055929710966535,-10.696611405891902,22.383061600151628,2.074568237549705,-0.06379465625938155,5.213206872657663
Georgia,GEO,1993,-1.4410092195985167,0.011551598780938626,-0.05055929710966535,-7.264608172462795,22.383061600151628,2.074568237549705,-0.06379465625938155,4.722920696453505
Georgia,GEO,1994,-1.4410092195985167,0.011551598780938626,-0.05055929710966535,-3.1060738258448457,22.383061600151628,2.074568237549705,0.38652056439507665,4.193175107030149
Georgia,GEO,1995,-1.4410092195985167,0.011551598780938626,-0.05055929710966535,-0.24714221260778785,22.383061600151628,2.074568237549705,0.26643650555388765,3.7676014395904
Georgia,GEO,1996,-1.4410092195985167,0.011551598780938626,-0.05055929710966535,1.6462208012827928,4.9466135293348055,2.074568237549705,0.8518462924046833,1.0898298256108845
Georgia,GEO,1997,-1.4410092195985167,0.011551598780938626,0.33823075363145855,1.4962336228097461,0.3853804327090761,2.2612779083796535,0.8518462924046833,0.541866083242083
Georgia,GEO,1998,-0.5739427880675122,0.011551598780938626,0.9561242931777392,-0.13605370080118404,-0.1122735122017471,-0.934331400955302,1.306664665265686,0.2768188761337158
Georgia,GEO,1999,-0.5067193157218166,0.011551598780938626,6.410909091616561,-0.18758212793113105,2.0963873534041997,0.6326398191097625,1.1970879615731014,1.5775538954482158
Georgia,GEO,2000,-0.34207698626030886,0.011551598780938626,-0.38846487675908964,-0.4135092025503804,-0.04200253414376495,1.9968876518595147,0.7497748423896728,0.44047612441970874
Georgia,GEO,2001,-0.3876523898891353,0.011551598780938626,0.642860595923276,0.23922965053863313,0.040272743723712916,0.5486949671997547,0.8008105673971782,0.3132304589107661
Georgia,GEO,2002,-0.42048969755839166,0.011551598780938626,0.7866123406168184,0.3859132390184913,0.17339181749761284,0.5034488150103774,1.015460822575803,0.3607202647173501
Georgia,GEO,2003,-0.8143967503079679,0.011551598780938626,-0.3729179122624296,1.6142065827650829,-0.49801831384473755,0.815048085594187,0.8533473431401982,0.0013144241358630712
Georgia,GEO,2004,-0.4899385343332519,0.011551598780938626,-1.5606284722725017,0.45601983413694597,0.18307250279841977,2.059763857974753,1.0199639747823477,0.24966316603718045
Georgia,GEO,2005,-0.9719652577682204,0.011551598780938626,-0.8181087326603089,1.2917017929811454,0.5492677892550761,1.1663943386063762,1.1985890123086163,0.25542249586825333
Georgia,GEO,2006,-1.531657899461706,0.011551598780938626,-0.30222137590406,1.2543761669470768,0.6784407209949563,2.258282926011961,1.1625637946562595,0.5836999138649549
Georgia,GEO,2007,-2.0506933882998557,0.011551598780938626,-0.92424824293409,1.9482938270981887,0.6903042632467965,2.526978106051201,1.1190333233263283,0.5037169442389773
Georgia,GEO,2008,-2.3458639730643105,0.011551598780938626,-1.572592072883564,-0.28563456059656794,0.7969628984097626,-0.29886234505415243,1.8080156109276497,0.48236774626307327
Georgia,GEO,2009,-0.940764347377844,-0.025545405016457055,1.654895909397933,-1.6215900389898235,-0.372251064294233,-0.3094150557633162,2.23431401981387,0.8206218272150664
Georgia,GEO,2010,-0.8231663485601503,-0.04415017891087084,0.8968351783120846,0.5558420943858559,0.3885693986323356,1.333744072488518,2.1582107475232664,0.714361924602804
Georgia,GEO,2011,-1.102768636022559,-0.022013393354491467,-0.8114185841315358,0.9271959004771758,0.5910841312373291,0.1869087030066172,2.0725007505253683,0.3132334775469529
Georgia,GEO,2012,-1.008169646181284,0.03525988600139534,-0.3461802357128214,0.6289769202634732,-0.7498119327964635,-0.04367887536312626,2.075652957069949,0.19291921787382055
Georgia,GEO,2013,-0.3051774644466638,0.12941589822745642,0.053048248363845626,0.3108605773306329,-0.6888067453736781,0.9172785588106407,2.040078054638247,0.34933298596893464
Georgia,GEO,2014,-0.8582607337433629,0.23813040345450778,0.8197687545690765,0.08152776536801197,-0.18266343441602256,0.13250527695005432,1.7433203242269593,0.503970613308561
Georgia,GEO,2015,-1.0653677672851711,0.3088655431167339,3.9855407032307393,-0.08115923331026748,-0.0505375704747652,0.38893198940315216,1.6032722906034227,1.0546571366392459
Georgia,GEO,2016,-1.1437776039933494,0.433546103148613,0.5566032718972888,-0.05933649579367822,-0.3146647525287809,0.6699435065601559,1.6179825878114682,0.5952178309536817
Georgia,GEO,2017,-0.6136680730424836,0.45631839046681505,0.8032312364443549,0.31680453916641,0.236641517234308,0.19357682412486688,1.217952566796758,0.45779772413473946
Georgia,GEO,2018,-0.45404839788863427,0.5524194469158091,0.08796190656854912,0.5152791447962084,-0.24677357173602016,0.144540290795662,1.0270189132392675,0.2148480341250991
Georgia,GEO,2019,-0.37180993225149084,0.6709395292435517,1.5353020732199796,0.3653854676035831,0.06951079211260097,0.31709381160463207,0.8616031221855298,0.49441054185917166
Georgia,GEO,2020,-1.1660857469623065,0.9734795037786637,1.4097953119743816,-2.202343455951424,0.1189207979857582,1.0295598300977353,0.8869708796157311,1.1124507894808573
Georgia,GEO,2021,-0.902193130539362,0.8407885262320178,0.46160645382919596,1.5233888011971237,0.7358202042261015,-0.03957315896920987,0.8946262383668568,0.32458179900388584
Georgia,GEO,2022,0.04974764019215577,0.6287854719000449,-1.3916681149747423,1.5925362682700674,1.0653342529736693,-0.06700143510297489,0.8700090063044132,-0.07668924676597325
Georgia,GEO,2023,-0.3144181179226462,0.7005764342319152,-1.4490503613521644,0.904725557953957,-0.264793002651945,0.25299003843709594,0.8592014410087061,-0.07019755576538612
Georgia,GEO,2024,-0.28603067412029387,0.7412194083075186,0.448309395804159,1.311206504192358,-0.45957447729194506,0.1548333398757935,0.8604022815971181,0.10285915974579717
Ghana,GHA,1990,-0.09953251160496684,-0.6244638475027855,-0.05055929710966535,-0.08604459685571043,4.6500074158782425,0.09908627643671263,-0.3506454518162715,0.5584288863352728
Ghana,GHA,1991,-0.1028782374535321,-0.6518670408234034,1.7487275196303969,0.3436284699467834,1.9322506601421392,1.9899142079193706,-0.3506454518162715,0.6325185232227115
Ghana,GHA,1992,-0.3572417855804345,-0.6241786711177922,2.613405425378379,0.03509082223528169,0.8049672244280341,2.9586382267642786,-0.16886820774542183,0.8437307087218044
Ghana,GHA,1993,-0.7879512737044866,-0.6264150039006099,6.811202207869742,0.24862430917879488,2.9115558472809067,1.5808013055218515,-0.08916241368958276,1.5896155582297145
Ghana,GHA,1994,-0.20883056397398964,-0.6175377285218654,6.644663783357274,-0.09238475364663307,2.898893038199364,2.979594901248226,0.011257880516361481,1.745441027488569
Ghana,GHA,1995,0.09408983540409971,-0.6213413700966859,3.553797279548608,0.0863521337267803,7.788250014573035,2.290234005472959,0.09891924347042928,1.8470596005482094
Ghana,GHA,1996,-0.17809977053419973,-0.601263257150067,5.097799637804982,0.19416422283878595,5.96480541455228,1.9987557586567215,0.19003302311618134,1.8048665892393587
Ghana,GHA,1997,-0.3546131238078338,-0.5540590912461301,3.5179908160832647,0.10481907789654041,3.3250459500873184,2.357373269189937,0.2722906034223957,1.3097765133497254
Ghana,GHA,1998,-0.4928098124190608,-0.5289752459745064,1.7712465747099146,0.2157093024119536,1.4506448334095354,0.40629304751307993,0.35649954968477926,0.5332584670499871
Ghana,GHA,1999,-1.174945319633753,-0.4599318421945032,2.1208627192111766,0.1496209097920523,0.07127757089315674,0.9878373848316725,0.6416991894326028,0.6267242045736865
Ghana,GHA,2000,-0.5894146716972674,-0.42955308483763543,14.715553061125973,-0.004382385807734482,5.071483659421105,3.1024376660392057,0.6951365956169319,3.3926935649815113
Ghana,GHA,2001,-0.6249874650455114,-0.47453899566483415,4.399475910706329,0.06161934382846827,5.250790550660613,3.270424723618957,0.5688982287601322,1.9397740770426057
Ghana,GHA,2002,0.15787683122148605,-0.4688239671909346,1.4528418506309992,0.17162208432886722,0.7067053892618682,1.9999158317715326,0.4332032422695888,0.5420490615989573
Ghana,GHA,2003,0.5333508348295989,-0.4614198297289174,1.2769307528650249,0.32562622261414503,3.5918756772280944,0.8281948977939118,0.2856499549684779,0.6660363422404068
Ghana,GHA,2004,-0.4523002358477653,-0.44677498589400416,0.4837247619992953,0.41362848386177176,1.933847848698689,1.1241332188177564,0.14004803362353646,0.46766437560446666
Ghana,GHA,2005,-0.9014744033304971,-0.3956573306450124,0.03933037858061837,0.47963104541477247,1.565817498340683,0.5514032520525016,-0.0013509456619634258,0.31162660151179317
Ghana,GHA,2006,-0.2560218168777611,-0.4966710079296313,0.10414004412031042,0.589613843870798,1.0343819994891685,2.0091838963598465,-0.13929750825577905,0.3111636281129826
Ghana,GHA,2007,-0.8150698716442314,-0.4184108460158963,0.22020663729435808,0.13792150637774683,0.9008212867464757,1.8253555546183442,-0.10822575803062146,0.4424136056970207
Ghana,GHA,2008,-1.0647558121187735,-0.45882379705029736,1.7647459551313178,1.194604597641592,1.7150295316063253,1.9972752393010906,-0.10222155508856201,0.6837366554824366
Ghana,GHA,2009,-0.5311206278869381,-0.3483908839854844,4.6917097214896515,0.24741130712916612,2.1040585641379668,0.9380972905393327,-0.06949864905433806,1.085669337697843
Ghana,GHA,2010,-0.6855133385827503,-0.3715875521037539,0.20137289315486812,0.9195782933756562,0.9006973668867604,1.464687009799807,-0.06619633743620533,0.2707012036440815
Ghana,GHA,2011,-0.743565337949176,-0.3600666277398903,0.8462852002613667,2.272044087410794,0.6173075767798443,1.6170610101254694,-0.24196937856499554,0.1357341473428824
Ghana,GHA,2012,-1.1016690379436254,-0.34117581734903785,2.7802903678130213,1.226063320133374,0.9647203950506039,0.9674515677872167,-0.4051335935154609,0.5488226625137992
Ghana,GHA,2013,-0.7526673395058059,-0.4010824784141065,1.1627099550111355,0.7903938047504585,1.032545678503316,0.5538273163660826,-0.5481837286100271,0.25172718251596404
Ghana,GHA,2014,-0.46610120314927744,-0.37494752128983166,6.485062560088464,-0.19001440376768297,1.5729730231908328,1.8589625281724484,-0.21344941459021327,1.4263881117840942
Ghana,GHA,2015,-0.33695109571982035,-0.34415344908394613,3.9454285627299064,-0.35182440063281284,1.807658080334998,0.9993450323204186,0.1472530771540078,1.0349009714011452
Ghana,GHA,2016,-0.25449374724494206,-0.35488593029049026,0.6928491701051401,-0.07622181034127447,1.850721423623986,0.7737787240076859,-0.08540978685079556,0.4582527368831061
Ghana,GHA,2017,-0.04101475717800701,-0.38368498467228496,1.5443034802705158,0.9699998538234605,1.1322979969661804,0.3018591834330075,-0.36865806064244977,0.18530464552993076
Ghana,GHA,2018,-0.006843952462655437,-0.4351000344541131,0.7130310317096683,0.5456490150571178,0.4873120720607248,0.27950639214388157,-0.39342539777844493,0.016074143012464896
Ghana,GHA,2019,0.03181287853076816,-0.4302919637630279,1.8997155855359569,0.6133441433738862,0.39329900023090764,0.6898297287558587,-0.41398979285499854,0.21334364800000602
Ghana,GHA,2020,-0.007869098460003075,-0.4492313210596774,0.9754541542862757,-0.7053334968086677,0.7811041027041983,1.2037947638169446,-0.3973281296907836,0.40385659504651833
Ghana,GHA,2021,0.02025265164391584,-0.4493196447402448,0.4804073383496927,0.2984481010845947,0.7929488091807297,0.6860786340057823,-0.3940258180726509,0.1139126522849712
Ghana,GHA,2022,0.08070703459235708,-0.444273949079173,5.9609286997376865,0.01868514915790588,3.801480493068035,1.47270969766604,-0.4435604923446413,1.4639846093282407
Ghana,GHA,2023,0.2560781539324999,-0.5270925280411463,4.649537049185954,-0.1275655926563254,4.769854944119623,1.8676233271314144,-0.44971480036025224,1.4545279186799167
Ghana,GHA,2024,0.6058757272315914,-0.5383404282447839,4.008452557594359,0.4680729836496674,2.613100802864087,1.5423163179081463,-0.45106574602221566,0.8715021133169049
Greece,GRC,1990,-0.08397857825979825,0.3835837646896231,-0.05055929710966535,-0.8184036099525204,2.2717733117906262,0.473007453350889,0.2622335634944461,0.6060601406326054
Greece,GRC,1991,0.1812106216185197,0.3835837646896231,2.0695691384767017,-0.1363859072175644,2.1335854718085177,0.48593769195437225,0.2622335634944461,0.7557264165746721
Greece,GRC,1992,0.13804052362814156,0.3835837646896231,0.598235400801065,-0.6643995238037389,1.627738799339266,0.36031298237804316,0.46562593815670966,0.5659794122200436
Greece,GRC,1993,0.2827260948326294,0.3835837646896231,2.816371809713582,-1.1704127850036257,1.4205518614686268,0.42865150525755996,0.6532572800960672,0.9414432730566364
Greece,GRC,1994,0.35305690765825576,0.3835837646896231,0.7735583279967614,-0.378392180757371,0.9205828107511655,0.5660583793186961,0.5978685079555689,0.4667124376872757
Greece,GRC,1995,0.10657745006185444,0.3835837646896231,-0.6885949755162943,-0.3564532785009006,0.6464326882727935,0.26720293076719565,0.6441008706094266,0.2146573010373987
Greece,GRC,1996,-0.026100753904423502,0.3835837646896231,0.5020973139663886,-0.5142521603428123,0.5418416938030994,0.21240257914872188,0.6870309216451516,0.4096155982143172
Greece,GRC,1997,-0.06397947520649985,0.3835837646896231,1.8507294631639197,-0.02574864204935449,0.1660651765892118,0.3265114560108266,0.6975382767937556,0.5020223220718845
Greece,GRC,1998,-0.06397947520649985,0.3835837646896231,1.113815597884819,-0.06225803624132903,0.05725994350170612,-0.04345367287078846,0.9609726808766138,0.37120226078997176
Greece,GRC,1999,-0.28846272368455605,0.3835837646896231,0.43382846224825133,-0.2334555342801118,-0.24375040506779738,0.11793733887744783,0.9476133293305314,0.30873296400610345
Greece,GRC,2000,-0.5957813237233085,0.3835837646896231,2.7154446630626468,0.09194204428491161,-0.1710207955711922,0.027449905021994327,0.8285800060042031,0.6125538318065246
Greece,GRC,2001,-0.511067070377208,0.3835837646896231,-14.156145974397024,0.20471425420973804,-0.1395306883209936,0.13684968154209043,0.7413689582707895,-1.8182173488640065
Greece,GRC,2002,-0.4203062283583503,0.4520237711566738,-0.797884946391231,0.21191343052238654,-0.10343216411715209,-0.05059008541879092,0.6786250375262685,0.05530491579881886
Greece,GRC,2003,-0.4351331987179994,0.5352260027517658,-2.3719210397438095,0.4569306174090657,-0.1173842511889822,0.05079184711545112,0.602521765235665,-0.188937584931568
Greece,GRC,2004,-0.3407069600840686,0.646135245361269,-1.3329471871124154,0.3647578088653356,-0.20668724075949133,0.1115792174037317,0.7209546682677875,-0.012145163660055072
Greece,GRC,2005,-0.5602128751680869,0.856932800629804,-0.05269688515556709,-0.5580254287181238,-0.1153456883736876,0.17988702812832497,0.6377964575202643,0.37497314523362135
Greece,GRC,2006,-0.9893597339648489,0.9407366872781017,-0.18024437090542933,0.5991807972135493,-0.1646933914370904,0.43133023522234765,0.4624737316121286,0.2685402612173368
Greece,GRC,2007,-1.3841191373063582,1.118623753373995,-1.2365727690965245,-0.0468721620698479,-0.2072307026271176,0.38255264135439704,0.3791654157910539,0.2667899483102871
Greece,GRC,2008,-1.4363253246355678,1.2201204211417749,-1.0152386027355782,-0.8057589953054425,-0.029446013349282995,0.2157826754180248,0.27604323026118277,0.41562086152530453
Greece,GRC,2009,-0.9901439300941124,1.192468700636196,0.7201193381820146,-1.724667953947313,-0.44538963918423935,-0.10962757218361394,0.5585409786850795,0.6615605271681232
Greece,GRC,2010,-0.8926795451960848,1.7009306595754972,0.6865506805467333,-2.071059310541023,0.049735132886985646,0.039261340737993686,1.0348243770639447,0.925005863792609
Greece,GRC,2011,-0.8788633264834291,1.838600026723445,-0.7238552770659071,-2.9913515433897944,-0.14576619919231662,-0.0005962755242289513,1.8234764335034526,0.9517247969025239
Greece,GRC,2012,0.04945756038082969,1.8590021927425473,1.1296197989301773,-2.6513008854410196,-0.404193614781311,-0.12102077033290991,2.8378865205643957,1.1290196360261557
Greece,GRC,2013,0.10553732069820351,1.8512916345883141,-0.5121594174915177,-1.3182823721191497,-0.7466472708795839,-0.09347300160619954,3.281447012909037,0.7133148584201423
Greece,GRC,2014,0.19109017672665216,1.8104431421987701,-0.054635615170529964,-0.6441095559814213,-0.8019125301261208,-0.1968147494985861,3.134644250975683,0.6206776968048551
Greece,GRC,2015,0.18302874050013782,1.7142744743708438,2.7420359539051264,-0.8686313347201741,-0.8617907116523057,-0.20207417092530003,2.8754127889522674,0.9933515612672382
Greece,GRC,2016,0.0841367014877648,1.6106790696956108,-0.017200209629603138,-0.8253986411061405,-0.7331323634473335,-0.254805750009089,2.655208646052237,0.5717159046114569
Greece,GRC,2017,0.07426037436846986,1.4386849118035063,-0.3358457508938759,-0.49430772693924224,-0.45794377184390755,-0.2680563091375293,2.3398378865205647,0.4481034741456472
Greece,GRC,2018,-0.07071248362692471,1.2352001986505343,-0.6648566224766168,-0.36416391912620516,-0.5279997486500575,-0.35550796632544907,2.004503152206545,0.3037450594511551
Greece,GRC,2019,0.10704699257000136,0.9982176535445992,0.7264744674782448,-0.3174108147811335,-0.5806673969030158,-0.27569498522850505,1.684178925247674,0.3946960694785898
Greece,GRC,2020,-0.5111872950423928,1.0210379196377604,-0.33202044757082044,-2.841627246639588,-0.7928271470906437,0.09099330671142151,1.5121585109576703,0.6931652406181957
Greece,GRC,2021,-0.5149572741164454,0.48059402501156334,-0.5355792331948978,1.085635521647332,-0.4434457979174902,-0.07947011832487784,1.3255779045331733,0.02528550465379777
Greece,GRC,2022,-0.975280487447432,0.39996826453712053,1.6919852900189463,0.39646491605753587,0.7468940583988221,-0.30297263958352094,0.9908435905133595,0.5865048764678032
Greece,GRC,2023,-0.4687589918149856,0.33011085895215214,-0.41982883576892094,-0.3484908777962803,-0.1266917720727523,-0.32375104636115315,0.7802461723206244,0.15104789238303087
Greece,GRC,2024,-0.5096666696211274,0.3155673251204624,-0.06509322817147975,-0.35934529658561554,-0.22899585813190487,-0.26606012626733333,0.629690783548484,0.17916012318642446
Grenada,GRD,1990,-1.6854892437971352,0.046495359872475155,-0.05055929710966535,0.06439400945360543,-0.2313678481315596,-0.17780487680516124,-0.06274392074452119,0.1635878073464425
Grenada,GRD,1991,-1.60603836589458,0.03247561491773005,-0.05055929710966535,-0.5135755956878286,-0.24262378648011443,-0.4821426488296352,-0.06274392074452119,0.18771713190517178
Grenada,GRD,1992,-0.9216368233272004,0.08011559524716251,-0.05055929710966535,-1.0056612146332127,-0.08237453882442501,-0.39047664163771206,-0.015460822575803028,0.20979176186571
Grenada,GRD,1993,-1.3731462545622968,0.33514793239591273,-0.05055929710966535,-1.2493542646257723,-0.2194436074005368,0.8281528255437938,0.010807565295707006,0.5038008482733257
Grenada,GRD,1994,-0.7004263905443499,0.2873469037946521,-0.05055929710966535,-0.44581157378231473,-0.08346005952727552,0.036859786173772315,0.07655358751125786,0.2018541264527723
Grenada,GRD,1995,-1.1408730596535062,0.2895124991587835,-0.05055929710966535,-0.3499068721654523,-0.3522773783839879,-0.10672555044880129,0.09891924347042928,0.1956642069293881
Grenada,GRD,1996,-1.5340987929399204,0.3468704119111576,-0.05055929710966535,0.15803346487646194,-0.32916342304284446,-0.1472952431390743,0.13734614229960976,0.1904662741403774
Grenada,GRD,1997,-1.8079288069398032,0.46607924663184924,-0.05055929710966535,0.2850339499176748,-0.44051952798860267,-0.1390126426182828,0.11453017111978385,0.21048754386531576
Grenada,GRD,1998,-1.8898318945233659,0.49508652129848857,-0.05055929710966535,1.7674344123050751,-0.42169706187627354,0.023979715310754688,0.0945661963374362,0.037681936597004466
Grenada,GRD,1999,-1.060260582889202,0.541049882747285,-0.05055929710966535,0.6992756627379068,-0.534811767300972,0.13745083274198927,0.08000600420294199,0.07630293934755343
Grenada,GRD,2000,-2.349040432734109,0.6176961322162801,-0.05055929710966535,0.25697387489105294,-0.3080368704619633,0.13600923660027836,0.09111377964575207,0.36832707696196254
Grenada,GRD,2001,-2.7438945325562334,0.6289559642892383,-0.05055929710966535,-1.2636732186931747,-0.17246091411410586,-0.06755690664055948,0.07024917442209547,0.6308851102994872
Grenada,GRD,2002,-2.6660428304340575,0.5934286725943503,-0.05055929710966535,-0.06217273277488548,-0.46558199799843036,-0.10361305679729411,0.0857099969978985,0.398228554413686
Grenada,GRD,2003,-2.887555206889858,0.5294663687676427,-0.05055929710966535,1.2637247866397832,-0.31183768801444745,-0.4294816764054375,0.10642449714800356,0.20969180351945302
Grenada,GRD,2004,-2.338266889865838,0.5974321713659022,-0.05055929710966535,-0.960846390288389,-0.28950654957577227,0.606783529350215,0.08781146802761934,0.6072963717446466
Grenada,GRD,2005,-4.103574643930667,0.5183943628526814,-0.05055929710966535,2.102433913940664,-0.12513616224766955,-1.3349366965141984,0.11287901531071748,0.16025456461169546
Grenada,GRD,2006,-3.999897537247679,0.6676706308471705,-0.05055929710966535,-1.6973987225201097,-0.015430645822029541,-0.7087100581059711,0.03542479735815068,0.8036702409907778
Grenada,GRD,2007,-3.25025169105616,0.7520956302652159,-0.05055929710966535,0.5287906944298038,-0.07099732427887093,0.01639021203033806,-0.024016811768237792,0.4777676293950194
Grenada,GRD,2008,-2.8820374388552503,0.779761046804593,-0.05055929710966535,-0.6099388017263556,0.5190454949435224,-0.5030066959347531,-0.03242269588712102,0.6006848704854546
Grenada,GRD,2009,-1.722143797873248,0.980217186307316,-0.05055929710966535,-2.2733634098769206,-0.660056365538875,-0.6318125647346543,0.04443110177123991,0.5253896097779328
Grenada,GRD,2010,-2.034182568887706,1.0794276672210972,-0.05055929710966535,-0.9308587007143584,-0.13069077754683386,-0.6452182178331258,0.08015610927649353,0.47116525051571845
Grenada,GRD,2011,-1.9374825177371409,1.0987420361328948,-0.05055929710966535,-0.6501490456543315,-0.1876585188409,-0.8500806359412835,0.039327529270489284,0.37677181098614404
Grenada,GRD,2012,-1.4824826988674915,1.0540986844073752,-0.05055929710966535,-1.0724746248943542,-0.27567435017904235,-1.2428887943678781,0.020564395076553523,0.29435685165559844
Grenada,GRD,2013,-1.7396033378025126,0.8698495076445946,-0.05055929710966535,-0.30114857117629096,-0.6226483235783918,-0.600325561803442,-0.024317021915340728,0.23039303031665112
Grenada,GRD,2014,-0.7534234283128629,0.6747763977456118,-0.05055929710966535,0.7969057419854314,-0.7554579037173215,-0.42433623857831354,0.007805463824677215,-0.08446484164393997
Grenada,GRD,2015,-0.9429737286005073,0.5048230123205671,-0.05055929710966535,0.5995824225289053,-0.6892858561736199,-0.3394636748327511,-0.03152206544581207,-0.037516653595668435
Grenada,GRD,2016,-0.7246606009731815,0.42725687038744037,-0.05055929710966535,0.0043306935074426955,-0.3831523616696193,-0.5478569784847547,-0.0855598919243471,0.011494035523541826
Grenada,GRD,2017,-1.0476270772868723,0.37001136109634936,-0.05055929710966535,0.1581304771622874,-0.48802176695700283,-0.6498710416101141,-0.12383668567997602,-0.007540118590831995
Grenada,GRD,2018,-1.207551669350977,0.3609326467123027,-0.05055929710966535,0.141138273812594,-0.5027721082739548,-0.1983774279136885,-0.13884719303512458,0.07668428798832176
Grenada,GRD,2019,-0.9073533028762163,0.3372523135993623,-0.05055929710966535,-0.6695671500404348,-0.5318827684861993,-1.0255130928342968,-0.12578805163614531,0.025775650921386648
Grenada,GRD,2020,-1.6212262776018773,0.5495640861986762,-0.05055929710966535,-3.8449393512534216,-0.7211290282392223,-0.965146817070838,0.025367757430201084,0.6148946185806358
Grenada,GRD,2021,-1.4079026126508574,0.5047082798038321,-0.05055929710966535,0.2151225997051014,-0.4440554351670397,-0.25343350838951123,-0.06184329030321224,0.12679953739716568
Grenada,GRD,2022,-1.1296964512497853,0.42525830397330966,-0.05055929710966535,0.7898906633114399,-0.25167906434676746,-0.15142445672011975,-0.12083458420894637,0.027223812789450907
Grenada,GRD,2023,-2.138801210723481,0.36828832417803453,-0.05055929710966535,0.1774688280540189,-0.23534175633741408,-0.776775736001908,-0.13899729810867612,0.1611352313271189
Grenada,GRD,2024,-2.335565039054387,0.46964832888535835,-0.05055929710966535,-0.2904673306139656,-0.46290515482695976,-7.577252373935854,-0.13884719303512458,-0.7334119029076991
Guatemala,GTM,1990,0.02490108572158816,-0.23997852938833844,-0.05055929710966535,-0.1358219292930473,5.210135193377903,0.7483130828775926,-0.5445812068447914,0.7477500123548799
Guatemala,GTM,1991,0.1274458135788296,-0.23997852938833844,1.662535897563131,-0.013567918048059317,4.071526662635724,2.6834556032892887,-0.5445812068447914,1.074154361674892
Guatemala,GTM,1992,-0.4666059700656027,-0.23997852938833844,0.3482562095598762,0.24605866682127583,0.8035256678882559,0.6359149937517523,-0.5496847793455419,0.17408298081576157
Guatemala,GTM,1993,-0.39176466987527736,-0.23997852938833844,1.2211265102889408,0.04558792592314341,1.0542420561125148,-0.415865658510124,-0.5541879315520866,0.20164474155757722
Guatemala,GTM,1994,-0.22631975819769376,-0.23997852938833844,0.24027839099447953,0.0690426382475564,0.9179319244326906,-0.5960102326710717,-0.5561392975082559,-0.010948660598622635
Guatemala,GTM,1995,-0.11357212723126886,-0.23997852938833844,0.09493811430784194,0.2703052026189782,0.5724942172510903,0.26454786377063233,-0.5565896127289103,-0.003045860310770508
Guatemala,GTM,1996,0.013251334483294276,-0.23997852938833844,0.5318458591368411,-0.16767508250120378,0.9464267147591309,-0.45662504197378523,-0.5507355148604024,0.05505103367019366
Guatemala,GTM,1997,-0.07123052138067988,-0.23997852938833844,-0.013707030006987125,0.1417211906880414,0.6886088823333861,0.9837930130830174,-0.5523866706694687,0.11369128514917826
Guatemala,GTM,1998,-0.29318986906822214,-0.23997852938833844,0.7178150926339957,0.28020112662913216,0.31836003792126344,0.5520530168989984,-0.5523866706694687,0.1155502414050772
Guatemala,GTM,1999,-0.32320694781283543,-0.23997852938833844,2.142033077182087,0.027972120661555643,0.12049620250922144,-0.23789724773013857,-0.5571900330231163,0.21752832810014217
Guatemala,GTM,2000,-0.3035725202316893,-0.23997852938833844,0.6727222518092131,-0.024431808232525134,0.22848018698016564,0.696537650228067,-0.5526868808165717,0.16186842961096426
Guatemala,GTM,2001,-0.47233179971917505,-0.23997852938833844,0.12337364527351474,-0.3052237704918021,0.4134032183351093,1.829087493818747,-0.5364755328730112,0.33813798076814267
Guatemala,GTM,2002,-0.37755115863231514,-0.26595445897082953,-0.11708056672069732,0.026261553365143218,0.53308929114597,-0.26851062144994103,-0.5360252176523568,-0.04331313834009753
Guatemala,GTM,2003,-0.22633300558379446,-0.15618211689425643,0.16506836193161656,-0.2551058484379694,0.17560239874230862,2.435150648344031,-0.45301711197838496,0.3782944334524399
Guatemala,GTM,2004,-0.24144746214833726,-0.15668999746230408,-0.040493739963718876,-0.1280439213535191,0.4547822209663921,-0.08362189402688469,-0.4283998799159412,0.01643829901419994
Guatemala,GTM,2005,-0.2037410269393739,-0.17532153121907298,-0.6070608751586494,-0.09765891003392803,0.6710461497662195,0.12974114997376182,-0.41519063344341045,-0.013626543301121372
Guatemala,GTM,2006,-0.264308894214082,-0.10932130960330562,-0.10859571015933057,0.35893457421792574,0.31092410158891876,0.07653442963334202,-0.4300510357250076,-0.05073360060988953
Guatemala,GTM,2007,-0.2884879863354656,-0.11336202707173422,0.08096679418903156,0.5759308258885155,0.34778226557978165,-0.12212302002894486,-0.4470129090363255,-0.0773131051316059
Guatemala,GTM,2008,-0.1297773642576472,-0.13232259652182848,-0.2594288288572804,-0.09380945338406567,0.9886673352186218,-0.25184813330390565,-0.4393575502851997,0.01847100627030292
Guatemala,GTM,2009,0.3927945651204082,-0.1755388841551319,1.0752167495712381,-0.7134832932071677,-0.3536515775743947,-0.044372720453591974,-0.39102371660162116,0.061616939839036856
Guatemala,GTM,2010,0.1357851551074295,-0.20869581136544393,-0.230479591639156,-0.1838684854266003,-0.07090122655870194,-0.21171857782743314,-0.3494446112278596,-0.1461652126142034
Guatemala,GTM,2011,-0.04766346537419927,-0.21417323419362527,-0.5287891639082541,0.09767976931170509,0.26191520518986744,-0.34591133226680115,-0.398679075352747,-0.18223627206700943
Guatemala,GTM,2012,-0.0914709551918248,-0.037252681850166426,0.03701344077976414,-0.16395067564087015,-0.08188406450228741,-0.18998102438980893,-0.45932152506754736,-0.06800060345676442
Guatemala,GTM,2013,-0.15319874447720858,-0.016584823975093137,-0.00864110897887018,-0.0055334415836214195,-0.0025090235266064936,-0.1763449060440109,-0.4214950465325729,-0.06669181757090338
Guatemala,GTM,2014,-0.03902424803354947,-0.008713419537969877,-0.2749079995590358,0.1592970769724174,-0.1332558427333312,-0.2989839415245319,-0.46652656859801866,-0.18609437155596506
Guatemala,GTM,2015,0.21500537752983165,0.029352637130774434,-0.1922231689905273,0.0818976180891829,-0.2787919879447842,-0.20983446440448444,-0.49819873911738227,-0.20665695984934548
Guatemala,GTM,2016,0.4879483265777787,0.03885033991293847,-0.15199320502313504,-0.22927155992465148,0.012342344317638294,-0.4108593392324411,-0.4866406484539178,-0.17956818216172063
Guatemala,GTM,2017,0.516534468811976,0.027313990480151654,-0.5197051834317907,-0.14081868942168194,0.008963394324948875,-0.3409004919408974,-0.5048033623536476,-0.2435496331873613
Guatemala,GTM,2018,0.4781940474863198,0.024755149266586455,0.2791445404619152,-0.06887196180862155,-0.08611677982555926,-0.16871106215115178,-0.5316721705193637,-0.12741748692075303
Guatemala,GTM,2019,0.6603705762876961,0.0038112908818983176,0.28350616425667424,0.06555704612818258,-0.09344953462996426,-0.234769750485315,-0.5451816271389974,-0.18743015421879752
Guatemala,GTM,2020,0.9916232389027086,0.04203780462084939,-0.004690712821798526,-1.2112351023168162,-0.16207936133741807,0.44858474150438526,-0.4293005103572502,0.016309117860410775
Guatemala,GTM,2021,0.6364771443374789,0.0379589108985329,-0.02721812086659362,0.9508173577582475,-0.01414466818534653,-0.2880099181473854,-0.5480336235364757,-0.3466774174189992
Guatemala,GTM,2022,0.5129746743269157,0.05833830029753054,-0.025213038710463855,0.09570303611008192,0.35675927678462266,-0.3625341349048786,-0.4163914740318223,-0.14253125442885847
Guatemala,GTM,2023,0.74925661089105,0.07019916814283857,0.10233814461193612,-0.04303645584429874,0.26084832111263334,-0.43214640027422446,-0.522515761032723,-0.17535666892661297
Guatemala,GTM,2024,0.7254168379016152,0.062030723394201716,-0.18322600446536694,-0.0009537161331596513,-0.21077506165256585,-0.2742154488898894,-0.48213749624737323,-0.25896948708992135
Guinea,GIN,1990,-0.2762403904606127,-0.6789370531624442,-0.05055929710966535,0.132914979046701,3.818075623178761,0.8309159387468757,-0.18988291804262994,0.5532768150035442
Guinea,GIN,1991,-0.44298337227912216,-0.6789370531624442,1.9574534010485631,-0.24343557047685144,3.818075623178761,0.8309159387468757,-0.18988291804262994,0.9177205620750142
Guinea,GIN,1992,-0.30898072865439546,-0.6773440920091757,2.7298742076218265,-0.09877645627840194,3.818075623178761,0.8309159387468757,-0.18688081657160016,0.9889140065570693
Guinea,GIN,1993,0.22198924510938772,-0.6691904462417008,0.7884708007866942,0.2913370990181592,3.818075623178761,0.7949235300606431,-0.1897328129690784,0.5756029072411104
Guinea,GIN,1994,-0.2523839867216291,-0.6660299730920402,0.2625701295351475,0.055040947574447614,3.818075623178761,-1.1296166297478176,-0.1948363854698289,0.3267865433644862
Guinea,GIN,1995,-0.1278906138551723,-0.6574232180429666,0.16349170529062843,0.19531090300871418,3.818075623178761,-0.05073402702269929,-0.199789852897028,0.4294571344790219
Guinea,GIN,1996,-0.019507196370654685,-0.6589907144808712,0.12933276908842525,0.16316847986080021,3.818075623178761,-0.6148631521388546,-0.19753827679375563,0.33319356648050846
Guinea,GIN,1997,0.16477325193770143,-0.6638427908964146,1.2361858681072655,0.32157884859548336,3.818075623178761,0.4585747626483265,-0.2023416391474032,0.5943285319081929
Guinea,GIN,1998,0.003978713538435774,-0.6766912098625486,1.7773416785822669,-0.01667605078027266,3.818075623178761,-0.38979460029268004,-0.1987391173821675,0.6204128159236383
Guinea,GIN,1999,-0.1234515855070408,-0.6766912098625486,1.6718916569910558,0.02025912553394117,3.818075623178761,-0.38979460029268004,-0.19633743620534375,0.6186194991117634
Guinea,GIN,2000,-0.027567096571121948,-0.6717393923814561,3.6153277016509056,-0.2677159400503016,3.818075623178761,-0.38979460029268004,-0.18598018613029121,0.9258817403780946
Guinea,GIN,2001,0.19050537378900764,-0.6709590437769888,1.599220600975665,-0.013546419257886258,3.818075623178761,0.06602177022233519,-0.1862803962773943,0.6355885142558939
Guinea,GIN,2002,-0.20463972459925622,-0.6693696664512644,0.1328542512135653,0.31784007322642427,3.818075623178761,0.5671315888353181,-0.19153407385169618,0.5062796248996451
Guinea,GIN,2003,-0.08675969935382936,-0.6682140318808889,0.014515386822909268,-0.5437041766862433,3.818075623178761,1.5563487649593746,-0.17967577304112883,0.7387876922970144
Guinea,GIN,2004,-0.009673073828714582,-0.6747385173173972,1.795622803541893,-0.3035643889672746,3.818075623178761,1.798071718039876,-0.16751726208345852,0.9832502611650948
Guinea,GIN,2005,-0.093855614741405,-0.6470859576140542,8.779496390039371,-0.15898646757563187,3.818075623178761,1.5699283045238237,-0.1517562293605524,1.9459286018691981
Guinea,GIN,2006,-0.2793277163216144,-0.6314460915142882,5.790213110856782,-0.5566843261409725,4.2876239862215995,6.04649409857001,-0.14440108075652955,2.312070866548594
Guinea,GIN,2007,-0.5253556965854421,-0.6603745315365764,-2.6639120659224007,0.6814791080608498,1.952622442693241,-1.7780904447882817,-0.15580906634644257,-0.4945267253394097
Guinea,GIN,2008,-0.4087025164143704,-0.6608747623433957,1.3109457306504586,0.09088363314405662,2.643813239766867,1.941727967690659,-0.1534073851696188,0.7714319534093264
Guinea,GIN,2009,-0.373218198706918,-0.6733668133661246,0.5625120592957777,-1.0653912949310633,0.045692569790714496,0.49054576084605817,-0.13674572200540386,0.2467496211712862
Guinea,GIN,2010,-0.22057334211234425,-0.6457162820725516,2.675385159514186,0.2405632146719815,1.5108728623138428,5.377526435373525,-0.1211347943560493,1.2538490726019023
Guinea,GIN,2011,-1.7460814760761987,-0.5837436319848562,2.2522654831760818,0.4162931456570224,2.396642681375859,0.4611526643382464,-0.12023416391474036,0.8194101947728238
Guinea,GIN,2012,-1.3113486353896648,-0.6032515489633256,0.6460357839920303,0.4829932704166554,1.535753405033745,-1.5584735038513553,-0.14274992494746333,0.10080993946237725
Guinea,GIN,2013,-1.3861596920978767,-0.5725656005444762,-0.2084380689056719,0.04967016333415668,1.063839235581868,0.10753517065660213,-0.13224256979885926,0.2278025279647404
Guinea,GIN,2014,-1.0129381186417856,-0.5166528555911839,0.16704453189447463,-0.005140737864380605,0.2529229757693716,0.1616726535514731,-0.11723206244371069,0.13797629995522728
Guinea,GIN,2015,-1.0645871836253151,-0.47602388163854026,0.900340660334856,0.02331864316278409,1.0486436526009042,0.12134886251086595,-0.10132092464725306,0.36203670137476635
Guinea,GIN,2016,-3.576705771693803,-0.4986236593530894,2.751432696799193,1.5621963906476573,0.5387502981702516,0.06834368221124898,-0.1242870009006305,0.6785893425675884
Guinea,GIN,2017,0.9902486609072298,-0.5343073085720078,0.13938545756982187,1.4476565989072052,0.643583895871737,0.36300039452485927,-0.14485139597718402,-0.28158488805674403
Guinea,GIN,2018,0.170268865185493,-0.522742839028708,-0.170722461976853,0.5805010571333882,0.7726695999875081,-0.15011706296930605,-0.14860402281597124,-0.13861238701745876
Guinea,GIN,2019,0.0795753386084343,-0.5089362487869363,0.2206708380586668,0.4173497659927718,0.7221231761631144,0.8345766779391822,-0.1211347943560493,0.09291064920239596
Guinea,GIN,2020,2.72321100852104,-0.5147282101760244,0.5367330313490918,0.2166333653933111,0.8820722171902716,0.7954419193424839,0.027319123386370388,-0.1732866132603083
Guinea,GIN,2021,3.726487097766074,-0.5365651207778278,-0.05055929710966535,0.40974160316161873,1.1641527792821205,-0.23889042288344575,-0.0015010507355148286,-0.5427988304502895
Guinea,GIN,2022,2.4477431743699953,-0.5053194738438297,-0.05055929710966535,0.0555488827501848,0.8667249136332806,0.28167839986155485,-0.0977184028820174,-0.2869265596372653
Guinea,GIN,2023,1.4170154634199104,-0.5097870034497404,-0.05055929710966535,0.40080802288467837,0.486776475499132,-0.5009805794353293,-0.10267187030921648,-0.3564351087299155
Guinea,GIN,2024,0.17516812892211356,-0.500781680134386,-0.05055929710966535,0.3586373032166803,0.5317477164581598,1.7488151859947108,-0.10402281597117992,0.1559133824426922
Guinea-Bissau,GNB,1990,-0.5136495325516423,-0.548246054633994,-0.05055929710966535,0.5236313485735827,4.048283076116249,41.27313911781679,-0.42269588712098477,6.327134162720922
Guinea-Bissau,GNB,1991,-1.024830560503296,-0.6201470424931894,0.46090751317924367,0.30362562778561675,7.524459536564434,-5.816200944335277,-0.42269588712098477,0.2639325869302724
Guinea-Bissau,GNB,1992,-1.6680576252183938,-0.6464819550258941,-0.9239985238070563,-0.5763973125035688,9.218970402420506,7.257659755333094,-0.4115881116781748,2.3912880721377765
Guinea-Bissau,GNB,1993,-0.8748479586991552,-0.6321332155806,0.9367766717248056,-0.3563915764061321,6.183489054298904,2.091551995962754,-0.4025818072650857,1.3440488906065806
Guinea-Bissau,GNB,1994,-0.5579616202784111,-0.6122386903799212,13.542603732318003,-0.11438526526136629,1.5286936205214705,2.6810534618280295,-0.39807865505854106,2.4877686221098316
Guinea-Bissau,GNB,1995,-0.2896432207353544,-0.6587258788856993,-1.4790956774660522,0.14962160955406062,5.79579587317193,2.2771964560575957,-0.4051335935154609,0.8100083986490868
Guinea-Bissau,GNB,1996,-0.4128686244332677,-0.675204775678013,0.30104360076954007,1.7336628752608378,6.554649109594866,2.6665458196433094,-0.424947463224257,1.014470291468268
Guinea-Bissau,GNB,1997,0.25582911759010324,-0.6719750619406955,1.9440938761525528,0.6116336426592472,6.323811797088176,7.8794804051882545,-0.43140198138697095,2.025220896407424
Guinea-Bissau,GNB,1998,0.25582911759010324,-0.6530617968585045,0.10173339854951383,-5.756592209874093,0.51628668278882,-1.6942328609684383,-0.37166016211347946,0.4856897648117001
Guinea-Bissau,GNB,1999,0.25582911759010324,-0.6711265824924082,0.5615249427956819,2.8809974429162013,-0.9113209202081527,0.7033593372221971,-0.38366856799759835,-0.5482940501695122
Guinea-Bissau,GNB,2000,0.25582911759010324,-0.6366956954420604,2.1272494691337274,-0.5763361091071771,0.6042841385971688,3.5785845460286096,-0.3703092164515161,0.8033743190547148
Guinea-Bissau,GNB,2001,0.03536911226617417,-0.7224413872820844,0.3915060204364706,0.23453758337938815,-0.1431838814058631,-1.8589487200875314,-0.43035124587211054,-0.43333227283666875
Guinea-Bissau,GNB,2002,0.335173512847073,-0.7026697456136352,-0.7978849463919279,-0.014516739766964876,-0.14996863823710094,1.0106656846797886,-0.40213149204443116,-0.19466370152677354
Guinea-Bissau,GNB,2003,0.3623329814108084,-0.716970395557376,-2.3719210397434147,-0.8813100802409891,-1.1115071143803263,-5.099465191163073,-0.398679075352747,-1.311366531052394
Guinea-Bissau,GNB,2004,0.6629896013421768,-0.7061132189417147,-1.3329471871130794,-0.5605807583631333,-0.4915774157413239,2.200355912911031,-0.39012308616031227,-0.11754483400349189
Guinea-Bissau,GNB,2005,0.16627963294721393,-0.6991280617475121,-0.05269688515580547,0.6247836327856829,-0.14585864054048212,0.48412036910385475,-0.3964274992494747,-0.22872199761747378
Guinea-Bissau,GNB,2006,-0.41128532420012537,-0.6837279638933775,-0.1802443709050847,-0.23175724195120231,-0.3401339629205917,-0.5599905234542724,-0.4025818072650857,-0.21766229461244063
Guinea-Bissau,GNB,2007,-0.1340637093350686,-0.6614143892940918,-1.2365727690963169,-0.25522711498802064,0.03622928868508975,1.0749448359620108,-0.40528369858901236,-0.11468655828703307
Guinea-Bissau,GNB,2008,-0.004516012085540697,-0.6202988254702182,-1.015238602735698,0.17702885434323065,0.8620650234610315,1.3041427850188745,-0.40048033623536483,-0.00604611403129499
Guinea-Bissau,GNB,2009,-0.2920833676722103,-0.635181930469983,0.7201193381820128,-0.2798403463469688,-0.8498482501028239,-0.3461426907955369,-0.39957970579405594,-0.13410136070874398
Guinea-Bissau,GNB,2010,-0.5616203876927587,-0.5936232221062981,0.6865506805470842,0.41480840161777266,-0.2605397700191761,0.5571523848492306,-0.40588411888321835,0.01863827720894404
Guinea-Bissau,GNB,2011,0.21871089971552587,-0.5434649232363755,-0.7238552770661207,0.9603518964428617,0.09681949686723633,2.4626340283774306,-0.41323926748724116,-0.04288124838620825
Guinea-Bissau,GNB,2012,-0.6113204239124842,-0.4672249184656079,1.1296197989300805,-1.1952447356765916,-0.31528403888035034,-1.271985033576346,-0.40378264785349754,0.06827261710619346
Guinea-Bissau,GNB,2013,-0.21589975671497716,-0.4723382094570233,-0.5121594174914162,-0.10204912822508654,-0.44580620627579554,-0.5102280579071948,-0.39807865505854106,-0.2886659516071296
Guinea-Bissau,GNB,2014,0.4374235131564539,-0.4411404798145419,-0.05463561517085334,-0.6062024177838635,-0.8297554672495637,2.701550971651996,-0.3812668868207746,0.1662187753176674
Guinea-Bissau,GNB,2015,0.5932770787914458,-0.5630070793260374,2.7420359539053747,0.5311312066803009,-0.40769992146290257,1.1180765377936832,-0.39882918042629845,0.19516686071601042
Guinea-Bissau,GNB,2016,0.5371429820313784,-0.5796920977676275,-0.01720020962920125,0.37681674521022335,-0.4039683655369673,-0.19159352027799428,-0.4031822275592916,-0.3585137354303834
Guinea-Bissau,GNB,2017,0.40134994784141553,-0.47831818753255495,-0.33584575089413043,0.2076325960723006,-0.37739607386076834,-0.6700594552301345,-0.4106874812368659,-0.4116127846668815
Guinea-Bissau,GNB,2018,-0.061625860971252895,-0.43209592611677916,-0.6648566224769699,0.009137739646692355,-0.5625302197971684,-0.43242971584967044,-0.40498348844190946,-0.34920112162256245
Guinea-Bissau,GNB,2019,-0.617468651573673,-0.44300681403949477,0.7254606321865219,0.3536759805227285,-0.5815730394513416,-0.8580605247319778,-0.5121585109576705,-0.2007922265632883
Guinea-Bissau,GNB,2020,0.08843352363795169,-0.4373451705457296,-0.29989186202911444,-0.1822570820333214,-0.45529283716460517,-0.20962998729901228,-0.44100870609426607,-0.24990642924819398
Guinea-Bissau,GNB,2021,0.277240891242642,-0.4442280247236025,-0.5681328271871329,0.28543325834523053,-0.2994612949698316,0.6560083580100007,-0.42164515160612437,-0.23430472715208045
Guinea-Bissau,GNB,2022,-0.6073146933081764,-0.41633728514999363,1.7158156106604026,0.3823350687050703,0.710921321744133,-0.6194358959355861,-0.4741819273491445,0.1631087783675596
Guinea-Bissau,GNB,2023,-0.584165435528732,-0.4594767974571009,-0.44048113637637853,0.20033813155742008,0.38744291139741893,-0.9570081549108059,-0.479285499849895,-0.22356876760363562
Guinea-Bissau,GNB,2024,-0.5404803314363056,-0.4995208733254963,-0.05579486806814636,0.15164589674956952,-0.08418084372111564,-0.41943893782315506,-0.47703392374662273,-0.16387643028540003
Guyana,GUY,1990,-4.213557162675212,-0.09248094966109356,-0.05055929710966535,-1.4932678170310982,1.1094853545552072,2.934200168429525,0.9407084959471632,1.5068826788382066
Guyana,GUY,1991,-4.213557162675212,-0.32697628937273215,25.81720694392715,0.5143616708732848,1.1094853545552072,4.372877570823372,0.9407084959471632,5.087499652526013
Guyana,GUY,1992,-4.213557162675212,-0.267882976917954,1.6187705554018137,0.8883757243360679,1.1094853545552072,3.63895558938889,0.9118883218252778,1.4766283260846254
Guyana,GUY,1993,-3.4465815839745626,-0.2802468639365277,0.1450234849264976,0.9801664533217425,1.1094853545552072,0.6764379739179612,0.8694085860102073,0.7123605237323094
Guyana,GUY,1994,-2.462384069003679,-0.26348828420886067,1.2400345243003887,1.0587783894516671,1.1094853545552072,0.24105384388517143,0.856949864905434,0.6553772832841932
Guyana,GUY,1995,-2.3098463122214596,-0.1270250850468701,0.3278870621348524,0.2885434700704331,1.1094853545552072,0.8892935923720641,0.8617532272590815,0.7260995704893374
Guyana,GUY,1996,-0.20400783297192257,0.17561498886025928,-0.21140646016970388,0.9318558453815763,0.38638319289785544,0.6702782952113563,0.8581507054938458,0.16445324426913704
Guyana,GUY,1997,-0.6719570459628148,0.3090819459276775,0.1536305691211384,0.5413782481625987,-0.11384767439484339,-0.08071897422687649,0.8616031221855298,0.18004682663040597
Guyana,GUY,1998,-0.5886544439024282,0.4778384328279758,0.7560711102369757,-1.187816221790598,0.03185156926065799,-0.3050540955424076,0.8799159411588111,0.5167276605192913
Guyana,GUY,1999,-0.5115583488594303,0.49951486170404463,2.5321724989290724,-0.16715324745168683,0.4490713900781195,-0.12699116205793506,0.8925247673371361,0.7035719931859363
Guyana,GUY,2000,-1.0563492321322907,0.5005427926504035,0.3019788052050902,-1.1184482850352944,0.25264562057471124,-0.14659512545338554,0.914440108075653,0.5711156740314368
Guyana,GUY,2001,-1.2082878651493598,0.5780952527882062,0.32876166761566195,-0.3168957800722664,-0.2450536077104079,0.35972056895751503,0.8962773941759231,0.4918549887212178
Guyana,GUY,2002,-0.6913180474736412,0.6082333340184648,0.20203414646106638,-0.5692191867747011,0.13850439349566881,-0.2807246729788262,0.8983788652056441,0.4038519000643372
Guyana,GUY,2003,-0.37285108916370435,0.5097061707904385,0.187894939261079,-0.9574968189081614,0.22896087701637394,-0.1815114208144284,0.8561993395376765,0.41879968769471504
Guyana,GUY,2004,0.056404937138688084,0.41601125027206437,0.27267168830803884,-0.47445718548023563,0.04344198584466194,-0.16722498604822797,0.8189732812969079,0.2574179240021418
Guyana,GUY,2005,-1.0732038291549797,0.5005336886608823,0.06127851208682034,-1.247625462576033,0.3624717657904006,-0.43573059939663206,0.7895526868808168,0.5141336208219001
Guyana,GUY,2006,-0.5691007945658029,-0.24231830133657026,-0.0283789487285827,0.3101398463947279,0.3273634104328394,0.36958989607704285,0.7317622335634943,0.2024256054541855
Guyana,GUY,2007,-0.38081052105172286,-0.24880357302866488,0.10198641171348807,0.763709578830367,1.1080193274619996,0.08008360339243681,0.7527769438607025,0.20159480794590254
Guyana,GUY,2008,-0.9437673013264043,-0.25996613888306663,0.03940915250761851,-0.432244380960891,0.5287628923378004,0.02108867925425986,0.7794956469528672,0.3549717020652535
Guyana,GUY,2009,-0.5312385533783185,-0.22744845925473578,-0.028556711409229513,-0.023851047069418197,-0.19913186965066312,-0.10962757218361394,0.8228760132092466,0.11617157159410585
Guyana,GUY,2010,-0.5179130640274792,-0.20232130508354526,-0.0723542851780234,0.09207726141675691,-0.008561182728011908,0.28312718573039564,0.8716601621134794,0.18534091106643097
Guyana,GUY,2011,-0.8773447188456754,-0.16086390270849346,-0.02404071675428429,0.324801515160878,0.006527654869364005,0.10071203583355197,0.8985289702791955,0.19620103502916159
Guyana,GUY,2012,-0.7462634465219067,-0.1106292202369103,-0.026922159608400782,0.34241936731551426,-0.2785297990359958,0.069195358496464,0.9312518763134194,0.1411728764478527
Guyana,GUY,2013,-0.9831569785034425,-0.04153642530841014,0.02115698577089027,-0.014638117598854323,-0.3462983759537336,-0.46107105105275703,0.9713299309516662,0.1630537372157075
Guyana,GUY,2014,-0.7842352473736031,0.05947836139849667,0.0221156284416937,-0.4473651649339493,-0.5197905116266534,-0.6121097549101252,1.0225157610327231,0.17197284237766963
Guyana,GUY,2015,0.2566697544964531,0.056080697898655295,-0.0470754772072594,-0.6671706602250742,-0.7387505044632672,-0.6072625347851168,1.0783548483938759,0.02169256222364413
Guyana,GUY,2016,0.7854036271812789,0.02268208925791436,-0.05055929710966535,0.019258590138397123,-0.49965188158606677,-0.478379142845425,1.1164815370759533,-0.09915555893242363
Guyana,GUY,2017,0.05239316205060682,0.003642305219175339,-0.05055929710966535,0.00320593397179429,-0.34140904902898156,-0.9273627546378355,1.146952867006905,-0.03204786065325761
Guyana,GUY,2018,-2.927360732461569,0.057550727861965106,0.03280340720368109,0.15862267734585977,-0.4395643312732019,-0.437797634884523,1.1711197838486942,0.45040714398176057
Guyana,GUY,2019,-6.68709157270099,0.06880862302467895,0.0027982066936538693,0.35925187709711204,-0.3178503157163309,0.1781901984616125,1.1028219753827682,1.0518011976357513
Guyana,GUY,2020,-1.0656743165242275,0.11370553294621501,-0.05055929710966535,8.7473689670609,-0.5143156274494622,0.18719553916296253,1.4234464124887423,-0.9317460129282689
Guyana,GUY,2021,-1.7202690385021329,-0.06620994038201726,-0.05055929710966535,3.5949108244368797,0.020506032863806124,0.13351950614707883,1.3135694986490547,-0.07483085510949856
Guyana,GUY,2022,3.929687362778626,-0.29557019661226175,-0.05055929710966535,13.115578946622545,0.36359089407946055,0.26018591584105155,0.9129390573401381,-2.2649542765517783
Guyana,GUY,2023,2.0864310237893084,-0.3011524427355323,-0.05055929710966535,6.616692528290184,-0.21760684385764748,0.7434716864330313,0.914440108075653,-1.087790048753379
Guyana,GUY,2024,2.0864310237893084,-0.4084381981246443,-0.05055929710966535,8.822087516480968,-0.20598801309720646,0.7787255816910743,0.9079855899129392,-1.4123989824282541
Haiti,HTI,1990,0.28135570964881795,-0.4800072484435862,-0.05055929710966535,-0.5900106436186123,2.3908623401385434,-0.6918031091039801,0.22575803062143496,0.2432722357246487
Haiti,HTI,1991,0.043208927930370754,-0.5086573125853241,2.875888437809547,-0.4046729925253395,1.5631199511347302,-0.00523280522685575,0.22575803062143496,0.6446200523355002
Haiti,HTI,1992,0.40848674200259116,-0.5119687682713057,8.783416410144499,-1.9866192862584244,2.11982525556228,1.3581440697370426,0.23446412488742113,1.9374305194736812
Haiti,HTI,1993,0.2909259815321402,-0.49653461216121075,4.310049001325863,-2.0122198285030555,3.5824043051444705,1.26243065256678,0.2565295706994896,1.519453252078044
Haiti,HTI,1994,0.2354192062024368,-0.5112911547217737,2.3963121991474945,-3.4476105484680613,4.942955418160981,1.4303580040199155,0.3051636145301711,1.6822413462003447
Haiti,HTI,1995,-0.013647026625310482,-0.4622586489936884,0.015042060981872357,1.3591487651697376,3.285889668192878,1.1121895288896355,0.25292704893425394,0.4083268456372178
Haiti,HTI,1996,-0.21649407607950386,-0.4550177387835886,0.5032458663118475,0.09259025476359009,2.2929890037296343,-0.7938699741514961,0.22200540378264788,0.27046519745785125
Haiti,HTI,1997,0.19223633611102334,-0.3925384835885997,0.8085356197285499,-0.2233510433820507,2.2895134537153314,0.6005315451417522,0.17682377664365057,0.5019972312731017
Haiti,HTI,1998,0.46400204575688775,-0.4260146086547931,0.043882278884245285,-0.3383862324456397,0.12833031278760995,-0.1984739617693435,0.2011407985589913,-0.05382157050064829
Haiti,HTI,1999,0.190808090425223,-0.41897130141038175,0.0947842005582854,-0.22213351412845583,-0.19176867380650037,0.8599812702660863,0.20639447613329331,0.08310648506343081
Haiti,HTI,2000,0.16164153456380206,-0.5363225742503633,3.485227532028004,-0.6269855862207885,0.7027886199616913,0.6127074715139819,0.3929750825577904,0.7318171690668701
Haiti,HTI,2001,0.11137144647759194,-0.5508635291140249,2.1271119921575616,-0.8938101086934528,1.2658422143224322,0.25279626079548806,0.58586010207145,0.6375979574926811
Haiti,HTI,2002,0.1916516176623891,-0.518884976106961,2.7418960269203616,-0.5869971519596168,0.3776426241893196,0.8166949921505773,0.7779945962173521,0.6558126853811252
Haiti,HTI,2003,0.25965983195765346,-0.5221831282518207,6.293945177402635,-0.052612119194782814,3.4401541326383924,1.9765377468479775,0.9495646952867007,1.7044244158801451
Haiti,HTI,2004,0.2421335124379431,-0.5521993938132198,-1.3913185660091292,-1.108339650240576,2.3563458102175163,-0.4783002873414028,1.139297508255779,0.27714731558745376
Haiti,HTI,2005,0.3811325380114315,-0.5396692711885552,0.7228870028463337,-0.14250785923344556,1.3586059180251628,0.4304647811807839,1.311017712398679,0.4349544949263454
Haiti,HTI,2006,0.23121344304336244,-0.5481293078554753,-0.06456287579921438,-0.4292683399000334,0.9871767094964172,-0.6974460711714865,1.5072050435304716,0.19747119929391194
Haiti,HTI,2007,0.2539112544644529,-0.5569242764561743,-1.2925569208442167,0.21705995187477795,0.3104117063751702,-0.03546170405021679,1.6474031822275597,-0.05687131701244413
Haiti,HTI,2008,0.1261894885237619,-0.5435622065518488,0.8116085213409797,-0.23362126788383233,1.5435953592061578,0.06561072405430499,1.557940558390874,0.5060892479715055
Haiti,HTI,2009,0.2385688636776082,-0.5537144123772222,0.7055923778737935,0.4775135188270514,-0.5607547194358504,0.12040733331853974,1.4369558691083761,0.061772009426139585
Haiti,HTI,2010,0.26266142793365505,-0.5626388607485316,-0.5314439252011883,-2.0617685386159894,0.06589849771254654,1.0391005515143044,1.4138396877814472,0.46055186596298753
Haiti,HTI,2011,0.06137361954107469,-0.5470822767176866,0.2073436037272959,0.30323258965427596,0.2786889159260656,-0.37465856709983675,1.3030621435004506,0.07182108716299115
Haiti,HTI,2012,-0.019836011153509265,-0.49758971479661984,0.44765295789838105,-0.7078673615689892,0.09285321546811269,-0.3510158527168206,1.242119483638547,0.23738906603058552
Haiti,HTI,2013,-0.09623796524268625,-0.4987414979845608,0.459766360275093,0.13307368235854028,0.05709009084703301,-0.32162109778834647,1.1826778745121587,0.12033371610650334
Haiti,HTI,2014,-0.2435691445962305,-0.48465138896527693,0.5201744640603648,-0.18285710134028474,-0.13045649014175245,-0.30891616525636423,1.1982888021615132,0.17440935254214282
Haiti,HTI,2015,0.1434495805791107,-0.4986035686951947,1.667491070104486,-0.5103955841000802,0.335092628657624,0.866725422643321,1.194836385469829,0.5617839916715764
Haiti,HTI,2016,0.15983354178126463,-0.5053425330702674,3.4734712759620527,-0.4196502447071214,1.0094659368294483,0.5258023206017871,1.2123986790753527,0.8536589117606044
Haiti,HTI,2017,0.10279063624652122,-0.5188992340870894,0.26975637222204035,-0.2661295265832463,0.8931634443932843,-0.2532460181567065,1.2169018312818973,0.25300218371287875
Haiti,HTI,2018,0.011648438275675325,-0.4891540946548158,0.662034858485092,-0.4514756409933894,1.1477739577399177,0.5285832431351659,1.2172020414290001,0.5008953155502963
Haiti,HTI,2019,0.23003672440754822,-0.5072085902639997,4.271803781768572,-1.1974948253581876,2.027284030737535,0.13064869896746625,1.2413689582707896,1.1616221400615718
Haiti,HTI,2020,0.41264498093642943,-0.5451304099903834,0.6973604128569235,-1.5456337584538746,2.605748420046286,-0.5668221813642172,1.4632242569798863,0.6839098965779915
Haiti,HTI,2021,0.4209273507150802,-0.5498981952056706,-0.6986390635262658,-1.2140266920351646,1.7640604086753775,1.7269618456478018,1.4216451516061244,0.6367470697882075
Haiti,HTI,2022,0.06653735474795965,-0.5518707093488462,4.136380753345915,-1.188449723252183,4.187078797733029,1.4356935498537229,1.308165716001201,1.6624800680127492
Haiti,HTI,2023,-0.062109293370864314,-0.6177195553605145,3.058074741097921,-1.2284688171804024,4.587030478766382,-1.583862233487806,1.2960072050435307,1.1471583923729687
Haiti,HTI,2024,0.2948146024494438,-0.6384196422752534,-0.9760097771604556,-1.7391168260624417,3.192724161827066,-1.583862233487806,1.3185229660762534,0.3938939569418289
Honduras,HND,1990,0.19868871715599348,0.0599890283428374,-0.05055929710966535,3.839418566732005,2.680132702765557,0.6327389430842951,-0.18688081657160016,-0.12895524619665358
Honduras,HND,1991,-0.207048586600371,0.0599890283428374,-0.05055929710966535,4.91206379747726,4.1854290453725485,0.48593769195437225,-0.18688081657160016,-0.030157079841199506
Honduras,HND,1992,-0.40443618757674044,0.0599890283428374,-0.05055929710966535,1.1693998969588406,0.6217496547195721,0.9361750442180516,-0.41504052836985894,0.05533574177411953
Honduras,HND,1993,-0.5413804688905478,0.0599890283428374,-0.05055929710966535,2.181852904055884,0.9028538727341516,-0.04051168174190019,-0.4093365355749025,-0.1682910069306879
Honduras,HND,1994,-0.6643656920392482,0.0599890283428374,-0.05055929710966535,5.565947179374611,2.4549367856748017,1.1973288849195547,-0.40333233263284307,-0.23474548830581107
Honduras,HND,1995,-0.162510604737944,0.0599890283428374,-0.05055929710966535,4.610119642505009,3.5482772978509884,1.2423743705263068,-0.38802161513059147,-0.005078464755312777
Honduras,HND,1996,-0.4948022620049013,0.0599890283428374,-0.05055929710966535,4.232354008611191,2.75296412494915,1.9729330320246665,-0.21840288201741223,0.11133889422618386
Honduras,HND,1997,-0.23514194043019726,0.0599890283428374,-0.05055929710966535,4.115828895899905,2.2387502095319034,3.6095602959117676,-0.37601320924647263,0.22872001028009473
Honduras,HND,1998,0.07267348892627126,0.0599890283428374,-0.05055929710966535,1.7284192509607208,1.3155093058120642,0.6105706891218344,-0.27093965776043244,-0.01950323878290771
Honduras,HND,1999,-0.09675162473581764,0.0599890283428374,-0.05055929710966535,1.728351967811406,1.0321991920032407,0.5470307497946933,-0.296457520264185,-0.04848545575838104
Honduras,HND,2000,-0.5050746061107355,0.0599890283428374,-0.05055929710966535,1.2963396160670908,0.9451713325138023,0.25422509720500924,-0.29150405283698594,0.01800815687980604
Honduras,HND,2001,-0.40422879330238914,0.0599890283428374,0.5559838699568053,-0.21928548213363191,0.7509783707117145,0.9075964038120032,-0.2739417592314621,0.3748743127182742
Honduras,HND,2002,-0.07396635634893887,0.0459464107141819,0.8272802599200465,0.00757223712602193,0.47059708540834255,0.06043648287850725,-0.27093965776043244,0.17138781434050898
Honduras,HND,2003,-0.4611486143154587,0.07092739126662213,0.7374346233998151,0.1819708223084624,0.46828701435589204,0.014054197716695449,-0.07880516361453023,0.21301083644735583
Honduras,HND,2004,-0.5832590212801658,0.08436263548802142,0.648408949623303,0.5527387612251066,0.5304263846690546,0.4489655445812931,0.024767337135995205,0.25249301593610374
Honduras,HND,2005,-0.016638777204933678,0.10650727069617308,0.4332092134950456,0.5127628973312871,0.6287002947768232,0.39431605624623206,-0.1374962473731613,0.13273035253067986
Honduras,HND,2006,-0.06430879909581001,0.23341006395218183,-0.0033272955665195197,0.6264276109425145,0.17196630703156346,0.7067909483439826,-0.33788652056439517,0.02983352733572981
Honduras,HND,2007,-0.7468879579409604,0.3959522292957843,-0.050640417617826054,0.5430638345218034,0.36398016839627406,0.3428879968035421,-0.3923746622635846,0.12337563400476381
Honduras,HND,2008,-1.526935360571475,0.3748594958827252,-0.0440758593220249,0.11257266726389982,0.9954047484325073,-0.5202296382047236,-0.4006304413089163,0.25995585696959184
Honduras,HND,2009,-0.10273436451378005,0.3543050780048674,-0.057039765341489364,-1.3533756801598973,0.1604593865428059,-0.8350730234269687,-0.38021615130591424,0.09979222416385404
Honduras,HND,2010,-0.2584708325449006,0.29231558762249404,-0.05055929710966535,0.0024686504605113306,0.047742370256321824,-0.15214034050230055,-0.25607925547883525,0.019611606696057722
Honduras,HND,2011,-0.6139980485667014,0.2890174389763071,-0.0340542990842558,0.025470319584167657,0.33939505559523087,0.03290790632443192,-0.20279195436805766,0.14471455377517004
Honduras,HND,2012,-0.6853492545118536,0.37451065207963324,0.3870642141273704,0.08993135791863203,0.11803332120534109,-0.36305820787838927,-0.3107175022515762,0.11446433912508581
Honduras,HND,2013,-0.8083959760515167,0.4488090401823096,0.5672227869765882,-0.20424446376198724,0.11318695174728881,-0.26940366548780675,-0.026868808165716046,0.2636552492951668
Honduras,HND,2014,-0.4893620561584302,0.45666019007100944,0.3897308401904036,-0.14560835919580678,0.24991847846577045,0.09716269703687228,0.18808165716001204,0.2880748968969007
Honduras,HND,2015,-0.2083659953876022,0.44602667334054197,0.5953026041474313,0.02643599269123679,-0.1700809046410761,-0.30062051326169853,0.04833383368357852,0.1144130994235918
Honduras,HND,2016,-0.01963778910029112,0.5159013403886239,0.52315380954996,0.038072585629196576,-0.23131486192288042,0.43230998506026247,0.13539477634344044,0.19385860755578585
Honduras,HND,2017,0.2148095364443921,0.5149269826575087,0.3534674654314209,0.2470652070385474,-0.060321198478838246,0.03566017799643098,-0.04458120684479145,0.048182496754113055
Honduras,HND,2018,-0.4432984207440662,0.6232320462296234,0.19982842057599096,0.027517276580042535,-0.001946738190689316,-0.27432231677775853,-0.026568598018613106,0.1337148511403682
Honduras,HND,2019,0.04058343092966305,0.6587550533024442,0.30804017865796096,-0.25526938355932666,0.0006713117861930323,-0.12316631627226374,-0.019063344341038697,0.14856040510899418
Honduras,HND,2020,0.7210436321034135,0.8046220608623078,-0.008219066995629545,-2.7907730836192295,-0.1261814415341363,0.5112675541266255,0.7740918643050134,0.5750443460399995
Honduras,HND,2021,-0.3063994010016082,0.7291084883132767,-0.37589119632806073,1.9460309696953952,0.016927288610438775,-0.17713927009376537,0.4024317021915341,-0.1491706508571948
Honduras,HND,2022,-0.4791287751611115,0.7799143824650261,0.22586916304498253,0.09320376529160519,0.6683590490094035,0.03295052153991934,0.44265986190333223,0.36223971254745285
Honduras,HND,2023,-0.1524564506645134,0.8994686162812465,0.01633857092932334,-0.03169664233732086,0.3253978325700824,-0.07405575901685836,0.0367757430201141,0.19829687096939172
Honduras,HND,2024,-0.171043584742359,0.96052057266341,0.06310426893576941,-0.01925315117793816,0.034642428754521275,-0.16560982149155587,-0.13734614229960976,0.1350868632118332
"Hong Kong SAR, China",HKG,1990,0.5786822951264162,2.729585538249277,-0.05055929710966535,0.024339529083314753,0.8573252742249193,-0.25438414204164095,-0.6041729210447314,0.29639608972406106
"Hong Kong SAR, China",HKG,1991,0.5786822951264162,2.227740664931968,-0.08431291566685394,0.43605493963370007,0.9608273379028297,-0.25438414204164095,-0.6041729210447314,0.1758515413316364
"Hong Kong SAR, China",HKG,1992,0.5786822951264162,2.0610322188133634,-0.10624181124829703,0.5533373773314825,0.7479187974549409,-0.25438414204164095,-0.5801561092764936,0.10516418303485339
"Hong Kong SAR, China",HKG,1993,0.5786822951264162,2.1771632330819877,-0.059698673321315496,0.5458926550199108,0.627817749240985,0.18372671769913126,-0.5801561092764936,0.1748968524682811
"Hong Kong SAR, China",HKG,1994,0.5786822951264162,2.3627406785195957,-0.0636675368967047,0.5095576673163791,0.6186368986271981,-0.015618224809174026,-0.5891624136895828,0.17495563418693383
"Hong Kong SAR, China",HKG,1995,0.5786822951264162,2.489773031805347,-0.03698121366631095,-0.2961476775452931,0.6666264012871701,-0.09553024893342703,-0.39102371660162116,0.3357613766157192
"Hong Kong SAR, China",HKG,1996,0.5786822951264162,2.646163090164501,-0.05344758916023952,0.11848545744229866,0.2706017750083723,0.039604703196957344,-0.44956469528670073,0.2508842187648822
"Hong Kong SAR, China",HKG,1997,0.5786822951264162,2.9180080432345346,-0.0362368462940653,0.30355960677029686,0.20007794311353896,-0.23715812035219813,-0.5411287901531072,0.20304576109314137
"Hong Kong SAR, China",HKG,1998,0.5786822951264162,2.864654760195762,-0.04461985354030321,-2.1126175795880076,-0.2047404406280203,-0.060356239734307156,-0.18688081657160016,0.5574275277404459
"Hong Kong SAR, China",HKG,1999,1.1636949841877962,2.5626352040586475,-0.028333786986529826,-0.2669117122999306,-1.1831483402228307,-0.26759046405450626,0.06379465625938155,0.035796285309470974
"Hong Kong SAR, China",HKG,2000,0.9117627149802825,2.5100150313351515,0.010844973349270905,0.8675979887907913,-1.1373619477453272,-0.19236276575006278,-0.1358450915640949,-0.10343864344944806
"Hong Kong SAR, China",HKG,2001,1.1266587375929424,2.48038367116434,-0.036787903459880304,-0.695009625069994,-0.8508045901160803,-0.8969488197341529,-0.1103272290603423,0.021980859467276476
"Hong Kong SAR, China",HKG,2002,1.3438916685337778,2.409926906652012,-0.050256923425069815,-0.45391974652980477,-1.038085166610267,-0.8363127696047737,0.21840288201741223,-0.026613856139237037
"Hong Kong SAR, China",HKG,2003,1.701537502854252,2.421213612259985,-0.07263210436798868,-0.14598714207523422,-0.9943607766697773,-0.41621714150369293,0.3054638246772741,-0.04458327805474536
"Hong Kong SAR, China",HKG,2004,1.5978822717778478,2.389539612555931,-0.0482879996113188,1.0956606764485866,-0.6552605507060044,-0.2732724951746754,0.13734614229960976,-0.1633540341232703
"Hong Kong SAR, China",HKG,2005,1.8368618116078719,2.354314244058328,-0.06993792492845952,0.807032603856401,-0.4996138679096255,-0.5001166424711654,-0.0367757430201141,-0.19943204996218708
"Hong Kong SAR, China",HKG,2006,1.936372729124867,2.217932222739954,-0.0678420584730931,0.7288191828241476,-0.33370066045109925,0.17861958516325385,-0.15836085259681787,-0.11836338222383101
"Hong Kong SAR, China",HKG,2007,1.9777024456486347,2.215333261879563,0.010611500371240014,0.603895622580831,-0.3287852630134635,0.24134322812286632,-0.27244070849594726,-0.10221943562360099
"Hong Kong SAR, China",HKG,2008,2.2209524539267953,2.293058158522233,-0.0770079507872361,-0.3502453065544827,-0.00819347876751846,-0.6652847392576067,-0.3399879915941159,-0.09544616417950812
"Hong Kong SAR, China",HKG,2009,1.5899094759573908,2.619398555627559,-0.11430636467924425,-1.3594178350218182,-0.5345271266894134,-0.4257700600273211,-0.08480936655658967,0.17564199953420254
"Hong Kong SAR, China",HKG,2010,1.2340328081149021,3.2693836590714374,-0.018769663446678134,0.6705306816379119,-0.2923371387783434,-0.3698458458404412,-0.2245571900330232,0.06561576160287677
"Hong Kong SAR, China",HKG,2011,1.0552670897572585,3.6295734023707347,-0.023545566837845453,0.24085094724313985,0.13344895648773808,-0.006371781247353558,-0.360702491744221,0.29661206886123637
"Hong Kong SAR, China",HKG,2012,0.5638586085996379,3.5485026239289086,-0.10069696872859361,-0.4443229928626723,-0.04342341994112225,-0.19146386956416062,-0.3812668868207746,0.3874451233053274
"Hong Kong SAR, China",HKG,2013,0.556552767792312,3.971588884259477,-0.05131935709419261,-0.1360442555949571,-0.003269169396537936,-0.10757318418539617,-0.36400480336235375,0.43213055114623444
"Hong Kong SAR, China",HKG,2014,0.540735160504216,4.295993722393292,-0.05405576086496213,-0.21065674512646163,0.008837421904162762,-0.2521167239406366,-0.3796157310117083,0.4698520733003419
"Hong Kong SAR, China",HKG,2015,0.7786460824669346,3.7504191790798855,-0.05481691382572706,-0.29307366927790335,-0.19368335587602856,-0.3802217464561018,-0.3769138396877815,0.3227444157207451
"Hong Kong SAR, China",HKG,2016,0.8573314539720781,3.8883848193122,-0.03139425480566728,-0.3397925368665265,-0.27588207313766877,-0.39732847382912684,-0.3652056439507656,0.32871935092620286
"Hong Kong SAR, China",HKG,2017,0.9342914905786394,4.083918390371112,0.005946669552316842,0.016762209007985394,-0.40527555429474954,0.062135172572162306,-0.4054338036625639,0.3414624535645218
"Hong Kong SAR, China",HKG,2018,0.8303503608539414,4.009259947421471,0.031593095510579816,-0.19206726332184304,-0.27633058210312317,-0.5901640419282869,-0.4533173221254879,0.29753685703472216
"Hong Kong SAR, China",HKG,2019,1.0919919457276557,4.372060246051338,-0.05522232192012339,-1.186347500441048,-0.20889783833040657,-0.5236345908937188,-0.4365055538877215,0.46316507081896574
"Hong Kong SAR, China",HKG,2020,1.2329021384708867,4.849762498241058,-0.19260273683238013,-2.25829632996788,-0.5809565211879799,-0.4338946526449714,-0.0025517862503753154,0.6664501418317637
"Hong Kong SAR, China",HKG,2021,1.8307751601100872,4.855822404891513,-0.021376129082454117,0.6016080673090045,-0.39469069796523243,-0.6420919009168661,-0.0977184028820174,0.18108029237512163
"Hong Kong SAR, China",HKG,2022,1.6269501784110159,4.969252749197669,0.05531530279021934,-1.629187122208429,-0.35050456620637477,-0.6367914610658928,-0.22620834584208957,0.5447572318101349
"Hong Kong SAR, China",HKG,2023,1.4180904107716208,4.631814307910981,-0.05387153365685845,-0.1253097381933636,-0.32008143472884387,-0.5925843752575141,-0.43170219153407396,0.2772563000222048
"Hong Kong SAR, China",HKG,2024,2.0167713503093414,4.2307951536127595,-0.0970920582887614,-0.23992744533119859,-0.3719391721047363,-0.36342988786142705,-0.425848093665566,0.1708060052448752
Hungary,HUN,1990,0.5044127922988193,0.23217745669638565,-0.05055929710966535,-1.5876887981399428,3.3935128968445825,1.2646612562951753,0.4015310717502252,0.9035141986168325
Hungary,HUN,1991,0.5116097186368227,0.07875454652146158,2.5303571896298673,-3.434720757410469,4.304906742002262,1.279061770632019,0.4015310717502252,1.6453889084727833
Hungary,HUN,1992,0.4806445551647178,-0.04008471974419323,0.7546155663706723,-1.4925408480269269,2.7272228843407245,2.1522616604570577,0.6179825878114681,1.0319848960139912
Hungary,HUN,1993,-0.9394988473633332,-0.14352509007094566,2.2681806037793377,-0.9451507859149257,2.5588105524282354,0.4207675779298001,0.9416091263884722,1.132927486247594
Hungary,HUN,1994,-0.7877105898550154,-0.18280557778486098,1.9851620245595571,-0.17001271643846474,2.050506179910079,0.1638107644029173,0.7538276793755628,0.8183177681081053
Hungary,HUN,1995,-0.0853591519999311,-0.26435248814134304,2.7104354841001235,-0.49069946818045157,3.3844481681469896,0.6557186260119365,0.6519063344341038,1.1020306778188849
Hungary,HUN,1996,-0.12039047812003474,-0.2720098101316373,2.985103035277659,-0.7961314996592832,2.700834833636628,0.7548927805501934,0.629990993695587,1.102190544401107
Hungary,HUN,1997,-0.18902131415426177,-0.2249051109395747,3.1141092745670416,-0.16325314813950706,1.9709280514389376,0.5700741073487867,0.4752326628640048,0.8939590639389949
Hungary,HUN,1998,-0.5738203373657721,-0.22762859391592694,2.041019763864813,0.028202236886865628,1.384158715763157,0.26761059803430487,0.46532572800960686,0.6394434731764089
Hungary,HUN,1999,-0.6639702503348346,-0.1818156701266303,1.4503764917274737,-0.13945313702276327,0.7967164577065585,0.27305786332236626,0.16571600120084062,0.4724963615983152
Hungary,HUN,2000,-0.7220059007296512,-0.04428307463357218,2.636262339295041,0.1516841659166675,0.769276318043885,0.04816196548290657,0.11077754428099665,0.5843595467546059
Hungary,HUN,2001,-0.38673040933929465,-0.027758441416710685,0.1655913434438225,0.07526542904441719,0.672199432092532,0.32281097153558247,-0.02311618132692884,0.2030274435175964
Hungary,HUN,2002,-0.4279793810373411,0.009568092937379305,-1.4631860307847058,0.22223786771935267,0.1278232671114294,0.13723162014391982,-0.032572800960672554,-0.145056334033523
Hungary,HUN,2003,-0.6522752560328721,0.05624823472066643,-1.8929088962747453,0.04815003949427637,0.04238905738283706,-0.07323083036476219,-0.005253677574302033,-0.1812329850816729
Hungary,HUN,2004,-0.7532831473457278,0.10882087517730107,-1.4105739954401735,0.27351241525156716,0.33686032128486854,-0.030301296424084655,0.0010507355148603533,-0.07348180397043823
Hungary,HUN,2005,-0.8528158960730867,0.20162137148007636,-0.2713156757240302,0.12768333730925002,-0.11302133368825354,0.20169243229832493,0.20474332032422696,0.13555038192202587
Hungary,HUN,2006,-0.5314047875622384,0.28836968382888056,0.7156069701014022,0.047083894952512056,-0.0608915039575613,0.1358539565892661,0.2505253677574302,0.25911219527559204
Hungary,HUN,2007,-0.5315186676183196,0.4159460267844306,-1.8504613534994192,-0.7452837507632694,0.5085112115246886,-0.06888189828963186,0.23731612128489937,0.07417607516950807
Hungary,HUN,2008,-0.5292892423365964,0.5487690816378094,-0.9376256462027174,-0.599841757360981,0.23765854533113476,-0.23773496455974893,0.2990093065145602,0.14845818891694504
Hungary,HUN,2009,0.21803994738633034,0.5604634399394466,2.434403710585209,-2.3012787791462346,-0.021118639858002407,-0.6090042442537636,0.6311918342839987,0.725596418922399
Hungary,HUN,2010,0.34549045989603927,0.5694747972884933,0.34119771922872116,-0.5834483391647267,0.06988673689480304,-0.5636124586541784,0.802611828279796,0.2082166431866175
Hungary,HUN,2011,0.421731220484494,0.5290839934666144,-0.5193081207097939,-0.39671660800481656,-0.06094875620143197,-0.3876068484183774,0.7811468027619334,0.04533606548846671
Hungary,HUN,2012,0.5020667656293307,0.35599582744814673,1.641849972078253,-1.1130978694147309,0.1824815063185536,-1.216770924051713,0.7772440708495948,0.33597593663260505
Hungary,HUN,2013,0.7383089209516633,0.26288615359126544,-0.13913183092107734,-0.37131458328055633,-0.37144747606009093,-0.3037929864259568,0.6532572800960672,-0.037889028198699916
Hungary,HUN,2014,0.46110004626270745,0.18604832497810184,0.5127918244309516,0.1351790330157355,-0.6485947932610879,-0.6935847557118323,0.2851996397478234,-0.1363455484420695
Hungary,HUN,2015,0.6305037592620976,0.02580622608964004,2.7920092385692645,-0.013223080184322026,-0.6251423665274449,-0.4598561357079298,0.14830381266886816,0.180548585144946
Hungary,HUN,2016,0.9126754339794783,-0.01252840182746434,0.06041134854424737,-0.28188852224084593,-0.5606298728557987,-0.3456628338803577,-0.1065746022215551,-0.2279673248542229
Hungary,HUN,2017,0.5812037098223484,-0.03253709900875852,-0.40688904471119225,0.08894048419194446,-0.2845133409888851,-0.3053914332763542,-0.2505253677574303,-0.2785714971081305
Hungary,HUN,2018,0.41086631492236914,-0.03525038205074474,-0.26821363132241116,0.41497891136309933,-0.21355670357439363,-0.009890055927006125,-0.323926748724107,-0.23952610684059014
Hungary,HUN,2019,0.29378043740283977,-0.015697936228532126,1.0201561320628119,0.29860617862455535,-0.14453180369761526,-0.2787928543946257,-0.36235364755328736,-0.053372389405520526
Hungary,HUN,2020,0.2409554625878819,0.08038022904627892,0.7933593263546329,-1.7729480649792795,-0.14620569840786898,0.6704313921689858,-0.2367157009906935,0.38474887865181895
Hungary,HUN,2021,-0.1606930907989342,0.09725676674455157,-0.2736276686480667,0.7706792652567589,0.10598766261131262,0.4803560606014945,-0.2707895526868809,-0.06725755797648766
Hungary,HUN,2022,-0.7165450768289424,0.046161543808683335,3.1911891881766663,0.09514391611876778,1.448380079290604,-0.25618402543503643,-0.33653557490243174,0.6734874816640943
Hungary,HUN,2023,0.36775973018772395,-0.021433646104854827,-0.791330110597552,-0.9981719146352425,1.8041239198891845,-0.6238852476454966,-0.2595316721705194,0.10547934683118286
Hungary,HUN,2024,0.5963498388798288,-0.03306749695431001,0.4544432624036355,-0.6624040141902583,-0.0929237649267794,-0.17958405167270727,-0.19888922245571905,0.0022904145292213162
Iceland,ISL,1990,0.12222301806671669,0.14094127537284834,-0.05055929710966535,-0.561135428692782,1.5759562756981824,0.15808058930029528,-0.4918943260282198,0.25306241826564374
Iceland,ISL,1991,-0.09626477379004016,0.16625209685074058,0.12242157034438914,-0.8675805008115393,0.345967567152213,0.2904672418388549,-0.4918943260282198,0.19957991782279388
Iceland,ISL,1992,0.09845877373361199,0.23044748556732075,-0.398404041001105,-1.5606796641702305,-0.058434092882934316,-0.590626068877944,-0.22815971179825886,0.05957778020624243
Iceland,ISL,1993,0.439499465323622,0.23023944549636577,2.42221670146043,-0.5294371920779312,-0.04498623078075604,-0.3973931736772671,-0.08525968177724416,0.3163935410679768
Iceland,ISL,1994,0.5847814535734177,0.18580142742175126,0.43943497378206603,-0.024434181737423136,-0.39696666821805393,-0.7272788766500295,-0.07490243170219163,-0.16203697817177892
Iceland,ISL,1995,0.39916074065570134,0.21560113474252807,-1.113113243491455,-0.7927545374093669,-0.38303341060197127,-0.6917359768221761,-0.0944160912638848,-0.2390148272404705
Iceland,ISL,1996,0.08554920988871591,0.2695492807821199,0.34494425538987533,0.17110590884805268,-0.29692692682542215,-0.422615720978377,-0.33398378865205647,-0.0993840027172327
Iceland,ISL,1997,0.0925859199578357,0.6442315176537958,0.8865162071077914,0.09261162276087055,-0.35982442333059866,-0.19058770225500063,-0.31597117982587813,0.06845241094734336
Iceland,ISL,1998,-0.4970638594140497,0.5928601441532994,-0.03977521577627863,0.7239428806203064,-0.38190119613960477,0.23769145354251742,-0.41368958270789563,-0.03309905973345988
Iceland,ISL,1999,-0.4841701869153443,0.7778616469225672,0.22400126749224436,0.03917600850074997,-0.15962106582121277,0.3893178599834456,-0.5474332032422697,0.1613029548213384
Iceland,ISL,2000,-0.8545602428239117,1.2600095245498752,1.1779397300794672,0.26076457430295247,0.10959282924980386,-0.0888557703613206,-0.5837586310417293,0.3526747644281509
Iceland,ISL,2001,-0.18282556783127318,1.2973191475203971,3.334508502337597,0.02662506174193179,0.2889069443566511,0.2354497094323936,-0.5930651456019215,0.6741885234477799
Iceland,ISL,2002,0.5359534824112939,1.4141929487099725,-0.8875014497548598,-0.69909742166608,0.11815150758830577,0.20475315724210458,-0.425848093665566,0.08384171562496331
Iceland,ISL,2003,-0.22611288850943287,1.9351419607693732,-2.3586435159267616,-0.3164891964448032,-0.3258684146522564,0.7642433079751749,-0.27439207445211655,0.040440478381092784
Iceland,ISL,2004,-0.8627894817191274,2.6367479060528285,-1.25266535757334,0.858613223339462,-0.17002972829899993,0.32302686708692313,-0.26928850195136605,0.181709634813673
Iceland,ISL,2005,-1.5524535803999673,4.344510381521033,-1.503908414340341,0.728091612569272,-0.05287408073555589,1.0457370272382602,-0.4920444311017713,0.5951117786303316
Iceland,ISL,2006,-2.4314992577639747,5.757544179246428,1.566545054096143,0.4293836434779902,0.3287657307252566,3.5333997467935836,-0.44956469528670073,1.819829375694385
Iceland,ISL,2007,-1.3156654130415153,4.510328196641378,-1.2854057832407657,1.1047389622065384,0.09759055609278375,-0.44717874516098555,-0.5364755328730112,0.36425502032776796
Iceland,ISL,2008,-2.4672574580626323,3.385985176940595,5.227039522532323,-0.44447950949675613,1.177878369952605,1.4773716391142437,-0.4321525067547284,1.9639798813349179
Iceland,ISL,2009,-0.7268776612867891,2.972890877222407,5.691225196010067,-2.6491734164622134,1.0801706012348087,-0.6953742853199599,0.20939657760432298,1.8049085777858067
Iceland,ISL,2010,-0.36002896258411676,2.666640783152883,-0.21037877348341252,-1.307216400394676,0.14637964032272793,-1.6117321908617033,0.26103272290603424,0.417026792145046
Iceland,ISL,2011,-0.18478335881843064,2.1761141682156655,-0.778334429608188,-0.5147964284043789,-0.05089822490298263,-0.45904309482651734,0.18057640348243764,0.25257065851188926
Iceland,ISL,2012,0.016265755749856347,1.776499217896398,1.0633390005192094,-0.5611483233033979,0.11657939383598351,-1.2117495456787994,0.026268387871510035,0.3308312888568347
Iceland,ISL,2013,1.2113499259863012,1.5624268150501521,-0.3790093265897518,-0.027052460668633455,-0.06909621281007138,-0.5352359437877006,-0.06739717802461721,-0.0960870444970938
Iceland,ISL,2014,0.9797686061646359,1.2797035620752597,-0.6772633152762028,-0.39735309229600924,-0.32743007830650134,-0.4521324163144483,-0.13929750825577905,-0.1284050385637569
Iceland,ISL,2015,1.1474308711115666,1.1300911729977927,1.7853461402313764,0.010707833818052038,-0.3856025121551433,-0.46785664119287795,-0.2770939657760433,0.08953506988221227
Iceland,ISL,2016,1.4926056303229194,1.0589287424620166,-1.2418476417827655,0.5496113106740971,-0.3765744267382484,-1.2166511445956485,-0.4273491444010808,-0.6065300794361062
Iceland,ISL,2017,0.9779064979063665,1.1159661840770045,-1.6868845180679226,-0.05166888649458928,-0.36760062773181323,-0.5073500580274855,-0.46277394175923153,-0.40498293898874654
Iceland,ISL,2018,0.9175359751749267,1.1982398665848522,0.14286929650273228,0.20699258250126448,-0.23720823830725543,-0.36375032263758816,-0.46847793455418796,-0.12183655572680548
Iceland,ISL,2019,1.2786219148754459,1.1598598894877403,1.8185187224132515,-0.5679903862607372,-0.19041491749652126,-0.39293087728638976,-0.3479435604923447,0.19092253257300396
Iceland,ISL,2020,0.6033912999870491,1.3904409539800282,1.4282844428037802,-2.2805348831475922,-0.21388518009470853,-0.33634722796006383,-0.05208646052236572,0.5562214444810305
Iceland,ISL,2021,0.05089277517026113,1.4144430639286967,-0.9316211358914727,0.32135190156476834,0.011748364508226977,-0.07947011832487784,0.030621435004503116,0.01049670464143527
Iceland,ISL,2022,0.1370403103041225,1.2745270326367564,0.8732104184501287,1.1302529300621902,0.5579838730751808,-0.22614264804408998,-0.30561392975082563,0.12952450085726255
Iceland,ISL,2023,0.21991010969371128,1.1722641268638434,0.22796709374201585,0.2887223742218276,0.6184162457623181,-0.2662846605874988,-0.3462924046832784,0.1282054167402659
Iceland,ISL,2024,-0.03157351977081287,1.2324572091961281,-0.04901320196024181,-1.1006437803707716,0.21141418030116566,-0.021668376042202522,-0.33398378865205647,0.310203331854911
India,IND,1990,0.09792178073485447,-0.19364238786406163,-0.05055929710966535,0.3989881083671702,0.6516226954740583,0.2285764378918887,0.27259081356949866,0.05881119612281342
India,IND,1991,0.17242828230693927,-0.2172381044989047,4.184292478723986,-0.5858946375765033,1.3440808537622146,0.46700442268387254,0.27259081356949866,0.9234566885014617
India,IND,1992,0.17646436025624113,-0.19834588054273183,1.925117693771944,0.3877549366233274,1.0497369021546172,0.36031298237804316,0.27379165415791057,0.4066277221486021
India,IND,1993,0.2857640495673052,-0.2170158598796057,2.4470714593396132,0.22679438695724705,0.27785435695615196,0.37096171988070015,0.27574302011407986,0.37743660855519817
India,IND,1994,0.30546175951409604,-0.2209972342625214,0.3579679637710238,0.6465978498536711,0.832080131070711,0.6108367732772085,0.2653857700390273,0.12760197064681172
India,IND,1995,0.1779609988312351,-0.24549509577919634,0.4244696604378993,0.8480280073552062,0.8288221815128494,-0.06891344010471759,0.2619333533473432,0.024975379032533808
India,IND,1996,0.18144237890712486,-0.2262758604843793,1.2610829143957594,0.8425345541400673,0.6524594431710625,0.49776371323317137,0.2569798859201441,0.20257616616979515
India,IND,1997,0.2806494474554389,-0.22298057290153597,0.30087843004577003,0.07258018797902449,0.39621244461304705,0.4185757246531774,0.26253377364154906,0.11457002351679202
India,IND,1998,0.16632294908675763,-0.2203418670226957,1.8765917545128392,0.5422033159894758,1.253702920180263,0.4564459167213223,0.2658360852596818,0.4176726492250253
India,IND,1999,0.2818191511780501,-0.18272718582891476,0.565353670881402,1.1277133120682226,0.04363339107455673,0.3813427435611284,0.2638847193035125,-0.048292160607798264
India,IND,2000,0.24737268330895007,-0.11986009510321043,0.5692737036963332,0.026636458817335052,-0.04970960491936107,0.23628559745532252,0.26478534974482143,0.08953797267823149
India,IND,2001,0.40463777039696913,-0.11382782610880493,0.6561667368548191,0.2428966162052078,-0.08223946945373217,0.1738491407861128,0.26808766136295403,0.036357408119881696
India,IND,2002,0.5381314869199719,-0.0343556583493373,0.3763978430709485,0.01849276281841311,-0.009041953444856256,0.35287992273462904,0.2785950165115581,0.058264417254936716
India,IND,2003,0.5471040017660606,-0.049017375928350794,-0.640560661633757,0.9109253656425337,-0.07848447780323661,0.0794459299899028,0.27138997298108675,-0.26789371140042134
India,IND,2004,0.38233893818367587,0.0493894516060522,-0.43533194478651793,0.9246878544495464,-0.08394147675999501,0.3507649718563864,0.26613629540678474,-0.165715642187216
India,IND,2005,0.21386942263718725,0.13293759527822618,-0.43037536979013885,0.9247965390932898,-0.01622354275375584,0.2676958533832928,0.25908135694986495,-0.13222143838042685
India,IND,2006,0.24655157318878648,0.2096658684346409,0.3366993835412584,0.9550037554069829,0.2028888520383299,0.7102628272850755,0.25938156709696786,0.0739061671143576
India,IND,2007,0.28674028230971127,0.2527746666771454,-1.2867422813356855,0.8670196115720544,0.2843550025883081,0.7570897332583157,0.2607325127589313,-0.12650717999067865
India,IND,2008,0.04955733917209864,0.33751746241920744,0.687412562231862,-0.13931234575889576,0.5637100907822441,0.6267900966803052,0.27078955268688076,0.36799639591247096
India,IND,2009,0.12763343959122112,0.30658884081766724,1.5430531157958567,0.911256992950141,0.9217527720491309,0.4434492350608129,0.2718402882017412,0.34968483134054956
India,IND,2010,-0.033237412458320674,0.3589856904987649,-0.8337617124074594,1.0511137274748314,1.0782285115997088,0.4292431844754289,0.27108976283398384,0.04084416028341659
India,IND,2011,-0.0549584470032251,0.3748034646724593,0.2417427333358683,0.3347159941843062,0.6432211847428593,0.3071376674290534,0.26778745121585107,0.22213356488785863
India,IND,2012,-0.24963181057456424,0.38772038722926105,2.00088296802661,0.3820329241534557,0.7233933890379479,-0.0663771565379509,0.27319123386370453,0.4552013868629544
India,IND,2013,0.04186116499289878,0.3984372087967126,1.3158395634860363,0.5865763995839972,0.7995623809292415,0.21133193178805895,0.27814470129090363,0.33926831738772245
India,IND,2014,0.20324310763788717,0.38758415804952595,0.536582583400782,0.8118889341685732,0.32573775878050976,-0.09999677092773093,0.2748423896727709,0.05851686816705675
India,IND,2015,0.236845023144601,0.38726810176777654,0.6733314702459655,0.9408180526316612,0.07715413273549153,-0.09777096915901762,0.27078955268688076,0.019015601785833502
India,IND,2016,0.3035235836256408,0.09275333649466605,0.620660775655843,0.998030920631336,0.08298366986730855,-0.37774944177908437,0.26808766136295403,-0.08783121466504137
India,IND,2017,0.1908902055928741,0.09204340515574079,-0.48721228631697644,0.6766196892981483,-0.14600364127204887,-0.1114649073409554,0.2703392374662264,-0.17854401245700519
India,IND,2018,0.06888154130775216,0.10770929470365588,0.6594498437448808,0.6014806755452977,-0.05968999862217283,-0.10496741217686048,0.27424196937856504,0.029483068596431218
India,IND,2019,0.23906122732885232,0.10426965570884657,0.3695999071169886,0.03333470575905613,-0.08927673951940998,-0.10565486020330946,0.1028219753827679,0.015623429342567881
India,IND,2020,0.5199298044245977,0.14843089633389261,0.6886690746457484,-2.0895361599200637,0.3197701200894133,0.03877265457616852,0.3053137196037226,0.438651831534916
India,IND,2021,0.2383656603628332,0.06448357365176446,-0.08522584179196929,1.31336227320658,0.10887708468717076,-0.047935096173294806,0.08330831582107472,-0.20403141391066673
India,IND,2022,0.06821345012467583,0.09237237701659534,0.8464904316787127,0.8557002974598058,0.33045553868159483,-0.047935096173294806,-0.15055538877214053,0.020987730692426567
India,IND,2023,0.25596771967970205,0.15074347601950974,0.6685027849368756,0.7678871331877265,0.18205718686743677,-0.047935096173294806,-0.24812368658060652,-0.04551574111392968
India,IND,2024,0.26356487660954475,0.16613092751378608,0.13272694199993776,0.7434784438481163,0.08366484228111835,-0.047935096173294806,-0.24797358150705498,-0.13148989804902408
Indonesia,IDN,1990,0.020923170876868773,-0.13453511629381248,-0.05055929710966535,0.7749068580901025,0.48878665454665976,2.3918695905959244,-0.4815370759531673,0.20259924668842397
Indonesia,IDN,1991,-0.08257816918783094,-0.13453511629381248,0.7748401854623199,0.7022722292916802,0.7149226280439523,0.40897959210988366,-0.4815370759531673,0.09471087903790386
Indonesia,IDN,1992,0.10045691695629341,-0.13453511629381248,0.5269329754953581,0.6110850635629025,0.44699227773979633,0.5627492056008694,-0.46397478234764344,0.032374654239338864
Indonesia,IDN,1993,0.2040652521371476,-0.13453511629381248,0.34801411953845274,0.6108434100652508,0.7506610937418009,0.5946087548658929,-0.4567697388171721,0.04101006440468052
Indonesia,IDN,1994,0.17373158602749697,-0.13453511629381248,0.44872487587332033,0.8404332456563219,0.5895385020228515,0.6053017394233462,-0.21900330231161824,0.0394088381471812
Indonesia,IDN,1995,-0.024353852477576758,-0.13453511629381248,0.5247190176747669,0.9900451299913925,0.7150972138362147,1.1423651172669333,-0.18222755929150414,0.15710391366839752
Indonesia,IDN,1996,-0.047668423286712946,-0.13453511629381248,0.5389517261373044,0.9016423560863353,0.510565795109705,1.1098661824293679,-0.14470129090363262,0.14659619481132996
Indonesia,IDN,1997,0.08876349868990883,-0.13453511629381248,3.3749533946284638,0.2155966747953447,0.2636152662432333,0.9759342148391107,-0.1712698889222456,0.572048242429928
Indonesia,IDN,1998,0.8990996807868786,-0.13453511629381248,34.498606809936376,-3.7063584528002997,7.645417688391984,3.7273263336912614,-0.05493845691984398,6.927019432974198
Indonesia,IDN,1999,0.8791008568822627,-0.13453511629381248,-3.1003886920818218,-0.6443513376522704,2.2780396707873405,0.02074039899699808,0.08000600420294199,-0.15584103623119233
Indonesia,IDN,2000,0.9671289502406936,-0.13453511629381248,0.9700546304388501,0.2640394932709673,-0.09505574041786233,0.3427544497203125,0.03782647853497445,-0.01573196307559982
Indonesia,IDN,2001,0.9001603412747365,-0.13453511629381248,3.0391388142155846,-0.016820109399062144,1.009071390964779,-0.005849040653092461,0.03857700390273187,0.43758040289435957
Indonesia,IDN,2002,0.8627823811854651,-0.13453511629381248,-1.3600556277254576,0.1715067643326021,1.0656105306428538,-0.5276171203429214,0.11693185229660763,-0.26770780384868537
Indonesia,IDN,2003,0.795385280411723,-0.13453511629381248,-1.1659975854242683,0.2333049950272879,0.33869298642477796,-0.29436220609221575,0.12488742119483638,-0.3085721108042419
Indonesia,IDN,2004,0.44393629473262547,-0.13453511629381248,0.5461277355960666,0.288417491905678,0.24070446966476758,-0.20587777136009874,0.22185529870909634,-0.009154167188897734
Indonesia,IDN,2005,0.38074140543352913,-0.13453511629381248,1.1617290641919888,0.43399470329812667,0.8610935566874571,0.32163071251980996,0.31822275592915045,0.2447721234718483
Indonesia,IDN,2006,0.736779074146627,-0.13453511629381248,-0.8457500152718663,0.39183731095120267,1.2364349091109332,0.21952263792635063,0.25908135694986495,-0.05626608752519428
Indonesia,IDN,2007,0.6686455230287028,-0.13453511629381248,-0.0788539003809758,0.5775376457802339,0.289115483477202,0.5409584501302425,0.3354848393875714,-0.042001916069815605
Indonesia,IDN,2008,0.3717966746901114,-0.13453511629381248,0.8130783064590577,0.5046456490126225,0.8290738012910817,0.21803196390073007,0.20759531672170523,0.15097170691086118
Indonesia,IDN,2009,0.6121200555096392,-0.13453511629381248,0.9574331906531541,0.19997458012659003,0.003574782538466086,0.07344443208613617,0.04217952566796754,0.018571739859383162
Indonesia,IDN,2010,0.4529206909700245,-0.14327902160884248,-1.8201995254702155,0.5508799811869435,0.10927270184724942,0.2531997596855362,-0.0316721705193636,-0.37663984688894336
Indonesia,IDN,2011,0.3920609541948643,-0.08229859150114152,-0.54862384888186,0.5389842772492748,0.1406292937795602,0.3285715397634249,-0.10087060942659871,-0.17051963538725062
Indonesia,IDN,2012,0.040056466465776784,-0.010049292285606241,0.9435129443914468,0.508242094356416,-0.01153498951534205,0.2203884984439312,-0.2036925848093666,0.055760859343267195
Indonesia,IDN,2013,-0.02538936045832761,0.0465084168021554,1.5692421954789948,0.40422625251274397,0.2899541907747052,0.060820179430942464,-0.22350645451816273,0.1948830908448884
Indonesia,IDN,2014,-0.012812019457593957,0.05438446534231732,1.8483110136431127,0.2830921389365406,0.28747133377723405,-0.005212250098848641,-0.2665866106274392,0.23544111893677563
Indonesia,IDN,2015,0.11730676029215854,0.1124786696249435,1.7669941439720298,0.25441524425323514,0.28297535614537034,-0.21665964017122843,-0.19678775142599822,0.1967541105142462
Indonesia,IDN,2016,0.14398110639059647,0.11859202858330119,-0.1362443960686673,0.2889004568001478,-0.11806918064577632,-0.14099351150992817,-0.22876013209246476,-0.1340509649891828
Indonesia,IDN,2017,0.17171838810622378,0.10414905064625551,0.026526999330942887,0.2969783453188003,-0.07806897839509025,-0.2695823483981867,-0.3065145601921346,-0.14174093863331957
Indonesia,IDN,2018,0.005609507808836636,0.10572466979109334,0.8546813410294314,0.31997018468672667,-0.16435405851420273,-0.41520917617357506,-0.21585109576703704,-0.02294114458997906
Indonesia,IDN,2019,0.03444851921825906,0.09639693781292774,-0.13927419814208508,0.28586844729826644,-0.18806675478040116,-0.3968619821247304,-0.3354848393875714,-0.18337254330548367
Indonesia,IDN,2020,0.31702494116810287,0.10301075965904569,0.384008109057849,-1.2728280506836447,-0.3450672228540632,0.042772176549514,-0.23566496547583315,0.12926599520743629
Indonesia,IDN,2021,0.40530378621409374,0.06661181056485015,-0.3164738182182234,-0.0037475490101558408,-0.39591751648664003,0.14787308571169383,-0.29990993695586915,-0.1713389446554466
Indonesia,IDN,2022,0.49252632211795727,0.029917954729178266,0.48511871782123733,0.3492101975839807,-0.02143625585529792,-0.2637591152622138,-0.35469828880216153,-0.1380847867244565
Indonesia,IDN,2023,0.35034845810562254,0.045534415106023324,0.31820044585683477,0.2923681862042071,-0.0977743727430991,-0.6198662808474882,-0.3778144701290905,-0.1963481295809499
Indonesia,IDN,2024,0.29279292546920516,0.05371329898757738,0.5238327765290209,0.2887916833448273,-0.3080800441205004,-0.5274996327176578,-0.3788652056439508,-0.17406905939707756
"Iran, Islamic Rep.",IRN,1990,0.40111595883850676,-0.23541008245294612,-0.05055929710966535,2.1725581256070066,0.46171561236150965,0.44288096978671904,0.7918042629840889,-0.1661775169822581
"Iran, Islamic Rep.",IRN,1991,-0.5180404235819681,-0.24744347611781534,-0.17325209565983302,1.9792219287198243,1.8046330463186304,0.999433686836993,0.7918042629840889,0.2448562741748868
"Iran, Islamic Rep.",IRN,1992,-0.30221394930606243,-0.2308343675267172,-0.45998632399392786,-0.09282868558888323,3.031400689643109,0.9118842578896023,0.7247072951065747,0.6246020265733695
"Iran, Islamic Rep.",IRN,1993,-0.4482504455678535,-0.28124837827649846,259.43810141293807,-1.1420345669892094,2.3804873342380626,1.342450602766916,0.7126988892224558,37.88325355334944
"Iran, Islamic Rep.",IRN,1994,1.2210904960554112,-0.3059563951000053,5.317345849268351,-1.1920362897109427,3.8284965078749122,1.5657698548390617,0.6954368057640349,1.581719773757412
"Iran, Islamic Rep.",IRN,1995,0.7990505336632862,-0.3709956165235118,-0.057220397080337944,-0.29016004712002286,6.4022678746328445,1.33088879245517,0.6122785950165116,1.0583326802796305
"Iran, Islamic Rep.",IRN,1996,0.9056368419076136,-0.4035695552537618,-0.027607594644571087,0.5787485115788199,3.4737615432992897,1.5042933339196887,0.49159411588111673,0.5077266413879041
"Iran, Islamic Rep.",IRN,1997,0.6087636922836825,-0.3727808344406639,-0.03311453755441665,-0.5213080299270972,1.8358222430013762,0.8605689303671282,0.5786550585409787,0.39738502822254534
"Iran, Islamic Rep.",IRN,1998,0.12909132688451724,-0.3422490589128083,-0.05910891471777992,-0.36078909691183725,1.9088854151849786,0.6186637419106873,0.6804262984088864,0.43404503598589766
"Iran, Islamic Rep.",IRN,1999,1.0801307700955014,-0.34178867402035773,-0.04192802622951997,-0.37779896054035794,2.220494052635972,0.7004444815641683,0.8032122485740019,0.376871753281303
"Iran, Islamic Rep.",IRN,2000,1.7758648115817373,-0.16490355390199926,0.042249792819598266,0.46764593777985386,1.4298081983176638,1.7179399603738041,0.8815670969678776,0.23759296360219334
"Iran, Islamic Rep.",IRN,2001,1.7758648115817373,-0.08235498986778415,-0.13770698303707857,-0.2921119027948346,0.9771456222192758,1.2735306801759108,0.9812368658060644,0.2182997552156408
"Iran, Islamic Rep.",IRN,2002,1.7758648115817373,-0.10345019682525763,41.517375622536136,0.9589851346008696,1.409904134095514,1.2076159478094173,1.0469828880216154,6.049082635636402
"Iran, Islamic Rep.",IRN,2003,1.7758648115817373,-0.03162331691779913,2.585514592242444,1.0822915527125636,1.711265760080071,1.1232456145984053,0.8561993395376765,0.4837779464637852
"Iran, Islamic Rep.",IRN,2004,1.7758648115817373,0.025233413686647388,0.6748529617872623,0.13568776049023018,1.4700576409137325,1.227287479276074,0.6717202041429002,0.30822844681923556
"Iran, Islamic Rep.",IRN,2005,1.7758648115817373,0.09586798049438,0.5242795194377116,-0.11662842870370271,1.2822943418543087,1.532918664051431,0.8988291804262986,0.3821361861980136
"Iran, Islamic Rep.",IRN,2006,1.7758648115817373,0.23482078292444744,0.2761466938905487,0.2815800034762723,0.7992824833922889,1.7898666078515886,0.8546982888021616,0.271052863114718
"Iran, Islamic Rep.",IRN,2007,1.7758648115817373,0.28337119344825756,0.11946974992208345,0.975913309242366,1.8346652811690207,1.609814277052481,0.7425697988592015,0.26258745423242014
"Iran, Islamic Rep.",IRN,2008,1.7758648115817373,0.24603474880082646,0.1741113847208628,-0.7632137304244926,2.9752559621923376,-0.005403065238294431,0.7212548784148906,0.44265754681905406
"Iran, Islamic Rep.",IRN,2009,1.7758648115817373,0.3300351730304775,0.6033806136081058,-0.5967730354837485,1.299034965059309,1.106411935252748,0.9438607024917443,0.44337594476348513
"Iran, Islamic Rep.",IRN,2010,1.7758648115817373,0.3906181895743803,0.508654851031888,0.45717604672829687,0.8096664542755138,0.9265216920147814,1.1789252476733716,0.22590651089427155
"Iran, Islamic Rep.",IRN,2011,1.7758648115817373,0.33079557497085765,0.4491117284796285,-0.23633050430915511,3.1000474354512657,0.6026034727640447,1.000600420294206,0.5633749035267743
"Iran, Islamic Rep.",IRN,2012,1.7758648115817373,0.3387666786411887,2.027509471175883,-1.6428027941943681,3.2362244223496233,1.6158850634348716,0.968177724407085,1.1505001918030402
"Iran, Islamic Rep.",IRN,2013,1.7758648115817373,0.2305464929127102,7.199471161701032,-1.1532477581124183,4.557279772113996,1.0334853297687798,0.7160012008405886,1.8734524148382554
"Iran, Islamic Rep.",IRN,2014,1.7758648115817373,0.32512618645904945,5.733009719984457,0.27827547455167656,1.7308481240730544,1.6980147870913926,0.7287601320924647,1.1659455233667149
"Iran, Islamic Rep.",IRN,2015,1.7758648115817373,0.4843578998667528,1.6237525224411105,-1.1318864632015775,1.1482362233826493,0.9108874260205995,0.8017111978384871,0.6178524173099199
"Iran, Islamic Rep.",IRN,2016,1.7758648115817373,0.5158137439829065,0.8777043996148459,1.1209659741953093,0.4076860124412189,1.1742960749032336,1.0196637646352449,0.15690474425720047
"Iran, Islamic Rep.",IRN,2017,1.7758648115817373,0.5158137439829065,1.0073215682450034,-0.152478230708569,0.5206923365023892,1.1742960749032336,0.961723206244371,0.3652086212863908
"Iran, Islamic Rep.",IRN,2018,1.7758648115817373,0.5158137439829065,3.2019585764984027,-1.642976325578954,1.9298024447890556,1.1742960749032336,0.9561693185229662,1.0921645246705403
"Iran, Islamic Rep.",IRN,2019,1.7758648115817373,0.5158137439829065,0.3426541859392841,-1.3379329295802387,5.024332245135297,1.1742960749032336,0.737766436505554,1.0509901149235394
"Iran, Islamic Rep.",IRN,2020,1.7758648115817373,0.5158137439829065,-0.05055929710966535,0.15881975162182083,3.7079436268228885,1.1742960749032336,0.579705794055839,0.5703593399216634
"Iran, Islamic Rep.",IRN,2021,1.7758648115817373,0.5158137439829065,-0.05055929710966535,0.09041737294844941,5.516454014879176,1.1742960749032336,0.5189132392674872,0.8298050844847074
"Iran, Islamic Rep.",IRN,2022,1.7758648115817373,0.5158137439829065,-0.05055929710966535,0.13923973029776932,5.530510622689225,1.1742960749032336,0.48934253977784464,0.8206141631948626
"Iran, Islamic Rep.",IRN,2023,1.7758648115817373,0.5158137439829065,-0.05055929710966535,0.3547442072642765,5.684680239018838,1.1742960749032336,0.3458420894626238,0.7913519759159889
"Iran, Islamic Rep.",IRN,2024,1.7758648115817373,0.5158137439829065,-0.05055929710966535,-0.01249608765217022,3.97109287476341,1.1742960749032336,0.34839387571299923,0.5993812211890454
Iraq,IRQ,1990,-0.4543910088820686,-0.7033906461441641,-0.05055929710966535,11.901850003222576,24.960546332961172,-0.6047363925005946,0.42239567697388164,1.7966852399771602
Iraq,IRQ,1991,-0.4543910088820686,-0.7033906461441641,-0.05055929710966535,-14.909134223754148,24.960546332961172,-0.6047363925005946,0.42239567697388164,5.626825843830979
Iraq,IRQ,1992,-0.4543910088820686,-0.7033906461441641,-0.05055929710966535,6.352069652278935,11.202369533442951,-0.6047363925005946,0.37841489042329635,0.617774206387851
Iraq,IRQ,1993,-0.4543910088820686,-0.7033906461441641,-0.05055429040151843,5.845532481283238,28.74013987011689,-0.6047363925005946,0.38051636145301704,3.195833347160352
Iraq,IRQ,1994,-0.4543910088820686,-0.7033906461441641,-0.05055155947256568,0.029615620687186886,62.77745068235956,-0.6047363925005946,0.3596517562293606,8.886171318380924
Iraq,IRQ,1995,-0.4543910088820686,-0.7033906461441641,-0.050560434996797785,-0.351986729780411,54.12858164937478,-0.6047363925005946,0.3911738216751725,7.709635105152983
Iraq,IRQ,1996,-0.4543910088820686,-0.7033906461441641,-0.050559410898452166,1.6062323963126997,-2.894555779689327,-0.6047363925005946,0.40393275292704894,-0.7144501233908743
Iraq,IRQ,1997,-0.4543910088820686,-0.7033906461441641,-0.05055929710966535,3.8540640615038453,2.643472134059815,-0.6047363925005946,0.36685679975983193,-0.249718636365222
Iraq,IRQ,1998,-0.4543910088820686,-0.7033906461441641,-0.050559069532162174,6.882009870835545,1.4710845031040123,-0.6047363925005946,0.33608525968177727,-0.8541621724778012
Iraq,IRQ,1999,-0.4543910088820686,-0.7033906461441641,-0.050541432279593436,3.049334631413752,1.1613928603137509,-0.6047363925005946,0.32332632842990094,-0.35269898638748337
Iraq,IRQ,2000,-0.4543910088820686,-0.7033906461441641,-0.050462956109125164,2.876842233096869,0.08732947810024955,-0.6047363925005946,0.33218252776943863,-0.48021845901414223
Iraq,IRQ,2001,-0.4543910088820686,-0.7033906461441641,-0.05054867691422173,-0.4297395563598069,1.6979890705526766,-0.6047363925005946,0.36385469828880224,0.22675694550348197
Iraq,IRQ,2002,-0.4543910088820686,-0.7033906461441641,-0.050786872555754536,-2.623265687283874,2.113916966864669,-0.6047363925005946,0.419393575502852,0.6074361896189929
Iraq,IRQ,2003,-0.4543910088820686,-0.7033906461441641,-0.05055929710966535,-8.883105401079517,4.135102693114029,-0.6047363925005946,0.4704293005103572,1.7977631525473636
Iraq,IRQ,2004,-0.4543910088820686,-0.7033906461441641,-3.9294977595802867,10.926722767536038,3.194540521592876,-0.6047363925005946,0.43380366256379466,-1.7259446246746204
Iraq,IRQ,2005,-0.4543910088820686,-0.6971560739768781,0.1303470157090047,-0.44984370865490875,4.607662061766085,-0.6047363925005946,0.41203842689882925,0.6789128222047748
Iraq,IRQ,2006,0.8772867439483102,-0.6818996591467931,-0.09461416208872152,0.422054518884635,6.90757816745267,1.6028003423725212,0.38817172020414287,0.9746707351372679
Iraq,IRQ,2007,2.5271757415599,-0.677334182284345,-2.10285209969332,-0.40291412623998446,-2.039433378333612,1.8452181444019817,0.42344641248874226,-0.6678881026772097
Iraq,IRQ,2008,3.0386139184217793,-0.6728850389258204,-0.7439653191885418,0.9918271114695709,1.1734200980865284,1.7065625985474284,0.39642749924947457,-0.31012588458889734
Iraq,IRQ,2009,0.24387155482420977,-0.649250574881388,-0.3243054252248327,-0.07493844106120112,0.3551319889205619,1.0822341298923859,0.38877214049834874,0.09766416363458101
Iraq,IRQ,2010,0.947491546874587,-0.6144541111664624,-0.05055929710966535,0.5901973515487894,-0.27297587298171944,1.4124982175150627,0.36655658961272886,-0.09951762465049029
Iraq,IRQ,2011,2.106562766354935,-0.6139937894194528,-0.05055929710966535,0.8418633059915821,0.17568362889166267,0.6414086100232098,0.3554488141699189,-0.3486340151129777
Iraq,IRQ,2012,2.0430058461029628,-0.6033652209260721,-0.09691583195755092,2.2476909035390613,0.24424301067728973,-0.5707846678072124,0.3212248574001801,-0.7137563717507699
Iraq,IRQ,2013,1.2161379094075047,-0.5941380612249497,-0.05258142382632525,0.8598630138680797,-0.350768751822011,0.29462901148059517,0.5099069348543981,-0.32413617340198236
Iraq,IRQ,2014,1.22640193023408,-0.5838211915855785,-0.05055929710966535,-0.3203792372085588,-0.30038212700822947,-0.5917096909901146,0.715250675472831,-0.24532061774946826
Iraq,IRQ,2015,0.16413656523123527,-0.5178322242744947,-0.03437997105345245,-0.24490005506257068,-0.4194868298179344,-1.5441306266188233,0.7565295706994898,-0.23979094160484
Iraq,IRQ,2016,0.5286460713648797,-0.5135028048347151,0.12721000842791932,2.214897475122921,-0.537766790181538,-0.36122292060804895,0.7497748423896728,-0.4684358873277871
Iraq,IRQ,2017,1.3515763368132738,-0.5248585412944788,-0.02661882225993141,-1.2187591169312517,-0.590413039557222,-0.6827836939194887,1.080006004202942,-0.12535504467288588
Iraq,IRQ,2018,2.2364325458878365,-0.5457623516986347,-0.06549681889618642,-0.23894129626471214,-0.5644925626961786,-0.6764777010792643,1.145752026418493,-0.38628123679641363
Iraq,IRQ,2019,1.2023253117253871,-0.5408276533761883,-0.05953128229431516,0.3946619191570907,-0.6445521590498172,-0.25756144299638345,1.2415190633443414,-0.2654201007506915
Iraq,IRQ,2020,-0.061963697861184115,-0.44370634127323977,0.06914307713900435,-3.4665670787669836,-0.5352732576784577,0.2909850073508578,1.4921945361753228,0.6288391140488079
Iraq,IRQ,2021,1.8161644433463635,-0.4893853267365514,3.0118532231401094,-0.48791524425338983,0.23756700255733032,0.3456630434038327,1.5532873011107775,0.4758194349117893
Iraq,IRQ,2022,2.862843585780878,-0.525043539228093,-0.05055929710966535,0.9326325775195758,0.0895632935391758,0.6129183541066376,1.438757129990994,-0.3185486031430577
Iraq,IRQ,2023,1.6725983524409767,-0.46015134913461064,-1.3922578057141508,-0.7045054272438909,-0.0003913431131673213,-0.32375104636115315,1.4130891624136899,-0.24736504387235403
Iraq,IRQ,2024,0.7384050888344881,-0.42912294215849783,-0.18530996983531067,-1.1583679027130118,-0.24727515355492413,-1.1584382271894502,1.42119483638547,-0.025569806067741268
Israel,ISR,1990,0.4013196509411258,0.32073157142893294,-0.05055929710966535,0.790982124911824,1.8225510913266785,0.5481324784414728,1.1350945661963376,0.36909266206154384
Israel,ISR,1991,0.14613640713031387,0.2751968269066977,1.7946161329048773,0.8813859879985013,2.0845430871853234,0.42364693623331573,1.1350945661963376,0.6693678791853909
Israel,ISR,1992,0.23260141865611467,0.3078879389366104,1.0667346712180616,0.8886794349334853,1.0889626443117855,1.0649426445159322,1.2391173821675172,0.5209092039371868
Israel,ISR,1993,-0.015171024522993992,0.43165530664593504,2.084062325864012,0.0873063981669909,0.9219677684367119,0.734703564194391,1.0381266886820775,0.7340543257398758
Israel,ISR,1994,-0.10091245843819321,0.48716678376542893,0.8541980184831025,0.8157649386206878,1.1155667386321506,0.9274110289743698,0.6167817472230561,0.46946740527080194
Israel,ISR,1995,-0.2584009031106277,0.526099074093188,-0.04944818943648174,0.6342776484362587,0.7876923088872724,0.7132344261398476,0.44386070249174425,0.29222308240713424
Israel,ISR,1996,-0.28275919227354673,0.5597138423467696,0.7968703082067531,0.4661928137792223,1.0031908457706802,0.9561269614766464,0.3947763434404083,0.5038920971050832
Israel,ISR,1997,-0.07164095163377897,0.6033462755365714,1.0918438730207911,-0.024124404143422016,0.6493274175148755,0.2203460580881645,0.5893125187631342,0.4642773569572483
Israel,ISR,1998,0.16182752362320885,0.6979577121914393,1.388072653150154,0.08404547094461275,0.15938670494674764,0.5649758809858767,0.7391173821675174,0.47194819126770193
Israel,ISR,1999,0.0652288377596368,0.7600576529702305,1.214028644508404,-0.09494602658580394,0.1171242427471311,0.2632016663607796,0.8042629840888622,0.45548462564308206
Israel,ISR,2000,0.07653837314014716,0.7843373718269088,-0.2637745157086645,1.0717804728409464,-0.4704696265440869,-0.2882794020940657,0.7921044731311919,-0.08491436362425857
Israel,ISR,2001,0.048073115412316285,0.8724577667515117,0.39471445239185166,-0.7588983484604765,-0.45769304150806805,-0.24502566884471566,0.8986790753527469,0.3105654024559267
Israel,ISR,2002,0.08661911496219356,0.9338738027747113,1.7398057171130767,-0.852038172559849,0.20371184439927487,-0.06643785340605371,1.060192134494146,0.6623663861389729
Israel,ISR,2003,0.30097263882695585,0.8625388574690804,-0.5991275629341779,-0.5027923682413472,-0.5164080394416454,-0.8815305199447815,1.152806964875413,0.03144277563404
Israel,ISR,2004,0.4724015084789791,0.8228450241927427,-0.274715538085183,0.20450084967634216,-0.6760200688762085,-0.34620299779098657,1.0813569498649056,-0.00994842697857872
Israel,ISR,2005,0.6431811322552673,0.8789885617858176,-0.032512801777550907,0.1391854773659413,-0.4269254700202477,-0.1407353256851646,0.8281296907835486,0.04636829220931349
Israel,ISR,2006,0.7748556463489403,0.836313336527453,-0.15110734431777323,0.4116628449482704,-0.32609232885537376,-0.3671901204901992,0.732812969078355,-0.06596885419353557
Israel,ISR,2007,0.6349006213311419,0.6880638277273963,-1.154714531074589,0.5705082743806451,-0.55052958588926,-2.375244315979373,0.5334734314019813,-0.5806228670750901
Israel,ISR,2008,0.421371180344396,0.7586879549059226,-1.8417257808669776,-0.11090621230832949,0.023509512217700437,0.041685709427620406,0.2820474332032422,-0.1494657341640798
Israel,ISR,2009,0.7186264282186705,0.6738535954114635,1.3071921711550363,-0.5499581587715476,-0.14042755262420165,-0.451978416885474,0.5567397178024619,0.2538158922017376
Israel,ISR,2010,0.7017617491857573,0.7138895307166556,-0.7462839461217834,0.4014635045314567,-0.23441169609677406,-0.6468369282066718,0.39852897027919554,-0.23119133187808463
Israel,ISR,2011,0.48724291827256866,0.7234322351606179,-0.6592225995911712,0.3945803216437524,-0.12336012221335096,-0.02892155183395044,0.1972380666466527,-0.11037960167821759
Israel,ISR,2012,0.3298725558251485,0.6998812582760324,1.0479019913281642,-0.2882035141553944,-0.37959789252858067,-0.4144540259204297,0.14064845391774233,0.15038724905759634
Israel,ISR,2013,0.6459303729227023,0.665329304550901,-0.9501559260927077,0.08145006759167858,-0.39172169758451675,-0.2511550826092855,0.046832782948063555,-0.22975015132884663
Israel,ISR,2014,0.7969980417344293,0.671899883921449,-0.17921729671407383,-0.0003905869036891149,-0.5503415556879905,-0.00917756820766112,-0.00540378264785357,-0.12412111059526719
Israel,ISR,2015,0.9355715421494657,0.6887309871292077,1.1710114740380058,-0.3264710374184931,-0.7036882878654758,-0.5673679810350465,-0.09741819273491445,-0.016833215028456562
Israel,ISR,2016,0.7604616737044898,0.6681917761551185,-0.2189788592470766,0.17954665411269582,-0.6920732312551592,-0.4542923913577092,-0.1654157910537377,-0.25751097493939284
Israel,ISR,2017,0.7585353208404955,0.6669335517560767,-0.9384551165270296,0.13728922858961742,-0.5811196605612177,-0.49472148783245284,-0.2529270489342541,-0.3565877587898557
Israel,ISR,2018,0.6680381038899446,0.6839231652596325,-0.08592557982282498,0.07338951863179687,-0.5026366890169192,-0.5680251033734974,-0.28640048033623544,-0.21435604425879798
Israel,ISR,2019,0.7271803588866396,0.6634978450376312,-0.15313522773231422,-0.031005818908356523,-0.5008577647667237,-0.3253045877066493,-0.31432002401681186,-0.1894706141661644
Israel,ISR,2020,0.8308494093820691,0.7336758007266297,-0.535301018866249,-1.2148691798312905,-0.697739304876379,0.742932776184328,-0.248574001801261,0.05414486025947001
Israel,ISR,2021,0.7420801785195029,0.7608768229455837,-0.9227650744985613,1.235426213181075,-0.4072851745139885,0.26068916007621756,-0.15205643950765535,-0.34829244245699736
Israel,ISR,2022,0.7011019121356064,0.7812308633399169,0.5163052441339249,0.581728781653395,0.007138711117518612,-0.4554963910123633,-0.3197238066646654,-0.10762515326780996
Israel,ISR,2023,0.7470483073763767,0.7649691860746519,1.2455553659033216,-0.3645922772391638,-0.019208438796395538,-0.5356927700502306,-0.3683578504953468,0.10068706607125535
Israel,ISR,2024,0.7213365698796743,0.7675383068405752,0.07422824183961885,-0.6086020811504728,-0.18181580887726867,-0.28177095370122734,-0.3347343140198139,-0.009898430949616772
Italy,ITA,1990,0.19720370739570608,0.5656405519924785,-0.05055929710966535,-0.3815217468122604,0.2961896159657607,0.473007453350889,0.6412488742119483,0.30140646254685227
Italy,ITA,1991,0.1283654732944083,0.5656405519924785,0.45147651783551956,-0.4799363222382387,0.26698606074798487,0.48593769195437225,0.6412488742119483,0.39469436366944766
Italy,ITA,1992,0.09535050680764309,0.5656405519924785,-0.14416335749771433,-0.6348582365591667,0.12855003802552498,0.36031298237804316,0.5247673371359952,0.28208789739797874
Italy,ITA,1993,0.45825294080545453,0.5656405519924785,3.867327872309986,-1.006025758744955,0.03754338104024728,0.42865150525755996,0.6585109576703693,0.8722067266014488
Italy,ITA,1994,0.5167720689526245,0.5656405519924785,0.2981035148434043,-0.3451660740092627,-0.04371562945482283,0.5660583793186961,0.7897027919543682,0.2863119448158232
Italy,ITA,1995,0.6321077555720649,0.5656405519924785,0.09412051094858825,-0.1832829860976486,0.1235792503421001,0.26720293076719565,0.8760132092464725,0.21110452626034554
Italy,ITA,1996,0.744393185001709,0.5656405519924785,-0.7974304605192511,-0.5223672480427421,-0.0500572070101767,0.21240257914872188,0.9064845391774243,0.08785915226146143
Italy,ITA,1997,0.6890648447262846,0.5656405519924785,1.4180153515923242,-0.394733903133762,-0.32764308992544133,0.3265114560108266,0.924647253077154,0.3732629401649742
Italy,ITA,1998,0.5639426718651215,0.5656405519924785,0.22451264369527563,-0.42143114635617884,-0.34008471769189824,-0.04345367287078846,0.9444611227859504,0.17265205748601073
Italy,ITA,1999,0.4670399426859402,0.5656405519924785,-14.191733612347488,-0.4492358452348652,-0.381304962842133,0.11793733887744783,0.8790153107175022,-1.8611784958647524
Italy,ITA,2000,0.33535747585576314,0.5656405519924785,2.1272494691330825,0.035680387049415785,-0.25773631608010394,0.027449905021994327,0.7518763134193935,0.4062060086545238
Italy,ITA,2001,0.3878701552133316,0.5656405519924785,0.39150602043557015,-0.37697678463628054,-0.2227558832984126,0.13684968154209043,0.5664965475833084,0.20383479252542627
Italy,ITA,2002,0.3082361621522934,0.6018138838549988,-0.797884946391231,-0.7590175368439336,-0.26796444567313615,-0.05059008541879092,0.5082557790453318,0.06348736572983038
Italy,ITA,2003,0.2740765903843355,0.6727920260166401,-2.3719210397438095,-0.8037613905538671,-0.23867289205308018,0.05079184711545112,0.4569198438907235,-0.12862934494350617
Italy,ITA,2004,0.3075480636907101,0.724082378599701,-1.3329471871124154,-0.49411038631956206,-0.304514738668541,0.1115792174037317,0.30636445511858296,-0.04412479314715554
Italy,ITA,2005,0.25801054145973523,0.7908954088733591,-0.05269688515556709,-0.6506688912639965,-0.33581500799947966,0.17988702812832497,0.28595016511558097,0.18012557982378277
Italy,ITA,2006,0.19008087856967,0.894994113952912,-0.18024437090542933,-0.42250771349668226,-0.32089576019168253,0.43133023522234765,0.14290003002101473,0.17150158328945353
Italy,ITA,2007,0.20124720698234327,1.024963842035203,-1.2365727690965245,-0.49669097733437256,-0.35780171060985566,0.38255264135439704,0.03767637346142292,0.02089459249952459
Italy,ITA,2008,0.03679238188337109,1.0665452691093567,-1.0152386027355782,-1.0434999465589248,-0.1432248819468715,0.2157826754180248,0.13479435604923443,0.18076662579567424
Italy,ITA,2009,0.14954517506948775,1.1485355411303808,0.7201193381820146,-1.9855678986307643,-0.5069183905493782,-0.10962757218361394,0.2888021615130591,0.4824191145219627
Italy,ITA,2010,-0.032080750933162865,1.266684444278947,0.6865506805467333,-0.4819915848912202,-0.4008028465577833,0.039261340737993686,0.3809666766736715,0.3552475187862779
Italy,ITA,2011,0.030003503240066304,1.2861749410050802,-0.7238552770659071,-0.6653977299976658,-0.22339656408737266,-0.0005962755242289513,0.38036625637946564,0.19344104392351952
Italy,ITA,2012,0.34215191564406244,1.2796398098111221,1.1296197989301773,-1.5059740519708276,-0.18654322064273543,-0.12102077033290991,0.7250075052536775,0.5700750370494424
Italy,ITA,2013,0.4970270786591579,1.2170672710794228,-0.5121594174915177,-1.2183795534324513,-0.44398737917628084,-0.09347300160619954,0.9492644851395977,0.26258063324547365
Italy,ITA,2014,0.5799989249723186,1.170117915575404,-0.054635615170529964,-0.818708893712511,-0.5823579133979057,-0.1968147494985861,1.0294205944160912,0.22920574295209514
Italy,ITA,2015,0.521121540444377,1.1427091203743276,2.7420359539051264,-0.6235516540834309,-0.610946225232312,-0.20207417092530003,0.911287901531072,0.5836346704702811
Italy,ITA,2016,0.672863473585265,1.0904590296293688,-0.017200209629603138,-0.5464278859484634,-0.629718030316026,-0.254805750009089,0.8800660462323628,0.13462364261003026
Italy,ITA,2017,0.6751221316208729,1.0026250137554167,-0.3358457508938759,-0.4655804288584521,-0.4430630096624636,-0.2680563091375293,0.8084659261483039,0.07922630963534728
Italy,ITA,2018,0.6864599530622073,0.917087031408378,-0.6648566224766168,-0.6365365953932625,-0.45564927867848115,-0.35550796632544907,0.7074452116481538,0.01408500255814855
Italy,ITA,2019,0.768306925663298,0.8522557673871729,0.7264744674782448,-0.7239853928183951,-0.5300315288139481,-0.27569498522850505,0.609276493545482,0.1911369545033634
Italy,ITA,2020,0.8551748299606133,1.0508226629694135,-0.33202044757082044,-2.7694631060896704,-0.6358935860359263,0.09099330671142151,0.5054037826478536,0.370513427835857
Italy,ITA,2021,0.620755789709204,0.907536321619788,-0.5355792331948978,1.1464812413032912,-0.3515765113900432,-0.07947011832487784,0.5511858300810567,-0.1821629631744956
Italy,ITA,2022,0.14259145952781463,0.7691954077014941,1.6919852900189463,0.24228289595287045,0.5427940487218115,-0.30297263958352094,0.3368357850495348,0.3789947909182258
Italy,ITA,2023,0.39986919343104826,0.6298680599960023,-0.41982883576892094,-0.615383081428287,0.1782480744853194,-0.32375104636115315,0.2704893425397778,0.07864849755546631
Italy,ITA,2024,0.5043698925456902,0.5691102544653102,-0.06509322817147975,-0.646130512280571,-0.4775741775122704,-0.26606012626733333,0.10132092464725306,0.0004948952709086399
Jamaica,JAM,1990,-0.47096638155304815,-0.05047878769383653,-0.05055929710966535,0.10573819023204883,2.487563535364539,0.707948383696838,0.06124287000900623,0.5029921279411258
Jamaica,JAM,1991,-0.35370867694670005,-0.10813695474490366,9.66263923081963,0.2460366459347646,6.602288906243393,2.5945354603545527,0.06124287000900623,2.7028916490990875
Jamaica,JAM,1992,0.4683454136983739,-0.23095493069216608,12.613530722692982,-0.38817305191574936,10.309169378549527,3.114522403798247,0.08375863104172919,3.6871219776582422
Jamaica,JAM,1993,-0.04917670918352335,-0.2811193588453187,1.1746260850329624,1.2534129277138075,2.503079742514218,1.3128370912183784,0.061543080156109306,0.5095329173637236
Jamaica,JAM,1994,0.5536508300589974,-0.3086722989659024,4.564313199739939,-0.5140499236907293,4.33965695464734,1.220084315463363,0.07655358751125786,1.4074764074325328
Jamaica,JAM,1995,0.18296814289177818,-0.2708588495860769,0.8287439670709812,-0.30139959310597525,2.197601727106941,1.1763614678856555,0.07505253677574303,0.5893331856382059
Jamaica,JAM,1996,0.13045581762388753,-0.3017392068259734,0.7455927311128737,-0.8434251270773183,3.1160578790299813,0.7661295940403782,0.11798258781146798,0.7367132706603083
Jamaica,JAM,1997,-0.11988118556415409,-0.3327012900907108,-0.704298874191415,-1.069311318555852,0.7486316019392546,0.3265114560108266,0.1302912038426898,0.19394665737580732
Jamaica,JAM,1998,-0.10060255980643432,-0.22703149424517247,0.4072345123186974,-1.332018768897534,0.6036587061439115,-0.25447113966584284,0.15325728009606726,0.30218131333594705
Jamaica,JAM,1999,0.06802890777508779,-0.216445290849696,0.9147025379115218,-0.587909354551847,0.22518146400763867,-0.20454599178452731,0.14830381266886816,0.19815385410436637
Jamaica,JAM,2000,-0.1353482669136817,-0.17967730181351646,1.3780324297708462,-0.6250837926530608,0.5385244885274355,-1.3877008985191068,0.1391474031822275,0.17839402581637545
Jamaica,JAM,2001,-0.6508960690602112,-0.45152619303397123,0.9403686618694868,-0.5225113970689554,0.34499657764557445,1.046832221267806,0.1224857400180126,0.45379492484229644
Jamaica,JAM,2002,-0.9966407907643959,-0.41333688613306474,0.6937575414708137,-0.3789881554569524,0.38378780651806504,0.17756335371702273,0.1187331131792254,0.3337334107104872
Jamaica,JAM,2003,-0.6445036477255115,-0.3351309352405451,2.674509904272773,-0.011792726924905936,0.8093263171967676,-0.06931916389738325,0.10642449714800356,0.5488724277328619
Jamaica,JAM,2004,-0.240318133976136,-0.29948742483760005,0.7963787035716073,-0.5271765001622561,1.2994515895691205,0.3180609619975063,0.10717502251576097,0.42701049813639813
Jamaica,JAM,2005,-0.8084899590364412,-0.27853129963028556,0.19994985364354947,-0.621762941448224,1.5112399435062593,-0.34257769123515003,0.11287901531071748,0.3761732460113937
Jamaica,JAM,2006,-0.8562792417116872,-0.22548619593685867,0.7361911996802316,-0.18057941804463457,0.5936468487900592,0.2586654496883165,0.11708195737015917,0.3595654170497471
Jamaica,JAM,2007,-1.598672923831809,-0.14212275162752103,0.6915547345771444,-0.5033655145569551,0.6902934102190399,0.19554246711872283,0.1173821675172621,0.5220983523133446
Jamaica,JAM,2008,-2.148657013200502,-0.07994648936660495,0.6782369043438053,-0.9969903368219244,2.4964207816271053,-0.49854323025364766,0.12623836685679982,0.8382933833185549
Jamaica,JAM,2009,-0.7806182638418379,-0.11417139160170134,2.8932950271369946,-1.7743949234404242,0.7394007430043938,-0.1498952229461072,0.22350645451816273,0.8781641139134294
Jamaica,JAM,2010,-0.5041432827106973,-0.1615435964089731,-0.16291609192785628,-1.1389843473179122,1.1660275618776983,-0.46695470136276795,0.2709396577604323,0.3269543514238776
Jamaica,JAM,2011,-1.3960362502321837,-0.15313584875734534,-0.26193824786598224,-0.4377109130587729,0.4515643268094429,-0.5221393754327754,0.33158210747523276,0.23995430364564704
Jamaica,JAM,2012,-0.8329899217586956,-0.10587617013452778,0.41995183730271113,-0.9534070562156947,0.35518310186057434,-0.23847408878338558,0.430801561092765,0.37828331704464674
Jamaica,JAM,2013,-0.8065358231175689,-0.08903280327619555,1.8064206824140046,-0.7045097203979692,0.7039587974882653,0.063512334726791,0.5813569498649055,0.6538945006761869
Jamaica,JAM,2014,-0.6218399590048361,-0.09866363171335789,1.4343434707908975,-0.6666387371563899,0.5530825080099204,-0.3816915154232584,0.4834884419093365,0.4684339956763949
Jamaica,JAM,2015,0.013610455466287865,-0.11694351447937748,0.7191889043211571,-0.6156711612608822,-0.0946427377024795,0.10609996795016993,0.45031522065445806,0.23801122093407462
Jamaica,JAM,2016,0.33270260566674514,-0.07864343288907281,0.9322827733342028,-0.21109151376540092,-0.2841205161332048,0.10859905425079655,0.42164515160612437,0.1397359911810717
Jamaica,JAM,2017,0.05759377848380966,0.09366726231568151,0.27399536194449164,-0.3139230508164757,0.0024419659914895623,-0.051211008899462326,0.23626538577003903,0.1159268913507008
Jamaica,JAM,2018,0.19661205000374168,0.1371179065338888,0.049723363671454926,-0.2649033816915491,-0.08826850316556174,-0.15107074119790123,-0.05328730111077761,-0.00535627765444135
Jamaica,JAM,2019,0.14913261130397715,0.23726247569070189,0.4369746676572556,-0.4203183153127091,-0.06445711353994305,-0.16719014214363595,-0.12578805163614531,0.08399822000528075
Jamaica,JAM,2020,0.23950148685463754,0.3978766298878118,0.9142658767714604,-2.645423437789707,0.12235734037531576,0.4787480815633521,0.1014710297208046,0.631520129893402
Jamaica,JAM,2021,0.4842691730776666,0.3475042013836046,0.7827810350529669,0.43665863813323746,0.21225433342663805,0.11164269955369599,-0.09561693185229668,0.06251964662195783
Jamaica,JAM,2022,0.2791668699779933,0.26490298172907734,0.1968464869931745,0.598280008318219,0.8464456342102823,-0.2515692648642472,-0.2614830381266887,-0.011757725479230588
Jamaica,JAM,2023,0.696935056814071,0.22989685509635724,0.016941333849379205,-0.21419211495785972,0.2986671767287262,-0.0005151434062011261,-0.4207445211648155,-0.051213891536109314
Jamaica,JAM,2024,0.7497228605064105,0.24202003777666012,0.1587708473570681,-0.936115270526637,0.14852999297231842,-0.2759595450236791,-0.4013809666766738,0.008338968060845766
Japan,JPN,1990,0.5385086348608309,3.2165615243014876,-0.05055929710966535,0.2580213066106527,-0.18129178264235976,-0.3739873184191043,-0.5652957069948965,0.1784139253805683
Japan,JPN,1991,0.5385086348608309,3.2095776487274277,-1.0361258616752522,-0.0665347353063636,-0.15684984463313592,-0.46960925980914286,-0.5652957069948965,0.07281758229436187
Japan,JPN,1992,0.5385086348608309,3.2880381417640336,-0.8966456068549422,-0.631823441457881,-0.3676193605474384,-0.6352611481002846,-0.5504353047132994,0.13305593259215992
Japan,JPN,1993,0.5385086348608309,3.3605237235116574,-1.7769483213366946,-0.9323489447246484,-0.4407289939210074,-0.5524518973215651,-0.4932452716901832,0.07014136415800357
Japan,JPN,1994,0.5385086348608309,3.3980889406624684,-1.194445513815529,-0.5999233183814945,-0.5181285873542109,-0.5694858696400017,-0.4405583908736116,0.1052693232142541
Japan,JPN,1995,0.5385086348608309,3.3717836749950143,-1.1785337866286014,-0.3031379850611192,-0.6345071853630624,-0.5778705378311518,-0.40153107175022523,0.04913863480318025
Japan,JPN,1996,0.5385086348608309,3.3586892738081753,2.1636037775193646,-0.14178317411641053,-0.5971211354259257,-0.5975941964097606,-0.36655658961272897,0.509185095590672
Japan,JPN,1997,0.6262693769896301,3.637130369435086,1.5378222873096692,-0.518542157522641,-0.36938314841793596,-0.45043493977890525,-0.36790753527469233,0.5542142591151761
Japan,JPN,1998,0.710158854602111,3.8365532259653707,1.1088473260871474,-1.2083947699513928,-0.5228614127874799,-0.6465628011832951,-0.2622335634944461,0.5731398128480827
Japan,JPN,1999,0.6694687448147468,3.90992358327182,-1.8878314705657613,-0.8948776898983538,-0.6646702171632172,-0.6710742108400126,-0.17232062443710608,0.10563371504990425
Japan,JPN,2000,0.6889796523532754,3.704082859597224,-0.8133956043744182,-0.16315462467695183,-0.7120611007531674,-0.7786620534136759,-0.16166316421495047,0.10178227273781275
Japan,JPN,2001,0.608740550467898,3.0973402593759296,1.7564807723584126,-0.7557880963434498,-0.7210333235685018,-2.141224165138881,-0.12083458420894637,0.2882537863847949
Japan,JPN,2002,0.6855259558487756,3.0472023379394177,0.3987271811911914,-0.79970558573963,-0.746961706316381,-0.8088928638632391,-0.0658961272891024,0.27690835022182014
Japan,JPN,2003,0.7452941042227801,3.0509082664966063,-1.117414039524967,-0.5147716411650177,-0.6526903835340788,-0.8369835618323793,-0.08616031221855297,0.01816250090412366
Japan,JPN,2004,0.8237946882061427,2.9141343182213815,-0.9952781986439784,-0.35354288760861774,-0.6176409281847937,-0.8310141831694944,-0.16376463524467133,-0.023402203945583042
Japan,JPN,2005,0.7998567750594393,2.9155063929240987,0.21434292885927972,-0.4117711224652058,-0.6564225307040356,-0.8609432875838781,-0.20699489642749935,0.1453432792105331
Japan,JPN,2006,0.833060741397039,2.873957126869371,0.7300775129935839,-0.4782068926660549,-0.5811836514945949,-0.9289638633988466,-0.24512158510957674,0.2134159558755646
Japan,JPN,2007,0.934427734924185,2.7413720364694454,0.12635888304676834,-0.438150295614889,-0.6079427469083929,-0.8272755913606379,-0.29075352746922856,0.09221165920980832
Japan,JPN,2008,0.7090250967696713,2.6977055086465147,-1.7800923624425489,-1.0750671569125236,-0.42135987177257084,-0.8135596870963336,-0.2736415490843591,-0.032129414515206504
Japan,JPN,2009,0.706012926226203,2.8533915574241364,-1.3906252018617649,-2.124344681656973,-0.8076477702558859,-0.7221902854274584,-0.11362954067847503,0.176804359233046
Japan,JPN,2010,0.8383555407905091,2.678920232827848,-0.9261029816577536,0.09164039402263553,-0.719363697451255,-0.7443758568680545,-0.1085259681777244,-0.10706345802001206
Japan,JPN,2011,0.6237416919844522,2.666213662850053,-1.335665908707114,-0.8624834860162233,-0.6549397425321338,-0.6625302203062627,-0.1913839687781448,0.008633659508309808
Japan,JPN,2012,0.486017030503364,2.6696335926903023,-0.05349596784184216,-0.45562856268929347,-0.6226574720799943,-0.7167024741516009,-0.22020414290003013,0.14659786684325207
Japan,JPN,2013,0.4774323829593418,2.7363524110132578,3.1067434197315,-0.378991325281996,-0.5690726930183025,-0.6159841208110085,-0.2682377664365056,0.6130514561145136
Japan,JPN,2014,0.458830077486713,2.72616520995175,1.15984537082764,-0.6190970108533717,-0.22642222820838873,-0.6666101330442368,-0.33563494446112285,0.4025157440617573
Japan,JPN,2015,0.7406049368604962,2.700347054762874,1.9659298797006017,-0.42239827483737197,-0.504019163093028,-0.656945346622434,-0.36625637946562606,0.40297848332275205
Japan,JPN,2016,0.8451580380057131,2.7187369534106516,-1.4825918014183583,-0.6633025404679466,-0.6344166952950895,-0.5940222859963905,-0.40423296307415196,-0.08262604141587215
Japan,JPN,2017,0.8669849097399114,2.827194503111336,0.3881401248823731,-0.46123516836650297,-0.5479891912563479,-0.6208589694523136,-0.45076553587511264,0.16999588429093238
Japan,JPN,2018,0.7936798798173952,2.811481862302965,-0.2704193440776798,-0.6348871830274623,-0.4766241067986503,-0.7062587526316999,-0.5040528369858902,0.09933344643130168
Japan,JPN,2019,0.7847199562130879,2.987080741423567,-0.23167659740422913,-0.8862747007235098,-0.5501692674516988,-0.7250308888124912,-0.5214650255178626,0.15147052953538678
Japan,JPN,2020,0.7259642223081074,3.3671620434117564,-0.3406601541817197,-1.7607496330295207,-0.6199621824913872,-0.336968371708259,-0.45271690183128194,0.37880569198864605
Japan,JPN,2021,0.833382117225034,3.3278120154143584,0.34428962874492863,-0.03426021287712428,-0.6494126956436194,-0.6606401895313931,-0.4528670069048335,0.15857997824736156
Japan,JPN,2022,0.6193283175273396,3.295482680816837,2.752513514229424,-0.5254335263088281,-0.26338770579156384,-0.7101110194049309,-0.4819873911738218,0.6426593267796334
Japan,JPN,2023,0.8149356379514545,3.280785380861381,0.9170572197655013,-0.6598267117981559,-0.15449004148014966,-0.7200531532639418,-0.4840888622035425,0.38344308821799283
Japan,JPN,2024,0.9398183725319152,3.3014148629104607,1.0446782672385873,-0.871223517900654,-0.2293466715857758,-0.8712809892659527,-0.49909936955869116,0.3825387493010523
Jordan,JOR,1990,-0.3058425374891655,0.611599055640389,-0.05055929710966535,-0.8791040509385294,1.6722719424994092,-0.2700271107586494,2.3437406184329035,0.7845673995902975
Jordan,JOR,1991,-0.7504665787568393,0.613467403644948,0.31512845484589647,-0.46451755484396273,0.5363212391611483,0.282645162389848,2.3437406184329035,0.758041001725078
Jordan,JOR,1992,-1.5743706620822027,0.4740922682116535,-0.07232700653319832,2.338629367495841,-0.051631959641112814,-0.6315144803472064,2.119783848694086,0.15344913785294054
Jordan,JOR,1993,-1.0176535445959067,0.5767401665326769,0.22068155636518294,0.16875985835252488,-0.14763007351360255,-0.5460481812520284,2.082707895526869,0.43362072141464
Jordan,JOR,1994,-0.41975080485566285,0.6595798023481052,0.07019785388175181,0.27534975749491886,-0.11935660459258102,-0.6321334540994253,1.6615130591413991,0.2548859577199991
Jordan,JOR,1995,-0.10622639940696636,0.7535826665154727,-0.01789196090579126,0.5458243073660707,-0.2838233298433248,-0.45642672956262803,1.31717202041429,0.12471639409413061
Jordan,JOR,1996,-0.026953257977885912,0.7643741533306837,0.12362991647239824,-0.3592470764304286,0.3024949345519834,-0.9433724537681194,1.1820774542179526,0.259343477030459
Jordan,JOR,1997,0.41877075466703606,0.7779068997955969,-0.05055929710966535,-0.09052006348403348,-0.18703498318994657,-0.3160641215657873,1.1880816571600121,0.15486849484388676
Jordan,JOR,1998,0.3907704899491146,0.7592686723286793,-0.05055929710966535,-0.15570835408133102,-0.17943302324234364,-0.41339531135257135,1.203242269588712,0.15486588204928964
Jordan,JOR,1999,0.9826381318387755,0.8080147295948861,-0.05055929710966535,-0.07268740850211573,-0.5307369007099763,0.2604261779510222,1.1915340738516962,0.10981829432018617
Jordan,JOR,2000,0.409023376002934,0.8230927435299543,-0.05055929710966535,0.1156773464979214,-0.5221678633586885,-0.31744142161169914,1.1820774542179526,0.08432869902385695
Jordan,JOR,2001,0.33566642604884245,0.9011405406456439,-0.05089507583006683,0.3410172608159912,-0.3659343253678169,-0.2822549252824693,1.3321825277694388,0.12250786500998515
Jordan,JOR,2002,1.0151183222510998,0.8371508871498675,-0.050226836503249994,0.4540672832628071,-0.35734194342287495,-0.24645743732766798,1.4222455719003306,0.019454948040356905
Jordan,JOR,2003,1.821172316561114,0.7953918576354699,-0.05055597110496788,0.09718710442945283,-0.3860344077764884,0.34213759425348655,1.3021615130591417,0.012105880725153602
Jordan,JOR,2004,0.41118268287495263,0.8793807822222819,-0.05055929710966535,1.0664326255064487,-0.14124099546092703,-0.1092254479622048,1.3210747523266286,0.06025921223353029
Jordan,JOR,2005,-1.8603569570538034,1.1680578004034454,-0.05055929710966535,0.9738939398226155,-0.12260911277545004,0.694213285046029,1.3471930351245875,0.5603941039885906
Jordan,JOR,2006,-1.047526265936353,1.2473064979380557,-0.05055929710966535,0.9620973353179464,0.26722993547156637,0.06494585623765824,1.2271089762833987,0.40592298563420287
Jordan,JOR,2007,-1.7070732448555643,1.244363486676768,-0.05056395351513347,0.9804006404039741,0.05410518505927974,0.03480711001873003,1.092014410087061,0.44305697753975654
Jordan,JOR,2008,-0.6206179957488881,0.7626503262692441,-0.037252948884917286,0.7701227749913779,1.3583546994422295,0.6707295693711618,1.0319723806664665,0.5195641782316707
Jordan,JOR,2009,-0.19057208602371514,0.6813555228717925,-0.043911211130217856,0.30729361503794356,-0.7208939897547296,0.9051293253463911,1.061993395376764,0.2524216448136817
Jordan,JOR,2010,-0.40112902481694357,0.6490852806602981,-0.05055929710966535,-0.23809101037653393,0.06846773190822025,-0.2000530351568898,1.0019513659561694,0.30115886877880144
Jordan,JOR,2011,-0.7502079621688537,0.6696561147955314,-0.05055929710966535,-0.17878245322762368,-0.02808279076810542,-0.6787355270579652,1.061993395376764,0.2718946158047196
Jordan,JOR,2012,-1.3013498007043165,0.6639506614039831,-0.05055929710966535,-0.2893652515205541,0.02178252940547082,-1.0264285479306086,0.9569198438907235,0.3080543202692535
Jordan,JOR,2013,-0.7743265793608453,0.6522354049237183,-0.05055929710966535,-0.21930334958508685,0.06551421093195985,0.16173761195020445,1.016961873311318,0.4056456761362096
Jordan,JOR,2014,-0.4262050406271357,0.5754807384079956,-0.05055929710966535,-0.08735244352972765,-0.2065980592842148,-1.1818926834884187,0.9118883218252778,0.08026807207254827
Jordan,JOR,2015,-0.6425014389501085,0.5780861203934596,-0.05055929710966535,-0.26341347542259125,-0.740368931199079,-0.3235314691130209,1.0882617832482737,0.20825758865609537
Jordan,JOR,2016,-0.7205838258246348,0.6657638878566313,-0.05055929710966535,-0.35382453180869594,-0.7264574875172382,-0.558022473774249,1.418492945061543,0.26051799030719325
Jordan,JOR,2017,-0.8231851901849532,0.7364658843160756,-0.05055929710966535,-0.26669436154137505,-0.14660844840576912,-0.8799020400243978,1.8455418793155214,0.3706882185454419
Jordan,JOR,2018,-0.4029552562508464,0.7595829454289693,-0.05055929710966535,-0.41054947052888546,0.014302690199520603,-0.8651556828338575,1.8661062743920749,0.3625402366938248
Jordan,JOR,2019,0.17242974095852595,0.7858347037663215,-0.05055929710966535,-0.4100003560769829,-0.5087918081983799,-0.5002901774788769,1.6475532873011107,0.23018818905699528
Jordan,JOR,2020,-0.27697454898813223,0.9030566266369491,-0.05055929710966535,-1.0719767909712976,-0.5693191392428624,-0.45592207159923986,2.0096067247072957,0.45511631190741525
Jordan,JOR,2021,-0.5371732423981161,0.8824048599161772,-0.05055929710966535,0.007060703198934414,-0.42616354325669226,-0.3605302216336528,2.1032722906034227,0.3826480896741102
Jordan,JOR,2022,-0.5445575146391848,0.9236759618844359,-0.05055929710966535,-0.21407832668763402,-0.018652995716438678,-0.48209851091366246,1.85755028519964,0.42693589781016117
Jordan,JOR,2023,-0.033535918221167665,0.8745626058487387,-0.05055929710966535,-0.1300054519559052,-0.3217401704665485,-0.7235781747271104,1.6203842689882921,0.2232300861015399
Jordan,JOR,2024,-0.2902533209102479,0.8418145972592003,-0.05055929710966535,-0.2560559981722002,-0.39640978614652245,-0.42956698370115626,1.6313419393575508,0.30613282696312216
Kazakhstan,KAZ,1990,0.23951673276555452,0.08252489173530471,-0.05055929710966535,-3.2384666557326924,264.74348158259636,41.37441453118543,-0.7392674872410688,44.058506306304785
Kazakhstan,KAZ,1991,0.23951673276555452,0.08252489173530471,-0.05055929710966535,-3.2384666557326924,264.74348158259636,41.37441453118543,-0.7392674872410688,44.058506306304785
Kazakhstan,KAZ,1992,0.23951673276555452,0.08252489173530471,-0.05055929710966535,-1.9844339861418971,264.74348158259636,41.37441453118543,-0.7242569798859203,43.88150314027113
Kazakhstan,KAZ,1993,0.23951673276555452,0.08252489173530471,-0.05055929710966535,-2.8424563392863256,264.74348158259636,41.37441453118543,-0.7077454217952568,44.00643655616185
Kazakhstan,KAZ,1994,0.23951673276555452,0.08252489173530471,-0.05055929710966535,-3.5904758252311297,264.74348158259636,41.37441453118543,0.25743020114079856,44.25117871457339
Kazakhstan,KAZ,1995,0.23951673276555452,0.08252489173530471,10.06654750024678,-2.622450607698462,24.282495852921137,7.061126906815179,0.7737916541579106,6.378488668687032
Kazakhstan,KAZ,1996,-0.07236663796004135,0.08252489173530471,1.424291790261581,-0.7084007437959832,4.921883890149872,0.6534791225691201,1.0709996997898532,1.2762781108945365
Kazakhstan,KAZ,1997,-0.07679049311818524,0.08252489173530471,1.6594431573239705,-0.44439386668239067,1.8441355774347303,0.8880124270778987,1.0785049534674274,0.8676864809771297
Kazakhstan,KAZ,1998,-0.31496986307534497,0.08252489173530471,0.4869474045513821,-1.2364144994873165,0.3936787445839454,-1.9133496872668452,1.0965175622936056,0.24252903978000775
Kazakhstan,KAZ,1999,0.24351258931558334,0.08252489173530471,7.397583225011931,-0.22438813564538282,0.556184891566916,5.31232062893893,1.146052236565596,2.06793448859264
Kazakhstan,KAZ,2000,0.6161722862607444,0.08252489173530471,2.6259459982384064,1.3376525582455756,1.2466428928765105,2.4213534640619914,1.0394776343440408,0.7803028623928477
Kazakhstan,KAZ,2001,-0.4062448547837396,0.08252489173530471,0.40760168069106545,2.1516737636129077,0.5643985500889497,2.0724367801886596,0.6912338637045933,0.2961095510827721
Kazakhstan,KAZ,2002,-0.1449701938992622,0.08252489173530471,0.5803734995566634,1.3376525576882703,0.20859941024906126,1.3281027210523113,0.5261182827979586,0.21900520594318446
Kazakhstan,KAZ,2003,0.2594987510182672,0.08252489173530471,-0.3924048344312833,1.2276496921483377,0.2935901191431993,1.6345619852922715,0.4435604923446412,0.08209774441678978
Kazakhstan,KAZ,2004,0.46478760718107015,0.08252489173530471,-1.3314267863848444,1.293651411795365,0.35632479992131477,4.2441739726273955,0.38652056439507665,0.282811203331116
Kazakhstan,KAZ,2005,0.4462716433383457,0.08252489173530471,-0.37870667908627553,1.3156519844642451,0.4549768293163469,0.9692590884188532,0.34599219453617547,-0.04112532898316942
Kazakhstan,KAZ,2006,0.24325311662369628,0.08252489173530471,-0.7736067766932248,1.5356577160350573,0.6163512960028186,4.849450039848267,0.2949564695286701,0.47010929825186887
Kazakhstan,KAZ,2007,-0.1929577239414272,0.08252489173530471,-0.447260388113854,1.1396473995124734,0.916732608076384,1.0228190531411245,0.21540078054638243,0.1205038956877565
Kazakhstan,KAZ,2008,0.4879539416974289,0.08252489173530471,-0.31089798164736926,-0.09238469628378196,1.8062347607224534,1.7176119510184544,0.12083458420894623,0.4315341372320204
Kazakhstan,KAZ,2009,0.3543559675810906,0.08252489173530471,3.148237169362268,-0.5543967323973532,0.41767257589090906,0.551446381528924,0.10882617832482734,0.6441068516654995
Kazakhstan,KAZ,2010,0.5922525680631552,0.08252489173530471,-0.06414886697654809,0.7876382299982593,0.4296000927513453,0.09870379923890031,-0.008255779045331825,-0.12020952290824916
Kazakhstan,KAZ,2011,1.2710672058283425,0.08252489173530471,-0.1210529517786132,0.8096388027299422,0.5783588987220428,0.22108095962088029,-0.06529570699489651,-0.197869988179081
Kazakhstan,KAZ,2012,0.5248890311803472,0.08252489173530471,0.18988501049908943,0.23762389973310544,0.11796229956929756,-0.2970161880804028,-0.08030621435004506,-0.10706616164860128
Kazakhstan,KAZ,2013,0.6051265849981503,0.08252489173530471,0.2356828059055263,0.5016307777280947,0.22357000506127608,-0.1270336786110407,-0.09381567096967879,-0.11226128708640819
Kazakhstan,KAZ,2014,0.20956111346993095,0.08252489173530471,2.4663969635260816,0.10562046317723756,0.3517162528814927,-0.1155301059930322,-0.11483038126688692,0.33644229203368453
Kazakhstan,KAZ,2015,-0.2999607634667638,0.08252489173530471,3.308099497262332,-0.554396732154434,0.32752284244354485,1.6013129795588632,-0.1343440408285801,0.8627819522560947
Kazakhstan,KAZ,2016,-0.2580861316261509,-0.018755957464562774,7.634367680728507,-0.576397305609366,1.4134604813914966,0.26816572484020096,-0.12984088862203547,1.428840068301303
Kazakhstan,KAZ,2017,0.11492767948444424,-0.10158107305482966,-0.7187568394761902,0.08361988935658561,0.4355648631358573,-1.003441711941879,-0.13884719303512458,-0.24651564617331373
Kazakhstan,KAZ,2018,0.2470960377296764,-0.17174158472725803,0.7612510711065762,0.0836198872719939,0.2547826580200316,-0.3649966719734475,-0.14635244671269898,0.00031815724450470366
Kazakhstan,KAZ,2019,-0.1092159242863106,-0.2076521861459613,1.5108939381396145,0.17162218155281445,0.13745076536031092,-0.6973458926314309,-0.15385770039027327,0.07529752386653661
Kazakhstan,KAZ,2020,-0.42964242563498267,-0.17814973023862296,1.0660510247870438,-1.3684179376358696,0.33315814031966234,0.36040976193590657,-0.14034824377063954,0.46274018804345746
Kazakhstan,KAZ,2021,0.2007908251605527,-0.17006706855643736,0.39328305955215104,0.12762103447531264,0.5202042621003568,0.6487377618045185,-0.038577003902732,0.14645273590885594
Kazakhstan,KAZ,2022,0.7214111373620596,-0.19136976806278438,1.0874888071016324,-0.11438526953464101,1.5077060783909346,0.1461344613751447,-0.14485139597718402,0.25686890214290353
Kazakhstan,KAZ,2023,-0.02216852870013565,-0.16929697795401888,-0.17354840437503977,0.3036256201331,1.4369897939535297,-0.019880095400847512,-0.14860402281597124,0.09202902885352682
Kazakhstan,KAZ,2024,0.08203124775259825,-0.14270484951058152,0.34637938098198173,0.28162504704427954,0.6119876062212636,0.5326477011308198,-0.14890423296307417,0.11939275872336165
Kenya,KEN,1990,-0.39094779494656157,-0.32857046228334336,-0.05055929710966535,0.10387163011275424,1.8969671137463253,0.5946659163591066,-0.4570699489642751,0.2775013552259936
Kenya,KEN,1991,0.045408677880480086,-0.30051671722083784,2.7854699328379895,-0.5019590720332698,2.2224429035819724,0.559121816985782,-0.4570699489642751,0.752285483053346
Kenya,KEN,1992,0.09759727630435887,-0.25321851669839424,2.3715232858778474,-0.9942968630738578,3.24690338971689,1.9857775098314916,-0.43995797057940567,1.1153896121311326
Kenya,KEN,1993,-0.19377808070572836,-0.33202638517511485,11.273342773564957,-0.7406981892675215,5.882522226111524,1.1797555314179442,-0.42719903932752934,2.6444101966521467
Kenya,KEN,1994,-0.4071979715411381,-0.3031876508773017,-0.5264264569949179,-0.23917592648533031,3.4563823498684134,0.8235762993182415,-0.430801561092765,0.5237024111783056
Kenya,KEN,1995,-1.786815776376752,-0.1742939589548003,-1.2169709717062158,0.1509892793010219,-0.3967303531360702,1.2506924364744398,-0.44686280396277406,0.09309440654147282
Kenya,KEN,1996,-0.6171483919146771,-0.26336678546242576,1.5134457118658915,0.0939247963722299,0.6364781185221245,0.9810825784682133,-0.45812068447913545,0.4189632192081593
Kenya,KEN,1997,-1.3181218104810675,-0.20574033935481179,0.35000697544647863,-0.7139224654147249,0.9895272762741736,0.6047435409168522,-0.45136595616931857,0.4741736818584523
Kenya,KEN,1998,-1.9392338514024872,-0.2141844613199896,0.3432869823106182,-0.09453773347131816,0.3337633799837635,-0.6616107359816213,-0.44761332933053144,0.19820191721943495
Kenya,KEN,1999,-1.89733399829838,-0.15801350100345146,2.2837643439016775,-0.31120490589738664,0.19518232162489413,-0.40072849107578395,-0.44145902131492054,0.5267549366183119
Kenya,KEN,2000,0.17484496918489512,-0.1754952862706246,1.1262571760424513,-0.6864671868802991,0.7942119486268928,-0.5166142350951827,-0.44145902131492054,0.18550325709771723
Kenya,KEN,2001,0.0640200200417332,-0.187041822152176,0.39292266594046676,0.013197483756013524,0.19470132649284044,-0.462884382912067,-0.44265986190333245,-0.08316851119028786
Kenya,KEN,2002,0.2581672477610509,-0.17342135486978952,-0.017071274702160317,-0.698091379042791,-0.33920516963238284,-0.15124033945489776,-0.43665565896127295,-0.09680995233410905
Kenya,KEN,2003,0.47851788725113303,-0.18848620528070575,-0.5560724732113254,-0.17324218270411215,0.7709838481986778,-0.011977040029494946,-0.4437105974181928,-0.10493402461258028
Kenya,KEN,2004,0.2675911158398093,-0.14253594047676318,0.5528235426230182,0.30457159562025604,1.0265869700046557,0.1115792174037317,-0.44746322425698,0.07554683626251386
Kenya,KEN,2005,0.20237210496178037,-0.16431955642980542,-0.6974321179830454,0.4810967810737579,0.8412454304827534,-0.14980542297263433,-0.463224256979886,-0.18814354427402227
Kenya,KEN,2006,0.12454360729215211,-0.2373575779181741,-0.697244976060397,0.6055822325399601,1.4265548115885776,0.3683388353206999,-0.4731311918342841,-0.04899513410509858
Kenya,KEN,2007,-0.03025800436876738,-0.23398103126434863,-0.9891974543243794,0.6887962037222598,0.7629539002873721,0.6214964687715838,-0.47778444911438017,-0.13929296642823497
Kenya,KEN,2008,-0.31368336633706934,-0.18363786346375788,0.33988822586901307,-0.7673000747881773,3.09247564368425,0.26394993898292834,-0.46142299609726817,0.5903194843000588
Kenya,KEN,2009,-0.12390247246605068,-0.2592025988798372,1.6218660075122404,-0.09085789696691944,0.6887817455135408,0.33059166520242683,-0.4516661663164216,0.30644728892355994
Kenya,KEN,2010,-0.2758012065345175,-0.21368397638017803,0.29352876563456415,0.9545067690287877,-0.05650088020536792,0.7637042702880539,-0.4551185830081057,-0.049539423737900545
Kenya,KEN,2011,-0.6380777710230248,-0.14084529252091965,1.6597349428563146,0.30826908749395293,1.365600160554501,0.5282631652243212,-0.46922845992194545,0.46761902853162046
Kenya,KEN,2012,-0.5549331751334079,-0.16161754281813426,-0.7326103725440531,0.18673209016001788,0.7090853297704317,0.17911396575935917,-0.47238066646652666,-0.01574402876079045
Kenya,KEN,2013,-0.6013465649283201,-0.1200191430258377,0.21612825401861052,0.01714480340503443,0.19171827015793838,0.24410650375945944,-0.45977184028820184,0.09376625802075063
Kenya,KEN,2014,-0.7852609344497908,0.013399459298573686,0.24503880412285667,0.28604958282669835,0.35577363401617856,1.0688300568789848,-0.4590213149204444,0.24617599871703458
Kenya,KEN,2015,-0.4102166640866723,0.060328791372137855,1.5999278439032578,0.27452351011935594,0.31393498788745533,0.3021657190329136,-0.45977184028820184,0.27889695083926846
Kenya,KEN,2016,-0.2980799352944131,0.036010057985228425,0.4287494491086116,0.10859429439462483,0.2736647141485612,-0.5912518297741794,-0.4605223656559592,-0.01769490475542131
Kenya,KEN,2017,-0.4957457375167239,-0.016161481565099077,0.21506954463535408,0.025969185126060283,0.5151409974183199,-0.21582798098497005,-0.3426898829180427,0.08932967842517513
Kenya,KEN,2018,-0.299816885813527,-0.05823345974740189,-0.33904013300762476,0.42417697025179896,0.04645835344102615,-0.1340627853998423,-0.23131191834284007,-0.1200785753564221
Kenya,KEN,2019,-0.2784990798828102,-0.06613656856929041,0.045774704325019414,0.30674065003034057,0.12417507891692421,-0.4352197475427694,-0.12173521465025518,-0.06876904538112881
Kenya,KEN,2020,-0.035168124868537605,-0.0377328164354828,0.5680857116188829,-0.8784137653221822,0.14757132478747162,0.09702712730479937,-0.031822275592915006,0.23667299455335372
Kenya,KEN,2021,-0.19948324212164886,-0.05986222399927741,0.37303380741210196,0.8515475783178501,0.24690592404674527,-0.4204520944426577,-0.019813869708796245,-0.0760361132697265
Kenya,KEN,2022,-0.15017806654403473,-0.05694609617524375,1.0113006229334363,0.25082007397986833,0.4662652356448557,-0.3244814899168332,-0.03902731912338634,0.1366384208467136
Kenya,KEN,2023,0.054234149081416785,-0.04531393801442997,2.5880021930995194,0.4400275042872991,0.46789547712016144,0.5811976542481792,-0.06244371059741825,0.43358228892675654
Kenya,KEN,2024,0.209700629671763,-0.04531393801442997,-0.5588474979101871,0.2068662075559835,0.018186531111787498,-0.8025945339654845,-0.0507355148604023,-0.2651245415523518
"Korea, Rep.",KOR,1990,0.25011699097452955,0.33110417728553726,-0.05055929710966535,1.3871317634700475,0.5953724302298454,0.3831758345742075,-0.5130591413989793,-0.1273163929805188
"Korea, Rep.",KOR,1991,0.07754112464495976,0.32233663227778125,0.4604727436616583,1.5741529829903267,0.7027276298137057,0.7289155031776062,-0.5130591413989793,0.007099894270926531
"Korea, Rep.",KOR,1992,0.2710525905139452,0.2909097277752145,0.8628487340065332,0.5789830327005142,0.26179612545902853,0.2194006250809343,-0.49714800360252187,0.04111022650067559
"Korea, Rep.",KOR,1993,0.42015558714432627,0.2864243565110653,0.34576566092784883,0.7204744214123284,0.06217468346033413,0.33964453603545197,-0.44235965175622943,-0.078425774768312
"Korea, Rep.",KOR,1994,0.2451476555322715,0.2981972248419094,-0.028815523144997898,1.2434539744499036,0.26922784395954236,0.49344433161016127,-0.5027018913239268,-0.13703566343421242
"Korea, Rep.",KOR,1995,0.15316384636643643,0.28177143419104284,-0.6229659818904574,1.3235488154748143,0.01690770526398698,0.26720293076719565,-0.5646952867006906,-0.2997845514585961
"Korea, Rep.",KOR,1996,-0.11007214229741898,0.3501681027849977,0.5585628680093335,0.9395367479616848,0.0796376041117775,0.28440903801041567,-0.5669468628039629,-0.01766197936452918
"Korea, Rep.",KOR,1997,0.14203055760570532,0.4505139397787197,2.5073115129369854,0.5637147796453427,0.010998117920037175,0.16087802931723347,-0.48288802161513067,0.2772954630123996
"Korea, Rep.",KOR,1998,1.6162057006088217,0.5541233428815473,6.701344680103718,-1.9049964611270684,0.44558871015444584,1.1058685504962251,0.17081957370159112,1.323790802550825
"Korea, Rep.",KOR,1999,0.8906778999944899,0.6592959087983785,-2.205821410304,1.7374608235476148,-0.50152049383458,1.131576110548605,0.07760432302611821,-0.4952863264725118
"Korea, Rep.",KOR,2000,0.579274973021207,0.7605696382239107,-0.7532981877360116,1.2060579749556994,-0.29710405962567316,0.9884707420950879,-0.2644851395977185,-0.19302570780247305
"Korea, Rep.",KOR,2001,0.41588050609423405,1.4162842359132266,1.9575221127148945,0.221329308987326,-0.041633073601429475,5.373423718853839,-0.3191233863704594,1.1070376846326446
"Korea, Rep.",KOR,2002,0.44603408828875135,1.612366435835557,-0.4801077973930605,0.8853205437116161,-0.2259931867081244,0.15032722448619446,-0.4171419993995798,-0.09884342216848295
"Korea, Rep.",KOR,2003,0.560531789225364,1.5795014340806564,-0.7283432761371197,-0.14194613144291954,-0.1196140991863447,-0.6579841756408447,-0.37181026718703103,-0.10240514883616114
"Korea, Rep.",KOR,2004,0.8083325960670582,1.467676075482716,-0.5895695266431387,0.32202620868879656,-0.10890166791594671,-0.4138865256207779,-0.361002701891324,-0.16229187876347512
"Korea, Rep.",KOR,2005,0.5239753963548577,1.5566832901824057,-1.5554991067193324,0.1404334369899791,-0.22719045830893073,-0.3639510165343129,-0.35169618733113184,-0.22943747315087698
"Korea, Rep.",KOR,2006,0.39237865265747573,1.8026969117084415,-1.0034683711591403,0.3355276625525026,-0.2994822864131396,0.04125373106251928,-0.38592014410087067,-0.08183235344459547
"Korea, Rep.",KOR,2007,0.4747260159755417,1.9426281032318409,-0.43510700511134076,0.4668618188923751,-0.25817611547756153,-0.08293569410877286,-0.42209546682677884,-0.02818200188007572
"Korea, Rep.",KOR,2008,0.3885876897878032,2.2049207804880786,2.54893924479332,-0.15741739681129333,0.04420954390691465,0.00041291474314827947,-0.43020114079855903,0.5910158643080562
"Korea, Rep.",KOR,2009,0.7846008632461158,2.1273781285950957,2.227397492150776,-0.63802932458432,-0.2268081278284841,-0.15145026032143336,-0.3695586910837587,0.49434100040719997
"Korea, Rep.",KOR,2010,0.6582601164158353,1.95667829721834,-1.388576651816006,0.7176019102232624,-0.20097141406715083,-0.43805279201865643,-0.37541278895226665,-0.2603139108964054
"Korea, Rep.",KOR,2011,0.5260191961598677,2.008456943671804,-0.6405930696121049,-0.007015419098014111,-0.047373276285363315,-0.47495132648075367,-0.42524767337136005,-0.014101739877090227
"Korea, Rep.",KOR,2012,0.8201880588879501,1.966513339102165,0.1865665445749828,-0.2579025970105045,-0.3072943970286554,-0.524054778361208,-0.4522665866106275,0.043882665685601625
"Korea, Rep.",KOR,2013,1.0341042947457366,1.9152341850600578,-0.4501614998504634,-0.09427763568769265,-0.43248826328542883,-0.5363471485558715,-0.41398979285499854,-0.12251131122067835
"Korea, Rep.",KOR,2014,1.0279379278808938,1.9741170386019187,-0.5951037749079457,-0.11115554202932607,-0.43624427383582415,-0.2791943970060314,-0.4117382167517263,-0.09499228710731093
"Korea, Rep.",KOR,2015,1.2125470496622786,1.9820960101733514,0.999172620318063,-0.17592248452231132,-0.5165916264725801,-0.275801361388737,-0.34208946262383677,0.1157373735523276
"Korea, Rep.",KOR,2016,1.1349127317732317,2.029124775471741,0.32244229868510466,-0.12064938489296201,-0.47908478697330303,-0.35411438297317027,-0.3264785349744822,0.025375146050802915
"Korea, Rep.",KOR,2017,0.9122579684216271,2.0614227110951346,-0.4133909818389925,-0.06308174488097291,-0.34160465406490415,-0.5021748417052946,-0.32602821975382773,-0.05299317282979122
"Korea, Rep.",KOR,2018,0.8934183260654989,2.146885462964918,-0.43633642786798044,-0.11963995637073313,-0.40782446733763317,-0.38377776154601634,-0.3003602521765236,-0.02217025937971447
"Korea, Rep.",KOR,2019,0.7898232737556398,2.344071196100261,0.7878803624797661,-0.3093538853154466,-0.562293379581377,-0.2973502783373069,-0.31206844791353955,0.2113957234725158
"Korea, Rep.",KOR,2020,0.9107165503278611,2.6047791788630654,0.13044553129523045,-0.9724609331810983,-0.5404853591517088,-0.15601192875303072,-0.28429900930651464,0.25945325654289697
"Korea, Rep.",KOR,2021,0.9023183893275419,2.71639187344309,-0.4858871835979915,0.19647577881471257,-0.2632985795640931,0.0721050546184601,-0.3281296907835486,0.08748390085338034
"Korea, Rep.",KOR,2022,0.5283139857958605,2.7776788758653526,1.7737138435695678,-0.21832377242724874,0.10295554207602364,-0.5832121844052699,-0.44551185830081064,0.4736620007766074
"Korea, Rep.",KOR,2023,0.5866151790591142,2.793761155600594,0.10518641134180977,-0.47013130877311265,-0.10794146456997368,-0.591044177646442,-0.47283098168718113,0.23009243896468642
"Korea, Rep.",KOR,2024,1.027392958244564,2.725467565500156,0.5748426049640143,-0.3775977024091414,-0.2882589546044994,-0.396054803786152,-0.4564695286700692,0.21567594679543248
Kuwait,KWT,1990,0.08866194609160102,-0.154549699669678,-0.05055929710966535,-6.588910292818896,0.7735202656885743,-0.8256701368922382,-0.7416691684178925,0.7859029014751993
Kuwait,KWT,1991,0.08866194609160102,-0.154549699669678,-0.05055929710966535,-9.840352589011918,0.6639135969465911,-0.8256701368922382,-0.7416691684178925,1.2347365625396332
Kuwait,KWT,1992,0.08866194609160102,-0.3486663985348651,-0.05055929710966535,17.40012338927012,-0.6935295262139105,-0.8256701368922382,-0.7425697988592015,-2.8785400704245143
Kuwait,KWT,1993,1.6582462655521772,-0.3607733146889832,0.3651837855535306,6.6596940653354775,-0.5623582488978505,-0.4673901532278802,-0.7542779945962175,-1.4425080366778649
Kuwait,KWT,1994,1.9813238951146332,-0.2332562164098496,-0.2834498993536698,1.0376011829320724,-0.25819570039429024,-0.47938198499908746,-0.769288501951366,-0.7203567687364242
Kuwait,KWT,1995,2.6483093811246925,-0.08350451196835018,0.024619766200563706,0.2504483103074323,-0.2366697248747173,-0.18919936470627197,-0.770189132392675,-0.5933858084533679
Kuwait,KWT,1996,3.157184959773764,-0.005349752825395203,-0.005007640175675752,-0.6852721667887365,-0.11408587268536312,-0.9202980901489805,-0.769288501951366,-0.6122775215388297
Kuwait,KWT,1997,3.5989612837864366,0.2816617857945732,0.13564178027059864,-0.2742578775654001,-0.5200037773518645,-0.5913539854694204,-0.769288501951366,-0.6840065864183594
Kuwait,KWT,1998,1.4235677111495617,0.5782875119147631,0.015057014273562177,-0.01273058109948452,-0.5981023724566185,-0.9339405899524467,-0.769288501951366,-0.4455462954603118
Kuwait,KWT,1999,2.423568449356609,0.44814941265110775,-0.0663895883392331,-1.2119958708708574,-0.1936887035765352,-0.7586858792874763,-0.769288501951366,-0.36449654842703627
Kuwait,KWT,2000,5.174872328724374,0.24763879924428328,0.05805772558652638,0.21443130815160275,-0.3601756217428081,-0.4130771277920271,-0.7542779945962175,-0.9444482651680313
Kuwait,KWT,2001,3.3163938771209476,0.4899314602956714,-0.05378418144567478,-0.7714692204281824,-0.43267873404530105,0.06269789921066915,-0.7542779945962175,-0.4618623153248026
Kuwait,KWT,2002,1.750446115700416,0.5267143414626045,-0.17823454710583708,-0.15524404046497656,-0.49084984183037894,-0.5278922464623871,-0.7092464725307716,-0.4249586916717442
Kuwait,KWT,2003,2.8009247888085076,0.5510168338724162,-0.3253627188951085,2.9934201842663173,-0.4805456655569961,-0.30254450019904694,-0.6792254578204745,-1.004429497382005
Kuwait,KWT,2004,3.592352678808307,0.48419805762291723,-0.20778180203405514,1.434520654198813,-0.4399489679597626,0.028889317114399113,-0.6191834283998799,-0.8258143080947857
Kuwait,KWT,2005,4.967037395483913,0.3671179441063874,-0.18018880412602417,1.5156470912204303,-0.030834211368909084,0.002874999995305674,-0.655959171419994,-0.9970962470739396
Kuwait,KWT,2006,5.881377386053492,0.3460265637121412,-0.138930068876008,0.8348895202756215,-0.18433114041014387,0.7121485108361928,-0.6792254578204745,-0.9515112141267723
Kuwait,KWT,2007,4.823382899251582,0.5534916656946981,-0.3412758837349898,0.4997773424980973,0.15884903995052072,0.5237704220927413,-0.6492044431101772,-0.725361348693841
Kuwait,KWT,2008,5.418865385179435,0.5036051870110242,-0.8164892259207266,-0.2728428700590255,0.8793992778967943,0.28027914601137854,-0.6116781747223057,-0.701558043549178
Kuwait,KWT,2009,3.7467726344130763,0.9736390503119762,0.9471773017735801,-2.375176580428863,0.03512081624494132,0.1077348394584289,-0.6281897328129692,0.009126602998820574
Kuwait,KWT,2010,4.328494255847906,0.8780988175154933,-0.10851561636881184,-1.3399377662502663,0.01912144387565676,-0.6590564917701368,-0.6011708195737017,-0.4942970222741628
Kuwait,KWT,2011,5.674294300632963,0.5799359583694599,-0.575211132427011,1.29995109858392,0.0676033616843608,-0.27213199549763994,-0.5664965475833084,-1.1057922506672886
Kuwait,KWT,2012,5.98554118566284,0.4708090802043071,0.15228741046526392,0.6393268327650281,-0.15632580052671063,-0.40233368557858074,-0.5400780546382469,-1.0143584383574051
Kuwait,KWT,2013,5.298556926751378,0.5572097684698681,0.13411942043774003,-0.5655146057875546,-0.23729599209082525,-0.16072236689639552,-0.5043530471329932,-0.7062977911680614
Kuwait,KWT,2014,4.46817554902471,0.7272476772727964,-0.0017799707189960388,-0.7081995117319458,-0.205262663527746,-0.6058913527804699,-0.4390573401380968,-0.6121028124550394
Kuwait,KWT,2015,1.294362485717037,1.392629491117089,0.7591332486114097,-0.6879906327574827,-0.1539857171459751,-0.7415927178750011,-0.544130891624137,0.015097365731975874
Kuwait,KWT,2016,0.441214572307725,1.5365262575070247,0.00989275719311006,-0.17465015407531048,-0.16434696188614845,-0.6243877464866076,-0.5501350945661964,-0.008430743781604593
Kuwait,KWT,2017,1.162891037117115,1.3966885221356413,0.006212408876401567,-1.8551196126788652,-0.30944824250311387,-0.5981835806403873,-0.5396277394175925,0.09255284914467135
Kuwait,KWT,2018,2.511882734218328,1.222723264264038,-0.11554386802798348,-0.21485518775732168,-0.5396591715526619,-0.5790078386489717,-0.5438306814770341,-0.4074779774148027
Kuwait,KWT,2019,3.022604500640705,1.2513685997634127,0.026973799987381426,-0.32035088059904504,-0.4621002751443907,-0.9843098794801342,-0.5421795256679677,-0.4875001286547655
Kuwait,KWT,2020,2.8198799831318158,1.2513685997634127,0.07162864646739486,-1.8782407253599622,-0.3193571139572955,-1.415758575064276,-0.3506454518162715,-0.24348616462555553
Kuwait,KWT,2021,3.279020235105786,1.2513685997634127,-0.26263055118359413,-0.4505253068250517,-0.13251126084257137,-0.598412985087127,-0.4285499849894927,-0.42846158723144384
Kuwait,KWT,2022,4.615854791003004,1.2513685997634127,0.16553791150718758,0.6685418930035533,-0.053778444702469355,-0.4032915350388424,-0.5541879315520866,-0.6969640120041937
Kuwait,KWT,2023,4.20661190208897,1.2513685997634127,-0.007353009502705903,-1.1794061744133792,-0.10162217887946809,-0.802681630044493,-0.5621435004503152,-0.4642339209698801
Kuwait,KWT,2024,3.9549563662158778,1.2513685997634127,-0.07334508129124676,-1.142696058112832,-0.20672927478091696,-0.5600444931707367,-0.5514860402281598,-0.4217852282586705
Kyrgyz Republic,KGZ,1990,-0.16543718013167383,-0.4604259252866666,-0.05055929710966535,0.4362443343232119,3.8992134476783877,0.20907247118096806,-0.7242569798859203,0.37174808034079504
Kyrgyz Republic,KGZ,1991,-0.16543718013167383,-0.4604259252866666,-0.05055929710966535,-2.5661126920716666,3.8992134476783877,0.20907247118096806,-0.7242569798859203,0.8006562269686348
Kyrgyz Republic,KGZ,1992,-0.16543718013167383,-0.4604259252866666,-0.05055929710966535,-3.862807235802216,3.8992134476783877,0.20907247118096806,-0.7092464725307716,0.9880426628380203
Kyrgyz Republic,KGZ,1993,-0.16543718013167383,-0.4604259252866666,-0.05055929710966535,-4.219544422892517,3.8992134476783877,0.20907247118096806,-0.6855298709096368,1.0423932040825112
Kyrgyz Republic,KGZ,1994,-0.24818248621142702,-0.4604259252866666,-0.05055929710966535,-5.237253670697462,3.8992134476783877,0.20907247118096806,-0.662713899729811,1.2028604219488719
Kyrgyz Republic,KGZ,1995,-1.3770589425269633,-0.4604259252866666,-0.07639907124651846,-2.011675518946571,3.8992134476783877,0.20907247118096806,-0.6433503452416693,0.9024064340797194
Kyrgyz Republic,KGZ,1996,-2.5028514516701854,-0.5440530652665871,2.5481803299772268,0.7402275211499533,3.8992134476783877,0.20907247118096806,-0.6271389972981087,1.0354140166845884
Kyrgyz Republic,KGZ,1997,-0.5993250973492656,-0.6558069540889045,4.978391383746048,1.3630090753527573,2.69608526207962,1.483977636514,-0.6133293305313721,1.0179477171022713
Kyrgyz Republic,KGZ,1998,-2.363008903758266,-0.6154110605720965,2.7813045745207483,-0.3515876862221664,0.8616847236753102,0.40920144570619066,-0.5950165115580908,0.7937656802503563
Kyrgyz Republic,KGZ,1999,-1.4489174844665476,-0.6207418128643204,12.287082290746584,-0.014108989214005638,4.617760546635811,1.5936409824979618,-0.5740018012608827,2.6809666684908153
Kyrgyz Republic,KGZ,2000,-0.317589181659909,-0.6410004719934274,3.103675738363539,0.3791616472252207,2.0268531667141345,-0.016734348880457627,-0.5526868808165717,0.5512192482602722
Kyrgyz Republic,KGZ,2001,0.2148771047175925,-0.6481670221997828,0.14938425134115935,0.3523836010112338,0.3616430311449346,-0.046812925379396776,-0.5331732212548784,-0.1834837988681129
Kyrgyz Republic,KGZ,2002,0.14314598769682074,-0.6406381685617925,-0.4719685183790038,-0.8222151241147545,-0.31476613698101946,1.6085119593599768,-0.511708195737016,0.049785725159868406
Kyrgyz Republic,KGZ,2003,0.09725468019822851,-0.6275829204969586,-1.0419103086643342,0.7283011868834592,-0.19597814950053494,1.5708053393380397,-0.4918943260282198,-0.23030231891909936
Kyrgyz Republic,KGZ,2004,0.5323018302105396,-0.5781663045791868,-0.37420603425690063,0.7275353970199239,-0.035403233602595084,1.4758583513822412,-0.47208045631942364,-0.17769070065804696
Kyrgyz Republic,KGZ,2005,0.1807166134774064,-0.5594129359747056,-0.5939945651973124,-0.8570180047913596,-0.003172983510767323,-0.1504550480818758,-0.4516661663164216,-0.15462861539530423
Kyrgyz Republic,KGZ,2006,-0.8785870733464031,-0.5031380735443174,-0.34688149889284037,-0.13574810275651478,0.16834377509279966,2.804170342477464,-0.42975082557790456,0.3867255565225885
Kyrgyz Republic,KGZ,2007,-0.37084684029771137,-0.5938060138811483,-1.0501173626389435,1.061077803202751,0.8295596003661055,1.7201706655636761,-0.40993695586910844,-0.02776586133777975
Kyrgyz Republic,KGZ,2008,-1.3457443192285619,-0.4338130448750906,-0.33176882669714847,1.0300000737707944,2.849400155145081,-0.3082031750433078,-0.39297508255779057,0.24262632448993018
Kyrgyz Republic,KGZ,2009,-0.16429852159910302,-0.43479526511015776,2.3980038159565313,-0.18340226085873876,0.3498946804211929,0.7535451007797829,-0.3725607925547884,0.4345411888500576
Kyrgyz Republic,KGZ,2010,-0.8542402833294116,-0.4366015564249532,0.9586111192683668,-0.9221509639838031,0.5097800913159752,0.6744645621364325,-0.34854398078655063,0.4477287832603551
Kyrgyz Republic,KGZ,2011,-0.5822920045778569,-0.48307704198310303,0.004737859390785349,0.49201087316791203,1.735056437014611,0.21695427653741936,-0.3273791654157911,0.1766533567076952
Kyrgyz Republic,KGZ,2012,-1.5494693280302527,-0.44249395135244973,0.2133143880919987,-0.8377971591423045,-0.22511962859344187,0.8713674678630104,-0.3060642449714801,0.35689578831574215
Kyrgyz Republic,KGZ,2013,-1.3332716815171295,-0.3931047525228047,0.38096265077964686,1.5830622305938216,0.3184012147409874,0.7932388845188654,-0.29180426298408896,0.07970045506513057
Kyrgyz Republic,KGZ,2014,-1.7841222698546157,-0.29849297055699664,1.4730409482791889,0.0669079522084925,0.4485099477642111,-0.6549434461936761,-0.27093965776043244,0.3449127341683454
Kyrgyz Republic,KGZ,2015,-1.5783830054222214,-0.23893204643674118,2.799572922429375,0.03430020188354648,0.3027918134110468,0.21657274140995023,-0.253227259081357,0.6244087107529929
Kyrgyz Republic,KGZ,2016,-1.0679768584120386,-0.28639175669999867,1.146093614150392,0.13550954339343632,-0.5614681999945137,0.1930968155594848,-0.22981086760732525,0.17056956006094875
Kyrgyz Republic,KGZ,2017,-0.4902924056107817,-0.26940533016411017,-0.2625258847206161,0.22440974575838565,-0.1676103548265588,0.43705365466166224,-0.21014710297208053,-0.029536051167043914
Kyrgyz Republic,KGZ,2018,-1.0678931789416726,-0.2268714036754761,-0.05597246006696721,0.00835815796205503,-0.39837940083960155,-0.4715119840167741,-0.19003302311618134,-0.040461892962197536
Kyrgyz Republic,KGZ,2019,-1.0378105626033882,-0.2284797905965259,0.14449556254828794,0.1937604026333444,-0.4561955909950133,0.06476673637845083,-0.05628940258180727,0.044621096389062316
Kyrgyz Republic,KGZ,2020,0.9278579317145471,-0.15699225462962668,1.4814694857168584,-2.3912196506091705,0.27764692759931714,0.8751241492829147,0.018012608826178344,0.5655175193843237
Kyrgyz Republic,KGZ,2021,-0.6167062809762032,-0.20987889494188505,1.283852089674663,0.39316963079312206,1.0663059247079256,0.5256724115785334,-0.1014710297208046,0.3982881644973591
Kyrgyz Republic,KGZ,2022,-4.867437015571065,-0.28243733502970614,-0.13825295546040442,1.1544989305041964,1.3515246012979718,1.3674165002367042,-0.15881116781747223,0.8360539611848516
Kyrgyz Republic,KGZ,2023,-5.182339125221339,-0.3007983638391718,0.578513375810891,1.1645724723059352,0.9035083527466423,1.3674165002367042,-0.34929450615430807,0.8881588588165944
Kyrgyz Republic,KGZ,2024,-2.4286569385407786,-0.2502235890414611,-0.16422719111955783,1.7203991557049667,0.08996486560621078,1.3674165002367042,-0.3503452416691685,0.20012044669264847
Lao PDR,LAO,1990,-0.41492642777245,-0.709942761539128,-0.05055929710966535,0.6566421286538671,4.42157975914936,-0.3012338259843927,-0.49954968477934564,0.37408264126505875
Lao PDR,LAO,1991,0.013015605659985996,-0.667086668584492,-0.1638431547878803,0.1268650164177138,1.2834873670454061,0.2774831030766566,-0.49954968477934564,0.012944334270377849
Lao PDR,LAO,1992,-0.1614909849782625,-0.6301250988442543,0.23157742299483314,0.40479696481882205,0.7778870728099592,2.718132397796739,-0.4675773041128791,0.34094121582911974
Lao PDR,LAO,1993,0.03653661162555741,-0.5813098088714661,-0.04726619327253708,0.48239271922896204,0.2694204871180413,3.8612777735470645,-0.46427499249474635,0.35984541931026237
Lao PDR,LAO,1994,-0.9143414073698547,-0.5383734856412477,-0.022574427904873302,0.976627229850056,0.3425331180961002,1.465688010359954,-0.478985289702792,0.10085744324670573
Lao PDR,LAO,1995,-1.2895922033160658,-0.5349845024766222,1.6651250154863084,0.7285126403053016,2.1531016477877913,0.3265452723185457,-0.4840888622035425,0.5266825905604635
Lao PDR,LAO,1996,-1.3793911956243068,-0.5362378116482469,1.994877586066943,0.7058673192800867,1.224525723686752,1.0842557436831703,-0.5066046232362654,0.5620486421280818
Lao PDR,LAO,1997,-1.0881569779661384,-0.45106178593301255,5.156537391667848,0.6934958564217873,3.271850754477076,3.947350607743589,-0.5210147102972081,1.6854747684575204
Lao PDR,LAO,1998,-0.36958394189964516,-0.4587100722009841,22.83895210132165,0.05449291023424344,12.243374123379736,7.433275440841325,-0.5301711197838488,5.977401643603325
Lao PDR,LAO,1999,1.1307520670668612,-0.5487512305050037,16.266090873799236,0.7890410015204413,17.09034067594054,4.871685345763275,-0.5510357250075053,5.029790981629034
Lao PDR,LAO,2000,0.3082957642065917,-0.5381814591561538,1.514567956995746,0.45736173748893444,2.929195735532026,2.5006677873994048,-0.5673971780246173,0.7247421915786971
Lao PDR,LAO,2001,-0.10160682663873079,-0.5240605394168717,1.8633130791657389,0.4469401872623612,0.4877421584354845,0.1295300581213019,-0.592014410087061,0.14559671222785173
Lao PDR,LAO,2002,0.4268721842601677,-0.547227240163909,1.6902769378826503,0.4837539231544608,0.886273640370765,1.8814336958168076,-0.6079255478835186,0.3417436255154524
Lao PDR,LAO,2003,0.18734518816782186,-0.5815618258752497,0.6707930142293768,0.5163716692261767,1.5729358335310781,0.5959510280354001,-0.6283398378865206,0.132294479234298
Lao PDR,LAO,2004,-0.561867355031554,-0.585997445178469,-0.028688208361631853,0.5803258341659714,0.8623750804464956,0.7104961305102975,-0.6495046532572801,0.0414603464321421
Lao PDR,LAO,2005,-0.41618141882062365,-0.572171375837797,0.042726937300367356,0.7453021673546455,0.39637718174971387,-0.29960968581192743,-0.6717202041429,-0.204788270753795
Lao PDR,LAO,2006,0.6380551516393551,-0.6040917915043664,-0.7165494582074983,1.0778843563481053,0.30876737572937557,1.0834837956105738,-0.6943860702491745,-0.3341022366583643
Lao PDR,LAO,2007,0.7765993850025813,-0.5896631593982377,-0.8182180291936133,0.8529422666381786,0.04252414861618925,1.9635123981307838,-0.7140498348844191,-0.24934801833857953
Lao PDR,LAO,2008,0.5446571868106048,-0.5245041134631296,-1.321451029928543,0.9031198456421455,0.4618758904838607,0.4665383338458277,-0.7326628640048035,-0.44256868793136256
Lao PDR,LAO,2009,0.23980468743850938,-0.35906357842278086,-0.4209953180749194,0.8320298664224012,-0.5964727345681419,1.5005396047782666,-0.7490243170219154,-0.24240727102434306
Lao PDR,LAO,2010,0.41952254459946553,-0.27979899406043224,-0.47809526624533816,1.0575644749871782,0.22918237747074433,1.9936655935780703,-0.7680876613629541,-0.11146013860093625
Lao PDR,LAO,2011,0.07740600109971672,-0.27979899406043224,-0.43607100382776226,0.9501460524393391,0.45342050177107085,1.9936655935780703,-0.7302611828279797,-0.003799591272298405
Lao PDR,LAO,2012,-0.537838517728873,-0.27979899406043224,-0.09052593815888123,0.9473840464485546,-0.014982074609816529,1.9936655935780703,-0.6930351245872112,0.07225399049172107
Lao PDR,LAO,2013,-0.5983201977662838,-0.27979899406043224,-0.3568981243557417,0.9474284419281221,0.2841494596856359,1.9936655935780703,-0.6538577003902732,0.09116457004220292
Lao PDR,LAO,2014,-1.4218421630404197,-0.27979899406043224,0.3272943023133047,0.856271974014631,-0.03277528922111025,1.9936655935780703,-0.614229960972681,0.27996083438042
Lao PDR,LAO,2015,-1.5733470514149803,-0.27979899406043224,0.09931151892595538,0.781052543330332,-0.435879627289771,1.9936655935780703,-0.5732512758931253,0.22804881762076365
Lao PDR,LAO,2016,-0.7066198557675574,-0.27979899406043224,-0.05620628798963103,0.7266606168386688,-0.39071123990249423,1.9936655935780703,-0.478985289702792,0.10970328869308707
Lao PDR,LAO,2017,-0.5430515299626064,-0.27979899406043224,0.15925390965998865,0.6979926858975626,-0.49975064510629646,1.9936655935780703,-0.3838186730711499,0.11923000500931773
Lao PDR,LAO,2018,-0.7542718816286331,-0.27979899406043224,0.21799296061521783,0.5561834012728101,-0.32802686369589545,1.9936655935780703,-0.43950765535875125,0.19463050306200458
Lao PDR,LAO,2019,-0.5012328270573841,-0.27979899406043224,0.41775007100436806,0.38232939086090983,-0.14679723964728375,1.9936655935780703,-0.4944461122785951,0.22989667925608592
Lao PDR,LAO,2020,0.17059042146637818,-0.27979899406043224,0.5466964644143305,-0.7077337244914295,0.10501340197073095,1.9936655935780703,-0.5217652356649656,0.3401363618946836
Lao PDR,LAO,2021,0.6520105769178967,-0.27979899406043224,0.9694559459873932,-0.2621518978903562,-0.08558552928314393,1.9936655935780703,-0.5621435004503152,0.23510497667771876
Lao PDR,LAO,2022,0.0023223183122300407,-0.27979899406043224,6.277381194915482,-0.22275425679126842,2.6283512921849987,1.9936655935780703,-0.6928850195136596,1.4495922865119282
Lao PDR,LAO,2023,0.684217340878112,-0.27979899406043224,3.632658349702531,0.0056677663966277604,3.7978392770066263,1.9936655935780703,-0.6963374362053438,1.1083059546781016
Lao PDR,LAO,2024,0.766575432277318,-0.27979899406043224,1.9318877217188084,0.09026244360117167,2.652994631980941,1.9936655935780703,-0.6981386970879616,0.6776817686072766
Lebanon,LBN,1990,-2.560632159992531,0.9802254170122593,-0.05055929710966535,5.019043682734831,-0.4475064407368621,3.1616205506020054,0.41564094866406476,0.2287156650985002
Lebanon,LBN,1991,-2.560632159992531,0.25510452120274907,4.69506560965301,10.06030321347266,-0.4475064407368621,2.342060322469918,0.41564094866406476,-0.0341865846038926
Lebanon,LBN,1992,-2.560632159992531,0.32434762288144414,11.908411839887243,2.7981266597997085,-0.4475064407368621,7.494970642949781,0.36025217652356645,2.771854477385428
Lebanon,LBN,1993,-2.560632159992531,0.19545814696960695,0.185469043164002,1.5501054477965377,-0.4475064407368621,1.5544527177613197,0.3604022815971181,0.408400351564454
Lebanon,LBN,1994,-2.560632159992531,0.3215032713354919,-0.5485491193326296,0.9647960794529932,-0.4475064407368621,0.9821513836866068,0.3746622635845091,0.3254424912966648
Lebanon,LBN,1995,-2.560632159992531,0.45359291767353427,-0.5445673871448641,0.6003831164305472,-0.4475064407368621,0.329819895873835,0.3896727709396577,0.3058944000238978
Lebanon,LBN,1996,-2.560632159992531,0.5743809451689448,-0.48660158316458535,1.664566931824132,-0.4475064407368621,1.056897006613476,0.38847193035124594,0.2831010123429455
Lebanon,LBN,1997,-2.560632159992531,0.6949008504248193,-0.3386253545448401,-0.5863048966863483,-0.4475064407368621,0.5578643108711018,0.4195436805764034,0.5761591576099289
Lebanon,LBN,1998,-2.560632159992531,0.8619747624691367,-0.26487409516627036,-0.011923367508120031,-0.4475064407368621,0.30512282639093635,0.41218853197238065,0.4913515874899961
Lebanon,LBN,1999,-2.560632159992531,1.0425167459470457,-0.13111160410462844,-0.9340352419409474,-0.4475064407368621,-0.0201912266775387,0.4446112278595018,0.626140872031571
Lebanon,LBN,2000,-2.560632159992531,1.1639564796112531,-0.05055929710966535,-0.5231841628136779,-0.4475064407368621,-0.15499915555899083,0.4226958871209847,0.5739148280189897
Lebanon,LBN,2001,-2.560632159992531,1.1234611210578669,-0.05055929710966535,0.026345637677233847,-0.4475064407368621,-0.3290053796732324,0.4013809666766738,0.4617224989328683
Lebanon,LBN,2002,-2.560632159992531,1.0491358873826246,-0.05055929710966535,-0.06529102825285123,-0.4475064407368621,-0.28504829943276094,0.3637045932152506,0.4650928045091383
Lebanon,LBN,2003,-2.792506615745618,0.9643910491991167,-0.05055929710966535,-0.10842349502532697,-0.4475064407368621,0.0802093046961559,0.3356349444611228,0.5404428101829734
Lebanon,LBN,2004,-2.203732490245169,0.9532435455870049,-0.05055929710966535,0.6511124882315111,-0.4475064407368621,-0.13621584932426964,0.3039627739417592,0.31079210491023207
Lebanon,LBN,2005,-1.2106515825684534,0.7709772038208974,-0.05055929710966535,-0.227516768439121,-0.4475064407368621,-0.5469742623215066,0.36385469828880224,0.2182800361356057
Lebanon,LBN,2006,-0.25757107588441164,0.8171371262773751,-0.05055929710966535,-0.47750142887807867,-0.4475064407368621,-0.30471905795861204,0.4283998799159412,0.16826067359295244
Lebanon,LBN,2007,-0.4298808626120229,0.8666111922915046,-0.05055929710966535,1.229986708766538,-0.4475064407368621,0.03438533793983377,0.47358150705493857,0.010915207612176356
Lebanon,LBN,2008,-1.372055925871224,0.9133592187828533,-0.05055929710966535,1.1768565877916373,-0.4475064407368621,0.20722741846192155,0.27634344040828585,0.15629481112658852
Lebanon,LBN,2009,-1.9840339737758832,0.8221721897539186,-0.05055929710966535,1.4327292617419245,-0.4475064407368621,0.5627855508339382,0.07955568898228765,0.21682177196536795
Lebanon,LBN,2010,-2.0584040422869743,1.0481425149997177,-0.05055929710966535,0.9361719216039178,-0.053378462727474756,0.011327789585794036,0.14154908435905128,0.3170448213986399
Lebanon,LBN,2011,-1.3405181704057367,1.2089239047036613,-0.05055929710966535,-0.6275838655985168,0.08627271344405277,-0.4753082448564524,0.22921044731311924,0.4238059370712812
Lebanon,LBN,2012,-2.5271551557289342,1.2082228242383377,-0.05055929710966535,-0.2541348160095526,0.3138388983122409,-0.36533706248355996,0.3192734914440108,0.6009612608771215
Lebanon,LBN,2013,-2.783310918648417,1.28068746309312,-0.05055929710966535,0.023750498816712373,0.06500485775541517,-0.3717790426101203,0.39807865505854106,0.5829990080027134
Lebanon,LBN,2014,-2.8720767477034546,1.3864812916230211,-0.05055929710966535,-0.2718961497070408,-0.354287401074654,-0.44348642617895123,0.4525667967577304,0.5906696944897109
Lebanon,LBN,2015,-1.7449952416751915,1.4369306963972848,-0.05055929710966535,-0.7166903858353345,-1.1463574562458179,-0.5050987862893215,0.5234163914740317,0.38857388224814826
Lebanon,LBN,2016,-2.1614098123575527,1.510931327907992,-0.05055929710966535,-0.47639383032166455,-0.7271542069361848,-0.3314077549020231,0.5957670369258482,0.5193401069378834
Lebanon,LBN,2017,-2.458457524395413,1.5662908075758257,-0.05055929710966535,-0.619732172238303,-0.005621349201863205,-0.5680854025862005,0.6654157910537375,0.6693757494807927
Lebanon,LBN,2018,-2.639445073191677,1.5662908075758257,-0.05055929710966535,-1.2330496783460592,0.24253168164739694,-0.5680854025862005,0.7400180126088264,0.8289557933819882
Lebanon,LBN,2019,-2.3282171181347557,1.5662908075758257,-0.05055929710966535,-2.339726682429264,-0.19162799474512407,-0.5680854025862005,0.8219753827679377,0.8922767566381132
Lebanon,LBN,2020,-0.713820818911116,1.5662908075758257,-0.05055929710966535,-5.526504193467829,11.378842523802062,-0.5680854025862005,1.114830381266887,2.8116634321896936
Lebanon,LBN,2021,-2.0650111164109872,1.5662908075758257,-0.05055929710966535,-2.35871623438759,21.257794632177742,-0.5680854025862005,1.0342239567697389,3.9519131496608604
Lebanon,LBN,2022,-3.907015354784699,1.5662908075758257,-0.05055929710966535,-0.9551765465896978,23.582858153134833,-0.5680854025862005,0.7925547883518465,4.312178707248719
Lebanon,LBN,2023,-3.103593996435681,1.5662908075758257,116.03194964551822,-0.9857365526235009,30.669425013082208,-0.5680854025862005,0.774542179525668,21.7947789703107
Lebanon,LBN,2024,-3.103593996435681,1.5662908075758257,77.06277560486264,-2.376020411946125,5.778513996149087,-0.5680854025862005,0.774542179525668,12.870521656272688
Lesotho,LSO,1990,2.4741212392227405,-0.3945388644775897,-0.05055929710966535,0.511635171631256,1.0281024090178097,-0.1622828483084026,1.45151606124287,-0.15907413578413926
Lesotho,LSO,1991,-1.7221560299957108,-0.38230386778372,0.9009316135629444,0.7142899235935459,1.8823074852591746,-0.12565444869606168,1.45151606124287,0.6763804214267675
Lesotho,LSO,1992,-2.063407349760364,-0.39457088436295557,0.4141780620901586,0.7120365496430623,1.8159340105021087,-0.10018730604469364,1.4444611227859505,0.6473122578696957
Lesotho,LSO,1993,-1.1675979638324483,-0.3431730620739476,2.0118612619154943,-0.04623493940403492,1.240249818945503,0.7609045158373231,1.4624737316121283,0.9065927384961406
Lesotho,LSO,1994,0.012944667349524527,-0.25605532565924927,1.1750330832793892,0.4972028408789444,0.5446949760939318,-0.07784798406977705,1.4702791954368057,0.3351366338360902
Lesotho,LSO,1995,-1.5224131058412496,-0.3373102712573952,0.25341920639107723,-0.0943783612672247,0.6939702072708637,-0.1569779386485442,1.4968477934554192,0.5095343520456993
Lesotho,LSO,1996,-2.4539937991356933,-0.37841520214144475,2.5718620451820944,0.4129764018131296,0.7023776706784848,0.3812946977837111,1.4836385469828883,0.971682165115471
Lesotho,LSO,1997,-2.463576871912712,-0.2700776724349289,0.9650602162904125,-0.003589627180813582,0.7023776706784848,0.20649935078745027,1.500600420294206,0.7959466406727359
Lesotho,LSO,1998,-2.336414926704188,-0.38061882606194414,2.7753057863930914,-0.48011050027620406,0.7023776706784848,0.2629143217524885,1.5142599819873914,1.098680623104272
Lesotho,LSO,1999,-1.8866863384133923,-0.41279338261913495,1.4369356119506158,-0.7136753701779364,0.7023776706784848,-1.2539801600910254,1.5523866706694691,0.6607554455971053
Lesotho,LSO,2000,-0.7025147954196208,-0.43386410251305907,1.8724165810462532,0.0342388930277417,0.2503038007568018,-0.7758276069399019,1.552686880816572,0.4477130650797921
Lesotho,LSO,2001,0.7961816387841529,-0.4618819553815435,3.352892195722188,-0.03483519363727054,-1.9756382105732238,0.38186280946987156,1.539477634344041,0.2964808612049215
Lesotho,LSO,2002,1.3803615256036583,-0.46133562099558956,3.1238865708429513,-0.6591555265812045,4.162858574572658,-0.23070697361468512,1.5391774241969383,1.0589534251399741
Lesotho,LSO,2003,0.18524145749356868,-0.6153877420778183,-4.045234074221439,0.1847735000035073,0.32057958221959154,-0.4379233632097872,1.5357250075052542,-0.5160365067544678
Lesotho,LSO,2004,0.5860843372472364,-0.6174099668709198,-2.117415477667635,-0.44607159208907216,0.09361353662570492,-0.628594975358795,1.5504353047132995,-0.2656263319595014
Lesotho,LSO,2005,1.0715178245931605,-0.5747936787274414,-0.27038935751388204,-0.055836854155446466,-0.13049640199722015,-0.20649058631756417,1.5319723806664667,-0.09512551633247932
Lesotho,LSO,2006,1.8512703995687614,-0.5720415913158058,0.8665876604964973,0.11224158458972514,0.24192809253823222,1.7132401274648308,1.5354247973581507,0.2602324431976312
Lesotho,LSO,2007,2.6102644790064247,-0.5153201243708756,0.5215654881985126,0.10296149456704805,0.5161003176133856,0.3227434686995633,1.5186130291203845,-0.04993197061607172
Lesotho,LSO,2008,2.309961832583072,-0.5146429357519118,2.391182397941414,0.3967803743319078,0.8981921842913616,0.5649561390054969,1.5049534674271992,0.3054141494283686
Lesotho,LSO,2009,0.0048393242310652744,-0.4589586462818128,0.313300690019921,-1.0942375115666891,-2.999486474853311,-0.2905763710993289,1.5445812068447915,-0.11453448686201659
Lesotho,LSO,2010,-0.9906079661220011,-0.44162589786738854,-1.9748531894614605,0.34095416436615256,-0.9564015892577595,0.7640354640403986,1.537526268387872,-0.060237877486069936
Lesotho,LSO,2011,-1.096201080366408,-0.42141921678942623,-0.16668748098705655,0.19723391652888936,0.09548069979791352,-0.6420224863745232,1.5445812068447915,0.1869856980470311
Lesotho,LSO,2012,-1.949788868327895,-0.3304629194185391,1.7983145597196228,0.5751311175143374,0.2389199326642694,-0.3379671736311117,1.4914440108075655,0.6049865944221949
Lesotho,LSO,2013,-0.9604538315694992,-0.30074890435815177,2.439862281593064,-0.42403771400408163,0.07123815561603458,0.6758343662833229,1.5162113479435606,0.8266983989502016
Lesotho,LSO,2014,-0.6716052324479775,-0.31402199002863135,1.7044404038945669,-0.4420728269055337,0.14264222529230436,-0.586803911886683,1.5372260582407686,0.5138801206951196
Lesotho,LSO,2015,-0.3395047690658806,-0.3368234971900506,2.4346893415430806,-0.13109101297596132,-0.1615133374438087,0.04457571283826684,1.5607925547883519,0.5731880795110974
Lesotho,LSO,2016,-0.9287954186099753,-0.33813277313355355,2.112617363802781,-0.024423316145597816,0.3159633961512768,-1.2315663431581758,1.548033623536476,0.48001914313633964
Lesotho,LSO,2017,-0.7445742261613184,-0.29953022742737906,-1.383536059894712,-1.5088200823042148,0.012237376821194563,0.9958281550526239,1.584208946262384,0.45180035703994925
Lesotho,LSO,2018,-0.32609214354920263,-0.29678067407789227,-0.14599937070271066,-1.1441513909205836,0.055221345062337335,-0.09217010380378232,1.6194836385469833,0.37285690992781734
Lesotho,LSO,2019,-0.5526675202180088,-0.2711081796573732,1.247902724109338,-1.1303703798308178,0.11674670625306538,-1.536454472195084,1.6588111678174726,0.4141336923394636
Lesotho,LSO,2020,-0.35901407004191904,-0.25792460069971757,1.9184250787052377,-2.6127610830269488,0.08720716122559649,0.37911624543049494,1.8853197238066652,0.9977026802195921
Lesotho,LSO,2021,-0.6355002037564265,-0.24941787001106117,-1.4951130652182507,-0.3197145024981684,0.23839826507865178,0.37911624543049494,1.8596517562293606,0.24112143396625577
Lesotho,LSO,2022,-1.0419342474849402,-0.2630555884978943,1.4593977973149395,-0.2930782802175556,0.5527609500977796,0.37911624543049494,1.6208345842089467,0.7262952166081089
Lesotho,LSO,2023,-0.5104316607870387,-0.19771110626241498,1.7612176486547262,-0.4456409083188762,0.28002076589865377,0.37911624543049494,1.5795556889822877,0.6797531159728089
Lesotho,LSO,2024,0.8302086407400234,-0.20688701058092548,-0.1437996561362494,0.33113377354934287,0.2465540005004558,0.37911624543049494,1.578354848393876,0.09885657333118368
Liberia,LBR,1990,-1.8313665150397735,-0.7163422710436899,-0.05055929710966535,-12.04548637657271,1.38498663235581,0.5626070269804039,-0.46382467727409193,2.084817186503036
Liberia,LBR,1991,-1.8313665150397735,-0.7163422710436899,-0.05055929710966535,-3.9480322313441922,1.38498663235581,0.5626070269804039,-0.46382467727409193,0.9280380228989618
Liberia,LBR,1992,-1.8313665150397735,-0.6964604797441931,-0.05055929710966535,-8.537453842628683,1.38498663235581,0.5626070269804039,-0.46547583308315826,1.5862740581525219
Liberia,LBR,1993,-1.8313665150397735,-0.6887245325114469,-0.05055929710966535,-8.073179562722707,1.38498663235581,3.9382761763659557,-0.46817772440708505,2.002906761779436
Liberia,LBR,1994,-1.8313665150397735,-0.6470740811410471,-0.05055929710966535,-5.606244526813594,1.38498663235581,-0.016847516972221845,-0.47628339837886524,1.0902619115153398
Liberia,LBR,1995,-1.8313665150397735,-0.6692747385784371,0.9852228349422346,-1.7569931591316386,1.38498663235581,0.6396220183436034,-0.48589012308616036,0.7775751854497804
Liberia,LBR,1996,-1.8313665150397735,-0.708800501101849,-0.9024788889721818,1.848330666835408,1.38498663235581,-1.33382331550935,-0.5145601921344942,-0.29880577387967133
Liberia,LBR,1997,-1.8313665150397735,-0.7158737496188851,1.0769661477708148,22.5637647049069,1.38498663235581,-1.1798625068979562,-0.5448814169918944,-2.958723297607034
Liberia,LBR,1998,-1.8313665150397735,-0.5612208899196816,-2.5861275592314144,5.827557547308315,1.38498663235581,10.19901065607258,-0.5649954968477936,0.5536374728801371
Liberia,LBR,1999,-1.8313665150397735,-0.6229368054889792,0.08408586704852734,3.964839295928533,1.38498663235581,-0.10337251686196369,-0.5732512758931253,-0.2805658399612128
Liberia,LBR,2000,-1.8313665150397735,-0.6877657776338629,-0.38821983374095836,5.477265935449358,1.38498663235581,0.6799745408920451,-0.5714500150105075,-0.4611962676495797
Liberia,LBR,2001,-1.8313665150397735,-0.686953876573547,2.609328696322942,-0.1759264242341419,1.38498663235581,-1.2516442960490202,-0.5585409786850797,0.5006384452350029
Liberia,LBR,2002,-1.8313665150397735,-0.6864060920483082,3.781980457704088,0.009481833149470894,1.38498663235581,-2.1561388689420555,-0.5408285800060043,0.5150683187076902
Liberia,LBR,2003,-1.8313665150397735,-0.6755588670215912,-0.5947843607545608,-7.450505583934826,0.8437203736590456,0.13990601455828483,-0.51110777544281,1.2120067834247101
Liberia,LBR,2004,-1.8313665150397735,-0.6584459350204369,-1.1163881649557872,-0.24202227770986373,0.4901844979038655,3.3475014814420874,-0.5105073551486041,0.5179619024243944
Liberia,LBR,2005,-2.020929019715777,-0.6485836879580393,0.5137872451811458,0.34349339847272237,0.9149689777021601,1.24447478120724,-0.5121585109576705,0.4557034894882701
Liberia,LBR,2006,-1.5393887041852872,-0.6284420388700687,0.17680480594000525,0.951302686736919,0.42125818177560714,1.5024078254939979,-0.5321224857400181,0.21828461514969874
Liberia,LBR,2007,-1.6394443770928058,-0.617336363822201,0.7442482361385053,1.2794116203524672,0.9937749673068466,0.9373535468641687,-0.5393275292704894,0.26839223056530986
Liberia,LBR,2008,-2.1675250144597507,-0.5986428879439609,0.39632996471079174,0.7536893930519191,1.855642249639472,1.8882875129056234,-0.5409786850795557,0.6306391108057433
Liberia,LBR,2009,-1.5683750870987838,-0.5594073696551184,1.0863978384833384,0.3477456802104401,0.43344181780254504,1.0057710938141307,-0.5379765836085261,0.3784080291035305
Liberia,LBR,2010,-4.9087230730265015,-0.5287998374863307,0.5952059716026422,0.5235929033993038,0.4139762796158156,1.2084046535913477,-0.5342239567697389,0.7913847543115619
Liberia,LBR,2011,-6.1160641581090855,-0.5070886888278163,0.11258708714596853,0.9858124014298327,0.5833431780987177,1.334259739564502,-0.5424797358150707,0.8729819052636504
Liberia,LBR,2012,-7.0439849498568385,-0.5141474527712739,0.20177371632771587,0.9402813838230615,0.3492196879914968,-0.7150916814099036,-0.5522365655959173,0.6961744672251277
Liberia,LBR,2013,-3.6864383537758534,-0.47591021583753,0.7202959996854209,1.0928494999823255,0.454596257715032,0.7844880722361458,-0.5621435004503152,0.5021307810203258
Liberia,LBR,2014,-2.0924431109537607,-0.48410786303712794,1.1125387357094572,-0.6640931079243546,0.7774041182810542,-1.460036660518524,-0.5622936055238668,0.30572013482701543
Liberia,LBR,2015,1.0238851287054143,-0.45599029566155236,0.3366481925659638,-0.8224880096588008,0.4788216329327958,-0.2376904887750024,-0.49054338036625644,-0.08145020833580931
Liberia,LBR,2016,-0.6348410644917603,-0.4500474574764836,1.3019479821062165,-1.1605034178907578,0.6322605198251677,-1.472979490692147,-0.4118883218252778,0.1992339591885706
Liberia,LBR,2017,-1.6921255263371977,-0.36961363423382027,2.6883989591764887,-0.2782552360432153,1.13904175450539,-0.096231889019772,-0.41398979285499854,0.7025694514219571
Liberia,LBR,2018,-2.06459405299364,-0.3647843122472641,3.8848786463953418,-0.563730448569465,2.714189910410567,-0.6541811749844286,-0.41534073851696196,1.1132981189457656
Liberia,LBR,2019,-2.0632076890442006,-0.42230265544318946,4.111338011714999,-1.361223230795844,3.195158092537793,-1.4194429703274398,-0.4133893725607926,1.2108274322516306
Liberia,LBR,2020,-0.9043990503286041,-0.4414701348503875,0.3356034076471717,-1.4745687846339752,1.780202190832529,-0.700315581033649,-0.2586310417292105,0.4420509536898618
Liberia,LBR,2021,0.018739337959855478,-0.4526548654389084,-1.924400923958392,0.27870179455651,0.4882772834546668,0.10190976266059483,-0.29735815070549393,-0.34023828950055685
Liberia,LBR,2022,-0.7075322308250294,-0.4119661164011011,-1.1763037998821075,0.23940708526431367,0.45681229406349255,1.5740840975482888,-0.4306514560192135,0.06858573783858213
Liberia,LBR,2023,-1.0529767965820294,-0.4119661164011011,1.9868491294035193,0.2120497498099065,0.8103859978163255,1.0496548944512836,-0.43830681477033934,0.5482205910388301
Liberia,LBR,2024,0.6784135880217094,-0.4119661164011011,1.2717326866293381,0.0664274638307038,0.5447283012369534,-0.7428089146176576,-0.4369558691083759,-0.07430156630189376
Libya,LBY,1990,1.3096323907473113,-0.07472181718266037,-0.05055929710966535,4.667110164320737e-05,0.5781550412871868,0.515822731910239,1.9177424196937858,0.2252514309642759
Libya,LBY,1991,0.2841381523412923,-0.1180301279129707,-0.17291610392559817,2.62581508496322,1.065041648988418,-0.956423950710263,1.9177424196937858,-0.16779133588159145
Libya,LBY,1992,0.8818187483629744,-0.11087254116005968,-0.008977106660749386,-1.4151194525815805,0.7065384865234658,0.3332675501676856,1.9518162713899732,0.48643905206841737
Libya,LBY,1993,-0.18163621699007002,-0.03606289860854684,1.0960501142379708,-1.6463275598386875,0.9487782587626329,-0.44054645843615614,1.9785349744821379,0.7678168238952566
Libya,LBY,1994,0.3801503573535585,-0.032125572666944754,1.994712051717025,-0.39273943767292546,0.106218560594,0.15038670749031102,2.0268688081657165,0.6083785193742106
Libya,LBY,1995,1.1776355914936745,-0.029437942079539297,2.783391467418183,-1.3069058663337711,0.4066343179349417,-0.17557063953950822,2.0273191233863708,0.7345152288515064
Libya,LBY,1996,0.9171339682397621,-0.22019137069074762,0.5806666028631348,-0.34888427437288727,-0.047074646669568156,-0.8013207910248491,2.009456619633744,0.13618381717783415
Libya,LBY,1997,0.9992245396024361,-0.25609011115451497,0.7289979240444762,0.32841389065520143,-0.11460741828359236,-1.1483450917063525,2.0003002101471035,-0.01676898817293106
Libya,LBY,1998,0.2739125828626058,-0.20126383845903578,0.1553895535222372,-1.5999178137181063,-0.0921365388435835,-0.597482519341453,2.0064545181627143,0.37099520084233994
Libya,LBY,1999,1.1023287927269831,-0.21448618030909786,-0.16444806215202884,-0.653474276682051,-0.24205573715337725,-0.3336744787478327,2.012608826178325,0.08701283596729377
Libya,LBY,2000,2.3929643615118454,-0.2895407100110761,1.425265850543719,-0.008943032775497201,-1.0263337956484218,-0.6488374875993126,2.0189132392674876,-0.12922203316913608
Libya,LBY,2001,1.5756026258452251,-0.30791515470043035,2.515026949319735,-1.2062382650261987,-1.8622478298427818,-0.560042621307116,2.013509456619634,0.20413806275285923
Libya,LBY,2002,0.7873933122551431,-0.35982109887730923,15.514177942629106,-1.0293665190042918,-2.0012916741298783,-0.4287163334077285,2.019813869708796,2.140876558953162
Libya,LBY,2003,1.9690616843363742,-0.45514735827966796,0.1973576032688925,2.0451991846888657,-0.9261406407248397,-0.39978266397986095,1.9887421194836392,-0.5156045441795823
Libya,LBY,2004,2.090631665166755,-0.5078272464089963,0.08099886303920169,0.16318254071538513,-0.9270474941601842,0.13344110082024396,1.9683278294806366,-0.21513159330160558
Libya,LBY,2005,4.269742052175075,-0.5715332362142724,-0.01349298288521927,1.7932308610851424,-0.24183195204262517,1.2510939437775412,1.9265986190333237,-0.5303055030844955
Libya,LBY,2006,4.926932090645441,-0.6012085187485231,0.005530558039251669,0.611749239473887,-0.4101666610137004,0.15609586796099498,1.948363854698289,-0.6342951755975736
Libya,LBY,2007,5.546500458605563,-0.5980603589606901,-0.5991046054633526,0.5522283094112728,0.26712578623482336,1.9140102637957437,1.9432602821975387,-0.45307105717325336
Libya,LBY,2008,5.455901515241667,-0.573370633081437,-0.48850581118794106,-0.8540551512518852,0.8480230684848943,2.7318485354148585,1.9837886520564398,-0.01429465032899516
Libya,LBY,2009,2.274755183869873,-0.4897590169487473,0.29602686919936594,-1.7864688170398555,-0.26873095833382105,0.4006862759437441,2.0211648153707595,0.21015737405732623
Libya,LBY,2010,3.1225030145743524,-0.531101809932671,0.09905087074770373,0.28761969114139946,-0.22067391040915177,-0.9186890142932055,2.025818072650856,-0.42224549956460283
Libya,LBY,2011,1.18759969262067,-0.42501746045217426,-0.5267726786267247,-11.893165450623528,1.5770530587254377,0.8839147208940519,2.053287301110778,2.0382900999506037
Libya,LBY,2012,3.551214233923042,-0.529422755863402,0.38295029411592824,18.28397868564222,0.2401026207826522,0.04636501986058059,1.9821374962473737,-2.816151463488876
Libya,LBY,2013,0.37031982960394955,-0.4346087332379837,0.06194613001444522,-4.778058309887217,-0.24810600038411595,-0.4149040321798046,2.024317021915341,0.7709118380587358
Libya,LBY,2014,-3.7301850875790166,-0.31429751783063975,-0.042657111925137256,-5.887952959714893,-0.2725414944968195,-0.9014775111931917,2.0219153407385178,1.44415425036952
Libya,LBY,2015,-2.001535897989881,-0.26685097638898636,1.1593585257557173,-1.003792815019306,0.8538980575396428,0.040819768312571114,2.0812068447913545,0.9819658475742123
Libya,LBY,2016,-0.7960014283246802,-0.3236907169371072,0.043261703581263425,-1.1464192009311798,3.037924053617583,0.742578518302901,2.0615430801561097,1.0720053239966585
Libya,LBY,2017,1.183104171753128,-0.4119187421713456,-0.015437478626320895,6.329979094564677,3.0308205844191263,0.9387507342045327,1.9855899129390577,-0.28361117936467917
Libya,LBY,2018,2.185507487537679,-0.45380053507418555,-0.3434527755065851,0.9287428328491037,1.245132361191125,-0.9227514671912938,1.9573701591113781,-0.23310751112233485
Libya,LBY,2019,1.2281308469556766,-0.41538197680946365,0.2945790916709061,-3.2816060139643906,-0.9220453981877388,-1.0126127002815823,1.9906934854398082,0.2841010955486633
Libya,LBY,2020,-0.8917922421923008,-0.26008810035740937,-0.1476620018861406,-7.298737710283177,-0.4118956378515419,0.2369086223764867,2.0753527469228463,1.3833065116685312
Libya,LBY,2021,2.359801179067123,-0.49275703693574785,31.797107460765947,5.4076887023081355,-0.21100082749547197,-2.3630770068327682,2.0945661963374365,3.2939069863520194
Libya,LBY,2022,3.1135798621957935,-0.49966740313208163,0.885763748474786,-2.644411164173274,0.021085963623664827,-2.3630770068327682,2.0133593515460824,-0.05881486347754805
Libya,LBY,2023,0.8920077039317512,-0.4673481414659266,-0.051416681134167606,1.4256658033754164,-0.2809892203899589,-2.3630770068327682,1.9345541879315526,-0.5065643384569194
Libya,LBY,2024,0.8920077039317512,-0.4495907804964316,0.006251961310122534,-0.40040360611879067,-0.3159042859988389,-2.3630770068327682,1.9903932752927054,-0.23193299064831016
"Macao SAR, China",MAC,1990,4.264251891048946,0.6195225015378574,-0.05055929710966535,0.937118262875016,0.5100587682440377,1.0574229219753504,-0.4225457820474333,-0.4982101487605451
"Macao SAR, China",MAC,1991,4.264251891048946,0.6831379624647348,-0.08009116157999463,-0.01331691367717978,0.7360977126806226,1.8294407294821373,-0.4225457820474333,-0.2149850737673857
"Macao SAR, China",MAC,1992,4.264251891048946,0.6932124117987717,-0.10696249355319738,2.107442609469094,0.4739062831391817,0.6711374992655774,-0.5447313119183429,-0.7407331588265785
"Macao SAR, China",MAC,1993,4.264251891048946,0.9881184519526496,-0.059063251788201876,0.32259864535170857,0.3314239578514245,-0.3696303545983384,-0.5655959171419995,-0.6087996643035887
"Macao SAR, China",MAC,1994,4.264251891048946,0.9728820015867449,-0.06346348513355131,0.11740725355764357,0.26727859194054016,0.05524487340078307,-0.5021014710297209,-0.5216883762631134
"Macao SAR, China",MAC,1995,4.264251891048946,0.8700539783632095,-0.03727303205768438,-0.09323738195145176,0.5933078938031657,0.10964097094116107,-0.33683578504953476,-0.42458864044245404
"Macao SAR, China",MAC,1996,4.264251891048946,0.9466431161462524,-0.052971370103526066,-0.9107755257757054,0.06521224194400331,-0.3601829565361272,-0.2347643350345242,-0.42707709555102324
"Macao SAR, China",MAC,1997,4.264251891048946,1.087418786973977,-0.03476714546983776,-0.8797821712946895,-0.122997560336713,-0.4966769318497904,-0.3902731912338638,-0.4773951088100693
"Macao SAR, China",MAC,1998,4.264251891048946,0.9707218763062411,-0.044394362488369164,-1.8240725609235613,-0.592028419402068,-0.64725627493521,-0.18282797958571,-0.4194234986043573
"Macao SAR, China",MAC,1999,4.264251891048946,1.0040279509752827,-0.027358501248548443,-1.3373073971402785,-1.0693260806268237,-0.3790866519391985,0.07730411287901527,-0.47448338055270584
"Macao SAR, China",MAC,2000,4.264251891048946,0.8205491445420132,0.00972303334728254,0.4460014348908216,-0.8439571428504581,-0.9770459370011045,0.15746022215550878,-0.7919320008209324
"Macao SAR, China",MAC,2001,4.264251891048946,0.6359238219470509,-0.03716129354183299,-0.1829742328579627,-0.8969523410443835,-0.30371945199151024,0.08195737015911142,-0.6573185075232211
"Macao SAR, China",MAC,2002,4.264251891048946,0.4457200636260177,-0.050676712272313754,1.1407054178620808,-0.9892327569279322,-0.28295602900512196,0.0679975983188231,-0.8877293064530792
"Macao SAR, China",MAC,2003,4.151635049543421,0.30863551172922393,-0.07203265378984827,1.7432012539462984,-0.8372761483764355,0.022570980738388906,0.02551786250375262,-0.9210601072406625
"Macao SAR, China",MAC,2004,4.440506459086653,0.14700769562662835,-0.04891899932409864,5.041861387381817,-0.4778066317768789,-0.22575707338110165,-0.1382467727409187,-1.460869946866406
"Macao SAR, China",MAC,2005,3.2912700204800043,0.21557038479319912,-0.07014799383072608,0.9587915339105674,0.004914708011725351,0.01570204377676626,-0.2502251576103272,-0.6191782241785619
"Macao SAR, China",MAC,2006,2.2088032936246966,0.15119786461517623,-0.06758228165995452,2.1279508081726553,0.11150130942949078,0.9213945025165543,-0.3006604623236266,-0.5029861670313874
"Macao SAR, China",MAC,2007,3.0480078873659795,0.28906675492208705,0.010318857548180826,2.367669409729052,0.1710821588653974,-0.15448312133822492,-0.38366856799759835,-0.7833373164421699
"Macao SAR, China",MAC,2008,2.2914795034375013,0.41775711542675303,-0.0782799394217667,-0.07203073243165924,0.6007077395910823,-0.7086140430048502,-0.4241969378564996,-0.3445821194673034
"Macao SAR, China",MAC,2009,3.7730141666730916,0.5077193978533581,-0.11376340613785034,-0.5327526852722666,-0.45118565432382807,-0.009201388030073782,-0.3369858901230862,-0.5205254888803293
"Macao SAR, China",MAC,2010,5.178083952325969,0.49500715994487793,-0.01877992429067273,4.704423921448801,-0.21932017622519015,0.18862666370471795,-0.4480636445511859,-1.412148256456032
"Macao SAR, China",MAC,2011,5.358562774385457,0.47904180612578,-0.022284228742312548,3.9386277325338264,0.20426313400610296,0.7805794516036002,-0.49009306514560197,-1.192240487010245
"Macao SAR, China",MAC,2012,5.167487787875772,0.5102008712240887,-0.10057620189983332,1.20949367420187,0.24682864242288258,1.0181972828430295,-0.5786550585409788,-0.7544265608612076
"Macao SAR, China",MAC,2013,5.228039638596402,0.6167684615943605,-0.051636266833069364,1.5536258391117301,0.16105799637150822,0.4240320614689773,-0.6011708195737017,-0.890373434954294
"Macao SAR, China",MAC,2014,4.409088195424214,0.9364672549619405,-0.05432499337180797,-1.2669385963174675,0.238467327153509,-0.1111734815415075,-0.6236865806064246,-0.3937714389301482
"Macao SAR, China",MAC,2015,3.204368750430016,1.6081918494182093,-0.05440083974881976,-5.604410023460075,0.028190302712301177,-1.0969769384002663,-0.6026718703092167,0.32605339667175254
"Macao SAR, China",MAC,2016,3.5977113503403317,1.8056717447677606,-0.0326559740984595,-0.9727398773503008,-0.2815853938625302,0.04872168890101557,-0.5833083158210748,-0.23830396044333133
"Macao SAR, China",MAC,2017,4.120952590013747,1.7184797671294385,0.004189296914046461,1.363736095210105,-0.44283814527103244,-0.06396991712868355,-0.5770039027319125,-0.692261655187428
"Macao SAR, China",MAC,2018,4.3751384733658005,1.7234337434004674,0.031425610174642134,0.5806503042495822,-0.19175896102138176,-0.1326679044322664,-0.603722605824077,-0.589868413616857
"Macao SAR, China",MAC,2019,4.416855383098347,1.8513207781335945,-0.054129727611212014,-1.3598177825586601,-0.22745347814946063,-0.47049333659530174,-0.6146802761933355,-0.3674962344222003
"Macao SAR, China",MAC,2020,1.9794921741557847,5.0854472639001225,-0.19328122509145174,-12.787175777510223,-0.5017391204498539,-0.8250151623345771,-0.49279495646952876,1.98290005755845
"Macao SAR, China",MAC,2021,1.2001689511184135,4.281184098210058,-0.021390826496706122,4.123409570441908,-0.6126898798965069,-0.9276819173987655,-0.5409786850795557,-0.44930510460311385
"Macao SAR, China",MAC,2022,1.8487067623423217,5.463131982301906,0.054907955445752436,-4.989039388569767,-0.46871811602094504,-0.5547365568633702,-0.5072050435304714,1.0182446925086166
"Macao SAR, China",MAC,2023,3.9868857635367765,2.430649827598034,-0.053745112575487156,15.749880067225284,-0.5490938561620112,-0.7962072701705072,-0.543230261182828,-2.7497703576078365
"Macao SAR, China",MAC,2024,4.5367208019829715,2.0633869404786433,-0.09716292655912773,0.9085538346854982,-0.5213738252246177,-0.3018171726710967,-0.5348243770639448,-0.6910094282440876
Madagascar,MDG,1990,-0.46404016569932127,-0.4528324361142246,-0.05055929710966535,-0.13002656585034353,1.0492657648221053,-0.5479215900306325,0.051636145301711116,0.09195075977413698
Madagascar,MDG,1991,-0.5034384875877131,-0.4233727771900707,3.180560083413541,-2.2058371045035154,0.5981110667017627,1.405230030728412,0.051636145301711116,1.0744914487209407
Madagascar,MDG,1992,-0.2886234336095269,-0.4448005186843522,0.16996996999110292,-0.5586021532121791,1.434843988860535,0.7562500184824108,0.06754728309816875,0.4044337612242245
Madagascar,MDG,1993,-0.4163298748615236,-0.43644764339135533,0.3275779857507722,-0.35640847460741004,0.7982171485810987,0.9000538161518351,0.07385169618733115,0.34799876467837365
Madagascar,MDG,1994,-0.6030540357945391,-0.4636514309885547,8.477797090105476,-0.8276661378288119,4.887854526657374,2.9781757789035006,0.04217952566796754,2.479010809138445
Madagascar,MDG,1995,-0.5196792673975827,-0.5265824922382318,5.476867022070309,-0.4491036786026352,6.320884015009623,0.31287163554140884,0.04007805463824669,1.798985883003082
Madagascar,MDG,1996,-0.013665932315176594,-0.561356691942024,-0.7284743604805091,-0.344466279558162,2.1760613359007617,0.2936513828145094,0.04007805463824669,0.2254417046863319
Madagascar,MDG,1997,-0.21621024212130688,-0.5521603743189877,3.536539051075105,-0.005814065344384225,0.017705115718549193,0.650462153482328,0.02191534073851695,0.556640799165886
Madagascar,MDG,1998,-0.44343515836224956,-0.5676638649708544,0.9236009287534815,0.04337525350864319,0.2610518831592669,-0.4223696086934758,0.011407985589912883,0.0865838898131339
Madagascar,MDG,1999,-0.2796576962878561,-0.5753451390160309,2.139803480003755,0.21545327129779257,0.7870752027427834,0.530299789422363,-0.00045031522065447523,0.4207982061317543
Madagascar,MDG,2000,-0.32646655257997753,-0.5722304483231276,1.0385737600914133,0.1621309007972434,1.059895111757866,0.38165722030549576,-0.003752626838787205,0.2954969526822278
Madagascar,MDG,2001,0.050532174135560624,-0.5802612518967252,-0.424768002727793,0.49728253453701865,0.5026028849447837,0.8712733638941318,-0.07129990993695595,-0.035752517770734016
Madagascar,MDG,2002,-0.7325710174395605,-0.5871796559251026,0.47227571895265896,-3.5482283682201796,1.7155787923187393,-0.2929548842754627,-0.04653257280096075,0.7917123977042303
Madagascar,MDG,2003,-0.26710697290000585,-0.5682077774878886,-1.3766418536614187,1.334328738628318,-0.8572841274553249,-0.23008708951353068,-0.12233563494446119,-0.6031111783987051
Madagascar,MDG,2004,-0.6046170810428951,-0.5451748437750984,7.153719888454797,0.3381673169009946,1.3561738371897147,0.9736586205140186,-0.2812969078354849,1.274790051241407
Madagascar,MDG,2005,-1.1794958799675686,-0.5475810797650539,0.9652049484406935,0.2279095685994869,1.979232187844147,-0.7118362431489454,-0.48108676073251283,0.3079313377152014
Madagascar,MDG,2006,-0.7624188665777091,-0.5414178102204216,0.9332466788274265,0.36929918974072085,0.9052554108720379,1.391184216820573,-0.4323026118282799,0.37844079447261775
Madagascar,MDG,2007,-0.8526789702611514,-0.541538502471937,-1.8233708662568835,0.4379532433262875,0.8377383370628346,0.686422965937666,-0.39372560792554795,-0.11710684953128626
Madagascar,MDG,2008,-1.5632121650638888,-0.5215749698331419,-1.3002212368373076,0.6584140214429705,0.6975992857492777,0.02099739292938998,-0.35935154608225767,-0.0796789900647316
Madagascar,MDG,2009,-1.8764719870810025,-0.5121040292615642,2.0020237217240715,-1.693742308089843,0.6492177594116834,-0.1347817271512834,-0.29120384268988303,0.75476659674341
Madagascar,MDG,2010,-0.7368877562005987,-0.4964323030966818,0.916783808129576,-0.6821673170245429,0.6906469266753046,-0.014215780593657506,-0.23191233863704594,0.32627505510037674
Madagascar,MDG,2011,-0.4624993896731761,-0.5112704289481881,-0.4894709523626444,-0.4711406115481662,0.7238942602844918,0.36588484309635466,-0.4966976883818674,0.07514000498706983
Madagascar,MDG,2012,-0.5533070123694321,-0.5126404166172297,1.1361201890799117,-0.15593376628941705,0.19120246469359023,-0.3212636868293949,-0.7844491143800661,0.05974431637223724
Madagascar,MDG,2013,-0.4350390423399441,-0.49180619006261334,0.02645464443124605,-0.31230765541297867,0.20711596850908928,-0.6090561064428015,-0.7250075052536776,-0.12070749872369062
Madagascar,MDG,2014,0.28854342464216615,-0.4792083481479476,1.282299262883967,-0.08375978701163235,0.24301494965807213,-0.08598993993650726,-0.6664665265685982,0.01269510860835031
Madagascar,MDG,2015,0.0895839970768295,-0.46535254297404094,2.988578786643294,-0.1292800810184446,0.43012705753725045,0.3357208801213997,-0.6064244971480037,0.38890653830307353
Madagascar,MDG,2016,0.4154669809916387,-0.4744652204812243,1.1216206591649507,0.06011141000654506,0.2367038974941081,0.4789086101731281,-0.58180726508556,0.04362604146674555
Madagascar,MDG,2017,0.3405023611963942,-0.45682717902002934,-0.319720606163668,0.04694660422755766,0.6004295935171301,0.45101057663477856,-0.5556889822876013,-0.09546365182047742
Madagascar,MDG,2018,0.456785925105528,-0.4512068118165057,0.9421945042967569,-0.11562686797763844,0.5983346744855557,0.0004666156480809303,-0.5286700690483339,0.03142283663395203
Madagascar,MDG,2019,0.1048761978599769,-0.4243757450898897,1.1525811906092611,0.15209274098752407,0.17659714703386675,-0.3647474839775175,-0.5022515761032723,-0.03130934376786466
Madagascar,MDG,2020,-0.2216507804421444,-0.37688269405491165,0.6119759614940682,-2.3887322753505775,-0.022520597249045187,-0.06617989571545539,-0.38021615130591424,0.3395085255659233
Madagascar,MDG,2021,-0.25265662432747604,-0.34590198223795254,0.10716394427365217,0.20477339996127375,0.20511192236132345,-0.07417479803774615,-0.34929450615430807,-0.05845888506126127
Madagascar,MDG,2022,-0.31008577035416585,-0.3293749946004534,0.9326170308474886,0.09187788082438766,0.537041306193922,0.13156975615891647,-0.3961272891023717,0.15627624271818288
Madagascar,MDG,2023,0.019044094951223438,-0.3657495457482293,1.1012900145110986,0.11241111636671869,0.7792718552982089,-0.27313901971433713,-0.41744220954668276,0.09896798335458801
Madagascar,MDG,2024,-0.1572883302122624,-0.37552846145325036,0.2555873635420502,0.1326453677537151,0.4596919419761222,0.14661855510430136,-0.4163914740318223,0.013517269656564048
Malawi,MWI,1990,-0.020320093779571658,-0.5815098908963278,-0.05055929710966535,0.4339338343560648,1.054785938962639,-0.06424503302603242,-0.13884719303512458,-0.02771274509728631
Malawi,MWI,1991,-0.5085435745598088,-0.5729266387230283,0.33535282341185735,1.1022974142184288,1.1667008494511062,0.9893939610129414,-0.13884719303512458,0.16941713749416173
Malawi,MWI,1992,-0.9754248264610585,-0.5286921443144493,3.986996923797682,-2.431700872435278,2.740740161660755,0.28194193299628173,-0.11422996097268091,1.3962689445805605
Malawi,MWI,1993,-0.3100585895110144,-0.6064309639592034,3.0888130954936472,1.3138568687976484,2.602412484180932,2.0472162243547607,-0.12563794656259378,0.8575106591744156
Malawi,MWI,1994,-0.9292718217328224,-0.5617044348335201,13.876034723458856,-3.071302277094009,4.281173719183982,1.804116455490763,-0.06859801861302911,3.333085220501983
Malawi,MWI,1995,-0.10536957448753055,-0.6438332874460846,10.553011867624033,2.8620320756781084,11.161372781390934,3.2478026323521143,-0.13959771840288213,3.06029911061822
Malawi,MWI,1996,-0.17997423865520687,-0.671027458877944,-0.027670295328587523,0.791308316975362,4.698486212322539,2.0545158311377327,-0.13284299009306513,0.7585896029772171
Malawi,MWI,1997,-0.511773390248133,-0.6764753041151321,0.9991169280312543,0.015950326501775566,0.6751031563493457,-0.7244604036052301,-0.17036925848093665,0.0855340259893798
Malawi,MWI,1998,0.3475233101246724,-0.6359760111283632,12.536033863288095,0.03857448602869974,3.588436939724005,4.09405610748645,-0.13569498649054337,2.7229654452466105
Malawi,MWI,1999,-0.38442274714571134,-0.6603838079657253,5.875976994611998,-0.1490849833593721,5.716480153882218,1.17654989361086,-0.12353647553287309,1.7883706413016516
Malawi,MWI,2000,0.01085424479722149,-0.6477013626448442,4.909492254457209,-0.47165749906292853,3.5648090697235726,2.4633722358342838,-0.11708195737015917,1.5190990706093956
Malawi,MWI,2001,0.07222090514250809,-0.6535637371437147,2.9561757548093244,-1.9129241196259763,2.592135151265673,0.8639202597090868,-0.0906634644250976,1.07267245409982
Malawi,MWI,2002,-0.11867106566462589,-0.6900142410983381,0.8292231523096886,-0.4443938597988426,1.4676725487465394,0.783176692149677,-0.08661062743920744,0.40950177859026116
Malawi,MWI,2003,-0.2900165416157766,-0.6842361620497648,3.777091355180915,0.4368697603815151,0.7372172061717404,1.1387951569847587,-0.09906934854398082,0.6747064269968471
Malawi,MWI,2004,-0.556902033035579,-0.6762128374601717,1.6143547905320552,0.3741369180773977,0.9991333263744953,1.3021137157631968,-0.12924046832782946,0.470416234548561
Malawi,MWI,2005,-0.8079757726175251,-0.6708220051190747,1.1866777036571459,-0.09926515047633105,1.5617682965804476,0.3151151264736268,-0.13359351546082268,0.4523409327464541
Malawi,MWI,2006,-0.2822779195625322,-0.6551254549376095,2.0513924597069275,0.21562327571977608,1.3587876935731529,0.3276726916290868,-0.1307415190633444,0.4312343592501385
Malawi,MWI,2007,-0.4318678948462626,-0.6495607908642371,0.3598228178413924,1.2936513843972044,0.5075874762191123,1.8075453847936422,-0.14244971480036026,0.1458802405198011
Malawi,MWI,2008,-0.7375986421017329,-0.5957190666128975,0.006474395086821549,0.8623821843161901,0.6150661748721005,3.718329202343841,-0.15445812068447914,0.49498700611298985
Malawi,MWI,2009,-0.37675132195853916,-0.5696322542429971,0.014552161465374112,1.0138282893110218,0.5739968930933905,0.9298227535197034,-0.16406484539177427,0.021085391584459146
Malawi,MWI,2010,-0.8136823143132843,-0.5258682787287964,0.8833019532490759,0.6939302759888967,0.4311729062766902,1.5545228640953617,-0.1568598018613029,0.3294316687650594
Malawi,MWI,2011,-0.8369898992684244,-0.5243461022084789,0.5163870163500237,0.26681206074600405,0.46102975572107674,1.738946494008818,-0.14950465325728018,0.37324147844808275
Malawi,MWI,2012,-0.6799839441785177,-0.514839387014694,8.31952739309077,-0.4003927201307708,2.3901885408796035,0.8060674427526743,-0.13149204443110182,1.707118372798077
Malawi,MWI,2013,-1.5329574178985947,-0.546256617932753,6.49823062689538,0.3719043985290581,3.2399730161103224,1.6959955439557648,-0.12713899729810876,1.7031223701571627
Malawi,MWI,2014,-1.2155157155750487,-0.561799405366975,2.2981241560014296,0.4191880309552532,2.746494647305501,0.4470919329894725,-0.12879015310717512,0.7996355517774355
Malawi,MWI,2015,-1.0577394613848081,-0.5329938946910872,2.4372140416145034,-0.20238756202315625,2.4744426896055467,1.1785113255174764,-0.1308916241368958,0.9552013659025012
Malawi,MWI,2016,-1.2020543730077282,-0.5580635464252941,6.134497862138825,-0.2683892816392706,2.452359521249209,0.32629336594545605,-0.12218552987090966,1.3861921896691836
Malawi,MWI,2017,-1.783684281708351,-0.5695079626036839,0.19118088179507098,0.06161931584649584,1.015188563082244,0.39481736809791595,-0.11693185229660763,0.3766874234195421
Malawi,MWI,2018,-1.7636483373972711,-0.5837489159558031,-0.010631241220369545,0.1394055796336413,1.139118889832988,-0.0523361137521652,-0.12068447913539483,0.2851372710761264
Malawi,MWI,2019,-1.1081302525602517,-0.5750605409323722,0.2046089425978454,0.4393306976909747,0.7081052364420253,-0.1288865546710211,-0.12924046832782946,0.10690373856827497
Malawi,MWI,2020,-1.351545942449926,-0.5614294667361227,0.02510241858270129,-0.6438078469801778,0.6027567131995366,0.3504104622279538,-0.0157610327229061,0.34234755485446666
Malawi,MWI,2021,-1.5453954885817003,-0.5530998149136818,1.0135771544226047,0.18444678188154798,0.7023535743655226,1.3270586732645588,-0.025968177724407095,0.5464100165878214
Malawi,MWI,2022,-1.8975723534334181,-0.5443175316612789,2.4624747049916986,-0.6157530154916556,2.3453399828094565,1.969488711050708,-0.12083458420894637,1.2322109502723875
Malawi,MWI,2023,-1.576118014976551,-0.5637005408193169,3.1108840781408764,-0.3903268383762836,3.452898639780419,1.4878935125825892,-0.1224857400180126,1.3331335432884843
Malawi,MWI,2024,-1.9525862385242008,-0.5601967884266017,-0.05055929710966535,-0.4502385200670888,3.932050021633878,2.433561772191664,-0.1161813269288502,1.1487855914216738
Malaysia,MYS,1990,0.12460587467482655,0.7654408232569349,-0.05055929710966535,1.163523991830478,-0.24641224313840907,-4.085043745970523,-0.3189732812969079,-0.7462396586805536
Malaysia,MYS,1991,-0.6828870389796802,0.8591561264275661,0.18583195421149698,1.2816539301208933,-0.0003941951399234415,0.3613903834243531,-0.3189732812969079,0.06974915664076738
Malaysia,MYS,1992,-0.08383812754306212,1.6085694023622328,-1.0933449735583933,1.1363732694496962,0.0574016540465698,4.398466797641109,-0.31747223056139307,0.5144407868604987
Malaysia,MYS,1993,-0.18368204116992456,1.5639647120919378,0.09780415318657988,1.358540635362251,-0.11654534758183385,1.0571837237880908,-0.25743020114079856,0.16715977802166423
Malaysia,MYS,1994,-0.38111518042275416,1.623397951217904,0.22516029539923693,1.2082983824870452,-0.08991777133605393,-0.03244144896590217,-0.327979585709997,0.08157660550584238
Malaysia,MYS,1995,-0.8351883413554237,1.9509574837030697,-0.6967504821560808,1.3440514678811266,-0.1287025933290436,0.48230050327155544,-0.40153107175022523,0.09963010188765328
Malaysia,MYS,1996,-0.1778728564334471,2.32211301769746,0.014627389187531,1.3822478704938446,-0.12333363875702134,0.4793094258921134,-0.49609726808766147,0.141749130267432
Malaysia,MYS,1997,-0.3645433179679447,2.683175182835766,1.621070775288445,0.7926415666943395,-0.2400921418814759,0.29965600260332814,-0.5066046232362654,0.48987242098334327
Malaysia,MYS,1998,2.0001024408826455,2.6857688333537757,5.538087172858331,-2.437517131108565,0.1285149865894135,-0.8597929680009888,-0.3940258180726509,1.0765666995648289
Malaysia,MYS,1999,2.3362401879478427,2.484184761668857,-0.49897708761808407,0.531906209488226,-0.2284951319097533,0.01087797049056141,-0.3595016511558091,-0.2085796479943281
Malaysia,MYS,2000,1.4869054134059538,2.179124488278402,-0.05055929710966535,1.1305981611034304,-0.3994990364635619,-0.13958023684956633,-0.42404683278294814,-0.20743778420524625
Malaysia,MYS,2001,1.3390896509733272,2.051987114443464,-0.05055929710966535,-0.7045120727253998,-0.4161716275438803,-0.023082126472352537,-0.34449114380066054,0.08330076303842546
Malaysia,MYS,2002,1.2496232278801047,1.8952007199255902,-0.05055929710966535,0.3676447154858333,-0.3608927678074033,-0.547707388254824,-0.35199639747823486,-0.1476032962986393
Malaysia,MYS,2003,1.868989844182001,1.8337021719938689,-0.05055929710966535,0.4550994091516362,-0.46240723732622835,-0.2437869927482285,-0.33248273791654165,-0.22566047806291892
Malaysia,MYS,2004,1.8622466324436853,1.6820346336496534,-0.05055929710966535,0.6739915678619242,-0.4155374870003326,0.05402787484311842,-0.34299009306514566,-0.22989465271256873
Malaysia,MYS,2005,2.0886230434353914,1.5653576553844992,-0.09862184791110502,0.35469756618491477,-0.19591341636305973,-0.2316108269265377,-0.34449114380066054,-0.24980002703388143
Malaysia,MYS,2006,2.358435822724444,1.5036994877905208,-0.4948323771680932,0.4102947538172455,-0.10627648941378935,0.12326785355779009,-0.37601320924647263,-0.3026979015745334
Malaysia,MYS,2007,2.269155048227613,1.4587856727292436,-0.9400543428056802,0.5673653949436881,-0.3298699493854182,-0.2954760325563498,-0.37751425998198745,-0.4743784793102134
Malaysia,MYS,2008,2.4518523575924616,1.3546393014642562,-0.46929851324323146,0.24461345846565746,0.15260610370725786,-0.1038080294654534,-0.3730111077754429,-0.3050482944815332
Malaysia,MYS,2009,2.311397113811272,1.6749063109726356,0.7496761292480953,-1.1513886021092459,-0.533980541809556,-0.3088711815854189,-0.3309816871810268,0.012962931134671904
Malaysia,MYS,2010,1.6111716816815493,1.5782540184410014,-1.2685973053344028,0.8151053691404437,-0.38704470186588313,-0.33764035701230516,-0.37601320924647263,-0.45961694369143646
Malaysia,MYS,2011,1.7161096447230861,1.6063431964186952,-0.7581301662791157,0.3462875550940529,-0.16772893633480998,0.19639749979548032,-0.41654157910537387,-0.22886531218889475
Malaysia,MYS,2012,1.0098437058762773,1.7291721906261242,0.08259602962802484,0.38578768296519167,-0.3812892628262453,-0.22773404142823245,-0.4180426298408887,-0.08727558609752663
Malaysia,MYS,2013,0.797003928151457,1.8536516161701995,0.2339363734006068,0.21424224727945138,-0.31889310693312256,-0.3339972173703176,-0.40303212248574005,0.0029170524786739254
Malaysia,MYS,2014,0.9113473680635219,1.8682860386662314,0.49704961500387324,0.5031096450059391,-0.1721785807047763,-0.4141998900891421,-0.44205944160912647,-0.011079895971771623
Malaysia,MYS,2015,0.7405116387015837,1.9227101003196694,2.68439358508602,0.3017627044010306,-0.3189810965007934,-0.6533742005987148,-0.4090363254277995,0.31191967425368106
Malaysia,MYS,2016,0.6612843563551748,1.8984872210882422,0.8290563926934232,0.16057380100312338,-0.32093495766223123,-0.671155518927026,-0.3580006004202943,0.07937062563054506
Malaysia,MYS,2017,0.7156712695737595,1.7947626544439874,0.46835309250180573,0.4604286352521375,-0.06924859554685249,-0.5359255226235186,-0.3625037526268388,0.017048281617526608
Malaysia,MYS,2018,0.6451476412167878,1.8617693403132731,-0.9234544694032712,0.247103282516344,-0.49137861710822384,-0.31267860478565734,-0.37901531071750233,-0.1624297979192162
Malaysia,MYS,2019,0.8016672719549872,1.8710513492326133,0.3258173441824303,0.1525229164780807,-0.5227317027780395,-0.6804285412477542,-0.3745121585109577,-0.0478562710792537
Malaysia,MYS,2020,0.8863863752416703,2.1536288430674375,0.15783108614167674,-2.0189411338656407,-0.7773806096222508,-0.5396953281330346,-0.1928850195136596,0.2762933900805914
Malaysia,MYS,2021,0.8478264101191663,2.0123168972851886,-0.2531383942768508,-0.0890077086776308,-0.26629949440605133,-0.4688502504555322,-0.17787451215851105,0.012476506363815424
Malaysia,MYS,2022,0.7546651482166229,1.7064527165237315,0.8297214869432298,1.1686303452504305,-0.1388620767655307,-0.5834318716229937,-0.2844491143800661,-0.05626633610981181
Malaysia,MYS,2023,0.562043528318109,1.7932939824026786,0.4623613931814327,-0.04022930071927456,-0.2646368098185527,-0.4488855007414588,-0.29525667967577307,0.1035803082499275
Malaysia,MYS,2024,0.5779761381117533,1.7719117357893586,-0.0015276829670859,0.304826677732903,-0.35718556980623395,-0.6363052501887551,-0.2970579405583909,-0.0575667890822519
Maldives,MDV,1990,0.934907526225927,-0.23319463009220354,-0.05055929710966535,2.9111989904607785,-0.10052703414731809,0.4872575524574845,-0.7560792554788353,-0.6427441687224633
Maldives,MDV,1991,-0.0854407691355419,-0.23319463009220354,0.987708115317614,-0.5010022094163283,1.463296804655565,0.9394459840265883,-0.7560792554788353,0.42680285671151413
Maldives,MDV,1992,-0.48300946097154723,-0.23319463009220354,0.3862150443320721,0.6492162209834336,1.7661062194509087,0.04473172686766373,-0.7559291504052839,0.1488174928773244
Maldives,MDV,1993,-1.6931618590690118,-0.23319463009220354,0.4686175250836444,0.40411743555051793,2.2285015406987854,1.7570873752359517,-0.7548784148904234,0.6793111170791785
Maldives,MDV,1994,-0.01680835661508608,-0.23319463009220354,0.7613596266683179,0.8865277767358585,-0.137815779873246,0.8834127814997014,-0.7553287301110778,-0.050183736004182924
Maldives,MDV,1995,-0.19368225453963142,-0.23319463009220354,0.17445161735150433,2.038543364305761,0.15940191641329224,0.25353648748418534,-0.7557790453317323,-0.3209206805630119
Maldives,MDV,1996,0.1644785089668655,-0.23319463009220354,-0.05055929710966535,0.9105437707899625,0.2657488011744645,1.0403953631625706,-0.721404983488442,-0.1105767180157291
Maldives,MDV,1997,-0.4750067338038216,-0.23319463009220354,-0.05055929710966535,1.029191543002993,0.45396413568702965,0.8339561502136121,-0.6867307114980488,-0.03382130885692103
Maldives,MDV,1998,-0.13139355103059897,-0.23319463009220354,-0.05055929710966535,0.8304695861695289,-0.8149151836656262,0.8104054029174147,-0.6508555989192436,-0.23402790600117915
Maldives,MDV,1999,-1.2863080154825532,-0.23319463009220354,-0.05055929710966535,0.5402760896512233,-0.1989329391072688,-0.6178601107475163,-0.6152806964875414,-0.1385422496732665
Maldives,MDV,2000,-0.6500158609812706,-0.23319463009220354,-0.05055929710966535,0.027696721758722887,-0.7824768072685673,-0.5705980087277802,-0.5786550585409788,-0.2275949517880925
Maldives,MDV,2001,-0.46519834732770327,-0.23319463009220354,0.5169362346379015,-1.6860258074989731,-0.5213626911945225,-0.3063946260883425,-0.4183428399879917,0.1698379431573597
Maldives,MDV,2002,-0.12140063042391497,-0.23319463009220354,0.5942543862865199,0.780683091590604,-0.0257886291900876,0.7067057504831964,-0.25983188231762233,0.0175517905718734
Maldives,MDV,2003,0.0012201424578029592,-0.23319463009220354,-0.05055929710966535,2.2066861181301225,-0.7946176642828512,0.38355103808561447,-0.10492344641248873,-0.4296643229142171
Maldives,MDV,2004,-0.8631990639389533,-0.23319463009220354,-0.05055929710966535,0.48510670042950654,-0.8546561194588351,1.4243541249331688,0.0489342539777844,0.10185295653709943
Maldives,MDV,2005,-2.5307450618069276,0.10652494563475372,-0.05055929710966535,-3.2774758069525345,-0.4326398624574779,-0.09814243743919446,0.2233563494446112,0.793822938118927
Maldives,MDV,2006,-1.9998695189791624,0.18830462538707732,-0.05055929710966535,4.380391661364163,-0.2293629971468149,0.5077148877936698,0.37826478534974495,-0.226594305444427
Maldives,MDV,2007,-1.4098083224635305,0.4468161747189916,-0.05055929710966535,0.7509809286874558,0.343987962137833,0.8912945031032317,0.5397778444911437,0.40430636873108705
Maldives,MDV,2008,-2.958303973127102,0.5137230300407066,-0.05055929710966535,1.1564678475796684,1.085588198997437,0.7260380256785413,0.6808766136295408,0.6796432423977132
Maldives,MDV,2009,-0.7946367168829692,0.4285118292595663,-0.05055929710966535,-2.653405109294786,0.02389523817224385,0.18035783912263442,0.881416991894326,0.701666346788123
Maldives,MDV,2010,-0.5673102327046855,0.29710593093319043,-0.05055929710966535,0.6744382013237334,0.2528353127671182,0.1974317996173569,0.7580306214350045,0.19253091414627957
Maldives,MDV,2011,-1.3388855544928142,0.1838096114004439,1.9413386473288026,1.1272007963442996,0.9770279474015734,0.5911452228808233,0.633143200240168,0.6483070553429037
Maldives,MDV,2012,-0.4210517335378628,0.026260484503311716,0.6885925281282982,-0.29274656046612935,0.9220839068192406,-0.5151452951467459,0.4966976883818674,0.333183943812852
Maldives,MDV,2013,-0.10894970626773069,-0.05785685663831967,-0.04883295312251618,0.7161280644587016,-0.0785168441732072,0.47119678898757544,0.3707595316721705,0.007081615504961709
Maldives,MDV,2014,-0.024980817465774463,-0.10659670704091068,-0.037960294834503944,0.9109924576290205,-0.3167744022181261,0.21402927681071154,0.2455719003302312,-0.12682026673083485
Maldives,MDV,2015,-0.5339299505009407,-0.10343730721261386,-0.06349556666681594,0.03260834016909469,-0.481696739365995,0.012046613760968432,0.11798258781146798,-0.0024684001915917637
Maldives,MDV,2016,-2.523787266709642,-0.07657758957416527,-0.0486473593534358,0.5841952041264665,-0.5454011919477476,-0.8900179326241487,-0.008105673971780287,0.05297747358741394
Maldives,MDV,2017,-2.2589855978348474,-0.058227563639831545,-0.03347139613406352,0.738011235506357,-0.21818926874122327,-0.4983429311923583,-0.06724707295106581,0.09221373280999257
Maldives,MDV,2018,-3.0663210186624723,-0.061699889915285376,-0.047001846164216425,1.0668157305300134,-0.6352809640062206,-0.6285433700920593,-0.12954067847493253,0.0710626484971064
Maldives,MDV,2019,-2.821050730277907,-0.050891123015326764,-0.05864487319439309,0.7047092447880566,-0.585328690362891,-0.17760590298423928,-0.18958270789552686,0.15061259829106768
Maldives,MDV,2020,-4.048124031086175,0.41933306080624644,-0.05126976687166012,-8.058534554201332,-0.8100418293388235,0.16444683407009447,-0.06079255478835189,1.6811906184521448
Maldives,MDV,2021,-0.6979118879683633,0.1165779576493977,-0.05844363793097844,7.433542790031493,-0.5396568336065246,1.0441717852792702,-0.12143500450315224,-0.899202376453588
Maldives,MDV,2022,-1.7153988132485427,0.028377617792600056,-0.03774145729295085,2.2234153269577948,-0.28701550473601545,-0.4337314267513398,-0.22845992194536183,-0.20951245809175997
Maldives,MDV,2023,-2.243052889181748,0.04172486747421046,-0.050403566321617826,0.26905458228113144,-0.2059980114784293,-0.36437479499413195,-0.27108976283398384,0.16055100553523774
Maldives,MDV,2024,-1.9391147741698074,0.03943356037666431,-0.04835057810030192,-0.04961465228223461,-0.41699842691461825,-0.8818510486863623,-0.23221254878414901,0.06410719776332496
Mali,MLI,1990,-0.4723868574051039,-0.5250028813935192,-0.05055929710966535,-1.9816886169992902,-0.5307251497379942,-1.2356858784516216,-0.6643650555388773,-0.07889468397532622
Mali,MLI,1991,-0.22724702371133795,-0.5461807633838605,0.46090751317924367,1.9662546685738873,-0.36194512639577764,0.08366230787306364,-0.6643650555388773,-0.39527553844696534
Mali,MLI,1992,-0.43870173739149865,-0.5259012576034849,-0.9239985238070563,-1.9314524740216283,-1.498785129574976,-0.65918884755602,-0.6517562293605526,-0.2699251109269946
Mali,MLI,1993,-0.2726452947497955,-0.5310077003208543,0.9367766717248056,0.13823140556822272,-0.6537117625368167,-0.2626285965101816,-0.6613629540678476,-0.14821720750418882
Mali,MLI,1994,-0.3878353494003079,-0.6036508309973502,13.542603732318003,0.4117998181202104,2.659527884829185,1.9995765448696654,-0.6474031822275594,2.4180985257245773
Mali,MLI,1995,-0.6708140802333035,-0.5619966007708822,-1.4790956774660522,-0.6580868132539491,1.283517225017022,-0.34071735979991835,-0.6546082257580308,-0.06057139218437272
Mali,MLI,1996,-0.4921134304451515,-0.5357417763225585,0.30104360076954007,0.5820859435720984,0.3454984508086337,0.9180493730856456,-0.6610627439207446,0.03968777018479562
Mali,MLI,1997,-0.2767615103569127,-0.5139683382741487,1.9440938761525528,0.0883147105851334,-0.6677378403092659,-0.2235391881724975,-0.6625637946562594,0.009247359216022964
Mali,MLI,1998,-0.29175153914546426,-0.49156661879229213,0.10173339854951383,0.6453518047250366,-0.04587154733305357,-0.5702658662615652,-0.6729210447313121,-0.29035599202118306
Mali,MLI,1999,-0.3954684763291188,-0.4810218476636266,0.5615249427956819,0.2169167989686775,-0.7863139214405271,-0.8027902717173441,-0.6705193635544883,-0.2857955406028375
Mali,MLI,2000,-0.5264725792520294,-0.48551267222936795,2.1272494691337274,-0.9803322266673681,-0.7122141754813651,0.040307788093019235,-0.662413689582708,0.2591745036932433
Mali,MLI,2001,-0.5608836572010621,-0.4860316587914904,0.3915060204364706,2.6590139640486212,0.11673657559458003,0.618451816952282,-0.6744220954668269,-0.30455566401750617
Mali,MLI,2002,-0.028763119895020704,-0.46497682405333135,-0.7978849463919279,-0.1504056182159554,0.0949424859134379,1.004374812694946,-0.6702191534073852,-0.0935135553047549
Mali,MLI,2003,-0.22985588657160702,-0.4609445010375348,-2.3719210397434147,1.33701950467328,-0.8067840672961714,0.7073584331941766,-0.683428399879916,-0.6746975989806476
Mali,MLI,2004,-0.41174277959214756,-0.42242568561863336,-1.3329471871130794,-0.49338366417330126,-1.0545721690924894,-1.1405429293265374,-0.6622635845091565,-0.5296607302706353
Mali,MLI,2005,-0.35951645008948335,-0.46163389265589033,-0.05269688515580547,-0.25994582473342764,0.2878888874272739,-0.014381598087265511,-0.6691684178925249,-0.04150423307732876
Mali,MLI,2006,0.03962469875275807,-0.4497634626157018,-0.1802443709050847,-0.006669879799652947,-0.39825720445187374,-0.1552013342803069,-0.6649654758330832,-0.2687695238627365
Mali,MLI,2007,-0.37253584278968904,-0.4362807043823143,-1.2365727690963169,-0.43118338514701504,-0.4168476472861706,-0.9683378955433777,-0.6684178925247675,-0.417533954413749
Mali,MLI,2008,-0.7821707149335132,-0.5097987603028783,-1.015238602735698,-0.01786639901120273,0.679857443848993,-1.8338828432725616,-0.6667667367157011,-0.36368462646187577
Mali,MLI,2009,-0.2995906742865045,-0.43182727858222075,0.7201193381820128,0.3816694912271862,-0.2681865441858731,2.213816152638115,-0.6633143200240169,0.2126469330124765
Mali,MLI,2010,-0.7890635115136571,-0.4042771814045115,0.6865506805470842,0.4085218444033323,-0.459686236181633,0.3213755468703157,-0.6679675773041129,-0.020494728623218945
Mali,MLI,2011,-0.15679678641148065,-0.39696909402751684,-0.7238552770661207,-0.1726034124588931,-0.1986593501186741,0.07101132395473551,-0.6637646352446714,-0.22611954766169623
Mali,MLI,2012,0.1410533619953189,-0.376185563373153,1.1296197989300805,-1.0543375894275338,0.1359761659726221,0.2593360869038107,-0.6549084359051337,0.20101746856577737
Mali,MLI,2013,0.07467921546169742,-0.3517210768794087,-0.5121594174914162,-0.09443351718650883,-0.7021891362097603,-0.27532188825158505,-0.6466526568598019,-0.3526128391381658
Mali,MLI,2014,-0.12074852751424041,-0.3306623705860024,-0.05463561517085334,0.6122141917259277,-0.4915050675351078,-0.4517312959890474,-0.6528069648754129,-0.35325813976687304
Mali,MLI,2015,-0.18444498630882586,-0.27769536939650624,2.7420359539053747,0.5541855059607766,-0.4113791570896633,-0.11425914354928667,-0.6636145301711199,0.12933531914954968
Mali,MLI,2016,-0.3808545917556451,-0.2535505484870332,-0.01720020962920125,0.5027446863011967,-0.870802822803325,-0.08847029694643375,-0.6691684178925249,-0.28872605575772425
Mali,MLI,2017,-0.4497970649167914,-0.2612972226740018,-0.33584575089413043,0.3642476926908199,-0.36767952202079984,-0.5592611870015108,-0.6495046532572801,-0.29829128051739306
Mali,MLI,2018,-0.13853596002164886,-0.2684162099999635,-0.6648566224769699,0.2525512895039942,-0.5740892768518936,0.04081021552148798,-0.6311918342839988,-0.31596557965338334
Mali,MLI,2019,-0.4088505288451799,-0.2850621334701383,0.7254606321865219,0.2816248527853108,-0.8508192453616252,-0.5563842879903871,-0.38051636145301715,-0.17429938857553953
Mali,MLI,2020,0.14210377345787845,-0.2580664027773385,-0.29989186202911444,-1.0756141472676684,-0.5545067967191845,0.02275593884467233,-0.3447913539477635,-0.07157001468841982
Mali,MLI,2021,-0.42016115329422227,-0.2188832875565748,-0.5681328271871329,-0.13617876339595936,-0.061559112519600064,1.7944009484237788,-0.27304112879015313,0.17558921558007137
Mali,MLI,2022,-0.44002109680524465,-0.1972064200118864,1.7158156106604026,-0.003680524797301564,0.7435323130509807,-0.09023114405819278,-0.5160612428700091,0.2999358197676916
Mali,MLI,2023,-0.43424132505867874,-0.22999730691595432,-0.44048113637637853,0.2296907141923535,-0.32542473025818003,-0.9594583581257284,-0.4320024016811769,-0.31183047464158475
Mali,MLI,2024,-0.16621421873010256,-0.2479773748802396,-0.05579486806814636,0.2852630160769979,-0.16321606674509015,-0.7444066710364504,-0.4354548183728611,-0.2522712280642404
Mauritius,MUS,1990,-0.17930739310858365,-0.027589984954703575,-0.05055929710966535,0.7627196697268983,1.2900642666730064,0.6665331860789335,0.5505854097868509,0.2636601862651582
Mauritius,MUS,1991,0.29786102496951483,-0.0025834554952341633,0.7003543021418146,0.15741998895721834,0.3731392859657231,0.7174283475215978,0.5505854097868509,0.26909183942771703
Mauritius,MUS,1992,0.36825979460069064,0.07156691297088807,-0.13110076689403347,0.6144274051563968,0.0399158267457114,0.28196780723847464,0.5408285800060043,-0.025644119955720357
Mauritius,MUS,1993,0.02496996489230074,0.16302635937265697,1.8447887856397127,0.29967936765007297,0.8702299448292293,0.3682984158797863,0.5516361453017112,0.49619004549724616
Mauritius,MUS,1994,-0.4263874066835354,0.234487958061021,0.19985207860385795,0.09157152545977107,0.4187175446667842,0.021688991268074966,0.5535875112578805,0.25187856644019757
Mauritius,MUS,1995,0.3027966285264775,0.2692255904184986,-0.5027845014692516,0.12492301050348918,0.23579550677358058,0.48643280532229277,0.565145601921345,0.08944219484807124
Mauritius,MUS,1996,0.46244771306367444,0.19240884187184665,0.4065875583608492,0.4109540800858682,0.30952767402523657,-0.3232039594990007,0.5520864605223657,0.03771496887596496
Mauritius,MUS,1997,0.1097784811744589,0.3135210581027277,2.4004788025488413,0.43287401941019177,0.34943966769092594,0.32636825080271026,0.5337736415490845,0.48298984572994846
Mauritius,MUS,1998,0.37837284747747396,0.46899883909081136,1.9217929213601554,0.5174580298333687,0.3462522895666306,-0.054235470230068396,0.5145601921344942,0.3287911278015972
Mauritius,MUS,1999,0.020166934868351617,0.46960125725394697,0.6530638228421328,-0.2439835299444452,0.36015413781031264,0.23355517216586688,0.5183128189732814,0.3512148291602335
Mauritius,MUS,2000,0.27217212922963474,0.470974933926519,0.5470315267603951,0.9862575882375177,-0.022874651103350897,-0.1990544211703803,0.495346742719904,0.00471348766656206
Mauritius,MUS,2001,1.098276530446759,0.47844017210751455,1.501632868131629,-0.08192546384607916,0.1453355326092291,-0.059355485331602495,0.49759831882317634,0.22104290567703808
Mauritius,MUS,2002,0.9967491462243854,0.49636448696120383,0.3539244814721108,-0.463112249309213,0.29092087934189753,0.05046339023037484,0.3572500750525368,0.1450409165918502
Mauritius,MUS,2003,0.5640410712682706,0.7717607164271467,-1.0235917596085327,0.4852283588349824,-0.06220213359838171,0.9609339205750095,0.37421194836385463,-0.004022391134879518
Mauritius,MUS,2004,0.16158927561844139,0.7773630450008331,-0.25489921756878325,0.13422557514785163,0.04936502054063858,0.5063031637859841,0.3770639447613329,0.16562587225053035
Mauritius,MUS,2005,-0.239907870023362,0.8197068265919247,0.9773265027400933,-0.4273339576653717,0.08142231595126749,-0.3947197220132604,0.5552386670669468,0.38660234543224364
Mauritius,MUS,2006,-0.6774961575380692,0.7272302823655942,1.01041797265992,0.2520440901394651,0.6434625608862544,-0.17648513653419293,0.48258781146802754,0.44466650832060106
Mauritius,MUS,2007,-0.2789722612682327,0.791962370393781,-0.2265536994530172,0.4496659075042088,0.6312773197001494,0.2473454351975059,0.397778444911438,0.2387308892162687
Mauritius,MUS,2008,-0.8216500917363485,1.0084819188790128,-1.3431969579196248,0.38350013194364496,0.7591945006244706,0.19602692674185865,0.20189132392674872,0.18007823886359567
Mauritius,MUS,2009,-0.5047494957805325,0.9700329478130986,1.69335757551698,-0.07840973293033088,-0.2607885567584309,-0.7024701078951086,0.21495046532572795,0.3568916503875901
Mauritius,MUS,2010,-0.8562074394151502,1.0834897718755572,-0.5709168642965992,0.14890143532221614,-0.20195002798438844,-0.36975763242005816,0.27454217952566795,0.13181620439901617
Mauritius,MUS,2011,-1.2821097247304505,1.167955591963022,-1.0058358739243778,0.09364172750496473,0.3055020125538087,-0.40495083265278653,0.24347042930051035,0.21351561778080894
Mauritius,MUS,2012,-0.49535323246935437,1.370424428522936,0.6118929642794879,-0.046046890809417526,-0.07193994837792901,-0.2779114976909089,0.24722305613929757,0.34586987516452217
Mauritius,MUS,2013,-0.37675528917173345,1.5044681537307993,0.25614159478157567,-0.07092294974173208,-0.11559686015558213,-0.4523257687557095,0.2247072951065746,0.2664389505173033
Mauritius,MUS,2014,-0.27564860272567837,1.329517564951749,-0.08730850301277404,0.030321091913334725,-0.16161980193296976,-0.23563938569810575,0.24647253077154002,0.19096427369882615
Mauritius,MUS,2015,-0.05486453898864154,1.3977140109517798,1.998685825150939,-0.0004963058931792664,-0.434579885036234,-0.13041931929758058,0.23791654157910538,0.44638257403283294
Mauritius,MUS,2016,-0.10711489429914327,1.2588955661074785,0.14525981761028925,0.03648612726930964,-0.47823820732020916,-0.21023455624311316,0.1484539177424197,0.13353790070381413
Mauritius,MUS,2017,-0.17557243997125566,1.3746615525083625,-0.472722366619673,0.0515908625102314,-0.09811212315599273,-0.19658784951771946,0.1391474031822275,0.12433831340831845
Mauritius,MUS,2018,-0.09002905316142698,0.8685270120575815,-0.2749937308483436,0.08729259727291848,-0.16185133991631634,-0.4156407400557585,0.09021314920444312,0.015570115190016387
Mauritius,MUS,2019,-0.23741373221577244,0.9283130118716344,0.5911478239372409,-0.1883183304045616,-0.5590911919241531,-0.2542444294659126,0.07595316721705198,0.17254434917945652
Mauritius,MUS,2020,-0.7023989847668941,1.2212626614964117,1.494375708372978,-3.941920860177622,-0.25164210044982055,0.36167516069845157,0.42044431101771235,1.1272050837257501
Mauritius,MUS,2021,-1.2223410064499902,1.1102923394300783,0.7927545610478368,-0.08400449309029892,-0.04701088136042447,-0.22758096307454487,0.28429900930651464,0.4598713664128214
Mauritius,MUS,2022,-1.0035505803774096,0.8291549639420333,0.7946755084338739,1.0169818404868314,0.9064023056375936,-0.491033261661678,0.07460222155508855,0.3000529253996414
Mauritius,MUS,2023,-0.24306016095533595,0.7758144990978412,0.2967183136542419,0.21544334025430809,0.38048486402611553,-0.34366129334613466,-0.038126688682077525,0.1569780736358592
Mauritius,MUS,2024,-0.4997345743346919,0.7751894085119467,0.30809012836316557,0.2702820691047461,-0.10694274054070889,0.05226979765391922,-0.04157910537376166,0.17378285626350096
Mexico,MEX,1990,0.016365637080437832,-0.29286847706061936,-0.05055929710966535,0.33663600602744453,3.1506900131272486,5.269437000638196,-0.40228159711798267,1.0459165713384706
Mexico,MEX,1991,-0.21868611513745687,-0.29286847706061936,0.9848756759024397,0.056318271255742965,2.5868147941169743,2.733042317474466,-0.40228159711798267,0.824564365313856
Mexico,MEX,1992,-0.46282752599724813,-0.29286847706061936,0.3078842423071462,-0.03328817709139175,1.5755568672730604,0.8525257760372361,-0.3887721404983489,0.36434885302101633
Mexico,MEX,1993,-0.17659441906044507,-0.29286847706061936,0.04415786340479927,-0.18764729801545085,0.7619051412412348,0.3630350330822393,-0.3692584809366557,0.12445897097241344
Mexico,MEX,1994,-0.29324336982126814,-0.29286847706061936,1.1278972808043968,0.14832970983633859,0.36816369278291466,0.5984009696567085,-0.20849594716301417,0.24828731128647372
Mexico,MEX,1995,0.31750994978959407,-0.29286847706061936,12.711480307328747,-2.118703401436198,4.330593402389522,1.460139891762569,0.19063344341038724,2.885881717068173
Mexico,MEX,1996,0.29704879680445534,-0.29286847706061936,2.5502873003541353,0.5496574045126832,4.242833082689801,1.1047682079674868,-0.05403782647853503,0.95775372659359
Mexico,MEX,1997,0.1878230455112515,-0.29286847706061936,0.5433835032062225,0.7653904033177246,2.2989301497183283,3.2935546002051495,-0.23866706694686282,0.6644456086133202
Mexico,MEX,1998,0.014287314203308848,-0.34419201836339974,2.1250336579158957,0.5423492039955911,1.6349928711844046,0.40332827226691925,-0.31401981386970884,0.4212152072764587
Mexico,MEX,1999,0.09472836549467432,-0.39577660791257824,0.6066326856970087,-0.21228113330813397,1.7278888574818567,0.49861832960295877,-0.48438907235064554,0.29578956576172283
Mexico,MEX,2000,0.05651418276029984,-0.4214424379450085,-0.20571503878407074,0.2880676935214976,0.7251693477538018,-1.2058067879122893,-0.4771840288201742,-0.27565154599850544
Mexico,MEX,2001,0.0932145799388144,-0.46685304660871174,-0.21997100747341541,-0.9175921496348319,0.28362801633396784,0.5056758635022468,-0.4800360252176525,0.0638316243189218
Mexico,MEX,2002,0.1797854816983356,-0.4250962830319011,0.42440791384339566,-0.8704543263561432,0.09464630495794914,-0.5046051204788042,-0.42359651756229366,-0.020510693944835227
Mexico,MEX,2003,0.3036619001782594,-0.4151163791347952,1.6097082752333807,-0.5575769443587997,0.02625904963623599,-0.19128655453086976,-0.355749024317022,0.13253291586678143
Mexico,MEX,2004,0.31132049462788924,-0.42666477131808767,0.6011423019409489,-0.0339861492109462,0.04626080491946447,0.0803625231709956,-0.28339837886520575,-0.0370902665098325
Mexico,MEX,2005,0.29170511024474255,-0.40062511483985186,-0.5370753156805599,-0.35347713284525695,-0.052731417239100666,-0.14539504186105737,-0.34028820174121893,-0.2020490098230392
Mexico,MEX,2006,0.3296337827910282,-0.33513676864996167,-0.04880658122267504,0.23872690316813414,-0.10341677069757861,-0.38569802332527015,-0.3390873611528071,-0.25435802728677925
Mexico,MEX,2007,0.2643863797300627,-0.29014055335965866,-0.0129779341171838,-0.36126163418442775,-0.05572910552524673,-0.13224334227543183,-0.32978084659261486,-0.10342807534511013
Mexico,MEX,2008,0.1949279221094803,-0.30488570824007966,0.21035679639242266,-0.6108651912987102,0.10796897251762516,-0.2238520356139757,-0.2928549984989493,-0.012475672036246705
Mexico,MEX,2009,0.27596587353289814,-0.2648691941964552,2.979829535642519,-2.20339481529011,0.13233329662214782,-0.03125934158859721,-0.070399279495647,0.6675805655344542
Mexico,MEX,2010,0.32678745904900364,-0.2495257365964143,-0.9692806830525897,0.27531849106632056,-0.028890501233345828,0.05965427203972186,-0.07835484839387576,-0.266929063907404
Mexico,MEX,2011,0.26274905829901496,-0.22234456054633023,-0.28870557370733635,-0.06069395909666893,-0.1348083144061984,-0.1446556158251281,-0.09756829780846599,-0.15573392307082928
Mexico,MEX,2012,0.19455231117763605,-0.19341391667471905,0.7992056976898325,-0.03667687785451596,-0.03528182217136859,-0.1369258535809067,-0.14004803362353646,0.01938009118802594
Mexico,MEX,2013,0.07295956908389932,-0.13021674406763803,-0.4775840412707049,-0.6309363851808574,-0.07840932359073516,-0.2692849514179795,-0.13569498649054337,-0.07617331867723469
Mexico,MEX,2014,0.14371319241397085,-0.12321973816582678,0.5260047814720229,-0.2675612881566738,-0.04841202049419776,0.017756547465482067,-0.151005703992795,0.049281708861055484
Mexico,MEX,2015,0.047605324893363256,-0.06616956602048232,2.669916732189612,-0.22387696720124128,-0.2318762310981516,0.01748266249348011,-0.22725908135694992,0.3340523083593409
Mexico,MEX,2016,0.08789209259804073,-0.020467095364465074,2.4632885626280094,-0.42844494149277695,-0.21759074215586546,0.02817977925510869,-0.2960072050435305,0.3282794497448562
Mexico,MEX,2017,0.14666075823366143,0.009542549554949943,0.14840471256534848,-0.4066126020997653,0.23750938262453836,-0.05324604851972423,-0.36115280696487545,0.03442994758947727
Mexico,MEX,2018,0.11371146549703788,-0.00614697045805767,0.18703587150463027,-0.38453424273736087,0.07607660813232352,-0.5444113569464148,-0.38276793755628946,-0.05705585829764074
Mexico,MEX,2019,0.3320691861271716,0.0363142591846956,-0.03637568219745819,-0.9047977735431234,-0.10249889560559677,-0.5318606027821062,-0.35244671269888933,-0.059162720954771875
Mexico,MEX,2020,0.6649190002733809,0.06535654849683555,1.5814446550577763,-2.6563391009062443,-0.13629868407540002,0.10925758175575506,-0.20789552686880816,0.48618352499986034
Mexico,MEX,2021,0.3266495558411699,0.024930892014868214,-0.8494824148320673,0.5122974201117915,0.18772027278940998,-0.17919733979180072,-0.27108976283398384,-0.2751521898009336
Mexico,MEX,2022,0.21130403475503867,0.007508773863213492,-0.15180056585143628,-0.0022357895681314904,0.4996814442704239,-0.33936109328658176,-0.38561993395376776,-0.08266566002072222
Mexico,MEX,2023,0.2823714591203393,-0.014544682720520537,-1.715625398024104,-0.13489059276532583,0.1649284975265294,-0.06842799789491208,-0.45932152506754736,-0.3200674246479383
Mexico,MEX,2024,0.2560524874914488,0.025313682966070408,0.3845656406129597,-0.5212690802121475,0.0510449630860775,0.13693234718484226,-0.47238066646652666,0.05581322287201741
Moldova,MDA,1990,-0.22660239578284397,-0.09491114222113198,-0.05055929710966535,-4.338495372098685,144.52181116527598,25.38141229167513,-0.5891624136895828,24.81909833883032
Moldova,MDA,1991,-0.22660239578284397,-0.09491114222113198,-0.05055929710966535,-4.338495372098685,144.52181116527598,25.38141229167513,-0.5891624136895828,24.81909833883032
Moldova,MDA,1992,-0.22660239578284397,-0.09491114222113198,-0.05055929710966535,-7.220570375593765,144.52181116527598,25.38141229167513,-0.3189732812969079,25.269421786814288
Moldova,MDA,1993,-0.22660239578284397,-0.09491114222113198,-0.05055929710966535,-1.0824104728988824,227.46075549723426,22.507730877250943,-0.3189732812969079,35.83043650321989
Moldova,MDA,1994,-0.22660239578284397,-0.09491114222113198,-0.05055929710966535,-7.616580759987534,68.13810271352285,7.6081429623128844,-0.003752626838787205,11.920029395062361
Moldova,MDA,1995,-0.22760139666848778,-0.09491114222113198,-0.05055929710966535,-1.1264114259891225,3.6049686962937866,3.915067687263733,-0.07880516361453023,1.2356819433242574
Moldova,MDA,1996,-1.0294716786674063,-0.09491114222113198,0.2914801596003691,-2.1113905567190177,2.706014771501157,0.21240257914872188,0.3114680276193336,0.9381880901478391
Moldova,MDA,1997,-1.3909701330100641,-0.09491114222113198,0.00813186421885322,-0.4560399666832505,1.0476188833202005,1.651012585968718,0.3114680276193336,0.6814757597998983
Moldova,MDA,1998,-2.0657370380404294,-0.09491114222113198,2.2357236459850354,-2.257723362841425,0.47133992525604396,-1.4828920315819643,0.6266886820774542,0.8684870686281846
Moldova,MDA,1999,-0.3476032289105838,-0.09491114222113198,13.50395221202574,-1.5594388996144926,4.932264136011279,2.2675980538273914,0.7978084659261484,3.3305362648706436
Moldova,MDA,2000,-0.5728529141041733,-0.09491114222113198,2.530622724749029,-0.3546939917454626,3.807615844188099,2.184010304507788,0.4073851696187331,1.3946099723845933
Moldova,MDA,2001,0.1452802343137625,-0.09491114222113198,0.43978767818442377,0.5236314394382687,0.7637712540889358,1.625755079432603,0.23131191834283993,0.32811473058223417
Moldova,MDA,2002,0.22153449619991167,-0.09491114222113198,0.7251766744873653,0.8976410196734745,0.13288286012053083,1.8010797906339018,0.15310717502251572,0.22830854888139934
Moldova,MDA,2003,-0.4429110820630402,-0.09491114222113198,0.33978144055042486,0.633634208002887,1.043837407488917,1.3508496365249982,0.08300810567397178,0.3616917602967619
Moldova,MDA,2004,0.1493835124130048,-0.09491114222113198,-1.6893470099904788,0.8096387437992091,1.153832875615673,1.9197318103732903,0.08240768537976577,0.05895599470641495
Moldova,MDA,2005,-0.5648781000437161,-0.09491114222113198,0.25917082076651515,0.8316394084156191,1.0739589729187038,1.6492120475144547,-0.02882017412188535,0.3702641737835362
Moldova,MDA,2006,-1.0320881646947984,-0.09491114222113198,0.5462167905458724,0.23762386484577136,1.1896612222506153,0.8527593275018054,-0.23491444010807574,0.43618229397401603
Moldova,MDA,2007,-1.51524154238438,-0.09491114222113198,-1.1184918892769407,-0.1583863660609463,1.131625935721581,2.0436442271929756,-0.46172320624437113,0.45339597623106276
Moldova,MDA,2008,-1.622001295795817,-0.09491114222113198,-2.087697183756276,0.8976411269651876,1.1904091539651267,0.28670505855198575,-0.55959171419994,-0.07724652268994373
Moldova,MDA,2009,-0.7333448587930298,-0.09491114222113198,0.9263638527257837,-2.138438056334502,-0.6252941608257957,-0.6442335374872067,-0.42044431101771246,0.28760908804306695
Moldova,MDA,2010,-0.484126904459934,-0.09491114222113198,1.553738247028607,0.7436371065459606,0.44138659103100175,0.12260572905399626,-0.42824977484238974,0.19072277828057954
Moldova,MDA,2011,-0.8822465276310242,-0.08562585803863505,-0.7719388671641859,0.4616262885956669,0.47013648162220617,-0.09889757358409701,-0.4725307715400781,-0.07689090709563325
Moldova,MDA,2012,-0.5443441206871712,-0.004265929738037544,0.39881447434642625,-0.9481484600018938,0.02617906908573235,0.6506958733270117,-0.5457820474332034,0.2883048600395706
Moldova,MDA,2013,-0.26915986189535573,0.03954528377915572,0.5047182688379592,1.1712986576972089,0.03346472910961798,1.0680639635835674,-0.5900630441308917,0.021941486482507915
Moldova,MDA,2014,-0.37806824665288036,-0.05381149491920811,1.5781252825604788,0.2815427328034835,0.10285262711305573,-0.5038568967323064,-0.6567096967877515,0.08044647644052362
Moldova,MDA,2015,-0.364628054152689,-0.10697960747850947,4.770857136946283,-0.8928173854415906,0.7512730444578223,-1.095408994473107,-0.6070249174422097,0.7100231573720801
Moldova,MDA,2016,-0.07776487465236306,-0.17369054244099266,0.7805087348145108,0.20374617798818748,0.2824365955775899,-0.12671692774735702,-0.635544881416992,0.00014452506441923037
Moldova,MDA,2017,-0.35248738500456306,-0.23206883104327547,-1.0623697011217577,0.10025497338715997,0.31224952790886873,-0.20003458250133457,-0.6308916241368959,-0.22298325703957025
Moldova,MDA,2018,-0.9619288297203116,-0.22107803488580538,-1.348481624975297,0.0782507514052938,-0.18602156164957934,-0.2923017640576214,-0.6883818673071151,-0.2646552535086287
Moldova,MDA,2019,-0.7953221895470031,-0.1848532326938386,0.5990424889367357,-0.036874151440583855,0.06737438264817908,-0.2808720864013868,-0.6489042329630743,0.054854808644886024
Moldova,MDA,2020,-0.5813957479838083,-0.11263363081502127,-0.25315558076192995,-2.6391662732498107,-0.08412247262217525,0.56519261771707,-0.6933353347343141,0.37750108857389264
Moldova,MDA,2021,-1.1645127614914579,-0.115734957006927,0.24237760474732303,2.2462761820334274,0.10534396330433751,-0.0490802302456754,-0.7551786250375264,-0.23629080925434828
Moldova,MDA,2022,-1.742735447786786,-0.13772664188261383,0.923125565931821,-1.840957470931287,3.445485704630474,-0.4899593321068071,-0.7379165415791055,0.9409573819588345
Moldova,MDA,2023,-0.9979205119588906,-0.1793980386973969,-0.5995641632032099,-0.5570322514676135,1.2800175940721592,0.46691348582515724,-0.6386970879615732,0.2691749362088058
Moldova,MDA,2024,-1.6757229432636562,-0.09844250041289894,-0.3403525575941223,-0.7588545584189139,0.04475211703340447,0.1308145889840414,-0.6601621134794357,0.2158838623162227
Mongolia,MNG,1990,-2.6180440820606465,-0.4108519518624519,-0.05055929710966535,-1.5190031005852966,37.285688746079295,1.4448710632710846,-0.024016811768237792,6.054596990179425
Mongolia,MNG,1991,-0.12178178792160133,-0.4108519518624519,-0.05055929710966535,-2.7310332770193777,37.285688746079295,1.4448710632710846,-0.024016811768237792,5.871135259078716
Mongolia,MNG,1992,-0.08360886464606353,-0.44879850612601097,49.083258651707744,-2.8548791173089993,37.285688746079295,1.4448710632710846,0.004803362353647558,12.901187328462973
Mongolia,MNG,1993,0.9870001303690499,-0.5916826148063662,102.28576469380667,-1.5155559126278686,37.285688746079295,15.820561844777059,0.005103572500750497,22.19057028923089
Mongolia,MNG,1994,0.9858403821628741,-0.5007172116991908,5.5949012389941215,-0.34882718410891084,11.762693707336172,4.9886472076149,-0.017412188531972465,3.0272999365228666
Mongolia,MNG,1995,0.6997188831041823,-0.5591818798522693,1.179855133846655,0.5844468509277045,-0.6102782641618583,1.5148594785904346,-0.04878414890423299,0.027472083640977467
Mongolia,MNG,1996,0.02995537116283342,-0.5400485049537923,3.096745550212819,-0.3266701541890205,6.01129885022529,0.3849348523519386,-0.044280996697688375,1.3150520763092506
Mongolia,MNG,1997,1.0799831760563692,-0.6194205392766421,6.182447650600265,0.03889571210589513,4.550647708765161,2.2190709616813447,-0.032572800960672554,1.5973277275210276
Mongolia,MNG,1998,-0.46195505271789006,-0.5340629162793897,0.8599140146302799,-0.08359841557873207,0.7061555207222843,-0.9980911181060286,-0.010957670369258541,0.08121589984207278
Mongolia,MNG,1999,-0.30650663693055386,-0.5703451230262249,2.99583031150146,-0.1429048300476119,0.45284846451351046,1.444293301618339,0.002851996397478254,0.6821272025689612
Mongolia,MNG,2000,-0.3905569158129683,-0.5812659879834,0.7081922828941477,-0.5662633712511386,1.022559050813899,0.41117155330834854,0.025067547283098145,0.3632206761971715
Mongolia,MNG,2001,-0.2324637416124815,-0.5336245990744082,0.22581360257728514,-0.16879036724136354,0.27085342762733966,1.1709528086937522,0.04293005103572495,0.22545419995907695
Mongolia,MNG,2002,-0.5616055900150885,-0.42009262128230607,0.11201008131561166,0.22287877914185514,-0.48680386503791967,2.2084227583486906,0.05628940258180727,0.2583646523998739
Mongolia,MNG,2003,-0.3954395383150263,-0.24991686912481154,0.4111560289712086,0.7226561426617861,0.10853608956757589,2.758109681912952,0.14154908435905128,0.4060310587627452
Mongolia,MNG,2004,0.759519899312308,-0.17992372984497856,0.4276938367738572,1.5192465996915212,0.5484287656777284,0.6221027481171727,0.15400780546382467,-0.10092243897374639
Mongolia,MNG,2005,0.7972152083491281,-0.1368639564854451,0.18757263264487456,0.7774443600619407,1.1810124628747187,1.6619066037541712,0.17862503752626832,0.21394188741478842
Mongolia,MNG,2006,1.7155767809974072,-0.08150466447455348,-0.3504705146223753,1.0640170889193703,0.1037545687143189,1.6739021533916725,0.20534374061843283,-0.175509798041326
Mongolia,MNG,2007,0.869929393380506,0.1654524356357665,-0.16207963574031306,1.436218724516951,0.7448732683720226,3.251137920012505,0.20639447613329331,0.2713757637879738
Mongolia,MNG,2008,-1.1489698462272082,0.1293602502794559,-0.10612779154221803,1.1397283485712102,3.3350047093519293,-1.2854776168328428,-0.03902731912338634,0.291853389969848
Mongolia,MNG,2009,-0.5525085069106876,0.1379327435368945,3.250466403051704,-1.0975026467395814,0.4605609529210657,1.103340641715189,0.005253677574302033,0.9439379389213463
Mongolia,MNG,2010,-1.1529803415612894,0.006269321825570716,-0.8450022327462889,0.5819684406384744,0.803566459023864,3.7070509177508186,0.10867607325127593,0.6216532057182936
Mongolia,MNG,2011,-4.986795741989623,0.20677145154816304,-1.0050469180284585,2.985666559552597,0.5724662067063438,1.8396674280601475,-0.1585109576703693,0.4937823418646933
Mongolia,MNG,2012,-5.039394862695016,0.2116921538451797,0.9787438114545811,1.8920273667403933,1.4091127487514623,0.49716725753319846,-0.2882017412188533,0.8508402466171701
Mongolia,MNG,2013,-4.2778571077505845,0.5598603089392157,1.6831292816695418,1.7444247159903186,0.8663879098434049,0.8972056750635926,-0.23926748724106883,0.9001068685764219
Mongolia,MNG,2014,-1.5859977206398943,0.5473472120598255,2.6791715147160855,0.9163911894848681,1.1156274931752368,0.04046589188865938,-0.1541579105373762,0.6997229617796368
Mongolia,MNG,2015,-0.6397498244603,0.44315608647045196,1.1353235246436526,-0.2948260925501005,0.19428925581011341,-1.2803917194102454,-0.14470129090363262,0.1831788248029629
Mongolia,MNG,2016,-0.4043954473431261,0.4966696974195543,1.1700819040572719,-0.49064248430558827,-0.5127836889990741,0.6632677416273133,0.21164815370759535,0.4177031056373393
Mongolia,MNG,2017,-0.8747205934432916,0.40774894107030046,1.9292550062082425,0.4217415023732942,-0.008437130073861513,1.3572609032767091,0.08015610927649353,0.6027089886896974
Mongolia,MNG,2018,-1.414999958789427,0.46355546069221015,0.13911513481676333,0.8855145155164896,0.34815405839496916,0.7945375102553845,-0.06724707295106581,0.3153715049258855
Mongolia,MNG,2019,-1.5113032706004694,0.32332732879030385,1.0427687401408146,0.4141222272953344,0.41555110042755644,-0.3647622577357897,0.4801861302912037,0.42775029788846053
Mongolia,MNG,2020,-0.2573458947363323,0.2561673035109248,0.7449093893762916,-1.8211351669389706,-0.09009409992011255,0.4075060102420341,0.08826178324827381,0.4978902068761021
Mongolia,MNG,2021,-1.3354284647656731,0.2928357725093859,0.13048862189224883,-0.4583049219495491,0.42373181465368764,0.13697838049961897,0.3071149804863405,0.4406975652509292
Mongolia,MNG,2022,-1.291118017066956,0.1525413148720379,1.3964034580359506,0.2888213545866493,1.525107009470793,-0.40240442545203603,0.019363554488141636,0.5276153676993134
Mongolia,MNG,2023,0.44246236636509473,0.10158695609625301,1.4138368436159066,0.8145037366803674,0.8461649614905365,1.0915281792069746,-0.09711798258781151,0.29986183639662817
Mongolia,MNG,2024,-0.9218320880041233,0.23721504707337196,-0.35982808400124977,0.3084757326119166,0.25960773664751874,0.22537011492430387,-0.10012008405884117,0.12508586942533007
Morocco,MAR,1990,0.288678430401891,1.064605859073532,-0.05055929710966535,-0.06778536570325729,0.3422664297130063,0.6989159253927015,1.1523566496547586,0.42667035743224274
Morocco,MAR,1991,0.21059696201929762,1.064605859073532,0.7463016814544065,0.7691771421302206,0.5123870500764593,0.35593723483874723,1.1523566496547586,0.40740205299262655
Morocco,MAR,1992,0.21017105593710528,1.064605859073532,-0.3246692856596442,-1.2799181588187407,0.1949343340228724,-0.1974715865360438,1.1942359651756231,0.4287689127082821
Morocco,MAR,1993,0.16525231035963273,1.064605859073532,1.210282090009953,-0.9813380286534383,0.11618561293528674,-0.2939273675803272,1.2310117081957372,0.5920348029897126
Morocco,MAR,1994,0.11786904087538459,1.064605859073532,-0.19662303799493894,1.511017165668855,0.11032787274615397,-0.12998040813149114,1.2057940558390876,0.06074830499830054
Morocco,MAR,1995,-0.006669001638911111,1.064605859073532,-1.0690955556356574,-2.0076331225745663,0.2491173755369994,-0.35990429057287826,1.2352146502551786,0.44774859469580736
Morocco,MAR,1996,0.37876300010146735,1.064605859073532,0.24042784950298332,1.903700083370208,-0.19425424928320167,-0.39430172824475396,1.1313419393575503,-0.0620919161522236
Morocco,MAR,1997,0.3412166432556355,1.064605859073532,1.266343303944593,-1.161767070974769,-0.4696833812260363,0.31103825914969085,1.2308616031221855,0.6033880102547283
Morocco,MAR,1998,0.3305379652471,1.064605859073532,0.06425347564191977,0.7741194660157898,-0.22728633638669893,-0.4337350539793839,1.1308916241368958,0.07058173388905353
Morocco,MAR,1999,0.32418473005576354,1.064605859073532,0.24407718459626646,-0.44504035841671574,-0.5196375241248423,-0.12553158864143785,1.2181026718703092,0.2860674615906828
Morocco,MAR,2000,0.232356197928397,1.064605859073532,1.1345442606713194,-0.25030900913955206,-0.3486292528832835,-0.25721143833888416,1.1640648453917743,0.39647529787508756
Morocco,MAR,2001,0.8228811916489623,1.064605859073532,0.8513674687271995,0.8804421899928768,-0.5288223196696533,0.4521431434538923,0.9959471630141101,0.16170256185103446
Morocco,MAR,2002,0.7563599395960267,1.064605859073532,-0.40405110265843996,0.0022611917719945907,-0.221278213341905,-0.11991243348898928,0.8653557490243171,0.06087124674864193
Morocco,MAR,2003,0.7055350354937764,1.064605859073532,-1.9072690360734177,0.5392742320038466,-0.4513741086759938,-0.2996213974785104,0.9148904232963074,-0.2747967896222437
Morocco,MAR,2004,0.5499385332418946,1.064605859073532,-1.0944129764643264,0.18732622679465327,-0.40533610789939006,-0.2638274799885911,0.7512758931251877,-0.09785136745573368
Morocco,MAR,2005,0.5554733472410361,1.064605859073532,-0.055359059034691994,-0.11609037325532796,-0.4775362066342245,0.15461792582731565,0.7782948063644551,0.146462907372954
Morocco,MAR,2006,0.5985240745807684,1.064605859073532,-0.16136369071348608,0.8956214446473987,-0.15213973137791129,0.45025438544926605,0.5771540078054639,0.040623615858385344
Morocco,MAR,2007,0.35140407918077016,1.064605859073532,-1.0209640702003195,-0.061348979095364575,-0.32778764080109113,0.4105344860592672,0.5606424497148005,0.056710854822969024
Morocco,MAR,2008,-0.18075198405287005,1.064605859073532,-0.8139433506600326,0.4322276302468201,-0.09134924876866188,0.09982882721898194,0.5621435004503152,0.08140142016002636
Morocco,MAR,2009,-0.2384723527060365,1.064605859073532,0.5094823076834283,0.0056871268526469815,-0.4790597320786847,-0.36263689270974614,0.47057940558390887,0.20510802477226106
Morocco,MAR,2010,-0.11206667516577051,1.064605859073532,0.5817278504868372,-0.04848099190143804,-0.47599330543881313,-0.5688789499918426,0.4900930651456019,0.17887174090607486
Morocco,MAR,2011,-0.529130476401421,1.1403020261708208,-0.6007061515665134,0.3970500053067451,-0.48823849998614577,-0.40434850146844514,0.4630741519063345,0.03459478516438953
Morocco,MAR,2012,-0.7371114887612975,1.1609437546602668,0.8913742228387105,-0.14467044772716187,-0.4344989368907788,-0.5452142950515761,0.4750825577904534,0.3470670342622193
Morocco,MAR,2013,-0.4686237230105099,1.0704956374635564,-0.4161347462670221,0.08850684719531085,-0.35060526208077747,-0.6501005329089653,0.51110777544281,0.07783996392354295
Morocco,MAR,2014,-0.3154794282957528,1.0693050887171445,-0.04915750907354129,-0.22015432723043532,-0.5539101573767139,-0.4218579691656878,0.5816571600120083,0.1659529098056283
Morocco,MAR,2015,0.1269606028157795,0.959013855519542,2.2351286474560306,0.13742954539095076,-0.39622448087136763,-0.45920644473771416,0.545631942359652,0.3742790530742018
Morocco,MAR,2016,-0.09410638158980471,0.9985993797578747,0.011934052169047365,-0.7037398114898121,-0.38528369656564876,-0.5292000971924411,0.5216151305914142,0.20221585169140902
Morocco,MAR,2017,-0.014534072386162554,0.9978255489965343,-0.21715460897596828,0.29436297447016707,-0.509760144120827,-0.4698195099976228,0.5096067247072952,0.004409872646486687
Morocco,MAR,2018,-0.23332406613152998,0.9711577918116129,-0.497119455140633,-0.143944946876528,-0.36145189919762144,-0.5788021160627735,0.5174121885319725,0.06120936042151648
Morocco,MAR,2019,-0.053589590901490035,1.0254324988102035,0.297615589916438,-0.18237259311615628,-0.573546573055403,-0.599493219584162,0.5052536775743022,0.12731773681128927
Morocco,MAR,2020,0.22942553438970675,1.2292622606093955,-0.2274421030219673,-2.3976503884786426,-0.5166429509375376,-0.2632545174630813,0.8051636145301712,0.4564730225437023
Morocco,MAR,2021,0.07742011079543647,1.1242385846813334,-0.807941286994309,0.9756856857358742,-0.4182672147082458,-0.5029669982877257,0.7093965776043231,-0.13552087631941925
Morocco,MAR,2022,-0.08315442696272803,1.1560806285240726,1.7945695400340884,-0.4196008878573097,0.3245201028355744,-0.28879639671346247,0.538577003902732,0.5753865990575776
Morocco,MAR,2023,0.23930023557756197,1.0045237617643978,-0.09126813664876791,-0.014140953751830219,0.24453207957316977,-0.5895393663220969,0.46097268087661375,0.11486596248822642
Morocco,MAR,2024,0.21668435787669774,0.945438016879429,-0.31459649700054626,0.016158466496961513,-0.47716659529833066,-0.2894974721183075,0.4920444311017712,0.017625579884336644
Mozambique,MOZ,1990,-0.6909003498279022,-0.5003305949084069,-0.05055929710966535,-0.5983994550519337,0.29208261402614333,1.8540336155495678,-0.4483638546982889,0.34802318396274085
Mozambique,MOZ,1991,-0.6909003498279022,-0.5003305949084069,7.645703806570862,0.2652238955937796,0.29208261402614333,2.3725254104999247,-0.4483638546982889,1.3981848336749079
Mozambique,MOZ,1992,-0.6909003498279022,-0.46867111075693946,10.622565161605792,-2.485309429490141,0.29208261402614333,4.315390912737711,-0.41984389072350653,2.5025333523153206
Mozambique,MOZ,1993,-0.6909003498279022,-0.5430979791295873,7.582738021835817,1.5885548006047172,0.29208261402614333,4.043560479010593,-0.4396577604323027,1.4339958463619786
Mozambique,MOZ,1994,-0.6909003498279022,-0.5448249042822014,7.853713508108276,0.598473714269258,0.29208261402614333,2.8226186290570094,-0.4422095466826779,1.439115276540742
Mozambique,MOZ,1995,-0.6909003498279022,-0.5454815059469662,6.94524305577068,-0.3513548054942723,0.29208261402614333,2.6222629175557137,-0.46037226058240777,1.413712853735048
Mozambique,MOZ,1996,-0.6909003498279022,-0.5671011810338635,3.507550557592788,1.5347581081490398,0.29208261402614333,0.5267519474892574,-0.45962173521465033,0.35082920636264825
Mozambique,MOZ,1997,-0.6909003498279022,-0.5326418603413573,0.2624321381775542,1.780952214083971,0.29208261402614333,0.8765360270492522,-0.46907835484839394,-0.09438875717041006
Mozambique,MOZ,1998,-0.6909003498279022,-0.5167939624856966,0.35514311741324933,1.4628869697234532,0.29208261402614333,0.43112926439469595,-0.4780846592614831,-0.09835860654409175
Mozambique,MOZ,1999,-0.6909003498279022,-0.4991267494269677,1.022439519646901,1.781401153928531,0.29208261402614333,1.4552906682203761,-0.47463224256979897,0.10079328654228925
Mozambique,MOZ,2000,-0.6909003498279022,-0.4684492064624837,2.6652577038479595,-0.649827528082795,0.29208261402614333,1.9341074929919608,-0.4492644851395978,0.7592088567392399
Mozambique,MOZ,2001,-0.6909003498279022,-0.5354869674188949,5.037980763277012,2.009040092757107,0.29208261402614333,0.21616702632794826,-0.4483638546982889,0.4634628340835307
Mozambique,MOZ,2002,-0.6909003498279022,-0.5346263231307131,1.9820813181326473,1.3087229803986102,0.29208261402614333,1.849528856459954,-0.43875712999099375,0.3617838149894757
Mozambique,MOZ,2003,-0.6909003498279022,-0.556473328977208,0.011771895231875516,0.7695319480365761,0.29208261402614333,0.24527533315461206,-0.44551185830081064,-0.0759267061534374
Mozambique,MOZ,2004,-0.6909003498279022,-0.5842386180474965,-0.765027436975629,0.9866785030340978,0.29208261402614333,-0.4430789803416962,-0.431101771239868,-0.31816319225496315
Mozambique,MOZ,2005,-0.6909003498279022,-0.5413627560068996,0.24995838582182245,0.5702777984360683,0.29208261402614333,1.1027800116372313,-0.41879315520864613,0.11504109309449786
Mozambique,MOZ,2006,-0.6127297392925074,-0.5174565238071314,1.3850098981165535,1.3620022570343238,1.2557169557984371,0.8355814911875692,-0.41849294506154316,0.2558694797845813
Mozambique,MOZ,2007,-0.5297296478967592,-0.5142474639293781,0.19428704668050925,0.8644980979109643,0.5835296474830343,0.9020241735248273,-0.4117382167517263,0.05986953385615162
Mozambique,MOZ,2008,-0.7283017700499173,-0.42867090660530216,-0.8936179968656511,0.6948022844243895,1.4334908359165384,0.6128036320173791,-0.40723506454518166,0.05003856936333003
Mozambique,MOZ,2009,-0.8665976101502073,-0.3092881473992059,1.822891528749825,0.48600418377487364,-0.08092209420066106,1.5179510109592778,-0.39297508255779057,0.4197500917038256
Mozambique,MOZ,2010,-1.4495568473586276,-0.264065997474909,3.261558691113413,0.6511751327113456,1.1398770812847379,0.9276456473436921,-0.3851696187331133,0.782603931168729
Mozambique,MOZ,2011,-2.4446380105213317,-0.2797888082011467,-2.0889246553044525,0.7511301312559565,0.961930876162481,-0.3053548039900531,-0.37976583608525977,-0.056913621164722296
Mozambique,MOZ,2012,-4.658385796943431,-0.24720484280123853,-0.3886673440651497,0.9404329051844427,-0.2485814131569582,1.2766100131264044,-0.3784148904232964,0.5330992020626787
Mozambique,MOZ,2013,-4.123865178035995,-0.16465840482919006,0.8127055442767496,0.6273451107179222,-0.01410208966244971,0.32267139384868826,-0.3722605824076854,0.5829822755063123
Mozambique,MOZ,2014,-3.61531590056363,-0.08000128529430921,0.5362670809393245,0.8762055952002195,-0.254617727664856,0.7517972666393004,-0.3674572200540379,0.4750140599898332
Mozambique,MOZ,2015,-4.1650647769083635,-0.03981659126186701,3.843885150908486,0.8081193765302338,-0.11454185960114803,1.0370448806530177,-0.36010207145001505,1.1033449870895147
Mozambique,MOZ,2016,-3.7940096762507105,-0.05803520062308134,8.114680062973822,0.21496116367742954,1.8455491491524612,-0.1352670545106429,-0.3264785349744822,1.859928133513051
Mozambique,MOZ,2017,-1.847670956899794,-0.20351963298410403,0.06793578174865518,-0.23798286724546622,1.5197690002428224,-0.5034392230478296,-0.28369858901230866,0.38324302301321367
Mozambique,MOZ,2018,-3.272099094843569,-0.2537195829837725,-0.7755570081467195,-0.051698591080528315,-0.06357590451119838,-0.27348271606896224,-0.24241969378565,0.24500611148968487
Mozambique,MOZ,2019,-1.6175745374658552,-0.2720416792073576,0.47061481691213214,-0.30847125702477113,-0.22027699854487645,0.10528745279458875,-0.20459321525067556,0.25786231017063393
Mozambique,MOZ,2020,-2.7190521326021697,-0.21620619794326687,1.514033568146545,-1.0867055495492637,-0.12398719413126111,0.8308936948104533,-0.12098468928249777,0.8127866948216295
Mozambique,MOZ,2021,-2.2497227227921655,-0.23450661489589117,-0.8652902054055127,-0.295354123840392,0.2893862538048847,-0.7387876859465387,-0.06184329030321224,0.1334336148408982
Mozambique,MOZ,2022,-3.79686946708388,-0.28409255996708266,-0.3994259379649063,0.14286919656624417,0.8365277741175252,-0.23579849869370598,0.14470129090363248,0.5308446198447284
Mozambique,MOZ,2023,-0.9343862333230978,-0.3316887086517593,-0.04280358435832878,0.39247373941665614,0.39094343179029156,-0.6165372051980212,0.12548784148904227,0.009616324139666578
Mozambique,MOZ,2024,-0.9851333922169478,-0.35119256243643365,-0.04631444790427315,-0.34562779550452205,-0.039937980742513896,0.312980282828851,0.12653857700390275,0.19040500806728614
Myanmar,MMR,1990,-2.1506750800147056,-0.6284463101350208,-0.05055929710966535,-0.19866214485555866,1.8750528462107594,1.8856111174499621,-0.7500750525367758,0.6687029326785036
Myanmar,MMR,1991,-1.2275847099283073,-0.5849781313361487,-0.1730131230296885,-0.9615430587957084,3.945108717628373,1.8295122670636221,-0.7500750525367758,0.922240349501914
Myanmar,MMR,1992,-0.21740353142815227,-0.5632244310989425,-0.4539835583970035,1.307059100542822,2.4809252398402184,1.6311972227566283,-0.7548784148904234,0.17862578415654395
Myanmar,MMR,1993,-0.5211612960226033,-0.5913361400982844,0.07096839193418263,0.5103012541865674,3.8828553037855587,1.1015420294694296,-0.7574302011407987,0.5310656322551605
Myanmar,MMR,1994,0.0066600592787929135,-0.6015225266266274,-0.46892306123132443,0.8267900880592721,2.789848587918138,1.5588217865963268,-0.7634344040828581,0.24019146217651283
Myanmar,MMR,1995,-0.2350114721856679,-0.5672833384532615,-0.779609170216341,0.7102075282609955,2.9447538755256817,1.9794203528961616,-0.7611828279795858,0.3344146908139039
Myanmar,MMR,1996,-0.19588489183268512,-0.5245477947228158,0.5749228324345024,0.5990306922015763,1.6840403167896232,1.9877788480548662,-0.7613329330531373,0.3653879241620211
Myanmar,MMR,1997,-0.7092990016592664,-0.5082820387378021,0.7247578498532189,0.4249770334047531,3.581169088843804,1.1829953982551975,-0.7596817772440709,0.6436114984606943
Myanmar,MMR,1998,-0.5765784278681598,-0.5216391819906236,0.17912149928493848,0.4721969053892918,6.661152918046713,1.5929272467019249,-0.7584809366556591,1.0367804382665944
Myanmar,MMR,1999,-0.04163755565275685,-0.5561578979167588,-0.17851931868088194,1.589587716949496,1.9844929225653125,1.2901703405499902,-0.7617832482737917,0.03289323384959015
Myanmar,MMR,2000,0.07720981591810624,-0.5255575557884334,0.46925339881191447,2.2057798958305757,-0.6318592674785173,2.236569750513765,-0.7674872410687483,-0.21458151810838585
Myanmar,MMR,2001,0.07884196432110925,-0.493554593663641,0.45354672823997566,1.67734076243163,2.3661653524686965,2.324652359299827,-0.7709396577604324,0.3033839231188124
Myanmar,MMR,2002,0.5429881222353449,-0.507722739808599,-0.27451370422409316,1.827278268570622,7.4508500562465665,1.733807150781777,-0.7715400780546384,0.751516327733578
Myanmar,MMR,2003,0.34620983132388494,-0.6424189271791041,-1.1223761733315798,2.227355051424617,4.555397322061364,-0.8228424325827276,-0.7713899729810869,-0.1967421523945195
Myanmar,MMR,2004,0.49766285208626043,-0.6285275973056744,-0.8182595454556266,2.165899690153826,0.0244658749611711,1.4773779271575995,-0.7727409186430502,-0.4830352573608096
Myanmar,MMR,2005,0.9684541742200812,-0.6303188256854234,-0.02050295357359916,2.166843163899275,0.7077917421740426,1.1265811880159962,-0.7734914440108077,-0.3893196615998783
Myanmar,MMR,2006,1.0450971810228205,-0.647129424475646,0.009689412036091397,2.058413637856369,2.210003251947028,1.126771625995719,-0.7728910237166017,-0.16815242529894267
Myanmar,MMR,2007,1.2140184996448817,-0.6569022033107884,-0.5979648667898857,1.8197808706151197,4.3341731117120395,1.3182176860462729,-0.7716901831281898,0.08457631060992106
Myanmar,MMR,2008,0.8523108382055462,-0.66342524776492,-0.4924724755821954,1.4378223537678476,3.171590152478372,0.2157826754180248,-0.769288501951366,-0.11827808419649699
Myanmar,MMR,2009,0.6988424307000749,-0.6558581050190905,0.3002500859591341,1.5026588575395892,-0.4083186478849828,1.37076795952181,-0.7674872410687483,-0.33744960524736306
Myanmar,MMR,2010,0.7613400229350263,-0.6279501393171795,0.09791404949495643,1.3012282883303463,0.4745367271703319,2.2409272712703436,-0.7655358751125789,-0.09181089682278556
Myanmar,MMR,2011,0.047150904420549845,-0.585276824192979,-0.5295827474980843,0.41175456028559637,0.0933364212761603,1.3681233719346213,-0.7619333533473434,-0.12489122807625305
Myanmar,MMR,2012,0.10908443255909393,-0.5300223742354591,1650.8097872943988,0.7948259148692006,-0.40899144099815443,1.5117283794811975,-0.759081356949865,235.67421573632402
Myanmar,MMR,2013,0.2890850955217014,-0.45397324092274394,6.4185089198756184,1.0353649083396088,0.18119435802476266,1.4285536093873699,-0.7580306214350045,0.7845432887240988
Myanmar,MMR,2014,-0.09912289982114944,-0.394985379562478,0.7189707186403572,0.9790228552890659,0.08370211181971852,0.6606565531378906,-0.7598318823176224,-0.08162683339286435
Myanmar,MMR,2015,-0.2757176001989222,-0.3399075961608536,2.511857753644178,0.7200613326747377,0.7198844609077603,1.3733739046611229,-0.759381567096968,0.43735474621134635
Myanmar,MMR,2016,-0.005841127985356148,-0.25636723420207874,0.8287612499678297,0.4713740315697558,0.3629356958086157,0.4033266849670816,-0.7155508856199341,0.02251037247673063
Myanmar,MMR,2017,-0.550958189635807,-0.20260703335091335,1.387263908031926,0.5315753721352836,0.0298826681150768,0.6302533585602496,-0.6708195737015913,0.17047944930789585
Myanmar,MMR,2018,-0.09756833260944867,-0.1657759111352886,0.6717687428609687,0.5607820066451816,0.35495010212706946,0.19217050080066217,-0.7592314620234164,-0.024190243057962517
Myanmar,MMR,2019,0.37989226502865997,-0.156537905698882,0.8246790300543424,0.6290383124474915,0.6309627170219532,0.26362628866396687,-0.8132692885019515,-0.0370671051338175
Myanmar,MMR,2020,0.37989226502865997,-0.1059931838936896,-1.3238878225884556,-2.8090918492221695,0.6309627170219532,0.4567659132521712,-0.6528069648754129,0.20489146330143937
Myanmar,MMR,2021,0.37989226502865997,-0.1059931838936896,-0.05055929710966535,-3.4620744268401724,0.6309627170219532,0.4567659132521712,-0.22290603422395686,0.5414931824083321
Myanmar,MMR,2022,0.37989226502865997,-0.1059931838936896,-0.05055929710966535,0.0698680864620881,0.6309627170219532,0.4567659132521712,-0.41459021314920447,0.00954651209011669
Myanmar,MMR,2023,0.37989226502865997,-0.1059931838936896,-0.05055929710966535,-0.6075398591831092,0.6309627170219532,0.4567659132521712,-0.42749924947463236,0.10447492770722662
Myanmar,MMR,2024,0.37989226502865997,-0.1059931838936896,-0.05055929710966535,-1.03225939213942,0.6309627170219532,0.4567659132521712,-0.44100870609426607,0.1632192243267519
Namibia,NAM,1990,0.49078687364639917,0.6838212857580455,-0.05055929710966535,-0.36795068836242045,0.3922407508986966,1.3457755454369613,1.998649054338037,0.606727307719728
Namibia,NAM,1991,0.8020298759757456,0.6838212857580455,0.9009316135629444,0.9780779410228737,0.3922407508986966,1.3457755454369613,1.998649054338037,0.5059014904280094
Namibia,NAM,1992,0.5479945314031838,0.6838212857580455,0.4141780620901586,0.7632929500674612,0.3922407508986966,2.5395145763471385,1.9620234163914745,0.6686415157164098
Namibia,NAM,1993,0.7875319311758275,0.6838212857580455,2.0118612619154943,-1.1659112779415624,0.3922407508986966,0.5470743693400233,1.9893425397778448,0.8575313649222627
Namibia,NAM,1994,0.6563025289342332,0.6838212857580455,1.1750330832793892,-0.4378202078564323,0.3922407508986966,1.3922904616343301,2.037676373461423,0.7803685191362977
Namibia,NAM,1995,0.9150935909195073,0.6838212857580455,0.25341920639107723,0.03940186550329373,0.3922407508986966,0.780376773527161,2.3288802161513065,0.49774896804335506
Namibia,NAM,1996,0.727289562020661,0.6838212857580455,2.5718620451820944,-0.1162939729489291,0.3922407508986966,0.889418563514754,2.5546382467727415,0.9258550432935143
Namibia,NAM,1997,0.6374601725586952,0.6838212857580455,0.9650602162904125,0.11004264397919704,0.3922407508986966,-0.2832595575798336,2.795706994896428,0.5437238391036938
Namibia,NAM,1998,0.8850270474864728,0.6838212857580455,2.7753057863930914,-0.09423590801376351,0.3922407508986966,-0.10275803313946646,2.5905133593515464,0.7926188585413149
Namibia,NAM,1999,0.28058323739390695,0.6838212857580455,1.4369356119506158,-0.07714304588767673,0.3922407508986966,0.5534458223423507,2.3781146802761937,0.7487311371028103
Namibia,NAM,2000,0.9720658769942181,0.6838212857580455,1.8724165810462532,-0.05010325484692517,0.3922407508986966,0.09170953268193344,2.172770939657761,0.6129994954136281
Namibia,NAM,2001,0.4053529892301559,0.6838212857580455,3.352892195722188,-0.5592481458271201,0.3922407508986966,-0.4241431544070846,2.2791954368057645,0.9197002387677963
Namibia,NAM,2002,0.685471427492746,0.6838212857580455,3.1238865708429513,0.23512930392442255,0.3922407508986966,0.25032574373605215,2.3586010207145005,0.8411820915047253
Namibia,NAM,2003,1.035101501314443,0.6838212857580455,-4.045234074221439,0.11437543508821069,0.3922407508986966,-0.7229679335093475,2.4435604923446417,-0.3425794878760082
Namibia,NAM,2004,1.2030653942502236,0.6838212857580455,-2.117415477667635,1.8809672945530886,-0.03173087148821563,0.775019597797508,2.441459021314921,-0.19041130472695547
Namibia,NAM,2005,0.930309289906558,0.6838212857580455,-0.23142714100740966,-0.26195132893288164,-0.29388414956409487,-0.5014907244247953,2.4441609126388477,0.204688888918131
Namibia,NAM,2006,2.0407809408635913,0.6838212857580455,0.8148022704958083,0.737735499310324,0.08481418438247812,1.300504443105038,2.405133593515461,0.358651333868988
Namibia,NAM,2007,1.4140168503445254,0.6838212857580455,0.5500082713508603,0.36391690421673134,0.3090906379411525,0.3070955718661601,2.4459621735214654,0.3597205979823467
Namibia,NAM,2008,0.35551852771365305,0.6838212857580455,2.350936280290069,-0.23542977450134073,0.669066340487929,0.09918107265535056,2.428700090063044,0.8730880451488751
Namibia,NAM,2009,-0.06924027082000804,0.6838212857580455,0.4142439545539176,-0.7532883125443747,0.7195388151362967,3.494905572812837,2.46862803962774,1.22909517875046
Namibia,NAM,2010,-0.11589096839861236,0.6838212857580455,-2.0303567113380323,0.5102658889091114,0.07262347535322305,-0.10479835595994161,2.4459621735214654,0.09612527811775158
Namibia,NAM,2011,-0.47733165528632854,0.6838212857580455,-0.10889947701197901,0.30171996104803667,0.09109396484542749,-0.019406967867719106,2.049834884419094,0.4102936263401658
Namibia,NAM,2012,-0.6917666967701793,0.6838212857580455,1.6816881253550617,0.29519545589348617,0.3337013664664203,-0.5726639822053785,1.6430501350945665,0.5951668816207727
Namibia,NAM,2013,-0.6490541490307392,0.6838212857580455,2.636832009948409,0.4168668872153677,0.1752417205790678,0.06111641511082956,1.9818372861002702,0.8244337113302846
Namibia,NAM,2014,-0.7962350941140313,0.6838212857580455,1.5352754838011875,0.5219855238676098,0.13979834312454056,-0.3013246201027227,1.9057340138096672,0.60536486809102
Namibia,NAM,2015,-1.3311064449143373,0.6838212857580455,2.6101634028677263,0.1197392280205295,-0.13669710741458102,-0.20874811180672684,2.2464725307715403,0.9151970310099732
Namibia,NAM,2016,-1.6695466209454795,0.7473178927829025,1.9559515610324472,-0.810968637217592,0.3346320723814902,-0.4326296572455808,2.6308916241368965,1.1023826787501751
Namibia,NAM,2017,-0.17743891425956573,0.6721630362948335,-1.3932869061800386,-1.0444040770077025,0.2522578339027274,0.14886643448726267,2.3901230861603127,0.47028092513319514
Namibia,NAM,2018,-0.0700613720930264,0.68846795115874,-0.13447544581247164,-0.5852108453208731,-0.009827979025107049,-0.40786486006963013,2.109276493545482,0.41440691103013044
Namibia,NAM,2019,0.1506750003292082,0.7985893594686362,1.248166556056227,-1.0030218954220826,-0.09028193763624968,-0.10393989219222244,2.1170819573701594,0.6888518483084892
Namibia,NAM,2020,0.8604103941006706,0.8377553661995578,1.9222062060050213,-2.6007584855090653,-0.3041407705957407,-0.28414179754346525,2.2782948063644555,0.8843317002626035
Namibia,NAM,2021,-0.9594186763894398,0.7532552519787482,-1.4983269740526046,-0.02554053261618772,-0.1051924104152994,-0.380669992857827,2.2674872410687485,0.2887874749610562
Namibia,NAM,2022,-1.1837244743609086,0.5926655537187189,1.4594058448076888,0.3693467839828973,0.2431383493774929,-0.380669992857827,2.0699489642749924,0.6855523442427253
Namibia,NAM,2023,-1.4881543356513944,0.47778020330924825,1.7578081695276744,0.13311688575068634,0.21467873657336214,-0.380669992857827,2.0007505253677578,0.7750550131172746
Namibia,NAM,2024,-1.288487352074863,0.45598831851421284,-0.14080004977235513,0.012891837432523121,-0.017255992519213795,-0.380669992857827,2.001200840588412,0.4562940912279384
Nepal,NPL,1990,-0.6162571547389892,-0.45461714074344717,-0.05055929710966535,0.20133095163550938,0.5482232310379869,0.49827233124322723,0.6964875412788952,0.23610469554435382
Nepal,NPL,1991,-0.5903574099518003,-0.44286588768236207,3.748501216475767,0.5826259758964731,1.5825615269294253,0.7902638203981742,0.6964875412788952,0.9118113787793182
Nepal,NPL,1992,-0.2899227834555599,-0.44147638401532024,2.024006069289554,0.08502938131894607,1.8075950572855286,0.6273116311910167,0.6976883818673073,0.7028597368221
Nepal,NPL,1993,-0.38236667769721716,-0.4165858946057297,1.9002059324159912,0.028585460865707398,0.44443166372922377,0.9586202146404088,0.7005403782647855,0.5629990730394556
Nepal,NPL,1994,-0.7003288372280456,-0.33086404975611283,0.1795007681615746,0.9891640717036239,0.563712872446054,0.4426294085409496,0.6954368057640349,0.18022579581156029
Nepal,NPL,1995,-0.631767998933041,-0.23858347529036683,0.6634521250068967,-0.05532431438375734,0.4610505164741354,0.2551419543057298,0.6976883818673073,0.3608345450972144
Nepal,NPL,1996,-0.5237082042959571,-0.23068754806707545,1.2586874158774217,0.35384944709833177,0.6868510520164384,0.018438569483002477,0.693635544881417,0.3709691130555471
Nepal,NPL,1997,-0.6061025355842043,-0.21587307687214874,0.2782781848506293,0.2923200856071181,-0.04963148347802414,1.2905134057651892,0.7035424797358152,0.33151599428264955
Nepal,NPL,1998,0.19778776251742697,-0.1128866182687928,1.8924462759841987,-0.15478063722906707,0.9729364168239515,-0.056424504352439064,0.7056439507655359,0.47981548509487054
Nepal,NPL,1999,0.1756249697510998,-0.10829844917199963,0.434876887769668,0.15238780196418175,0.4367591552797126,0.7137267863369897,0.70909636745722,0.26544971085090124
Nepal,NPL,2000,0.07494047709288425,-0.06961559855664995,0.5412800890286251,0.5456319207546861,-0.26605669055487435,0.5057770533124754,0.7063944761332934,0.1138867045021856
Nepal,NPL,2001,0.03001178594520607,-0.09665996010847225,0.7167387327087485,0.23760017151460006,-0.23644693890336935,0.35391427259603236,0.7020414290003003,0.16742508254763336
Nepal,NPL,2002,0.8081427820332412,-0.23777594999785,0.5020655960692272,-0.7919714223425575,-0.18823426759774226,-0.68156945364468,0.7157009906934855,0.01343079369025094
Nepal,NPL,2003,0.7205792536686305,-0.16721432541123912,-0.36580966297530554,0.049527307952149276,0.19023635848002393,-0.12712255126138508,0.7233563494446112,-0.07380862762058206
Nepal,NPL,2004,0.5385372524696518,-0.1466352520356614,-0.5091423677521261,0.2117959432595485,-0.21474918887947336,0.08322120936281938,0.7245571900330231,-0.11615451500008836
Nepal,NPL,2005,0.6014020983155649,-0.11152722323658865,-0.49343910185186607,-0.052963838746905,0.3498621958812593,-0.16189319819528072,0.715250675472831,-0.03574070164261499
Nepal,NPL,2006,0.573784900670112,-0.016144518884138155,0.22463684202769715,-0.07816907427317485,0.36173574209271925,0.3693008023881582,0.7181026718703093,0.16600224472825836
Nepal,NPL,2007,0.37551774424301376,0.07287717437404462,-1.2836148746217588,-0.0678407953769094,-0.2956830411320417,0.4825292671117992,0.7230561392975082,-0.08693032626236467
Nepal,NPL,2008,1.090982762445074,0.3826365522955082,0.6624028135583724,0.5246519898022297,0.7840074279597233,1.9725614709818227,0.7163014109876914,0.4146107033622592
Nepal,NPL,2009,0.3893277446804432,0.5448498467938151,1.5337893605407606,0.17889969036078449,0.9517847635710257,1.2961253061799025,0.7140498348844193,0.6389102395612423
Nepal,NPL,2010,0.27021504946241715,0.4459488098848539,-0.8368669282197152,0.24123521717785867,0.7018390731851799,-0.1732165305848642,0.711197838486941,0.04820742801601707
Nepal,NPL,2011,0.5340310604577292,0.26995101107827235,0.09576040288384165,-0.06558608394015085,0.6877851876895565,0.49291600350725245,0.7208045631942361,0.25696745597651155
Nepal,NPL,2012,0.6974884659875464,0.320165910794032,2.0914054641599424,0.2090543798855096,0.7206813591948368,0.2131634728937102,0.7215550885619934,0.45148977853306554
Nepal,NPL,2013,1.0151063660497093,0.35697889905757835,1.2540986152414813,-0.04284970820301016,0.6613657929386636,0.7120870633843187,0.726658661062744,0.39127605340544097
Nepal,NPL,2014,0.638463376366658,0.4432989244450526,0.6289485051071009,0.5041570696154707,0.5658144068073725,0.3073384647423261,0.7197538276793755,0.21750481182844267
Nepal,NPL,2015,1.609643377261098,0.4959177700201944,0.6529005465411472,0.0563508981605527,0.49581318283212433,0.9157971543310921,0.7232062443710598,0.23109151752485244
Nepal,NPL,2016,0.2841914742354367,0.7746688820458933,0.6373208830846128,-0.7231161093403071,0.626054652880992,0.3970667770163758,0.7338637045932154,0.5154142192465657
Nepal,NPL,2017,-0.071643832647581,0.7606224888568366,-0.42896289003983595,1.156649300848366,-0.2239043859264087,0.001268338936984455,0.7257580306214351,-0.03574626939311053
Nepal,NPL,2018,-0.6568575562092613,0.9144226049079553,0.5475833025730902,0.8585628198147327,0.006427292824801522,0.5725286508554109,0.7157009906934855,0.36499393974989597
Nepal,NPL,2019,-0.2650441405192343,0.9709228658091097,0.42734743203674913,0.6461867391427215,0.17032785805821835,0.13664966192523134,0.6982888021615131,0.288913431623905
Nepal,NPL,2020,0.33765272802542917,1.1755618424836622,0.670103407756415,-1.3397337296234568,0.09826914587361225,0.7455298600595962,1.0825577904533175,0.6820147211749473
Nepal,NPL,2021,-1.425764383565314,1.5034305121231262,-0.07579814579937554,0.24601703452690438,-0.033125209915058684,0.20106971159582354,0.9630741519063345,0.5340569098498943
Nepal,NPL,2022,-0.34378540235148086,1.3054683737405854,0.7956549286948442,0.4205178678736409,0.46772719760811693,-0.3159898004883204,0.7259081356949865,0.41457662424686464
Nepal,NPL,2023,0.6715043075072684,1.2427513337180156,0.731019774660548,-0.38223159155695036,0.389374174458638,0.19140671068273432,0.6922845992194536,0.4225091252555816
Nepal,NPL,2024,0.8478947381007524,1.2370633501228754,0.12198944639046988,-0.009250119244503972,0.045792622279428284,-0.0532704163587259,0.7017412188531973,0.17352451463299948
Netherlands,NLD,1990,0.6822384373237153,1.6450639273035481,-0.05055929710966535,0.10192940291858875,-0.26955223726983635,0.473007453350889,0.21915340738516964,0.17613505905968582
Netherlands,NLD,1991,0.6500168034187745,1.6450639273035481,0.32803673269093575,-0.2817800756012894,-0.17002912395724687,0.48593769195437225,0.21915340738516964,0.30570370107989914
Netherlands,NLD,1992,0.6014621286699342,1.6450639273035481,-0.8920748458803581,-0.44305821066320694,-0.16644059552210128,0.36031298237804316,-0.040528369858901306,0.10684702577335761
Netherlands,NLD,1993,0.8294831672951911,1.6450639273035481,0.7447092264981119,-0.5417349304553629,-0.2511642951213015,0.42865150525755996,0.06934854398078652,0.33555152443983954
Netherlands,NLD,1994,0.9315183817047611,1.6450639273035481,-0.3347848979850722,-0.16694628380327386,-0.22044324211235974,0.5660583793186961,0.20024016811768233,0.1559374623915725
Netherlands,NLD,1995,1.0717414649392636,1.6450639273035481,-1.7167027435294253,-0.13285784421544627,-0.34458815750160754,0.26720293076719565,0.1999399579705794,-0.12685252938764674
Netherlands,NLD,1996,0.957331662808621,1.6450639273035481,0.656333092659895,-0.06584422732692785,-0.31765271297551323,0.21240257914872188,0.0894626238366857,0.1991602963559492
Netherlands,NLD,1997,1.1108526905140603,1.6450639273035481,2.1765743258866435,0.11628501302626004,-0.31829474290646453,0.3265114560108266,-0.04713299309516663,0.36508346709415235
Netherlands,NLD,1998,0.7358228901132453,1.6450639273035481,0.18483322314488992,0.20411774729266172,-0.3395121592161155,-0.04345367287078846,-0.21480036025217655,0.0417414743862072
Netherlands,NLD,1999,0.8014479591858098,1.6450639273035481,-7.507149226197828,0.291160572095783,-0.31151950565611114,0.11793733887744783,-0.3306814770339238,-1.0684224962840656
Netherlands,NLD,2000,0.5834418209014917,1.6450639273035481,2.1272494691330825,0.10995465087059106,-0.2827776735909033,0.027449905021994327,-0.4653257280096068,0.33689477544086177
Netherlands,NLD,2001,0.6490832656431699,1.6450639273035481,0.39150602043557015,-0.3072016917215258,-0.02901572779964438,0.13684968154209043,-0.5562894025818074,0.17803327499687324
Netherlands,NLD,2002,0.6553949656014066,1.6144719119488324,-0.797884946391231,-0.7643197072143434,-0.1517482897070565,-0.05059008541879092,-0.49099369558691097,0.03316851949396855
Netherlands,NLD,2003,1.0028591919906709,1.6051868603882473,-2.3719210397438095,-0.7968749624119776,-0.3207325785712341,0.05079184711545112,-0.3350345241669169,-0.22538480922242218
Netherlands,NLD,2004,1.1967922879617252,1.6904480130300603,-1.3329471871124154,-0.37480972438962595,-0.4378170459123338,0.1115792174037317,-0.1769738817172021,-0.13824192112575123
Netherlands,NLD,2005,1.1151414970530635,1.7672447551617134,-0.05269688515556709,-0.37090848386565006,-0.37781791377294005,0.17988702812832497,0.007054938456919801,0.11134841566157679
Netherlands,NLD,2006,1.3268198050142102,1.7040211816030821,-0.18024437090542933,-0.040178247415062665,-0.4607358524692144,0.43133023522234765,-0.12278595016511568,0.01213481224093184
Netherlands,NLD,2007,1.0933330898764557,1.6988467349016803,-1.2365727690965245,0.03641182528094974,-0.38831593753510263,0.38255264135439704,-0.25097568297808476,-0.13202998978729144
Netherlands,NLD,2008,0.8713045696193958,1.6449839313616426,-1.0152386027355782,-0.3527075467094898,-0.2649708988673325,0.2157826754180248,-0.32527769438607035,-0.03761680173131711
Netherlands,NLD,2009,0.7820864136299823,1.7747932155632993,0.7201193381820146,-1.6247865405555506,-0.4482583814029935,-0.10962757218361394,-0.22110477334133893,0.3655174219632765
Netherlands,NLD,2010,1.160310415479771,1.7048303318080495,0.6865506805467333,-0.5281384148388403,-0.43616918614519073,0.039261340737993686,-0.12518763134193944,0.17673050499495938
Netherlands,NLD,2011,1.235568181665031,1.7160759376780925,-0.7238552770659071,-0.4282667411761963,-0.285527167291716,-0.0005962755242289513,-0.12728910237166016,-0.03264190358060778
Netherlands,NLD,2012,1.2956518941095705,1.7698974421045939,1.1296197989301773,-1.033530960954264,-0.26934618331262467,-0.12102077033290991,-0.0006004202942060114,0.3209184191342463
Netherlands,NLD,2013,1.344994828346153,1.704287018130737,-0.5121594174915177,-0.8250568073298717,-0.2620879199632082,-0.09347300160619954,0.21254878414890419,0.07559677745749063
Netherlands,NLD,2014,1.4246757543579875,1.7524792422572197,-0.054635615170529964,-0.4636314204843079,-0.47847002326390126,-0.1968147494985861,0.2392674872410687,0.042968858241655916
Netherlands,NLD,2015,0.9677845395744515,1.6431857769083311,2.7420359539051264,-0.3518506398887134,-0.5315861695772266,-0.20207417092530003,0.15716001200840585,0.4561125003762284
Netherlands,NLD,2016,1.2516533883359307,1.6982124237460121,-0.017200209629603138,-0.28504797143992094,-0.5716694032301517,-0.254805750009089,0.027319123386370388,-0.012107033233210138
Netherlands,NLD,2017,1.3633232905913037,1.6243589158607212,-0.3358457508938759,-0.20645583171764031,-0.421164834540391,-0.2680563091375293,-0.1483038126688683,-0.10083989289337238
Netherlands,NLD,2018,1.4606931807693198,1.5045965480900803,-0.6648566224766168,-0.3214697162938305,-0.3756457343198101,-0.35550796632544907,-0.29915941158811177,-0.18997095015648524
Netherlands,NLD,2019,1.208483052922773,1.395346532574793,0.7264744674782448,-0.31235487362416836,-0.24416510955668233,-0.27569498522850505,-0.3671570099069349,0.04838224515175867
Netherlands,NLD,2020,1.0758445998420938,1.4323155461626302,-0.33202044757082044,-1.6693851502156165,-0.436571361678462,0.09099330671142151,-0.3009606724707296,0.1496138459325089
Netherlands,NLD,2021,1.6386575593780792,1.2928327860498663,-0.5355792331948978,0.562536271348892,-0.23822559270667723,-0.07947011832487784,-0.24256979885920155,-0.28631511253753705
Netherlands,NLD,2022,1.2115710297607942,1.1837409337403937,1.6919852900189463,0.2832166859841964,0.7972060510167424,-0.30297263958352094,-0.3450915640948665,0.2185829079075292
Netherlands,NLD,2023,1.5319008136675536,1.1116686390222115,-0.41982883576892094,-0.9499804615475212,-0.07388583514132874,-0.32375104636115315,-0.3437406184329031,-0.09020829268601813
Netherlands,NLD,2024,1.4977172437041315,1.0439095604986335,-0.06509322817147975,-0.5821545532909488,-0.14326580765198146,-0.26606012626733333,-0.3189732812969079,-0.09500651047175025
New Zealand,NZL,1990,-0.039336691668225024,2.478463292965273,-0.05055929710966535,-0.7882875671156893,0.2455642793691037,-0.1265322662453603,0.7188531972380668,0.5847733521430475
New Zealand,NZL,1991,-0.039336691668225024,2.478463292965273,0.4332010470077951,-1.055100623571052,-0.2485901355849724,-0.7578814254854727,0.7188531972380668,0.5312118987685668
New Zealand,NZL,1992,-0.039336691668225024,2.478463292965273,0.9964326306512634,-0.5761943841225489,-0.47302462439781573,-0.5876409928274905,0.7268087661362954,0.5366528783311857
New Zealand,NZL,1993,-0.039336691668225024,2.478463292965273,-0.1362698082617135,0.5860317847665022,-0.4343455244152441,-0.42334845867501,0.5972680876613631,0.21929607088234157
New Zealand,NZL,1994,-0.039336691668225024,2.478463292965273,-1.30442147453983,0.306193872013567,-0.3697261508894619,-0.20769927402332922,0.3796157310117081,0.1013392777398597
New Zealand,NZL,1995,-0.039336691668225024,2.478463292965273,-1.4150451367264498,0.22371091495008139,-0.08568111196205606,-0.1876664873844337,0.09546682677874516,0.10016616576988889
New Zealand,NZL,1996,-0.039336691668225024,2.478463292965273,-0.6914781583249657,-0.02839833123711564,-0.29335169980521186,0.1596145130971859,0.069798859201441,0.25582597571986615
New Zealand,NZL,1997,-0.039336691668225024,2.478463292965273,0.5093583346428192,-0.36177823300934814,-0.44862991606405483,-0.3906280289532264,0.15490843590513362,0.3863695775962168
New Zealand,NZL,1998,-0.039336691668225024,2.478463292965273,3.2782438737067787,-0.6302572176333898,-0.4375913570114347,-0.8555527912359389,0.2841489042329631,0.7739008331370364
New Zealand,NZL,1999,-0.039336691668225024,2.478463292965273,0.11124233718507696,0.3659208930981797,-0.6325803626289421,-0.3528090619916176,0.17982587811468023,0.20822255460207367
New Zealand,NZL,2000,-0.039336691668225024,2.478463292965273,2.282116506787459,-0.18725317567153535,-0.24677502075099123,-0.7660982919903091,0.0457820474332032,0.5742969145406278
New Zealand,NZL,2001,0.27281287939931653,2.478463292965273,1.0910508056535348,-0.0669576180732879,-0.24527931509687897,-0.2106779885260572,-0.05884118883218259,0.40698004926252296
New Zealand,NZL,2002,0.10987155696315629,2.478463292965273,-1.3386591493670956,0.21895552007535093,-0.23803159625935105,-0.8593504617533445,-0.08150705493845695,-0.052558863770211725
New Zealand,NZL,2003,0.07147417135630153,2.478463292965273,-2.93040609228413,0.22131594229660687,-0.3685675991336485,-0.17976992365248026,-0.16211347943560495,-0.2078834164562142
New Zealand,NZL,2004,-0.18822765655079474,2.478463292965273,-1.8040072615229552,0.08153770456280325,-0.29271055594955064,-0.6178729264925483,-0.27319123386370464,-0.057518390410784936
New Zealand,NZL,2005,-0.49556469629553995,2.478463292965273,-0.8796716680288349,-0.0807344156912979,-0.18715666506827025,-0.18065083953666858,-0.3029120384268989,0.2149101705559197
New Zealand,NZL,2006,-0.5041894876461687,2.478463292965273,1.16264081763268,-0.20801027956927853,-0.14074151289768444,-0.05012271569279208,-0.2954067847493246,0.5524332663533713
New Zealand,NZL,2007,-0.4710575769711642,2.478463292965273,-1.7147796398997037,-0.144499165858736,-0.2805697340334544,-0.05931945477497372,-0.3248273791654159,0.10207483256023221
New Zealand,NZL,2008,-0.5816141205726105,2.478463292965273,0.5946767381969225,-1.044043983997774,-0.05684569740258485,-0.11734849872715349,-0.24887421194836393,0.6108185325220683
New Zealand,NZL,2009,0.0630467936162043,2.478463292965273,1.7211225545588276,-0.8272610154431806,-0.31738935135260915,-0.9230586840390377,0.04443110177123991,0.5382547336758099
New Zealand,NZL,2010,0.0802834324076893,2.478463292965273,-1.9334730088066443,-0.49459366492449436,-0.2910462254524128,-0.26344587667695385,0.10987691383968783,0.07352647548367927
New Zealand,NZL,2011,0.015018517970268243,2.478463292965273,-1.2945723473716073,-0.3466012211491975,-0.04709882819918291,-0.26344587667695385,0.09996997898528964,0.18641413184024969
New Zealand,NZL,2012,-0.113361763124049,2.478463292965273,-0.40295832458945374,-0.311826268087774,-0.46661415149093594,-0.26344587667695385,0.16601621134794356,0.27666416896681373
New Zealand,NZL,2013,-0.0089452631928832,2.478463292965273,-0.22108196616958228,-0.2541249735721555,-0.4560825015050997,-0.26344587667695385,0.00210147102972084,0.25757495091548527
New Zealand,NZL,2014,-0.01301316482810916,2.478463292965273,-0.21270739499040528,0.021872242669573872,-0.44292529023738697,-0.38447450795149946,-0.05959171419994,0.19570075824922523
New Zealand,NZL,2015,0.04536113179933342,2.549938231321194,2.6319574046821734,0.002148053031001756,-0.5750563521491969,-0.15406319109536534,-0.061543080156109306,0.6205319753960515
New Zealand,NZL,2016,0.10249701821418718,2.6075918400068527,-0.02539882177202538,0.0051932900742649715,-0.5250853445704823,-0.31461615397085085,-0.10177123986790754,0.2190042816481621
New Zealand,NZL,2017,0.00784269695567045,2.5718224021462532,-0.33733919595620565,-0.08893363880014223,-0.3548268552713534,-0.3410064917289752,-0.16346442509756837,0.2080394822766603
New Zealand,NZL,2018,-0.14578858253181648,2.57443392983871,0.32995064332214225,-0.08750130283105192,-0.3905155086929242,-0.40534418209739903,-0.22365655959171427,0.30259402973452626
New Zealand,NZL,2019,0.02025015011334494,2.61734761645058,0.660344883940953,-0.30717253322720656,-0.38749990157448483,-0.5309998091065571,-0.25758030621435013,0.34121926665857183
New Zealand,NZL,2020,0.234980668774801,2.7029559203552624,0.17486482919753793,-0.8714065359862885,-0.37408191223701603,0.01667853853315211,-0.1846292404683279,0.42460200037029944
New Zealand,NZL,2021,-0.32922143687032657,2.6252322304301168,-1.2273657214863782,0.12743624173299814,-0.059365729969789394,-0.35878869682980147,-0.307565295706995,0.12484742593921158
New Zealand,NZL,2022,-0.7125577127390301,2.4160943713548924,1.5845245041893736,-0.08243637202106653,0.3973393497029341,-0.7422061482364224,-0.37916541579105384,0.5816543922828316
New Zealand,NZL,2023,-0.39109860470431806,2.2992790537515786,0.40920149434654707,-0.4193364162896611,0.19393306432319896,-0.6152398353774543,-0.3138697087961574,0.39767701274881323
New Zealand,NZL,2024,-0.20325411751562839,2.3278195198327643,0.15688124452898586,-1.0095275107652073,-0.2033020336657663,-0.5733227742708451,-0.16526568598018615,0.3936559855322554
Nicaragua,NIC,1990,-3.366821309304543,-0.43502042645469124,-0.05055929710966535,-0.8299538495286027,0.38287802015926486,562.3294533940203,0.3128189732812969,80.96233511753282
Nicaragua,NIC,1991,-1.8238291287111477,-0.43502042645469124,414.59814410997785,-0.8600466234644952,0.38287802015926486,110.59651009892274,0.3128189732812969,75.44845807543744
Nicaragua,NIC,1992,-4.930983388559857,-0.43502042645469124,2.3651125931329573,-0.7334051483939107,0.38287802015926486,0.5952707377328074,0.29780846592614835,1.2672054182071795
Nicaragua,NIC,1993,-3.8820959386752554,-0.43502042645469124,1.70504994879685,-0.9048517922923344,0.38287802015926486,0.9716186515520963,0.301410987691384,1.1018407018160707
Nicaragua,NIC,1994,-2.544574167018616,-0.43502042645469124,2.7247912110618406,-0.08408473528512778,0.38287802015926486,3.9575888960215475,0.2766436505553888,1.3622200362352994
Nicaragua,NIC,1995,-1.7871862894772796,-0.43502042645469124,1.6809128113369591,0.4822500196099849,0.38287802015926486,1.6960106430039044,0.23851696187331128,0.6954620399694348
Nicaragua,NIC,1996,-1.9965307819210842,-0.43502042645469124,1.618117454457619,0.5773717909050421,0.38287802015926486,2.9764385321219335,0.19438607024917443,0.8794226630784775
Nicaragua,NIC,1997,-1.9975685382580497,-0.43502042645469124,1.6478415045655728,0.05428232858722145,0.38287802015926486,2.97776371567248,0.19138396877814465,0.9583047131987998
Nicaragua,NIC,1998,-1.4614749724622322,-0.43502042645469124,1.6473940230173896,-0.0018124147460223928,0.38287802015926486,1.4817233097047489,0.20684479135394782,0.6781581578555593
Nicaragua,NIC,1999,-1.9933799062126294,-0.43502042645469124,1.590477930943229,0.7295502179840192,0.38287802015926486,0.5031521049819444,0.20339237466226354,0.5012442417886601
Nicaragua,NIC,2000,-1.8938658553623997,-0.43502042645469124,0.9979596581945178,0.08396975306631098,0.38287802015926486,-0.18891759014352047,0.20354247973581507,0.39576260625535353
Nicaragua,NIC,2001,-1.5250621069123242,-0.43502042645469124,0.7163692150379519,-0.16700107224604102,0.22967661612906284,-0.5754965926221047,0.20969678775142606,0.26246982557143
Nicaragua,NIC,2002,-1.4858537665715146,-0.40457373132609575,0.8799144441878378,-0.652532736089206,-0.08635526085351926,0.09899885969044996,0.25397778444911445,0.4114783712583582
Nicaragua,NIC,2003,-1.2690611676534744,-0.3496188695442837,0.7966211787343361,-0.26382792560903445,0.13304453636380875,0.05079184711545112,0.26643650555388765,0.3471663273551013
Nicaragua,NIC,2004,-1.0973766294228933,-0.30738322574621907,0.7293574581758006,0.3503043615172695,0.5808050366040265,0.38626521622715354,0.08781146802761934,0.31770403159914357
Nicaragua,NIC,2005,-1.162796275191094,-0.2431502285408731,0.6561891321923699,0.12374856848378389,0.7403695133406389,-0.15924986962750984,-0.06829780846592616,0.2807012065151443
Nicaragua,NIC,2006,-1.2473707024079732,-0.16033515125352232,0.6568837818940474,0.09526822390458253,0.675505603277268,-0.25897387715397574,-0.07730411287901541,0.28398267462688465
Nicaragua,NIC,2007,-1.6401854044561026,-0.020212093295370166,0.656888020947956,0.2984229286367453,0.9563235400456634,0.4788982026182014,-0.14034824377063954,0.4676159860521669
Nicaragua,NIC,2008,-1.7401400811783758,-0.05410357304336158,0.6576217808213488,-0.06252619254426156,2.185934184922603,-0.3389460437447607,0.05628940258180727,0.6156374321800391
Nicaragua,NIC,2009,-0.6756778456439628,-0.11717808697438113,0.6561445221129353,-1.5428088164322764,-0.09528454717487025,0.1751987602803942,0.3504953467427199,0.4554089510090053
Nicaragua,NIC,2010,-0.7277654144153148,-0.15325355887741335,0.6568766702991162,0.15184347186908423,0.1546347146263867,0.7132145275645669,0.30096067247072955,0.3211935669470881
Nicaragua,NIC,2011,-1.1025090369765311,-0.16593031124884766,0.6568814026189772,0.5713034111854804,0.5259876837335709,0.049225309949515905,0.11828279795857105,0.24509321554326258
Nicaragua,NIC,2012,-1.0798401334494618,-0.1115372653477534,0.6576258789194297,0.6107836456479225,0.40035367189763266,0.25257898272622836,-0.0926148303812669,0.22506613223082997
Nicaragua,NIC,2013,-1.1841547132011794,-0.04372191061515216,0.6561411201705287,0.2655853387823601,0.39214389159581214,0.46717675493271094,-0.0818072650855599,0.32978599505959416
Nicaragua,NIC,2014,-0.6231911165213486,-0.0008470637539457437,0.6568805853761623,0.2344250473350541,0.23673358539749367,0.2552878097074541,-0.19588712098468938,0.19156198070410996
Nicaragua,NIC,2015,-0.8511399729298937,0.06360260198867719,0.6568814923696394,0.2359227467858071,-0.051413669654096716,0.5143196595589711,-0.16886820774542183,0.23281987180883656
Nicaragua,NIC,2016,-0.6794064342265068,0.10086596643234959,0.6575436930707906,0.18551497022861982,-0.11844111287347958,-0.06648982347305206,-0.2889522665866107,0.11120256008112642
Nicaragua,NIC,2017,-0.5159326970292324,0.1899740432713454,0.6563531806253229,0.20048860003031926,-0.07215036663176458,0.2984046364678125,-0.37901531071750233,0.1441443257163039
Nicaragua,NIC,2018,0.14668308178641892,0.12839132627333716,0.6567517496596252,-1.5583613518658685,0.08284528318714433,-2.244954296087816,-0.09381567096967879,-0.008443333979705503
Nicaragua,NIC,2019,1.1024444563969242,-0.03627777357317552,0.652788776412335,-1.4557315838781115,0.14349034612321046,-0.4195137074049602,-0.05523866706694692,0.09121944313880714
Nicaragua,NIC,2020,0.834948624461579,-0.08853594164452122,0.4707566264152079,-1.3104556162466732,-0.09601787919902555,0.26974177610551275,0.05328730111077748,0.15496269636757792
Nicaragua,NIC,2021,0.028595725667135797,-0.1268969986667961,0.2909420297576028,1.4816218403020767,0.08018467514015301,0.13735803613143405,0.03767637346142292,-0.1558504928779137
Nicaragua,NIC,2022,0.005539582508606689,-0.09054178226508798,0.23241073614363814,-0.03732281220649849,0.8631041051421872,-0.04538279160422335,-0.12848994296007205,0.1232690791649048
Nicaragua,NIC,2023,1.385586209528163,-0.08387627191405303,0.17297522167395982,0.1557364325198992,0.5691365927083213,-0.04538279160422335,-0.16916841789252476,-0.15680547272522602
Nicaragua,NIC,2024,0.8816364408958421,-0.03377440549799874,0.020534146609258196,-0.030575196408089162,0.03726121498849175,-0.04538279160422335,-0.1268387871510057,-0.14275169530617582
Niger,NER,1990,-0.4610280547624857,-0.5435307970743669,-0.05055929710966535,-1.1062763320261986,-0.7260649045449391,-1.17385238920988,-0.6359951966376465,-0.22324259968397334
Niger,NER,1991,-0.29374319812986466,-0.5555033257659172,0.46090751317924367,-0.9150937309413824,-1.7184566966271686,-1.526595033395608,-0.6359951966376465,-0.3952579728822642
Niger,NER,1992,-0.21202362452812912,-0.5565600259824123,-0.9239985238070563,-0.37822662332474694,-1.2490417820661976,-0.9467846490309147,-0.6388471930351247,-0.5321402751526899
Niger,NER,1993,-0.024586747731626276,-0.5687848097292351,0.9367766717248056,-0.747637562040893,-0.7881699809742876,-0.8713911092821113,-0.6430501350945663,-0.16605643622612504
Niger,NER,1994,-0.43547078339569745,-0.5875991586268603,13.542603732318003,-0.41034164544947443,4.477846292910001,-0.38325852081451645,-0.6489042329630743,2.463785791666961
Niger,NER,1995,-0.4450775592324753,-0.6519238777403827,-1.4790956774660522,-0.2777958195924075,0.8766541720380508,-0.6014059647279459,-0.6501050735514862,-0.2547147203747048
Niger,NER,1996,-0.18995532988151476,-0.6547950022138408,0.30104360076954007,-0.796286322830007,0.13113208795409945,-1.3596724317601732,-0.6495046532572801,-0.1779363922565904
Niger,NER,1997,-0.34832648994820525,-0.6733444523095697,1.9440938761525528,-0.4823501990656862,-0.20179602817282913,-2.439907824487045,-0.6487541278895228,-0.16986169538464607
Niger,NER,1998,-0.34350978150522893,-0.6624622350187229,0.10173339854951383,1.3756288375132804,0.02641674364371689,-2.2320329914108723,-0.667066946862804,-0.6379330124438887
Niger,NER,1999,-0.29932862180221276,-0.6648491201186641,0.5615249427956819,-0.866708622294943,-0.9418262963383125,0.2536150769509681,-0.6664665265685982,-0.041709239883109865
Niger,NER,2000,-0.2066204009111222,-0.647511703252465,2.1272494691337274,-1.084275639243966,-0.20650326021340687,0.06344229289458421,-0.6601621134794357,0.2810586750340132
Niger,NER,2001,-0.09718339046527232,-0.603144866536379,0.3915060204364706,0.780627725110122,-0.05026391293693653,2.689168366725187,-0.6537075953167218,0.15573052538953863
Niger,NER,2002,-0.3665222775236933,-0.6355547699999871,-0.7978849463919279,0.2636881064813902,-0.24484825431865936,-2.2308832387133437,-0.6029720804563196,-0.6299013026911335
Niger,NER,2003,-0.42910940718297624,-0.6321443779779751,-2.3719210397434147,-0.3408568848914338,-0.8446198954228945,2.3990398049755512,-0.5523866706694687,-0.1760094123948274
Niger,NER,2004,-0.3911402247265528,-0.6339875690727471,-1.3329471871130794,-0.7383651775410254,-0.5793194839678778,-0.22542861809962317,-0.46142299609726817,-0.3005143502975739
Niger,NER,2005,-0.5096742732510765,-0.6454864476260449,-0.05269688515580547,0.7946495572944937,0.4857194724618958,-0.5268935557097022,-0.4090363254277995,-0.20476700364298192
Niger,NER,2006,-0.4469400375256389,-0.6471970365665765,-0.1802443709050847,0.4864613774422505,-0.6107065821894309,-0.019619646875756926,-0.49489642749924956,-0.28459791485038716
Niger,NER,2007,-0.3894858309623211,-0.578130200817114,-1.2365727690963169,-0.12698629929067226,-0.6088021606678173,2.5123836688012418,-0.570999699789853,0.0049072812404477185
Niger,NER,2008,-0.7386655285325269,-0.5570898738397383,-1.015238602735698,0.8825518319906015,0.9815079620882866,-0.18837629189331553,-0.6365956169318523,-0.2228112466814846
Niger,NER,2009,-1.8585772807172916,-0.5390506790487536,0.7201193381820128,-0.3866201619720734,-0.5340373369055683,0.641325542008041,-0.6930351245872112,0.262931311762555
Niger,NER,2010,-1.4206847835747494,-0.5359712048795136,0.6865506805470842,1.06884223833538,-0.502776240168927,0.7821546462431329,-0.7665866106274393,0.0021734023362438254
Niger,NER,2011,-1.6493397628303283,-0.5168302570985913,-0.7238552770661207,-0.2996835707742246,-0.20053343605916363,-0.374880854249725,-0.8269288501951367,-0.09914362015202635
Niger,NER,2012,-0.9702631888031399,-0.5157847591061065,1.1296197989300805,1.502424657071707,-0.5521037827937955,1.4499175227505272,-0.5475833083158211,0.06170057188518818
Niger,NER,2013,-1.021605941711918,-0.5052271164118087,-0.5121594174914162,0.3509555926593564,-0.29172365796898886,-0.16194228850428855,-0.6640648453917743,-0.209209568102245
Niger,NER,2014,-1.117752327119063,-0.5004979901280547,-0.05463561517085334,0.6429045228845344,-0.7479219056449807,0.9508832015930977,-0.7957069948964276,-0.09614735714467001
Niger,NER,2015,-1.5274902442213236,-0.4877137505377437,2.7420359539053747,0.14800430913414675,-0.697857435015843,-0.5402828376690915,-0.7909036325427801,0.22925203331815622
Niger,NER,2016,-1.0431027001600848,-0.48189687857123087,-0.01720020962920125,0.12352355697845292,-0.38265775094958565,-0.2406077751847269,-0.791804262984089,-0.14208396201960025
Niger,NER,2017,-1.0173836476557225,-0.4884319110131039,-0.33584575089413043,0.3986648648692109,-0.2211717060627924,-1.237613340731085,-0.7909036325427801,-0.3507496512081971
Niger,NER,2018,-1.1997310077776773,-0.5101631935244766,-0.6648566224769699,0.6984444315742243,-0.19696888796594528,-1.0309716920502017,-0.7939057340138097,-0.3850827934039929
Niger,NER,2019,-1.1954190000270994,-0.4797196202589104,0.7254606321865219,0.5189705938839446,-0.9683524458356128,0.22787329669369893,-0.7946562593815673,-0.08756371292181639
Niger,NER,2020,-1.2749889104093253,-0.47672861536359185,-0.29989186202911444,0.16168189085684878,-0.20677973042567485,0.37146477687976603,-0.785649954968478,-0.04061119519351667
Niger,NER,2021,-1.3676627597702242,-0.4503535046933928,-0.5681328271871329,-0.5730530777774367,-0.07396011482069553,-0.1629821478771428,-0.7533773641549085,-0.009727160169373092
Niger,NER,2022,-1.6200623280536495,-0.4632011160451557,1.7158156106604026,1.8704073809212551,-0.01906823902974791,-0.0020430910983907816,-0.8138697087961575,0.023898343260477874
Niger,NER,2023,-1.3317068039756674,-0.4957578662570706,-0.44048113637637853,-0.23865114985567185,-0.09330971696550293,-0.9444701280680541,-0.8132692885019515,-0.17384716890537405
Niger,NER,2024,-0.38363484893774097,-0.5091603318616171,-0.05579486806814636,1.0127636222639942,0.6657979732985232,-0.3692368113123513,-0.8179225457820475,-0.24506362243598462
Nigeria,NGA,1990,1.5093248076332262,-0.6238425716995342,-0.05055929710966535,1.7725787936253374,0.42450267952448184,1.5221455486870878,-0.2993095166616632,-0.3298523940739795
Nigeria,NGA,1991,0.6183507638136128,-0.6177303415792463,3.243099424858355,-0.7395639837333252,1.2220602752613832,1.8653863703089322,-0.2993095166616632,0.7906742045867821
Nigeria,NGA,1992,0.9069779790409029,-0.5532094256725765,10.499395831041312,0.20048538141418432,5.68604521564836,3.763811795720542,-0.3054638246772741,2.569016604515039
Nigeria,NGA,1993,0.19875424565891084,-0.5796521068697253,3.8484704846314433,-1.2661414043126888,7.463676054808875,3.0667734459262954,-0.27048934253977797,2.085166527801556
Nigeria,NGA,1994,0.041734194122837694,-0.5574604807032654,-0.095060106166007,-1.2176973987514308,7.444800096282926,1.6537524785146795,-0.26433503452416696,1.3368085940046799
Nigeria,NGA,1995,0.29839984929705804,-0.5904078295635151,-0.11536088704684731,-0.8343902745171901,9.6786100809761,0.5473105163908696,-0.25112578805163616,1.4007166454178717
Nigeria,NGA,1996,0.44184221808046087,-0.5976127214734459,-0.05755984891368671,0.10472372883629212,3.520539960149068,0.3101136168088185,-0.26748724106874816,0.3373468312264647
Nigeria,NGA,1997,0.3790950698534831,-0.579159118072924,-0.049508694522034075,-0.17222490402799576,0.5892382711446014,0.2999058810145,-0.2793455418793156,-0.03224848116295136
Nigeria,NGA,1998,0.30034547056146965,-0.5664666243194516,-0.05059162094296706,-0.2505129133311529,0.7965233828234245,0.7604827392025431,-0.28564995496847795,0.08635219493782202
Nigeria,NGA,1999,0.4743974059745045,-0.5546256703285224,45.49518347649519,-0.6898923456531654,0.3190544291253599,1.5529568104151725,-0.2760432302611828,6.6788601078749545
Nigeria,NGA,2000,1.69537407173388,-0.5528974310965318,1.3835411849839148,0.28513078543991294,0.3635670758812583,2.6493518838862395,-0.2809966976883819,0.22600873697038654
Nigeria,NGA,2001,0.7849340576317857,-0.5177247760919267,1.2758636527914844,0.4835209295032042,2.05129365238901,1.0582330578847232,-0.2889522665866107,0.3300369047502415
Nigeria,NGA,2002,0.5095323159642658,-0.5564462483705037,1.1383847227702144,2.5540985105931453,1.2036295611868992,0.5039859566953907,-0.32362653857700396,-0.15681476755034487
Nigeria,NGA,2003,0.768716502775302,-0.538660923728994,0.9637630240062087,0.7980213927111799,1.3669135957589886,0.11449176882074369,-0.3284299009306515,0.0016199526342590778
Nigeria,NGA,2004,1.901343218501585,-0.5483133697711723,0.35080299111350804,1.2167722191344374,1.5034896255401695,0.6401271502030462,-0.3354848393875714,-0.21535626856257747
Nigeria,NGA,2005,2.937947096871275,-0.5488860405990388,-0.2223718735535568,0.5981069273446878,1.9085121408714512,0.7814530405707425,-0.3149204443110178,-0.27603817160534033
Nigeria,NGA,2006,2.2608919250695774,-0.5556699185537944,-0.3332317686655071,0.5147052861030739,0.5464898157404547,1.7898681285465121,-0.3116181326928851,-0.23425129811398154
Nigeria,NGA,2007,1.5963963903256306,-0.4333137523416154,-0.3632874402369271,0.631682845803804,0.14487756354728848,5.5610849719530435,-0.3048634043830682,0.33948838605846954
Nigeria,NGA,2008,1.4295051796863674,-0.32907736800218923,-0.8649571975823771,0.6698191710769277,1.020794487095555,2.2206595378155582,-0.3051636145301712,-0.0510097865667028
Nigeria,NGA,2009,0.9496234551102201,-0.3076828842134989,3.5667973198578666,0.9497659751065006,1.1557618944556693,0.21373965171677234,-0.30951666166316427,0.3456728414195607
Nigeria,NGA,2010,0.8101630882082507,-0.4399152657357809,0.08415290904162086,0.9428865752404327,1.32567838913613,-0.3833307731476824,-0.31236865806064246,-0.21126186603071972
Nigeria,NGA,2011,0.6867755781645124,-0.4926609962620378,0.2850453907130006,0.34937013653462834,0.9138068752839091,0.7141121299696553,-0.30846592614830387,0.010813108408154677
Nigeria,NGA,2012,0.8314196013043281,-0.502121720764249,0.2839363406458046,0.11223409270657785,1.1114239190833575,1.1101438771229577,-0.30981687181026724,0.10713026432381396
Nigeria,NGA,2013,0.8212573109125161,-0.48210834361641275,-0.06747799268518788,0.6493284126219865,0.5843821966028583,0.17249467190243983,-0.31732212548784156,-0.2258024738312352
Nigeria,NGA,2014,0.3882528237790419,-0.4440911346490258,0.061055645768056076,0.5697706577215318,0.5210437948683254,-0.9348881196216848,-0.2889522665866107,-0.29197936596021623
Nigeria,NGA,2015,-0.018153527222009348,-0.4487968814812919,2.973489158508478,-0.23479588131237458,0.6570224797696169,-0.5765994788727492,-0.2538276793755629,0.3720338581546964
Nigeria,NGA,2016,0.5237723388102656,-0.4158327697315778,4.438151911424067,-1.1741240456639872,1.602259526424526,1.4650124912577434,-0.1990393275292706,1.0772719340998873
Nigeria,NGA,2017,0.8147565062255238,-0.4536822566207085,2.8684936359885795,-0.6411039348932333,1.7161075244683677,-0.7748282024806956,-0.14935454818372865,0.43329765454850344
Nigeria,NGA,2018,0.5821163445918789,-0.5098407878971142,-0.036975477048078055,-0.39538597462017316,1.0931711765654804,0.22237770027318002,-0.11347943560492349,0.06693182947383414
Nigeria,NGA,2019,0.11570436986260281,-0.5599190790765319,-0.011856523965265134,-0.33253651132192624,0.9944146528414339,-0.40359403405138783,-0.09291504052836984,0.020423159525600382
Nigeria,NGA,2020,0.03877918757882275,-0.5418918895222312,2.341522823595228,-2.219597761692107,1.2558491883021559,-0.023328960385325854,-0.016661663164214916,0.7423297247055565
Nigeria,NGA,2021,0.3027408444433995,-0.5209058846451758,1.6190629693611278,-0.5743616935269457,1.7797953353482725,0.16775068934573859,-0.06319423596517566,0.4648756746469048
Nigeria,NGA,2022,0.38819891740523504,-0.5246030793993592,0.8251052075349723,0.1317636311355853,2.047553848113233,0.40139976001475963,-0.29990993695586915,0.2756547501095595
Nigeria,NGA,2023,0.5315768522890514,-0.5246030793993592,7.230624256203579,-0.0888857953346505,2.869110602823765,2.8587398740839665,-0.4129390573401382,1.6540345056310588
Nigeria,NGA,2024,1.3008587747957185,-0.5246030793993592,18.23367292138597,0.07725435328585585,4.082161164565191,2.8587398740839665,-0.41729210447313125,3.2649379497258666
North Macedonia,MKD,1990,-0.39818407884791973,0.3063247729748863,-0.05055929710966535,-2.1760078596689874,17.27567977726325,-4.922948909528613,2.803212248574002,2.569414361527252
North Macedonia,MKD,1991,-0.39818407884791973,0.3063247729748863,-0.05055929710966535,-2.1760078596689874,17.27567977726325,-4.922948909528613,2.803212248574002,2.569414361527252
North Macedonia,MKD,1992,-0.39818407884791973,0.3063247729748863,-0.05055929710966535,-2.2627849466457453,17.27567977726325,-4.922948909528613,3.0734013809666774,2.620409535722885
North Macedonia,MKD,1993,-0.39818407884791973,0.3063247729748863,-0.05055929710966535,-2.4616861094282707,17.27567977726325,-4.922948909528613,3.2835484839387576,2.678845002259258
North Macedonia,MKD,1994,-0.39818407884791973,0.3063247729748863,-0.05055929710966535,-1.2052102465866255,17.27567977726325,-4.922948909528613,3.6287901531071753,2.548668688877368
North Macedonia,MKD,1995,-0.39818407884791973,0.3063247729748863,-1.8105041561246709,-1.0636500916153224,1.6979194540414062,-0.7429670388467607,4.469378564995497,0.7688551096433714
North Macedonia,MKD,1996,-0.39818407884791973,0.3063247729748863,0.7335345855943138,-0.5576739621261451,-0.26778396123123205,-0.8920760362651583,4.949714800360252,0.8265103146295896
North Macedonia,MKD,1997,-0.5011290184447734,0.3063247729748863,3.496273825954835,-0.5015994627923931,-0.4334752394088347,0.8762629907815315,4.5294205944160915,1.3967907751365252
North Macedonia,MKD,1998,-0.5502658819058133,0.3063247729748863,1.2109118653697357,-0.07506240268438812,-0.5395084249598355,0.07777747128161835,4.304262984088862,0.8550138504779241
North Macedonia,MKD,1999,0.15907823335762566,0.3063247729748863,0.58336225435774,0.1362073996318272,-0.7972517176178717,1.4135180468108552,3.989042329630742,0.7428157218809855
North Macedonia,MKD,2000,0.031062462827240744,0.3063247729748863,2.1878261725511,0.18243233520305022,0.31750661710195316,0.7553243690038354,3.959021314920445,1.0446440640745613
North Macedonia,MKD,2001,-0.4151276218453481,0.3063247729748863,0.4074291178720955,-1.4932176470229668,0.11841482969022422,4.010735477016407,3.7068447913539484,1.4940134653965538
North Macedonia,MKD,2002,-0.7958358543243551,0.3063247729748863,-0.8173690274729735,-0.4897886453107346,-0.2892689237912324,-1.468870186508099,3.919993995797059,0.4194907329478186
North Macedonia,MKD,2003,-0.09462862613043897,0.3063247729748863,-2.25534919435919,-0.32941850672050776,-0.4954984472388471,0.48011268282927777,4.632993095166617,0.44180429174624153
North Macedonia,MKD,2004,-0.6131328698431616,0.3063247729748863,-1.3300275567905542,0.20992288664182163,-0.6798442212102619,0.33424124484377926,4.703692584809367,0.5339424011183652
North Macedonia,MKD,2005,0.054257678033879535,0.3063247729748863,-0.08671171596173127,0.22092296693681082,-0.542149299757048,0.27567590913745493,4.727559291504053,0.6293597589895608
North Macedonia,MKD,2006,0.3173369935211726,0.3063247729748863,-0.18891243991638085,0.3117713679348394,-0.16219403936910406,0.9430555027044755,4.588261783248275,0.6939181740265915
North Macedonia,MKD,2007,-0.529031265447686,0.3063247729748863,-1.2311167671509495,0.6058006008498028,-0.29815112831638296,1.3175549436673457,4.413989792854999,0.633118896946826
North Macedonia,MKD,2008,-1.17207418420536,0.3063247729748863,-0.9559019563918102,0.3854680581144314,0.5612548494370985,-0.009709690066153145,4.218703092164516,0.7010395991727808
North Macedonia,MKD,2009,-0.4323260566746367,0.3063247729748863,0.7040270849499273,-0.8973009338534934,-0.7209737402331193,-0.7541167531508773,3.981687181026719,0.6923679337279524
North Macedonia,MKD,2010,0.10830325507816511,0.3063247729748863,0.714563227185545,-0.07945917090308922,-0.4029994834909787,-0.024544622717230995,4.099369558691084,0.6662670526383184
North Macedonia,MKD,2011,0.06064043707765436,0.3063247729748863,-0.7367847592451227,-0.3036152691832556,-0.06450598943839043,-0.22173307243935148,3.8542479735815074,0.4829319653627329
North Macedonia,MKD,2012,-0.0358691946560833,0.3063247729748863,1.1200394415889607,-0.9187665337151173,-0.1477164361608221,-0.6518598519874748,3.793305313719604,0.7678184240723365
North Macedonia,MKD,2013,0.16640758339052453,0.29634295568096897,-0.492218922521575,-0.17483015793760562,-0.22277918565529892,-0.6855521806480928,3.4812368658060646,0.34077887245844973
North Macedonia,MKD,2014,0.3092277901189698,0.3580842690918367,-0.037815185255728,-0.01997563718342858,-0.6562471147026996,-0.2221892647632944,3.360852596817773,0.3590618783217638
North Macedonia,MKD,2015,0.15719205966067437,0.3908140457016398,2.7220813786384257,0.029908820447499738,-0.6588218027407848,-0.3138627770308612,3.0876613629540683,0.7201101896306162
North Macedonia,MKD,2016,0.03960850359505873,0.32498665597511806,-0.0009695782266514282,-0.1917821431479833,-0.6502520119948016,-0.43938386259095147,2.774992494746323,0.30879247678028016
North Macedonia,MKD,2017,0.29630624985196463,0.34452502505310634,-0.3212563878065397,-0.5804074074903484,-0.42538258658232303,-0.5399182685363736,2.5565896127289105,0.27123693607073773
North Macedonia,MKD,2018,0.3864477968257973,0.3522839858137099,-0.7127257981912362,-0.18465582397711128,-0.410301756686955,-0.08326297770339179,2.30906634644251,0.1790382609751358
North Macedonia,MKD,2019,-0.00024898403912908994,0.37434505975794913,0.7206204683256571,0.041911100677171964,-0.5080956025897495,-0.27569498522850505,1.7395676973881722,0.28701150300221157
North Macedonia,MKD,2020,0.008464552114367207,0.4708793560639444,-0.257298391518175,-1.8498894834428596,-0.4468029909767142,-0.2919629383329371,1.613629540678475,0.41855278674901225
North Macedonia,MKD,2021,0.037935200691839574,0.46558529743315735,-0.5842117136072172,0.1739717304431936,-0.15977421295890873,-0.22885839083540946,1.4974482137496248,0.1111831803780305
North Macedonia,MKD,2022,-0.40186376860735246,0.439597505788591,1.7070352340622963,-0.21143328394940275,1.391357160080334,-0.4895895809685399,1.298558991293906,0.7086080518304776
North Macedonia,MKD,2023,0.40798481535275005,0.3908979820536294,-0.4436143555425591,-0.25629661067419757,0.7068382693481499,-0.44423333064500087,1.103122185529871,0.1659032208665054
North Macedonia,MKD,2024,0.10925570729700636,0.4315837077402962,-0.06908369584459406,-0.15976467120651497,-0.12316665183146326,-0.12814218816661846,0.9666766736715703,0.16119668706838564
Norway,NOR,1990,0.7813309936232984,1.3496884692952074,-0.05055929710966535,-0.3874144892301019,-0.03252222051716874,-0.4697067199979329,-0.06274392074452119,0.04860568664753183
Norway,NOR,1991,0.8814030998775759,1.3496884692952074,0.45393892739353453,-0.18948291276866017,-0.13045233575701265,-0.6614216021174794,-0.06274392074452119,0.036727050137259
Norway,NOR,1992,0.7936819037603705,1.3496884692952074,-0.636424896403098,-0.03425345538072497,-0.28736256900538415,-0.25305796133242303,0.01275893125187631,-0.08197521065335242
Norway,NOR,1993,0.7318791355669465,1.3496884692952074,1.9521282635855348,-0.186313923085949,-0.2929903790148927,-0.9257432691538968,0.021014710297208,0.2226475117897376
Norway,NOR,1994,0.7365223263014433,1.3496884692952074,-0.12344613607211745,0.29027849782739046,-0.42198234467909845,-0.5080926272557785,-0.07145001501050736,-0.11458335397873261
Norway,NOR,1995,0.7966566048302115,1.3496884692952074,-1.4988590096982588,0.09525715017803785,-0.2686648745128006,-0.599276678136352,0.07235064545181631,-0.2623821718012339
Norway,NOR,1996,1.2031247272165413,1.3496884692952074,0.20550159493464568,0.2749136285548132,-0.4379746330882986,-0.36977401525805104,-0.11843290303212259,-0.12128997755999625
Norway,NOR,1997,1.143672727314328,1.3496884692952074,1.3174035905588586,0.30188520765237675,-0.2536036233941015,-0.7708454894989312,-0.17081957370159112,0.003752205470391068
Norway,NOR,1998,0.36923912729340636,1.3496884692952074,0.8929686731851382,-0.21868819415914909,-0.2980585016019899,0.2582378843751155,-0.3134193935755029,0.24840945693481586
Norway,NOR,1999,1.047291077798545,1.3496884692952074,0.4258891268446782,-0.33821639387504726,-0.28200803825715276,-0.7519230780145124,-0.3869708796157311,-0.05062844052442976
Norway,NOR,2000,2.184829402845959,1.3496884692952074,1.7684284869295441,-0.060832325429045805,-0.1803037986569703,-0.24113399037841451,-0.3552987090963675,0.031054768668012284
Norway,NOR,2001,2.329333374206134,1.3496884692952074,0.25456128091413943,-0.3424354973301917,-0.1917965438656543,0.3312997139418289,-0.3132692885019514,-0.07948774929891037
Norway,NOR,2002,1.9036317745092903,1.4811356454872004,-1.6365018890568912,-0.49774990716507617,-0.4345550679154432,-0.33192618678734837,-0.27063944761332936,-0.3711955447471465
Norway,NOR,2003,1.8618920023040673,1.5686971681646806,-1.651848523264074,-0.5771986076243112,-0.26478381953880986,-0.719126623674244,-0.24076853797658365,-0.370360532995541
Norway,NOR,2004,1.9035111373739253,1.5295514189718433,-0.7287693203782538,0.13425552282717862,-0.5521873635094846,-0.3741699266601156,-0.23551486040228162,-0.34269381602562804
Norway,NOR,2005,2.3512034728894746,1.5558824829441935,-0.6767526198636469,-0.16504467574861809,-0.39986746457367145,-0.10461859179693347,-0.21675172620834585,-0.289752388091323
Norway,NOR,2006,2.3438311545863306,1.346287612941944,-0.11461423466842796,-0.19198926242067346,-0.2871837998959281,-0.3795272911677381,-0.3644551185830082,-0.2787621033626879
Norway,NOR,2007,1.87547910795996,1.5477296669164402,-1.2676226106699138,-0.06591774301926764,-0.5157071792067319,0.4513143767293807,-0.5001501050735516,-0.29914245946358126
Norway,NOR,2008,2.277187657459919,1.8007075411105569,-0.5856156362093486,-0.6373816187795224,-0.08582434102196382,-0.6502031449753879,-0.49594716301410996,-0.23666982611295
Norway,NOR,2009,1.779244103154367,1.9647967224789804,1.5758861010815173,-1.173332590538961,-0.30583643331499255,-0.8107121616432791,-0.4090363254277995,0.20131234150843147
Norway,NOR,2010,1.7796007369924878,1.9636773398716787,-0.5999370398083852,-0.5973126584429308,-0.2745252948217193,-0.4021054130780951,-0.34494145902131496,-0.12001713505819898
Norway,NOR,2011,1.9696719170476555,1.9026692839421644,-1.0795260488922596,-0.51368441408458,-0.4348057735449449,-0.40559690561341316,-0.39462623836685684,-0.26683902649119795
Norway,NOR,2012,1.8629590536437646,1.8516893098235752,0.48688790775113683,-0.1971169430414801,-0.5179298466747121,-0.5468609411234193,-0.40468327829480644,-0.11381985130293004
Norway,NOR,2013,1.5914039735781347,1.8765819069920824,0.08928723259915888,-0.538357923510543,-0.31670592744964465,-0.3815584535261841,-0.3602521765235666,-0.02081335256796369
Norway,NOR,2014,1.685293107426453,1.9580060762455245,0.9769862583131366,-0.3574445476659779,-0.3278416718446138,-0.428209416740418,-0.35109576703692585,0.07142813131088974
Norway,NOR,2015,1.3279508910237319,2.147497951269503,3.9066948215821715,-0.36864843321305796,-0.3095466664422271,-1.2673513239308176,-0.22951065746022217,0.4697830953153906
Norway,NOR,2016,0.8447365211675419,2.2935572819212933,0.5386702901989654,-0.5342469952514985,-0.11464923675792113,-0.05223266359458996,-0.1718703092164516,0.3118551195193217
Norway,NOR,2017,1.0122676448191499,2.2954672398046623,-0.26672183460706755,-0.23106646574712605,-0.35139031036324403,-0.4304919539782785,-0.2493245271690184,0.030905347802147102
Norway,NOR,2018,1.3189770015660214,2.2406107575809084,-0.2886061484338709,-0.5741111738127288,-0.2256300334440939,-0.4964402564322258,-0.3038126688682078,0.025893688949888194
Norway,NOR,2019,0.715867201300209,2.3715951975528586,1.1107487600263533,-0.495059466168968,-0.3100281801815884,-0.5851569350999455,-0.32137496247373165,0.292139449241815
Norway,NOR,2020,0.5048734106570509,2.6593916345732165,0.9395901773360316,-1.1177339990266961,-0.43457490971526574,0.01527242665599374,-0.21029720804563193,0.511748958453427
Norway,NOR,2021,2.13348055851899,2.130815644957535,-1.291508164307394,0.0931124513747194,-0.1239949854674116,-0.10626590155487044,-0.2200540378264786,-0.26251435058461847
Norway,NOR,2022,3.8115935326366825,1.5652725583880225,1.6363732370270196,0.07930727189211512,0.19830919941890957,-0.46975486207212647,-0.3893725607925549,-0.19286760465136107
Norway,NOR,2023,2.490250566984423,1.9107320552379246,1.3462948854874524,-0.7408085606224676,0.16349934334249577,-0.8448636191432598,-0.33788652056439517,0.06976201971403746
Norway,NOR,2024,2.227229896138938,1.9504287167494514,0.1938862471729325,-0.5051767540805726,-0.17185195232313413,-0.6236487884956115,-0.2739417592314621,-0.09245438259802705
Oman,OMN,1990,1.3957525699374775,-0.34066541904976055,-0.05055929710966535,-0.8470980198631415,-0.7318620389008227,-0.14533951562901373,-0.26553587511257887,-0.29751667083945393
Oman,OMN,1991,0.12895446424880389,-0.32495513709470075,-0.05055929710966535,0.517928342819007,-0.7318620389008227,-0.47671368323067165,-0.26553587511257887,-0.35664411978803573
Oman,OMN,1992,-0.15256004623844613,-0.3236382474109902,-0.05055929710966535,1.032699150451296,-0.7318620389008227,-0.6500491783703265,-0.2499249474632243,-0.4123104019239827
Oman,OMN,1993,-0.664564815200988,-0.3020923972228019,-0.05055929710966535,0.511082373091841,-0.7318620389008227,-0.6384837734949635,-0.27259081356949866,-0.26315798259837214
Oman,OMN,1994,-0.30711451859501737,-0.2631536067078646,-0.05055929710966535,0.03428892030963634,-0.7318620389008227,-0.38262374250209663,-0.26298408886220354,-0.20262245368532453
Oman,OMN,1995,-0.26035057851821075,-0.24666506768873162,-0.05055929710966535,0.2809253232898559,-0.7318620389008227,-0.3134623183893719,-0.24887421194836393,-0.23028538268694296
Oman,OMN,1996,0.5410625572341011,-0.2265930971538233,-0.05055929710966535,-0.14827937229756094,-0.7318620389008227,-0.2844750941079172,-0.2358150705493847,-0.2745839689654505
Oman,OMN,1997,0.2551206640699682,-0.056113774576254556,-0.05055929710966535,0.5090037220872148,-0.7318620389008227,0.9204505438783889,-0.24452116481537087,-0.13239001681155824
Oman,OMN,1998,-2.0675068779232104,0.16483164991597338,-0.05055929710966535,-0.8333362993333359,-0.7318620389008227,-0.526715116397056,-0.22200540378264788,0.21921899585461826
Oman,OMN,1999,0.050380284402235014,0.14442745637101406,-0.05055929710966535,-0.7529308512383055,-0.7318620389008227,-0.4076539661559436,-0.20894626238366865,-0.07886336304900225
Oman,OMN,2000,2.1057620171115206,-0.02310149125805058,-0.05055929710966535,0.5439622213641621,-0.7318620389008227,-0.4347386563637611,-0.20894626238366865,-0.5855617120702359
Oman,OMN,2001,1.5274370494701348,0.02701159743842141,-0.05055929710966535,0.19651945861091694,-0.7318620389008227,-0.08410304084817317,-0.22921044731311924,-0.39895424783063005
Oman,OMN,2002,1.4085960432746216,0.001507781783916629,-0.05055929710966535,-0.9909245773353004,-0.6559465824311429,-0.4691471836327595,-0.22365655959171427,-0.2593533295600981
Oman,OMN,2003,1.0949952849493338,-0.0371421395419445,-0.05055929710966535,-1.301242638010004,-0.5837316237981931,-0.6989376443352392,-0.1840288201741219,-0.19259316741407054
Oman,OMN,2004,0.7503807034948031,-0.08697743935180294,-0.05055929710966535,-0.38003886590864816,-0.5280919561185297,-0.5772802710690264,-0.1699189432602823,-0.2547385349279231
Oman,OMN,2005,2.1703900958709013,-0.15239277182221145,-0.05055929710966535,-0.20691008717395315,-0.3464806501673603,0.7117975036166088,-0.18552987090963674,-0.28380644215560186
Oman,OMN,2006,2.011920729446846,-0.15174579241544822,-0.05055929710966535,0.20898241489396424,-0.11535795969031781,0.9168809014336009,-0.21585109576703704,-0.262505198269954
Oman,OMN,2007,0.9985116115589485,-0.0630229325480543,-0.05055929710966535,0.27736896368854713,0.2076890910785322,1.6665930068815151,-0.22755929150405285,0.03675142879296846
Oman,OMN,2008,1.262010588471937,-0.07015019752299627,-0.05055929710966535,1.1506606554346555,1.132790957144795,0.8300553887280756,-0.25262683878715103,-0.1175944616362192
Oman,OMN,2009,0.27187290588313556,0.14757217537356448,-0.05055929710966535,0.4976634038867722,-0.12612512090779535,-0.5292971829100024,-0.2773941759231463,-0.22933427303527898
Oman,OMN,2010,1.3071142297404619,0.0929313766564889,-0.05055929710966535,-0.2745497574560889,-0.15612316797397818,-0.044634995913846835,-0.28730111077754433,-0.21117880962898836
Oman,OMN,2011,1.782652423995356,0.047476333421323014,-0.05055929710966535,-0.18157287799361052,-0.04508011868646744,0.016913544667571757,-0.28144701290903634,-0.2733965852311457
Oman,OMN,2012,1.4795868478035357,0.06293340221823551,-0.05055929710966535,1.1315340843780919,-0.19977725909893165,-0.08975395290548037,-0.31101771239867915,-0.45704225021087835
Oman,OMN,2013,1.0952374016221436,0.0842722838333935,-0.05055929710966535,0.3317212500354267,-0.4675138190292219,-0.2541941301549034,-0.34103872710897637,-0.35085604874670623
Oman,OMN,2014,0.9407986619281334,0.15294978115423044,-0.05055929710966535,-0.5341006988324286,-0.47310171933759027,0.0057791570322847504,-0.35604923446412495,-0.1610970394029386
Oman,OMN,2015,-1.333996273905769,0.5231588858959259,-0.05055929710966535,0.2853779041991367,-0.6072005821735881,0.16574590390839655,-0.3635544881416993,0.10231554172657169
Oman,OMN,2016,-1.6835918697974686,0.7063296346938764,-0.05055929710966535,0.2918385811829762,-0.45964649643569644,-0.7423286933728787,-0.3841188832182528,0.06591850759598218
Oman,OMN,2017,-1.3133763370889986,0.6907788581013312,-0.05055929710966535,-0.7515092027738329,-0.3918163062060119,-0.5698827079963771,-0.49564695286700694,0.17825130482644305
Oman,OMN,2018,-0.23052834035275205,0.5856676193285899,-0.05055929710966535,-0.5352333716489944,-0.49072796969082133,-0.5698827079963771,-0.6041729210447314,-0.05198765207303698
Oman,OMN,2019,-0.2389194946647586,0.6732460656171454,-0.05055929710966535,-1.0667104424309795,-0.5470541044341013,-0.5698827079963771,-0.5673971780246173,0.03485467359258893
Oman,OMN,2020,-1.6759206149950718,0.9201297852670653,-0.05055929710966535,-1.56196149642074,-0.6738727174441541,-0.5698827079963771,-0.43305313719603733,0.3472348624195205
Oman,OMN,2021,-0.31545672326083746,0.7390084128250227,-0.05055929710966535,-0.2503103128293121,-0.37865444724575126,-0.5698827079963771,-0.5891624136895828,-0.04049763101802918
Oman,OMN,2022,0.8197467583093038,0.47180924520615136,-0.05055929710966535,0.9384977617152716,-0.262194780762888,-0.5698827079963771,-0.37901531071750233,-0.36401248162926525
Oman,OMN,2023,0.6519469686300448,0.5572298062833488,-0.05055929710966535,-0.507312462632288,-0.4820393152300507,-0.5698827079963771,-0.3976283398378866,-0.15535919426976966
Oman,OMN,2024,0.7226483137237915,0.6316977619257158,-0.05055929710966535,-0.459435149338369,-0.5325273829672044,-0.5698827079963771,-0.3935755028519965,-0.16829432762642144
Pakistan,PAK,1990,-0.14430791364446446,-0.21000474155417204,-0.05055929710966535,0.16251104331758884,0.6630574884621759,-0.02251287627261956,-0.7848994296007206,-0.06044599796401799
Pakistan,PAK,1991,0.025795638834728716,-0.2513957327336957,1.3139089176315355,0.2951703068958122,1.050225012884019,0.5130243412173529,-0.7848994296007206,0.2171281662382786
Pakistan,PAK,1992,-0.10543148585143204,-0.22424152901771072,0.7115649667914277,0.8769380754109499,0.7276400789945668,1.272705078883542,-0.786250375262684,0.13284451868994623
Pakistan,PAK,1993,-0.3229721810162662,-0.20488102899910324,1.6554539646489463,-0.4316890420698241,0.7933129296679706,0.4535434315397796,-0.7848994296007206,0.38102729862042334
Pakistan,PAK,1994,-0.059409355915822415,-0.21721090276387098,1.1874775053266782,0.003849233362697108,1.1317711765794245,0.39758507581145597,-0.7841489042329632,0.25300486761054997
Pakistan,PAK,1995,-0.313610777720757,-0.20893159145454301,0.4475475296442963,0.2733988449202731,1.1282918099686599,0.1363828115792701,-0.7826478534974484,0.10869351986295982
Pakistan,PAK,1996,-0.49684741151044176,-0.198437805313624,1.9329693335369516,0.247872050846538,0.8498718365691565,0.5954933530625972,-0.7842990093065147,0.3777961527446387
Pakistan,PAK,1997,0.03001710718755756,-0.1994672434546529,1.9231483732651662,-0.5952306736711434,0.9914563493413375,0.5839939404674758,-0.7826478534974484,0.44024244751506636
Pakistan,PAK,1998,-0.07785692018229028,-0.1893857139981407,1.3037473996055697,-0.2573374479395931,0.2638771254234729,-0.30010886051102886,-0.7812969078354849,0.09028963011518164
Pakistan,PAK,1999,0.18824175034235438,-0.18161810167072992,1.3484165721011316,-0.013153429590026256,-0.030882079117694642,-0.5601629662178365,-0.7805463824677276,-0.05426875401788357
Pakistan,PAK,2000,0.3581891648036664,-0.3728195191021103,1.1349223555385264,0.1188401687680736,0.0007833874622319555,0.012806541897213869,-0.7821975382767938,-0.06907630086466743
Pakistan,PAK,2001,0.6075991628901299,-0.38133685962617603,2.1328832817864494,-0.01508564501728233,-0.17143355249100298,0.18189592180782602,-0.7826478534974484,0.055263917158114344
Pakistan,PAK,2002,0.8550239328548359,-0.38574167898658857,-0.5539769828931485,-0.24752906743761263,-0.15135058618744368,0.4156190798548488,-0.7820474332032423,-0.29499892383325677
Pakistan,PAK,2003,0.7616026236419685,-0.33794511477690464,-0.5176836405386112,0.36991573921599563,-0.2045265352078515,0.4333339808971484,-0.7824977484238969,-0.36297677441543996
Pakistan,PAK,2004,0.292397805791908,-0.2717066866603186,0.0733743700465653,0.9045174994259495,0.4358421114081512,0.5094363109138409,-0.7845992194536177,-0.17636691699474807
Pakistan,PAK,2005,0.06190232104258399,-0.26508993299551364,0.2546282271784332,0.782484471035242,0.664639977445858,0.3243969040891903,-0.7868507955568899,-0.09323748741667828
Pakistan,PAK,2006,-0.14624549117608276,-0.2399440379192936,0.12937468343387296,0.5129913630619312,0.5031879963619027,2.270940187295781,-0.7870009006304415,0.21568743666513904
Pakistan,PAK,2007,-0.18823403923770385,-0.23405270334581252,0.05911237045006862,0.159481019834103,0.4576179044638392,0.40255506408541003,-0.8146202341639149,-0.014376368443829819
Pakistan,PAK,2008,-0.5878075957827819,-0.20976220703050127,2.201920317661275,-0.35189442732739706,2.2509419533456834,-0.39801385360918756,-0.8108676073251277,0.5677029465931887
Pakistan,PAK,2009,0.10536747100878766,-0.29108232383378035,2.221204382450129,-0.054422576325411504,1.3126339396964124,0.4151502487791858,-0.7940558390873612,0.4018436447601728
Pakistan,PAK,2010,0.2837000235947206,-0.315014855138094,0.5521727522037984,-0.4880171482713114,1.212434223420979,0.19184051776834585,-0.776343440408286,0.15277233178904773
Pakistan,PAK,2011,0.25048853034426594,-0.36880126888075554,0.1403585194755274,-0.22876254120113307,1.0678682118369471,0.04783079490716834,-0.7548784148904234,0.015807407615047304
Pakistan,PAK,2012,0.2530491842855736,-0.403121629250486,1.1049994269273065,-0.15231779726096562,0.7521368874208031,0.399376249305424,-0.323926748724107,0.2041046855220475
Pakistan,PAK,2013,0.15780343000234082,-0.42018844983871695,1.1967979119348664,0.14233172925336998,0.4708297980020621,0.10013466639623021,-0.43095166616631647,0.08806958586748778
Pakistan,PAK,2014,0.2022096435353515,-0.428155245332194,-0.12418056994788063,0.087234180701946,0.3997647512465497,-0.029845127127005995,-0.6001200840588413,-0.15314001420809567
Pakistan,PAK,2015,0.2532904378411107,-0.4315752902405257,0.18304063150922048,0.10956782582330735,-0.2589175692831557,0.016901341234513992,-0.3390873611528071,-0.17035664451388172
Pakistan,PAK,2016,0.08545996536013671,-0.4142332217394259,0.2247706125795279,0.6278784900731771,-0.08424290811539299,0.12217055141966734,-0.5313719603722606,-0.19946362595159975
Pakistan,PAK,2017,-0.22059249479906728,-0.40062032727856306,0.04208945952079057,0.15679949470748622,-0.03897607124015703,-0.14812193570088278,-0.39342539777844493,-0.12503732462652514
Pakistan,PAK,2018,-0.2855456990576663,-0.3722002039805414,2.145641643326663,0.5350062223391227,0.10133622182306067,-0.155232205595334,-0.2614830381266887,0.17265741345224336
Pakistan,PAK,2019,0.03925340278386116,-0.3925553054286471,3.2260439923384707,-0.2689091705190512,0.8787378868899228,-0.020359265131500638,-0.14935454818372865,0.538881218317101
Pakistan,PAK,2020,0.34197750038577157,-0.4066704547229893,1.0624222144449105,-1.0987101498033554,0.7603016703861549,0.27010223238289766,0.025367757430201084,0.3526080099055369
Pakistan,PAK,2021,-0.06670986651997565,-0.40005287147404517,0.04279145434667988,0.6146885906128736,0.7258554827539876,-0.11232210569382496,0.07700390273191234,-0.03067183734688405
Pakistan,PAK,2022,-0.03386730966413313,-0.4108691372555736,3.593854046826434,0.23280728648044866,2.1926703091762785,-0.3329616000918326,-0.08015610927649353,0.680513933223214
Pakistan,PAK,2023,0.33061300357845425,-0.47160752381867577,5.162961040165333,-0.9096919074764374,3.732536356947824,0.3156082284313797,-0.08826178324827381,1.318616460339367
Pakistan,PAK,2024,0.38417686383579586,-0.48367308373516815,-0.14015874319935254,-0.14039809685967086,1.1691343362733926,0.04134068006352588,-0.049984989492644884,0.04183991899051827
Panama,PAN,1990,0.7702908421251926,1.0382595363350613,-0.05055929710966535,0.9634212698828211,-0.5076650922083783,1.8118336266379964,0.0927649354548183,0.0929887995859741
Panama,PAN,1991,-0.05231999538009506,1.0382595363350613,-0.05055929710966535,1.2538317048673535,-0.4388611176821587,1.4839815424970595,0.0927649354548183,0.1320105557154081
Panama,PAN,1992,-0.037145543941324285,1.0382595363350613,-0.05055929710966535,0.986012893618756,-0.358539475737945,0.9986938663442292,0.07385169618733115,0.10754842519165421
Panama,PAN,1993,0.2341135649179204,1.0382595363350613,-0.05055929710966535,0.38189150845287595,-0.5522677081325724,0.5126860596143086,0.08240768537976577,0.05921731467372878
Panama,PAN,1994,0.3897222980255075,1.0382595363350613,-0.05055929710966535,-0.19135489708065,-0.4371407725500031,0.27915141878145394,0.09051335935154606,0.10312240626621934
Panama,PAN,1995,-0.23858624477231008,1.0382595363350613,-0.05055929710966535,-0.43302421152215426,-0.4759014893748681,-0.26288480084745924,0.10312218552987083,0.1462352272610577
Panama,PAN,1996,0.09926966318008298,1.0382595363350613,-0.05055929710966535,0.07915436790392734,-0.4389380335586913,-0.3404762631743368,0.13554488141699184,0.023629541832192753
Panama,PAN,1997,-0.25364279596996736,1.0382595363350613,-0.05055929710966535,0.8776293740609449,-0.4292367755675675,0.13102019393232592,0.11453017111978385,0.025718178659851536
Panama,PAN,1998,-0.7560730163819829,1.0382595363350613,-0.05055929710966535,1.026888329442887,-0.5374049579463178,0.26212414945632656,0.08586010207145003,0.07535203139227865
Panama,PAN,1999,-0.8637595175566211,1.0382595363350613,-0.05055929710966535,0.32818834621214926,-0.4401442899880047,-0.2557065350048288,0.05148604022815971,0.12555808940074195
Panama,PAN,2000,-0.35287200205796576,1.0382595363350613,-0.05055929710966535,0.10760171884828576,-0.4045562879477043,-0.196889526675805,0.05448814169918937,0.09800183564439371
Panama,PAN,2001,0.17614696482945366,1.0382595363350613,-0.05055929710966535,-0.6094183726515254,-0.5730269270708686,-0.29787675471356345,0.07024917442209547,0.08861673424073303
Panama,PAN,2002,0.2595808229694408,1.0382595363350613,-0.05055929710966535,-0.26644361078833073,-0.47425848950530936,-1.0018750401479817,0.07160012008405876,-0.058567197503563755
Panama,PAN,2003,-0.15368512719726624,1.0382595363350613,-0.05055929710966535,0.3029348692826032,-0.5610684199872313,-0.6183201490570058,0.0717502251576103,-0.03845540667808112
Panama,PAN,2004,-0.48663386852646745,1.0382595363350613,-0.05055929710966535,0.9802869827172483,-0.5493286916282035,-0.286462100013657,0.04082858000600424,-0.042987869514463026
Panama,PAN,2005,-0.4221305329565896,1.0382595363350613,-0.05055929710966535,1.0024041600783329,-0.2127601709008063,-0.24820443692487326,0.02131492044431094,-0.004603296468245128
Panama,PAN,2006,0.06230434940720561,1.0382595363350613,-0.05055929710966535,1.3502454010748324,-0.2690146111999011,0.75749551154082,-0.004953467427199094,0.008382560236725385
Panama,PAN,2007,-0.3023515076012714,1.0382595363350613,-0.05055929710966535,2.0753461587602295,-0.02720766211530733,0.2970890254068303,-0.024016811768237792,-0.07706140863003956
Panama,PAN,2008,-0.7299310362633138,1.0382595363350613,-0.05055929710966535,1.4250900055949285,0.6215796043096303,0.19311413170003036,-0.0279195436805764,0.15418792317469507
Panama,PAN,2009,0.27436099330373553,1.0382595363350613,-0.05055929710966535,-0.46378427856638577,-0.2759180313618991,0.19311413170003036,0.004803362353647558,0.15701756959711788
Panama,PAN,2010,-0.906976021309042,1.0382595363350613,-0.05055929710966535,0.5177777759328561,-0.12294786648926559,0.19311413170003036,0.003002101471029657,0.2071524073261966
Panama,PAN,2011,-1.1952252998075932,1.000484337986754,-0.05055929710966535,1.8016176340845225,0.21409466535820543,0.19311413170003036,-0.26943860702491745,0.06875755666192533
Panama,PAN,2012,-0.7407246185345802,0.9848553298699011,-0.05055929710966535,1.2996561300899012,0.18899113489030808,0.19311413170003036,-0.3203242269588713,0.062449365833768845
Panama,PAN,2013,-0.7059414719733371,0.6797571154956144,-0.05055929710966535,0.5729904925120856,-0.04720437981609618,0.19311413170003036,-0.3228760132092465,0.08359750521741259
Panama,PAN,2014,-1.2354652714913565,1.0124560407699394,-0.05055929710966535,0.1993019286839269,-0.24517886083517737,0.19311413170003036,-0.21525067547283103,0.24724924026567505
Panama,PAN,2015,-0.7054268668708741,1.0568493118247233,-0.05055929710966535,0.34034835997056173,-0.5969950968186484,0.19311413170003036,-0.22365655959171427,0.106261570986434
Panama,PAN,2016,-0.5632081856636435,1.0839741517848982,-0.05055929710966535,0.1874553512848412,-0.5118703368368883,0.19311413170003036,-0.16631642149504663,0.13201358034601865
Panama,PAN,2017,-0.35064291134397596,1.0893010424775789,-0.05055929710966535,0.445322393536673,-0.49266815488905497,0.19311413170003036,-0.07310117081957372,0.08162958130951689
Panama,PAN,2018,-0.6053831826086907,1.0788142345001501,-0.05055929710966535,0.04363220437229233,-0.5087827179069333,0.19311413170003036,-0.09966976883818683,0.16780965151168478
Panama,PAN,2019,-0.26687887737215443,1.0653444735252084,-0.05055929710966535,-0.13573595529162844,-0.666618945408786,0.19311413170003036,0.0646952867006905,0.14408435458160868
Panama,PAN,2020,0.3953485635795745,1.42804533122594,-0.05055929710966535,-4.739151579558694,-0.8355550252225221,0.19311413170003036,1.3266286400480338,0.9150681138029908
Panama,PAN,2021,0.21875048976577954,1.42804533122594,-0.05055929710966535,2.8044305935167135,-0.38593498850198266,0.19311413170003036,0.6532572800960672,-0.16932266083887187
Panama,PAN,2022,0.3240432714335141,1.42804533122594,-0.05055929710966535,1.610152160693473,-0.212227571744576,0.19311413170003036,0.33938757129991,-0.03377646667933542
Panama,PAN,2023,-0.025862822982991106,1.42804533122594,-0.05055929710966535,0.7582322992740332,-0.4063298413896924,0.19311413170003036,0.1079255478835184,0.07711805657415556
Panama,PAN,2024,0.4498739540138026,1.42804533122594,-0.05055929710966535,-0.21386273367499625,-0.5184441442590204,0.19311413170003036,0.3941759231462024,0.1729029606235258
Papua New Guinea,PNG,1990,0.07835921487121841,-0.2610947806612299,-0.05055929710966535,-1.4810981027000947,0.3664038203206772,-0.5647949578234569,-0.4551185830081057,0.06251072707815652
Papua New Guinea,PNG,1991,-0.12411273673738117,-0.2610947806612299,-0.09931470085514355,1.281968603431589,0.36814516306935774,0.41774483248815153,-0.4551185830081057,-0.16964199080873968
Papua New Guinea,PNG,1992,0.6369741799680311,-0.2610947806612299,0.142027038167499,2.22847452387318,-0.007280419042258913,0.041378125392536234,-0.48288802161513067,-0.4904723945142564
Papua New Guinea,PNG,1993,1.9728047757262184,-0.2610947806612299,0.14764221312058484,3.1862036242426357,0.08664425475312636,0.42865150525755996,-0.5168117682377665,-0.7534252822480827
Papua New Guinea,PNG,1994,1.646049607993705,-0.2610947806612299,0.42913120361610596,0.4888944397846442,-0.2132069774305208,-0.9707101760824833,-0.511407985589913,-0.5231761091323415
Papua New Guinea,PNG,1995,2.1643837430365402,-0.2610947806612299,3.7058252245996837,-1.5471613261490593,1.8261692601181163,0.13172916087292189,-0.48363854698288805,0.6145382715798747
Papua New Guinea,PNG,1996,1.1195493656412625,-0.2610947806612299,0.3831704452099542,0.8830537905091309,1.0266071467291609,1.3782610701712428,-0.46487541278895234,0.008495044644254617
Papua New Guinea,PNG,1997,0.12091822432722996,-0.2610947806612299,1.2247644038989292,-1.6773917119807518,-0.056078372911340775,-0.3122431195481356,-0.4459621735214651,0.24369420641575426
Papua New Guinea,PNG,1998,0.5228797770972762,-0.2610947806612299,6.2035787928458515,-1.6476301201742918,1.3022346156650366,-0.6960902688944308,-0.4450615430801562,1.0326167369931556
Papua New Guinea,PNG,1999,0.7951195753125427,-0.2610947806612299,3.3418744918890306,-0.41017109632964716,1.4941816685978826,-0.20410830427476237,-0.4332032422695888,0.5075287648997766
Papua New Guinea,PNG,2000,1.5992535334197058,-0.2610947806612299,1.11284067682727,-1.3672831472637341,1.5879949383514966,-0.509200513267025,-0.436055238667067,0.18035924234678188
Papua New Guinea,PNG,2001,1.5162495602562607,-0.2610947806612299,3.0341289522337997,-0.8450877983303701,0.6978346182525196,-0.41820219778135154,-0.45391774241969385,0.2753695839568791
Papua New Guinea,PNG,2002,0.26524208918086145,-0.2610947806612299,2.0642419442499285,-0.853362637953333,1.0513807691267494,-0.34376515162691657,-0.4606724707295108,0.3768872655902132
Papua New Guinea,PNG,2003,0.8652642234499288,-0.2610947806612299,-1.255657833562276,-0.34228865612532394,1.4626467436112491,-1.2027846955774428,-0.4798859201441009,-0.3228217219512008
Papua New Guinea,PNG,2004,0.960746692492693,-0.2610947806612299,-1.4041659879647774,-0.21972935078783443,-0.31127184801301166,0.20805345164367092,-0.4951966376463526,-0.42924187776379413
Papua New Guinea,PNG,2005,2.018457273783432,-0.2610947806612299,-0.5800206901333235,0.5774878576965654,-0.364718742316562,1.2866035092546477,-0.5163614530171121,-0.4330767554790825
Papua New Guinea,PNG,2006,1.0206672105173493,-0.2610947806612299,-0.2567970347195319,0.37181509664094997,-0.2816553763086295,1.9753729407948886,-0.5313719603722606,-0.10686121691786608
Papua New Guinea,PNG,2007,0.6028171539196757,-0.2610947806612299,-0.47357470676622737,0.9009828123258129,-0.4876129648019967,1.1600585092574274,-0.548784148904233,-0.30211543687453546
Papua New Guinea,PNG,2008,1.2105226538217186,-0.2610947806612299,-1.3162062067269775,-0.8836260351649562,0.9046590811394216,-0.30129839874274805,-0.5489342539777845,-0.2642530253751544
Papua New Guinea,PNG,2009,-0.26035431662918634,-0.2610947806612299,0.23793619783732622,0.6777280922965958,0.36145156774517323,0.7281698297693205,-0.560792554788352,0.012613783462118389
Papua New Guinea,PNG,2010,-0.18829949498222015,-0.27608609034868836,-0.2346598565930402,1.4099143361214248,0.23357312383163417,-0.12503253253531868,-0.5738516961873312,-0.31395312756742133
Papua New Guinea,PNG,2011,0.23281272217556281,-0.27951337149660505,-1.8629328658470772,-0.5747376644130416,0.011266982112703234,0.3949974639677177,-0.48108676073251283,-0.26790622996547075
Papua New Guinea,PNG,2012,-0.9641818792829974,-0.2380420786230052,-1.765157970607194,0.20618939317576113,0.024888690283383082,-0.07396533309035436,-0.478985289702792,-0.253324213661818
Papua New Guinea,PNG,2013,-1.6360131189048854,-0.18969478133039272,1.041756880116775,0.023106504509057768,0.08469412009556813,-0.38504414138416226,-0.46937856499549696,0.24217716098544553
Papua New Guinea,PNG,2014,1.8686151236123374,-0.24301919582398365,1.3165655878203655,2.161303551588024,0.12169858246117284,-0.6284884798448211,-0.4930951666166317,-0.56517962102918
Papua New Guinea,PNG,2015,1.7533490729037526,-0.24457524151176394,1.7143272351454895,0.6288724843129734,0.23107819593707604,-0.2878245235290158,-0.49804863404383076,-0.20960921788839587
Papua New Guinea,PNG,2016,2.052642830008369,-0.2539320697957223,1.81293144857802,0.38933394660294657,0.32687872068132784,-0.07899972072422276,-0.5024016811768238,-0.16250001129267666
Papua New Guinea,PNG,2017,2.33356909471631,-0.31356389024999515,0.2012497861977815,-0.040768971830567914,0.14995776172437533,-0.9451927476429672,-0.4870909636745723,-0.5267771680758744
Papua New Guinea,PNG,2018,2.052829208520113,-0.3267021155223339,0.4138878076624992,-0.8798407131504536,0.001889381204890494,-1.1539320732889227,-0.47658360852596826,-0.3877755862627849
Papua New Guinea,PNG,2019,2.1454523880441143,-0.3415431763202302,0.3535881342908309,0.16733527494553627,-0.06112516786391078,-0.5525932473934141,-0.4764335034524168,-0.48441351767554164
Papua New Guinea,PNG,2020,2.1401781054307034,-0.3251552125086226,0.25198905594418086,-1.5152568135313755,0.0721646802357701,-0.5525932473934141,-0.4386070249174423,-0.2310175772198366
Papua New Guinea,PNG,2021,1.9224865685105184,-0.35550520391843016,0.14898775486502788,-0.9307413100255373,0.017310409033838917,-0.5525932473934141,-0.41954368057640357,-0.30758417521062315
Papua New Guinea,PNG,2022,2.151577039237834,-0.4064646431379454,-0.008389219052563835,0.43717342225629824,0.1260975692781844,-0.5525932473934141,-0.47072951065746027,-0.557261358922476
Papua New Guinea,PNG,2023,1.4890363379452634,-0.3747576421894715,0.23245108886571828,0.01992010767245159,-0.29151605348435594,-0.5525932473934141,-0.4767337135995197,-0.4245865733455369
Papua New Guinea,PNG,2024,2.280924119410257,-0.37950396741378795,0.9865814637276754,0.036968387734736645,-0.5312814586140502,-0.5525932473934141,-0.4803362353647554,-0.4678608503147608
Paraguay,PRY,1990,1.1980252583384847,-0.42213265036414815,-0.05055929710966535,0.08874225570572065,4.6501331710106095,3.077723306288216,-0.10882617832482747,0.837081548207997
Paraguay,PRY,1991,0.5192890692383564,-0.36549381491116884,1.0467204428310202,-0.04978055236230993,2.807738247079304,2.7731290487571982,-0.10882617832482747,0.8119656040793543
Paraguay,PRY,1992,0.26983186212204613,-0.30031406082079654,1.8186951000540885,-0.4451797245694731,1.5310111838488545,1.8469418161478188,-0.1268387871510057,0.7064061592180552
Paraguay,PRY,1993,0.4694705389676779,-0.23267861458394762,2.2514110904591678,0.2676237535469435,1.9573004172229211,1.172166324541922,-0.11483038126688692,0.6137535062655078
Paraguay,PRY,1994,-0.06152254056810573,-0.15133902337857888,1.250606457399949,0.3515687544171961,2.290529381000796,0.9007808345392739,-0.2123986790753528,0.541161822376714
Paraguay,PRY,1995,0.07234868068650098,-0.21416230640941056,0.38219146848354224,0.6826537610961572,1.2812054591936868,-0.8378738529191108,-0.36400480336235375,-0.0725209252566149
Paraguay,PRY,1996,0.28138599572618156,-0.1749073634125454,0.6254673469773268,-0.4721618609742886,0.7687212818100985,-0.15709937023383017,0.3489942960072051,0.2288502937709088
Paraguay,PRY,1997,-0.3115433847058969,-0.024276622254510258,0.7821501611513554,0.11497424820096502,0.36586733796039933,-0.4941844357615823,-0.069798859201441,0.10804667405702185
Paraguay,PRY,1998,0.544772094023993,-0.20214609720930582,3.5136841266982364,-0.8034349137231046,1.0165842908974525,-0.31764061276850364,-0.2113479435604924,0.5796852262509284
Paraguay,PRY,1999,0.5626918027620804,-0.19065272544263118,1.986708827142382,-1.1189489762309253,0.3379796530034018,0.06610118040700581,-0.07235064545181631,0.3834347804467411
Paraguay,PRY,2000,0.02396700108342167,-0.21856037309354515,1.6155056804993504,-1.327527798221311,0.6531672254832974,-0.6682582695700736,0.26793755628940263,0.4219075166780459
Paraguay,PRY,2001,0.3223225395693592,-0.2097604318153286,2.4638755707275215,-1.0019004279384554,0.41088536039426854,2.0259977049753934,0.05719003302311622,0.7753951608105811
Paraguay,PRY,2002,1.4329314685872137,-0.2811705694897478,5.498572140463032,-0.8231126995293703,0.8691562261314991,-0.7693677932420594,0.5355749024317024,0.7489923053195117
Paraguay,PRY,2003,0.39607154334306166,-0.4572572269139657,1.7020747027111982,0.1321851607847154,1.3958915158626817,-0.07542139678420541,0.1484539177424197,0.3122121154986216
Paraguay,PRY,2004,0.35615201952294545,-0.4656495867190671,-1.041104314365291,0.07425168473825872,-0.005350989267058047,0.23089575662548456,0.10327229060342237,-0.22976293534053044
Paraguay,PRY,2005,0.29106782666661957,-0.46599278935724286,0.4310258931750635,-0.3490234358514922,0.34577012761714515,-0.072669991854032,-0.15010507355148606,0.020854825030617197
Paraguay,PRY,2006,0.5225066230777047,-0.47919698475883027,-1.29378379139265,0.23918972395278945,0.7389913220047589,-0.15582629696658798,-0.08225758030621437,-0.2905385254928597
Paraguay,PRY,2007,0.9077387414165321,-0.4350241257750698,-1.5630451755979633,0.37438449542076574,0.5327844965063169,1.3212458334868526,-0.1669168417892525,-0.2275827214294877
Paraguay,PRY,2008,0.41505913531035216,-0.32634680212297784,-1.9325473500505628,0.6108178892367372,0.818913581722837,1.7333467694561404,-0.21164815370759535,-0.134879854178464
Paraguay,PRY,2009,0.5881037493725991,-0.2655264250956871,1.906052221948084,-0.8758553188128493,-0.25006665829717084,0.6752680417279234,-0.054788351846292445,0.3283843425538725
Paraguay,PRY,2010,0.22868244800426657,-0.1826996642460348,-0.6438170076264552,1.6226108603452918,0.04099620713412652,0.51834027385143,-0.18853197238066652,-0.3295722102310226
Paraguay,PRY,2011,0.2781930991536827,-0.10665381415246336,-1.7294360594214477,0.12462262250347159,0.5502399450488598,0.30397758959093835,-0.17337135995196643,-0.22257991722046194
Paraguay,PRY,2012,0.13578911566423446,-0.05074093121244825,0.7181721040064605,-0.9741771527410306,-0.09685103683471857,-0.01410141087912326,-0.26118282797958575,0.1619548477396258
Paraguay,PRY,2013,0.4717834248501757,0.010291961329059079,-0.4274317751105634,1.0061207486609802,-0.23707541441680285,0.6592107264675608,-0.21615130591413997,-0.24129428302229178
Paraguay,PRY,2014,0.2715186690146505,0.09134149423182383,0.46985379260518645,0.3478992754123752,0.09437779520535844,0.22365415399365646,-0.11873311317922552,0.02015373977568199
Paraguay,PRY,2015,0.34182678339478056,0.2036714984096034,2.30452704985078,-0.16781329092369257,-0.17415570140234804,0.09183949757776409,-0.19048333833683584,0.29448364480398226
Paraguay,PRY,2016,0.9356988730703089,0.16069385729193783,1.2151612353050827,0.12058653510584498,-0.0387712425125113,-0.33743846584011356,-0.0855598919243471,-0.02031427369372932
Paraguay,PRY,2017,0.8230548097947803,0.15465057960513665,-0.17932734853615617,0.23984130675572893,-0.10723174101082665,-0.26040222981192274,0.04698288802161509,-0.20117485261180904
Paraguay,PRY,2018,0.39725063422433754,0.22872932350610206,0.23441251590390463,-0.1134501701412423,-0.054490754802141265,-0.28545770179895746,0.05884118883218245,-0.014537984634572117
Paraguay,PRY,2019,0.34863756996548373,0.29641160438492703,1.2048850220461513,-0.9068140352947313,-0.22672321668232734,-0.15798259459461328,0.1155809066346442,0.2557640267311471
Paraguay,PRY,2020,0.6636694098307243,0.36090744606807035,1.151895411937868,-0.9987610944849122,-0.36659702109159015,0.5334202166603652,0.2586310417292105,0.3247641114225874
Paraguay,PRY,2021,0.2935143663259249,0.33472010070432656,-0.044154055280073004,0.060434608396711664,0.060335271391554555,-0.2671890807782439,0.22305613929750825,-0.006740085626794873
Paraguay,PRY,2022,-0.4284059586064941,0.370604020873089,0.38511040256228607,-0.8245807487998302,0.7638990049927671,-0.574229973763131,0.139597718402882,0.3339954114963168
Paraguay,PRY,2023,0.403924230112425,0.39456408814445987,0.5697165130939591,0.34451277229383687,0.038290845162840995,-0.23798075408769515,-0.0046532572800961555,0.0016429189467438324
Paraguay,PRY,2024,-0.03284999632104592,0.4985229346951412,0.47622231413388755,0.20883522235278743,-0.07430857777895214,-0.07434769055677935,-0.020864605223656598,0.0898913070339856
Peru,PER,1990,-0.29509947827717997,-0.5578918986523042,-0.05055929710966535,-1.914596145043233,1056.890111848646,467.48766592650856,-0.13494446112278596,217.97772539165572
Peru,PER,1991,-0.1723675642461513,-0.5802941703822803,43.97413178556824,-0.330153887875329,57.26920334077279,16.03862207165721,-0.13494446112278596,16.724177145516382
Peru,PER,1992,-0.27914996234614686,-0.5349942961452893,8.618836734559624,-0.9373187152661644,9.776533758589125,5.5917137642330985,-0.11362954067847503,3.507847014024342
Peru,PER,1993,-0.5053763466847051,-0.4910906318989503,8.381784791352466,0.33521338478969537,6.250179186602501,4.390027965519228,-0.15460822575803068,2.649493721101746
Peru,PER,1994,-0.37487835057188246,-0.44438095327162064,1.4201773902823873,1.889507494891938,2.738697992978957,1.8534146027676104,-0.20024016811768247,0.5504342457599424
Peru,PER,1995,-0.7030111497655445,-0.38854856960838713,0.3254534001315787,0.8121457781395646,0.9565734725153306,1.2700235411725684,-0.16766736715700992,0.2695285498114372
Peru,PER,1996,-0.44609343040573296,-0.2775129097107803,1.2052531853926536,-0.20261349050849267,1.0144180119067023,1.8554506903839267,-0.1344941459021315,0.6159745361406567
Peru,PER,1997,-0.34691254959597295,-0.20456300815734396,1.1653549763131905,0.6065348838989117,0.593805920427107,1.381380332142733,-0.15956169318522978,0.3595420276053597
Peru,PER,1998,-0.3738916302975993,-0.12306093594874049,1.3612248076590014,-0.9045441162945859,0.40802471563748766,0.394396095083919,-0.10897628339837888,0.45857773508935346
Peru,PER,1999,0.029029035377262796,-0.10611327762945742,2.138564259798413,-0.48951470054116925,-0.1260050152474245,0.18629502103332674,-0.12218552987090966,0.34729158903540785
Peru,PER,2000,-0.0003629345349151303,-0.16292279497685916,0.3955118953614508,-0.2256264598551749,-0.08534270077845035,-0.9059331255176486,-0.129990993695587,-0.09466976074528631
Peru,PER,2001,0.0831172032588696,-0.2252980329262642,0.017684775681890485,-0.6824637569266624,-0.33697322906131416,-0.8352680028040912,-0.11362954067847503,-0.12773392516006593
Peru,PER,2002,0.11830786986803198,-0.2521494670384445,-0.011557747901002868,0.38140401280838554,-0.589130164396138,-0.5590312286828125,-0.14785349744821383,-0.2942048554490042
Peru,PER,2003,0.1691996031055511,-0.2999203414381157,-0.2035870506305864,0.09792535152948122,-0.2970741319433559,-1.0333839576749546,-0.2514259981987391,-0.33607377636011204
Peru,PER,2004,0.3723147126526434,-0.3446562481565034,-0.31613743741638733,0.27242951284268563,-0.09875154984787331,-0.6375011871653202,-0.16736715700990698,-0.31559397215590285
Peru,PER,2005,0.5551662565216843,-0.3197356000357141,-0.5369475684347218,0.5643456837678001,-0.38797058003104684,0.3773879893234611,-0.1433503452416692,-0.3043040063870251
Peru,PER,2006,0.769125500422394,-0.2820858487035426,-0.14418453187217248,0.8379973308778607,-0.3334170617441238,-0.2864808789897447,-0.24842389672770945,-0.4145307213339353
Peru,PER,2007,0.5453442004408425,-0.2003109088449457,-0.6814500926418133,1.0556905215421823,-0.36483435698674965,1.2802809439686877,-0.2619333533473432,-0.2613260699764556
Peru,PER,2008,-0.1762688837093574,-0.08915799124123149,-0.9716499722602755,1.18949372438963,0.2013838808304443,0.7932219862150751,-0.26943860702491745,-0.19269507773731112
Peru,PER,2009,0.2948243310321336,-0.08375717572012902,0.37084638121696706,-0.5773161243146298,-0.20140322612115566,-0.541365497798141,-0.2799459621735215,-0.0647333839019263
Peru,PER,2010,0.07022371764275813,-0.07842986373241041,-0.9262348925313448,1.014785150358579,-0.4004064296946788,0.6678281080118005,-0.33398378865205647,-0.3080336763714325
Peru,PER,2011,0.1260568782335435,-0.03429663357503038,-0.4062674465492781,0.5736149820769486,-0.1401889908357449,-0.015738709180190755,-0.35244671269888933,-0.2355157647356608
Peru,PER,2012,0.01580090536944993,0.0030896579948927944,-0.6491322526852887,0.5323710145029625,-0.10599700407985214,0.2247920163393495,-0.38832182527769443,-0.20910590394014367
Peru,PER,2013,-0.2310787713697412,0.08232707193191985,0.2944332128227379,0.46918393956133964,-0.22519676199623387,0.3321806687509664,-0.33773641549084366,-0.013156770310435975
Peru,PER,2014,-0.17549256609898642,0.1508631220562847,0.6676176479931093,-0.2943153350568824,-0.13416270717425452,-0.41705320940196083,-0.392824977484239,0.04917825387782977
Peru,PER,2015,-0.22181243357706198,0.21484275103602524,1.6707712401705892,-0.10289112015393768,-0.13612089968336208,0.10537365235383359,-0.38321825277694394,0.25662172069016315
Peru,PER,2016,0.06957951521484487,0.1920188066509893,0.7963971601433332,0.051349165446851065,-0.11363484484670934,-0.6744562280094512,-0.31281897328129693,-0.03334610857211871
Peru,PER,2017,0.23138150964078,0.18351756606431505,-0.5308688110105388,-0.26424537618438537,-0.1931105826497875,-0.1921647147711354,-0.3203242269588713,-0.14572670039748753
Peru,PER,2018,0.21041005618911066,0.21561894149276767,0.06276275103749719,0.054876435090868585,-0.40311552751147145,-0.4780753267613515,-0.350195136595617,-0.17404154137402203
Peru,PER,2019,0.2788139595676938,0.23329978664579604,0.16754420436572073,-0.32545177886890636,-0.29809968803097936,-0.26643925356305,-0.3671570099069349,-0.06917344874117641
Peru,PER,2020,0.4499398762173907,0.4615200887929061,0.6179294628553949,-3.223793703341547,-0.3333952880164719,1.931778498752166,0.20324226958871214,0.8078469798709804
Peru,PER,2021,0.08469769128993997,0.2848381370512321,1.5105451464514343,2.133335321002931,-0.012644623241503049,-0.6653600257692364,-0.10927649354548181,-0.1728472673352037
Peru,PER,2022,-0.13619284407809482,0.25322901949372767,-0.2159921125637135,-0.19838350959656764,0.561510634382274,-0.19354327678097338,-0.23026118282797958,0.07278849076828539
Peru,PER,2023,0.42817085331434934,0.1950382543319004,-0.3875884280639444,-0.8955595791097517,0.29604889458926636,-0.19354327678097338,-0.13899729810867612,0.034049553108996475
Peru,PER,2024,0.6638674366106359,0.12325410719995845,-0.017778954801218504,-0.04502297845700753,-0.33264681103161003,-0.19354327678097338,-0.09396577604323032,-0.16193216708724315
Philippines,PHL,1990,-0.2905121461803467,-0.3663762980204037,-0.05055929710966535,-0.14019798563805563,1.104796312198757,0.7663771257435629,-0.3149204443110178,0.22428964718851932
Philippines,PHL,1991,0.12203788636040598,-0.39347123437109566,1.793308590629226,-0.9144119287962912,2.106109544075361,0.4229581719882945,-0.3149204443110178,0.6294798100638076
Philippines,PHL,1992,0.16426057567370966,-0.34048063986403293,-1.0629308168120335,-0.7265228218114472,0.6063594760331671,0.0850115155452293,-0.29660762533773644,-0.06376940632823842
Philippines,PHL,1993,-0.23193408937492113,-0.23173683290106634,0.8408513556294431,-0.3383753078318516,0.33289756708935425,1.187995599099897,-0.29360552386670674,0.3438159374653849
Philippines,PHL,1994,-0.12946314075817827,-0.18139790869376804,-0.4171551888827591,0.14382795928139006,0.8516619668625097,1.0844924241700826,-0.30891624136895834,0.14490289050912789
Philippines,PHL,1995,0.07972662936374467,-0.02231267620798987,-0.42691972919180793,0.19917242489324727,0.3492492400994532,0.8746509048789068,-0.3219753827679376,0.024827614650518963
Philippines,PHL,1996,-0.1472833606442289,0.19339311883216945,0.22545342951899167,0.47090650980975934,0.4402915680318152,0.8641881375389184,-0.33293305313719607,0.15239572165988116
Philippines,PHL,1997,-0.20250859463086834,0.3341062902128283,1.7059247759736422,0.32263668374458426,0.17373417222279627,0.8184255446886366,-0.3351846292404684,0.36812543782053125
Philippines,PHL,1998,0.6251684772291185,0.1744214535200684,5.433314496955341,-0.9315064883109619,0.6888960097979945,-0.24825200264880806,-0.31942359651756236,0.8621849103126967
Philippines,PHL,1999,-0.04603591441569613,0.07387781530453254,-0.6747586581845002,-0.08216516962364713,0.22303434463246252,0.36175731872658096,-0.3113179225457821,-0.028458002575337586
Philippines,PHL,2000,0.03973828128702094,0.036787442580533056,1.7966415909153528,0.14577260812322285,-0.054276632596803834,-0.2809349701413847,-0.30846592614830387,0.14346294502844995
Philippines,PHL,2001,0.0947754827216724,0.050969669235489595,2.126692140741206,-0.14755523776616308,0.13913857850458847,-0.14413356636771438,-0.3192734914440109,0.27231044081629274
Philippines,PHL,2002,0.32741784402686464,-0.005096368677588615,0.11895043302453927,-0.000806210257529893,-0.23157493312035998,-0.14539833772569044,-0.3315821074752327,-0.13161613539195247
Philippines,PHL,2003,0.4092023264888176,-0.04207457993997998,0.6622525226667139,0.30074599490232273,-0.2928649630825464,-0.5621398239853262,-0.34494145902131496,-0.18424523210765628
Philippines,PHL,2004,0.5800847690229618,-0.06231752149794732,0.42884827007723425,0.6268643135258017,0.0661626651025271,-0.0900250259824296,-0.3408886220354249,-0.1721670452692577
Philippines,PHL,2005,0.5976810893255505,-0.12940815057875404,-0.29153017891917843,0.26897584365570926,0.304705014222001,-0.37472380624837737,-0.30471329930951674,-0.2374753362592979
Philippines,PHL,2006,1.0426774493491116,-0.1385876540174067,-1.019204614679305,0.3512385612638804,0.15888893282640648,0.8438032810111569,-0.26613629540678485,-0.25930748012556076
Philippines,PHL,2007,1.0081378365297768,-0.13495945879867996,-1.4749413392852175,0.615877895761351,-0.2065244248631666,-0.17200736541510767,-0.35890123086160314,-0.5673356502164147
Philippines,PHL,2008,0.3785430836724232,-0.1298502841330934,-0.61012513184317,0.13740849716529938,0.5511556978395179,-0.14008359864458259,-0.31597117982587813,-0.16583229677784697
Philippines,PHL,2009,0.961904931246286,-0.12940610772597733,1.0208664947858348,-0.49976423522622104,-0.020084152246356405,-0.2429645703236593,-0.29525667967577307,-0.018426530172285183
Philippines,PHL,2010,0.7944421011767434,-0.12001253434914118,-0.8132071594322199,0.7952284182817303,-0.08074922201214565,-0.07727870027440634,-0.3332332632842991,-0.43059305697295513
Philippines,PHL,2011,0.6664124665736146,-0.07334407858699293,-0.6140470193085985,0.030429725276300775,0.05050235708117246,-0.48735651980696637,-0.3351846292404684,-0.30803886881596704
Philippines,PHL,2012,0.6965706203587056,-0.043001356747277245,-0.40477430501070005,0.6989652955535646,-0.18857852758858115,-0.3647772224025329,-0.3483938757129992,-0.3921516004820515
Philippines,PHL,2013,0.8641566397563417,0.009383096117307536,0.022277578578630365,0.6667519663603222,-0.2513753953175391,1.2748279634632338,-0.3494446112278596,-0.11789142492898438
Philippines,PHL,2014,0.8154748076682568,0.07927400985621515,0.5991014348613596,0.5781900190813405,-0.1078895638024183,0.03571834953209549,-0.33398378865205647,-0.16020634070777168
Philippines,PHL,2015,0.6616876321667506,0.12939845148580192,0.3024622354885516,0.5782609124343602,-0.5211343931145167,-0.20207417092530003,-0.4138396877814471,-0.27787658706400303
Philippines,PHL,2016,0.32225668908598615,0.19321490995317517,0.5681016911263893,0.7545178514506142,-0.4392232438685242,0.1009140916367162,-0.46982888021615143,-0.1605137102721422
Philippines,PHL,2017,0.28814012207245787,0.25228825245452624,0.8167538449505772,0.7064535460037229,-0.21314117330578852,-0.038690975940931314,-0.4912939057340139,-0.09552537509311586
Philippines,PHL,2018,0.05252072749860098,0.2944827337336005,0.583202183920496,0.576759561380016,0.13402814987710435,-0.21650151152349342,-0.5234163914740319,-0.05106930347784877
Philippines,PHL,2019,0.26884459714752185,0.30333890475805175,-0.2831372659235502,0.5277071034566598,-0.2783191818548425,-0.1545331357123924,-0.538577003902732,-0.2496827690342353
Philippines,PHL,2020,0.7642009726229898,0.3908928250558997,-0.6437891568211853,-2.9124830060133897,-0.27816411788934636,-0.24154584782511196,-0.4957970579405585,0.1256969539957282
Philippines,PHL,2021,0.18242801322509708,0.3457502917344488,-0.15591063289989943,0.43887043248025387,-0.06133615405907571,-0.29124106378654685,-0.36430501350945665,-0.16404871688941153
Philippines,PHL,2022,-0.18923432246476066,0.32272397680312215,1.44984787505288,0.8494559078220546,0.20637088442601126,-0.30297263958352094,-0.48438907235064554,0.07590849128436472
Philippines,PHL,2023,0.018576790146700523,0.3106107117340732,0.24878493013936256,0.39579695064287046,0.22854348305425928,-0.30297263958352094,-0.544130891624137,-0.06764830672421913
Philippines,PHL,2024,-0.12810210704914457,0.3436740309185677,0.3717131847287291,0.43887310102555177,-0.16233883834056262,-0.30297263958352094,-0.5438306814770341,-0.08636084824717545
Poland,POL,1990,0.9430941581924426,-0.3240845604360696,-0.05055929710966535,-2.3618711535082535,79.65121955464312,11.217470487750289,1.1702191534073854,13.29757747622441
Poland,POL,1991,0.05863409132183708,-0.26912800597971476,1.5520676873549022,-2.3618711535082535,10.234666552125082,1.903501560868512,1.1702191534073854,2.413509144280369
Poland,POL,1992,-0.03778990960555263,-0.3133018888808653,4.0302813514426035,-0.2650939006317396,5.899438681532647,3.207254566519166,1.173821675172621,2.042911170860495
Poland,POL,1993,-0.3758512761772145,-0.3188398184341475,4.610047884488857,0.004046080616985888,4.608324367648101,1.7635915079491176,1.2861002701891326,1.7601470582001841
Poland,POL,1994,0.43944163065884134,-0.3717933256213229,3.548394922740709,0.3460431798747126,4.046770496384592,1.91652952571086,1.3509456619633746,1.3864803529492369
Poland,POL,1995,0.44261630823328196,-0.37620329545149045,0.9003016910405933,0.9261669419945703,3.334400246753766,1.7362092234619269,1.1813269288501953,0.772464506346734
Poland,POL,1996,0.11796847015850996,-0.32676065611238986,1.5312994461734553,0.5222843607495307,2.181519057869983,1.4132503759008754,1.0295706994896427,0.741232298916218
Poland,POL,1997,-0.07510972651138158,-0.28936799915054084,3.009963045603524,0.580592232554959,1.4914928174253406,1.2548031253462695,0.7713899729810869,0.8189712080231575
Poland,POL,1998,-0.11769870632899687,-0.2510598074897392,0.7955690487768146,0.19837737262986485,1.0228865033684238,0.9702173039870531,0.6169318522966077,0.4391237478054703
Poland,POL,1999,-0.535054506477616,-0.1899388072196293,1.9512514336420654,0.21544397718214947,0.3947736504982065,0.5602878627601636,0.9704293005103573,0.5723448527838043
Poland,POL,2000,-0.3701383230123061,-0.16342439539358003,1.301037620148514,0.20601623392915822,0.7829254683395003,-0.02887614893008689,1.366406484539178,0.4888844453980962
Poland,POL,2001,-0.014240342709722749,-0.22530717830559618,-0.8715250751811235,-0.5469727171868108,0.14801987024443336,0.1952984310738001,1.8928249774842392,0.24293201217318378
Poland,POL,2002,0.025728124696779462,-0.4541750821888096,-0.09848352082997625,-0.40012994991481704,-0.3471242549189248,-1.0231271708352507,2.1594115881116784,0.08727191207953637
Poland,POL,2003,0.05935197234437083,-0.4442587319893388,-0.712768398502529,-0.04324175818385537,-0.5199316989939413,-0.48275422144529884,2.112578805163615,-0.009034922846858315
Poland,POL,2004,-0.36876775750741586,-0.166847649093847,-0.8925355311934773,0.3016005695372047,-0.13830401367861267,-0.5987685857959524,1.9509156409486643,0.03166100702242658
Poland,POL,2005,-0.039588522810827545,-0.147848024219916,-1.6835903818224902,-0.10100391657644485,-0.30775692788266273,0.22686114445724373,1.7662864004803362,-0.0007793356571737599
Poland,POL,2006,-0.20566780098332862,-0.06037997308954535,-0.629218649607503,0.5460955008641791,-0.4348421906683838,0.2944281590048568,1.1961873311317925,0.003678139555766632
Poland,POL,2007,-0.45708914729511707,0.06804160804762911,-1.578938475556486,0.6689336644908628,-0.2688945148610992,0.10550374435922497,0.559291504052837,-0.18954866445051996
Poland,POL,2008,-0.46481438402819675,0.2846272984703136,-1.8841545098269932,0.1460510675980636,-0.02772514101895555,0.48964731121422317,0.18673071149804862,-0.09030157331903287
Poland,POL,2009,-0.11870078324029641,0.2805226125280691,4.124362932334352,-0.24306033116094827,-0.0799638903098945,-0.2820687383930842,0.34614229960972687,0.6786794757386305
Poland,POL,2010,-0.2696088864271771,0.32270448685090536,-0.525981920612196,-0.12122140139162325,-0.25165723431778114,-0.2307252275571314,0.5633443410387271,0.038359247603046334
Poland,POL,2011,-0.26268748141662196,0.37899697988099035,-0.2966830938104624,0.3378282757575043,-0.01720478729814826,0.03931075718228088,0.5630441308916242,0.0846175989293432
Poland,POL,2012,-0.13928947414711176,0.3540224035114092,1.3519502030414083,-0.48580297650788434,-0.11318325971504213,-0.5444834705537247,0.6313419393575505,0.3292486094709425
Poland,POL,2013,0.12391576018750332,0.38288726519809035,-0.4673282988451851,-0.6678667547440233,-0.47621589709591877,-0.4189387971485706,0.6706694686280396,0.03357496218471078
Poland,POL,2014,0.001432444111387603,0.40356368213966637,-0.07775464992526726,0.044130757311453585,-0.6088216590588652,-0.27628454486994813,0.47223056139297515,-0.01894711596346862
Poland,POL,2015,0.20497700080211936,0.4184649456914267,2.707665534410597,0.1566105308618688,-0.7399836935065035,-0.211885385486556,0.2476733713599519,0.29433532011498975
Poland,POL,2016,0.23669565680429824,0.4406833384686624,0.5998598042499396,-0.15152714834997835,-0.7103916081353386,-0.1749076809942176,0.04743320324226957,0.016786935482427927
Poland,POL,2017,0.22217035460012652,0.3960358139690353,-0.6371055355078803,0.31516662216437646,-0.3230030057446871,-0.5352458487209761,-0.14380066046232368,-0.2543508876044764
Poland,POL,2018,0.1258405998648246,0.3879032074482009,-0.6780715970663831,0.5557210514918757,-0.3601748547184185,-0.20435424052530127,-0.2987090963674573,-0.26213831894086564
Poland,POL,2019,0.3350219708476775,0.35192353354555317,0.8412872185365053,0.18932344045233146,-0.30158290315964004,-0.27042435640777435,-0.3839687781447014,-0.04101581384715232
Poland,POL,2020,0.6650741869200635,0.3312053349142842,0.17190324928696174,-1.2662404178930693,-0.13945981664229348,0.3285367327323665,-0.40078054638246785,0.12751016926883674
Poland,POL,2021,0.2079312351195585,0.25493277415808613,-0.18779380808726961,0.7056162778225882,0.09808098334099943,-0.22277391450196826,-0.3838186730711499,-0.19356002158620697
Poland,POL,2022,0.08771334830576681,0.11672768819715428,2.1324129410026833,0.3378270454265807,1.4231224322174085,-0.49172206553800374,-0.45241669168417903,0.3289405586375308
Poland,POL,2023,0.5586283223519672,0.017396860889186027,-0.8570403012356959,-0.7634877958488776,1.0131417078850802,-0.25048589883890027,-0.4626238366856801,-0.04782171349844281
Poland,POL,2024,0.4063734704504117,-0.006781264931016905,-0.8007463495551955,-0.1521346653445531,-0.0806400137463115,-0.198747017574364,-0.45301711197838496,-0.2563100804130188
Portugal,PRT,1990,0.34027181975241805,1.7481016750982656,-0.05055929710966535,0.050734129981328646,1.3102035590317025,0.473007453350889,-0.2861002701891324,0.4005210243497589
Portugal,PRT,1991,0.2695576219530828,1.7481016750982656,0.14072380339103563,0.14262678264650705,1.058453332429902,0.48593769195437225,-0.2861002701891324,0.3907045468692648
Portugal,PRT,1992,0.347588586168173,1.7481016750982656,-0.9793239394210221,-0.5787124480923383,0.7347383376346824,0.36031298237804316,-0.2761933353347344,0.25982279746848574
Portugal,PRT,1993,0.3990333064438517,1.7481016750982656,2.6537274940189857,-1.267936325384137,0.3424340569186782,0.42865150525755996,-0.07865505854097869,0.8518803845275424
Portugal,PRT,1994,0.09660226936436754,1.7481016750982656,0.40633716701588696,-0.6061336573627742,0.14973083173106105,0.5660583793186961,0.1326928850195136,0.5017789037402614
Portugal,PRT,1995,0.3549592146406653,1.7481016750982656,-1.3195121435204824,0.12383257429604097,-0.019549068274629287,0.26720293076719565,0.18598018613029121,0.05477597018056208
Portugal,PRT,1996,-0.12553647444045735,1.7481016750982656,0.24328094921046775,-0.04744928898222768,-0.18264008097257678,0.21240257914872188,0.22110477334133893,0.34503366560698606
Portugal,PRT,1997,-0.3314737264129538,1.7481016750982656,1.8820869665037505,0.1498124993911863,-0.286121839252296,0.3265114560108266,0.11197838486940853,0.5663168386073889
Portugal,PRT,1998,-0.4665324130318244,1.7481016750982656,0.33618816795111767,0.23937584810807208,-0.2527797290985565,-0.04345367287078846,-0.17787451215851105,0.26247692769218284
Portugal,PRT,1999,-0.7251681605162623,1.7481016750982656,-14.125669390970012,0.04106589538107615,-0.28566501885821277,0.11793733887744783,-0.1870309216451517,-1.7211748646232106
Portugal,PRT,2000,-0.9685272935199439,1.7481016750982656,2.1272494691330825,0.02117723312598106,-0.21316341177110104,0.027449905021994327,-0.30306214350045035,0.619132222053679
Portugal,PRT,2001,-0.9204746103020237,1.7481016750982656,0.39150602043557015,-0.39078460044726043,0.0012411792767871785,0.13684968154209043,-0.2996097268087662,0.46990686289903305
Portugal,PRT,2002,-0.6589275713437857,1.8353847138431594,-0.797884946391231,-0.6487957395991861,-0.1075329263344938,-0.05059008541879092,-0.19933953767637352,0.2839657898521774
Portugal,PRT,2003,-0.45498382006888555,1.8702980246702745,-2.3719210397438095,-1.0231235730553392,-0.16143619475736962,0.05079184711545112,0.046082257580306145,0.1302746125698682
Portugal,PRT,2004,-0.617639931381697,1.8814799029560112,-1.3329471871124154,-0.42487154157440155,-0.28209359879210494,0.1115792174037317,0.07415190633443408,0.21352595910653643
Portugal,PRT,2005,-0.8174051679422754,1.9586926249040117,-0.05269688515556709,-0.6463926636636202,-0.29456008541013023,0.17988702812832497,0.263734614229961,0.5026935897574994
Portugal,PRT,2006,-0.8952450469342792,2.1449199852358505,-0.18024437090542933,-0.4608865237203385,-0.17717165089088144,0.43133023522234765,0.27379165415791057,0.5498224890677738
Portugal,PRT,2007,-0.8245359547273937,2.3350873044701803,-1.2365727690965245,-0.2669417806889927,-0.2695698459000859,0.38255264135439704,0.3212248574001801,0.3748857033777905
Portugal,PRT,2008,-1.0965880324696353,2.5343673085341694,-1.0152386027355782,-0.7481673644424617,-0.2505529123559371,0.2157826754180248,0.25938156709696786,0.5126422046956778
Portugal,PRT,2009,-0.9067764624099475,2.7149947625540323,0.7201193381820146,-1.505278724433364,-0.7345283070146554,-0.10962757218361394,0.5414290003002102,0.7920632012401857
Portugal,PRT,2010,-0.8990689843038823,2.618595168494858,0.6865506805467333,-0.43611625292194267,-0.41818041960549535,0.039261340737993686,0.7424196937856501,0.7148331001693664
Portugal,PRT,2011,-0.3872294673732618,2.633110946784512,-0.7238552770659071,-1.1953894718561557,-0.1000889976846343,-0.0005962755242289513,1.0342239567697389,0.6322018989298426
Portugal,PRT,2012,0.1800510882287945,2.5612562245728148,1.1296197989301773,-1.7096254160672446,-0.2244275716567074,-0.12102077033290991,1.453617532272591,0.904088505946345
Portugal,PRT,2013,0.5589875575339462,2.350132466353167,-0.5121594174915177,-1.0349126965742685,-0.5776412904569908,-0.09347300160619954,1.5628940258180726,0.45795398880812194
Portugal,PRT,2014,0.40770465287559504,2.063837609955656,-0.054635615170529964,-0.6552932481857753,-0.6557450994222036,-0.1968147494985861,1.2090963674572202,0.37333244409024813
Portugal,PRT,2015,0.4315481798240871,1.8568593074643327,2.7420359539051264,-0.46863893003702684,-0.5474607212479977,-0.20207417092530003,0.9876913839687781,0.6963060719111258
Portugal,PRT,2016,0.5448797147738477,1.6689072975352812,-0.017200209629603138,-0.37748103814920836,-0.5305756941215019,-0.254805750009089,0.7854998498949265,0.21206097386362494
Portugal,PRT,2017,0.5619724115080368,1.4862720062701766,-0.3358457508938759,-0.08914619397632707,-0.4229803727312629,-0.2680563091375293,0.4582707895526869,0.06354773507549796
Portugal,PRT,2018,0.45865427562831645,1.3621413002605272,-0.6648566224766168,-0.17020436803331299,-0.47597093280690106,-0.35550796632544907,0.1712698889222456,-0.03591060571731396
Portugal,PRT,2019,0.4633602990694814,1.2815120543921599,0.7264744674782448,-0.2143373215085159,-0.5686287948155968,-0.27569498522850505,0.08961272891023711,0.1434646418822249
Portugal,PRT,2020,0.2909269232455193,1.5125443880977185,-0.33202044757082044,-2.623469584497496,-0.6181872239551199,0.09099330671142151,0.15385770039027313,0.4485329121322071
Portugal,PRT,2021,0.2856909207541121,1.3999087777909023,-0.5355792331948978,0.4045547280645082,-0.43753296799203534,-0.07947011832487784,0.13314320024016807,-0.029967998614194406
Portugal,PRT,2022,0.11116167762451003,1.1974668337848025,1.6919852900189463,0.7185215313802998,0.4906939378359594,-0.30297263958352094,0.04698288802161509,0.32778187158185607
Portugal,PRT,2023,0.43713618690116474,0.9985380942721531,-0.41982883576892094,-0.136388601692784,-0.007044745207113879,-0.32375104636115315,0.10102071450015013,0.006883799460962074
Portugal,PRT,2024,0.6251473227707416,0.9315273094069764,-0.06509322817147975,-0.3311806061740721,-0.2749174629160063,-0.26606012626733333,0.10132092464725306,0.018972957157534356
Qatar,QAT,1990,4.207281817736998,0.06620373527300914,-0.05055929710966535,-0.06720238245381206,-0.19225294951968647,-1.2118940588185028,-0.7437706394476135,-0.8960503778436637
Qatar,QAT,1991,4.207281817736998,0.41717646733593905,-0.05055929710966535,-1.184104303560441,0.007939576983393364,-0.7040961150786843,-0.7437706394476135,-0.5852125030704552
Qatar,QAT,1992,4.207281817736998,0.6720482476701788,-0.05055929710966535,1.6743774326683076,-0.18386573760768612,-0.29315000758121895,-0.7437706394476135,-0.9258509549259016
Qatar,QAT,1993,4.207281817736998,0.17588818091209513,-0.05055929710966535,-1.1099411404713428,-0.7398757855735286,0.033083133685174654,-0.7437706394476135,-0.631796440685599
Qatar,QAT,1994,4.207281817736998,0.03644822694658798,-0.05055929710966535,-0.5062796330685936,-0.42962764342031207,-0.2121867097350846,-0.7437706394476135,-0.7286711782049275
Qatar,QAT,1995,4.207281817736998,0.01715219904887105,-0.05055929710966535,-0.2905578738159695,-0.1985352780714299,-0.7959047344417325,-0.7437706394476135,-0.8126202419917998
Qatar,QAT,1996,4.207281817736998,-0.059774726907864485,-0.05055929710966535,0.14388178398158155,0.07680941207310081,-0.46864364992294166,-0.7437706394476135,-0.7995860718619376
Qatar,QAT,1997,4.207281817736998,-0.07221454839070167,-0.05055929710966535,5.784417137136637,0.06690883055303837,-0.15301782756684096,-0.7437706394476135,-1.5634789195479168
Qatar,QAT,1998,4.207281817736998,0.10465796395409172,-0.05055929710966535,1.6497642302003055,-0.19926078819672938,-0.2867040766759679,-0.7437706394476135,-1.0046689836304554
Qatar,QAT,1999,4.207281817736998,0.0185908681134445,-0.05055929710966535,0.12411510365294241,-0.3080531221609429,-0.04380569143512097,-0.7437706394476135,-0.7798564004899768
Qatar,QAT,2000,4.207281817736998,-0.15198798325270668,-0.05055929710966535,0.94783000989513,-0.383160096143235,-0.0934847993706054,-0.7437706394476135,-0.9397249489937077
Qatar,QAT,2001,4.207281817736998,0.02140082538770644,-0.05055929710966535,0.03921117926494355,-0.40846123334423634,1.9442012719260071,-0.7437706394476135,-0.497668867084249
Qatar,QAT,2002,4.207281817736998,-0.1125597123364626,-0.05055929710966535,0.7617926844674372,-0.5825059638784668,-0.2276681161635933,-0.7437706394476135,-0.9551626044486053
Qatar,QAT,2003,4.207281817736998,-0.0843255786360274,-0.05055929710966535,0.0,-0.2963408958182788,-0.4717008705007157,-0.7437706394476135,-0.8362827284641856
Qatar,QAT,2004,4.207281817736998,-0.10595079612094968,-0.05055929710966535,3.409777252037934,0.34463294161684765,0.6476043839376618,-0.7437706394476135,-1.0750146395569502
Qatar,QAT,2005,4.207281817736998,-0.003854268386116511,-0.05055929710966535,0.8300395021341933,0.6294543180002763,2.267184239404405,-0.7437706394476135,-0.41983813820141513
Qatar,QAT,2006,4.207281817736998,0.04520047269640464,-0.05055929710966535,4.9392342858122396,1.0565204823468428,2.030724774815229,-0.7437706394476135,-0.9726286157497201
Qatar,QAT,2007,4.207281817736998,0.16546306037933067,-0.05055929710966535,3.1384471140632555,1.3282382353628976,2.023802650849495,-0.7963074151906335,-0.6678702425012613
Qatar,QAT,2008,4.207281817736998,0.148743386855163,-0.05055929710966535,3.0675652545158063,1.5108553779189877,0.5676854039519421,-0.8278294806364457,-0.8465645258961176
Qatar,QAT,2009,4.207281817736998,0.38441398510425717,-0.05055929710966535,1.8123262076124116,-1.3038361603308704,0.3622594961691755,-0.8278294806364457,-1.0650227831647083
Qatar,QAT,2010,4.207281817736998,0.23281650234335696,-0.05055929710966535,2.862634572060635,-0.9592305260378219,0.8161665807486452,-0.8068147703392375,-1.119648271456051
Qatar,QAT,2011,4.207281817736998,0.12614895839466872,-0.05055929710966535,2.046380131869909,-0.45552509179407463,0.3772756145705399,-0.7903032122485741,-1.0066607111134303
Qatar,QAT,2012,4.468873471270006,0.06957800746429799,-0.05055929710966535,0.19939499099006291,-0.2891628300718872,0.8056877291980082,-0.802311618132693,-0.7050052101302867
Qatar,QAT,2013,4.127778704726286,0.13158742559278175,-0.05055929710966535,0.15637621652306188,-0.16101404078227757,0.5606462740765114,-0.8323326328429902,-0.6622610274735697
Qatar,QAT,2014,3.3290243604462826,0.262884563160918,-0.05055929710966535,0.08782535975578172,-0.14295798133311496,-0.09900316192683672,-0.8443410387271091,-0.6129752337339818
Qatar,QAT,2015,1.4191840834272584,0.7962593598593986,-0.05055929710966535,0.2273596927417521,-0.3600157447092391,-0.6240054825903959,-0.8488441909336537,-0.39052987595036665
Qatar,QAT,2016,-0.30463553746788324,0.9884826455472666,-0.05055929710966535,-0.1442638332946414,-0.23810239331941643,-1.2119765089990762,-0.8518462924046833,-0.13072892507472142
Qatar,QAT,2017,0.8615520199740913,0.9954039837037649,-0.05055929710966535,-1.1478852278264153,-0.5606143802401348,0.6829737545693435,-0.8533473431401983,0.07145570366220484
Qatar,QAT,2018,1.4909849672975102,1.0030587449507626,-0.05055929710966535,-0.5467246479847647,-0.580270515781904,-1.3547456384255736,-0.8578504953467428,-0.3978039315751241
Qatar,QAT,2019,0.6671669406576991,1.4384399885613337,-0.05055929710966535,-0.666986655357438,-0.7106564621716355,-0.6946063370144626,-0.8593515460822577,-0.1252734198738498
Qatar,QAT,2020,0.11329561394562479,2.2622806115326264,-0.05055929710966535,-1.6010968777357943,-0.9754936044591505,-0.5989064268125266,-0.8533473431401983,0.18168217197160783
Qatar,QAT,2021,2.1780305023112385,1.927300915688375,-0.05055929710966535,-0.46048800762077696,-0.2907010860134248,-0.7713090498774897,-0.8533473431401983,-0.25087976502040926
Qatar,QAT,2022,3.6772724781818424,1.4480927976859588,-0.05055929710966535,0.10232251217739072,0.08963531995472401,0.4009765719901865,-0.8548483938757131,-0.3923282845305347
Qatar,QAT,2023,2.4832216081275647,1.8143385595076726,-0.05055929710966535,-0.5572216242910286,-0.1884816938625009,-0.792713951044986,-0.8548483938757131,-0.2854663943173898
Qatar,QAT,2024,2.532841930835421,1.876632830712055,-0.05055929710966535,-0.13426656426666336,-0.4372946702942442,-0.9217805622579595,-0.8548483938757131,-0.3980607799134693
Romania,ROU,1990,-0.6824155152727135,-0.4937957877345695,-0.05055929710966535,-3.660484009955288,31.981240274749705,1.3307293916510936,0.361002701891324,5.353073829810841
Romania,ROU,1991,-0.06464971471483252,-0.4937957877345695,33.98114271730664,-3.660484009955288,31.981240274749705,6.754045462676701,0.361002701891324,10.901252727651416
Romania,ROU,1992,-0.3719429627870031,-0.4937957877345695,42.84124500935501,-2.7472441179540086,29.236729490596517,6.069741345146306,0.3655058540978685,11.59123042745745
Romania,ROU,1993,-0.1815077152541103,-0.4937957877345695,20.72092048631368,-0.4820512583284342,35.450499241362095,11.75262646231868,0.3641549084359051,9.779709183468333
Romania,ROU,1994,0.1929011124553679,-0.4937957877345695,16.611075849813286,0.04664632610433803,18.714024643708875,8.325499421095252,0.35199639747823475,6.181321869400195
Romania,ROU,1995,-0.21684083482085162,-0.4937957877345695,3.1824708990493975,0.5530046432165842,3.940931426912674,4.230196646674535,0.32797958570999697,1.5502312803166143
Romania,ROU,1996,-0.49125490737027366,-0.4937957877345695,7.262558233231092,0.04131324604954495,4.871954527359595,4.224842313333375,0.13734614229960976,2.35040672711569
Romania,ROU,1997,-0.36198505692028576,-0.5519609117701754,18.683497021298564,-1.8852252042275968,21.258838392678825,7.44398021385377,-0.04653257280096075,7.005004629201129
Romania,ROU,1998,-0.4956254263569202,-0.4792048067434104,3.3201406137945693,-1.264974082881432,7.736662669607827,3.0661042741436066,-0.029270489342539823,2.1964331100997723
Romania,ROU,1999,-0.07697430055143928,-0.558540322022847,10.24315446729828,-0.9012711240129347,5.857772439732213,2.8203830396729206,0.062143500450315185,2.7718797928136083
Romania,ROU,2000,-0.08064967262825533,-0.5771193422849694,5.832972024514507,-0.2769115424354691,5.838381532698547,2.1169612325870752,0.17172020414290007,1.9629252666745405
Romania,ROU,2001,-0.3130282086227581,-0.5441811472032657,4.741207676359035,0.32961627375947455,4.25677395882646,0.4453867793399085,0.1104773341338937,1.2847252194741878
Romania,ROU,2002,-0.04028245521218487,-0.5132188327100957,1.8943093056827962,0.43628723927415997,2.569503643679136,2.541489006099805,0.3432903032122486,0.9199098059859879
Romania,ROU,2003,-0.33894347135600617,-0.4260876589581502,0.011351777939193109,-0.3033377794761136,1.5424242348406096,0.6691248706466738,0.16886820774542183,0.37256609757798115
Romania,ROU,2004,-0.6829916077205996,-0.39053044447088525,-0.29070624861982025,1.4758410217232887,1.0619699494298782,2.675294249407221,0.28429900930651464,0.3639253001500314
Romania,ROU,2005,-0.70304562276156,-0.29835736187324335,-1.5679183071311062,0.2086157162612382,0.657796754858819,0.5936102995182254,0.20249174422095473,0.011721862299138757
Romania,ROU,2006,-0.9491012485343153,-0.1701704587961358,-0.5588403494999491,0.9479808430991251,0.3105935339293746,0.15963231441594902,0.21690183128189727,-0.0058232461762391064
Romania,ROU,2007,-1.324352716361334,0.0021457502852756946,-1.9179393470178117,0.7730755534964755,0.06731017869108576,1.6052456835190017,0.08826178324827381,0.05661445879866911
Romania,ROU,2008,-1.07171923735248,0.04342136156591133,0.41719948485105446,1.2292925124415575,0.4932539077669563,0.40661621260519704,-0.005703992794956508,0.17103052841501218
Romania,ROU,2009,-0.2155760920649723,0.06699408742197402,2.929154814169231,-2.032110583260728,0.17333283965329485,-0.2139945132512997,0.15520864605223655,0.7654832213387339
Romania,ROU,2010,-0.24722832143932144,0.09452847215989946,0.5460267057921195,-1.6777045417902747,0.24457097259865754,-0.37654521919742945,0.1702191534073851,0.37196184971288976
Romania,ROU,2011,-0.2262791498976528,0.07613406170320462,-0.6261987449906993,0.17065175795191667,0.2018612510341714,-0.4022455477280295,0.20294205944160906,-0.07026850408485821
Romania,ROU,2012,-0.19689289473787966,0.04440537107328116,1.896797195751689,-0.39959696660175525,-0.14504965139457968,-0.6681245991254406,0.1454518162713899,0.2671385705594249
Romania,ROU,2013,0.22820632406264998,0.005803420093173899,-0.6228572388605814,-0.7570721991557329,-0.05320419147867515,-0.23071554074387193,0.19078354848393878,-0.025903446773276127
Romania,ROU,2014,0.32655617589897173,-0.06066757221049791,0.03982167557825686,0.08714022088828753,-0.46542730888711104,-0.2655738305410925,0.14665265685980178,-0.1455558251411289
Romania,ROU,2015,0.28998062856285944,-0.08614354478647661,2.7228349987458285,-0.12383758374905449,-0.7004110094231807,-0.18757617879519328,0.14815370759531676,0.24724498978892706
Romania,ROU,2016,0.10887947523045811,-0.11513813411350118,0.13847233750303942,-0.18920206346863677,-0.8347806248244186,-0.16210607465515087,0.011407985589912883,-0.12597456032313425
Romania,ROU,2017,-0.02590733780219035,-0.15587922916111133,-0.07388398674523958,0.9846485802281941,-0.42716322465337264,-0.03982438511859213,-0.13479435604923456,-0.25575520345050773
Romania,ROU,2018,-0.20053088344352862,-0.17693174010680107,-0.43766693780917004,0.3684222102247912,0.03736666237605561,-0.2246560639921035,-0.24587211047733415,-0.17366450239865938
Romania,ROU,2019,-0.23293823417878892,-0.19797249897665356,1.013068603796264,0.052882796748727236,-0.07537551604010291,-0.07668995683565205,-0.2871510057039929,0.07941929480998917
Romania,ROU,2020,-0.26638069014039734,-0.1734187687472733,-0.03030500319783747,-1.6099898329546574,-0.24453628399482338,0.24665515264077073,-0.11858300810567399,0.22231180167003103
Romania,ROU,2021,-0.5226173507480127,-0.15974667593372074,-0.3291855946015965,0.4108455729788959,0.09769959017998685,0.2834542820842487,-0.03527469228459927,-0.004468758969509155
Romania,ROU,2022,-0.7745091566542104,-0.18705582625276326,1.7452710829677298,0.1029172627380659,1.333514156344229,-0.37472304084705216,-0.0316721705193636,0.4509894422298464
Romania,ROU,2023,-0.5003099976126728,-0.22955666975062042,-0.3951403182254656,-0.3216891535520588,0.8531763592347507,-0.10609435518331894,-0.03542479735815068,0.12985133855456096
Romania,ROU,2024,-0.6403958729273004,-0.24081038721538292,0.023933277585125676,-0.6168775318037258,0.19227124192043668,-0.04684723883075014,-0.06379465625938155,0.16028937741872484
Russian Federation,RUS,1990,0.6483902865434356,-0.3677725106522424,-0.05055929710966535,-1.4784198454645472,122.95509398225293,1.5995379741853053,-0.10732512758931251,17.83700065428688
Russian Federation,RUS,1991,0.6483902865434356,-0.3677725106522424,-0.05055929710966535,-1.9287592152982829,122.95509398225293,1.5995379741853053,-0.10732512758931251,17.90133484997741
Russian Federation,RUS,1992,0.6483902865434356,-0.3677725106522424,-0.05055929710966535,-4.015323123402841,122.95509398225293,1.5995379741853053,-0.09666766736715704,18.200937902595513
Russian Federation,RUS,1993,0.6483902865434356,-0.3677725106522424,-0.05055929710966535,-2.72553216820371,122.95509398225293,1.5995379741853053,0.008706094265986166,18.0317354463718
Russian Federation,RUS,1994,0.6483902865434356,-0.3677725106522424,-0.05055929710966535,-3.5838219679081695,42.879070929266945,1.5995379741853053,0.34614229960972687,6.763121582380685
Russian Federation,RUS,1995,0.6010850507702237,-0.3677725106522424,-0.05055929710966535,-1.730003607331401,27.28737552805007,1.5995379741853053,0.5439807865505855,4.305925862512176
Russian Federation,RUS,1996,0.6873911510719337,-0.3677725106522424,58.863227469558424,-1.6445404081992268,6.133147971851947,1.5995379741853053,0.5764034824377063,9.68024194921549
Russian Federation,RUS,1997,0.3432602888767865,-0.3677725106522424,1.7840672745613801,-0.5104141093088965,1.4700322793671952,1.5995379741853053,0.8988291804262986,0.7931211454742925
Russian Federation,RUS,1998,0.371986007972809,-0.3677725106522424,9.537774696788365,-1.9844255440135987,3.296843259208078,1.5995379741853053,1.11618132692885,2.399286326071306
Russian Federation,RUS,1999,1.8101909156981262,-0.3677725106522424,21.693413277918726,0.5896143026400967,11.50353285042219,1.5995379741853053,1.082407685379766,4.730187722702217
Russian Federation,RUS,2000,2.527770004509272,-0.3677725106522424,1.966182632436642,1.3816684034408275,2.3234017322272273,1.5995379741853053,0.7138997298108676,0.3322587357225287
Russian Federation,RUS,2001,1.6604523144885837,-0.3677725106522424,0.472232394849396,0.3036368901443361,2.4192694705349758,1.5995379741853053,0.4732812969078355,0.37606563159890716
Russian Federation,RUS,2002,1.3512930922148356,-0.34331658890277394,1.0068763960803935,0.21562154759580374,1.6152518303705603,1.5995379741853053,0.3077154007805464,0.3741643389576274
Russian Federation,RUS,2003,1.3198685793604645,-0.27280882697109093,-0.3468451210426746,0.7876277449615371,1.3148287614563436,1.9500980755877688,0.35800060042029436,0.1279681664469485
Russian Federation,RUS,2004,1.5929652448672276,-0.20657614656933335,-0.91643549743477,0.7656261871344835,0.9226379953446565,1.598003434144685,0.29090363254277996,-0.09572257342481336
Russian Federation,RUS,2005,1.7334585744944928,-0.17195700780969592,-0.3104689905251673,0.5896254693728126,1.1765934845840833,1.7740662519082162,0.1949864905433803,0.048590883547644494
Russian Federation,RUS,2006,1.520947990377748,-0.06376785689569105,-0.5975561137459187,0.9856584039283872,0.7502008209937896,2.086074838649197,0.1846292404683278,-0.021003637833775752
Russian Federation,RUS,2007,1.055039540907483,0.08369896954253797,-0.8883819026146974,1.0516402160424096,0.6567205225691382,2.138094982461946,0.02656859801861297,-0.012854083853193584
Russian Federation,RUS,2008,1.1419473313780373,0.16496860055131826,-0.45320127437059066,0.32561943124590764,1.3780777273879423,0.15982342794672943,0.05703992794956469,-0.022979764736997255
Russian Federation,RUS,2009,0.8778983599874005,0.24486736659871944,3.8705068297710223,-2.5344469756399604,1.0298794986004627,0.3936139370928954,0.37166016211347946,1.081010915689877
Russian Federation,RUS,2010,0.9152696101470905,0.19268741791503474,-0.6623497994761401,0.17162218117614034,0.3517081300571221,0.9213208566336573,0.2374662263584509,-0.00657985140501513
Russian Federation,RUS,2011,0.9561896662761316,0.1680845318372169,-0.5097514784876839,0.1276274561671254,0.5766005768922443,0.5599959267748384,0.11197838486940853,-0.02527274007960468
Russian Federation,RUS,2012,0.7675716439433883,0.21583486781240205,0.6512828080089398,0.0669184082772868,0.10086776427494178,0.08126360377351703,-0.051185830081056774,0.023367594509724112
Russian Federation,RUS,2013,0.5489098956281774,0.3044399266361783,0.40699160594899386,-0.43220067610893126,0.3383192347247371,0.29934256735131853,-0.04683278294806369,0.16936447602770258
Russian Federation,RUS,2014,0.7138227533582564,0.4511712385369275,2.8563702734459273,-0.656420601401243,0.4889240623828623,0.21104730583999812,-0.09201441008706102,0.5511566168802343
Russian Federation,RUS,2015,0.9829222082785757,0.4753064730875385,8.266387634666414,-1.2524131462114478,1.579302511298893,0.5697070805247544,-0.03152206544581207,1.5898103674378086
Russian Federation,RUS,2016,0.6055304830276782,0.41388653784870405,1.370015532889679,-0.775794851191925,0.3789943473491314,-0.9444462998012051,-0.035124587211047734,0.19336998560564408
Russian Federation,RUS,2017,0.6213071082200834,0.39177452614068053,-1.8890326105889688,-0.41651797976438837,-0.09580341323866184,-0.33299146583858025,-0.08811167817472228,-0.316993395736564
Russian Federation,RUS,2018,1.2311447999169685,0.37381363971817505,0.9983850030116193,-0.2009925451861113,-0.20958968840435416,0.02703381341802383,-0.14320024016811767,0.002327181834927024
Russian Federation,RUS,2019,0.8476590251092667,0.40222471172640645,0.4166851614314437,-0.33481435485945715,0.01567590391753844,-0.5022336898957439,-0.19693785649954976,-0.053918634224244956
Russian Federation,RUS,2020,0.6614609682805029,0.5535830291706536,1.559599326411618,-1.40222280843978,-0.13836745694009062,0.3451959453407513,-0.030771540078054653,0.4328573062948792
Russian Federation,RUS,2021,1.2127563471362004,0.44707517098404903,0.2534806460043873,0.47225820331796187,0.32980884743476935,0.3451959453407513,-0.16151305914139907,-0.06728099997594349
Russian Federation,RUS,2022,1.6500239805455426,0.44707517098404903,-1.0435900047810105,-1.1341933762661636,1.3261911379818054,0.3451959453407513,-0.2939057340138097,0.037876558747486695
Russian Federation,RUS,2023,0.6670014493011323,0.44707517098404903,3.3948816898006404,0.07627476823024974,0.21266945230868586,0.3451959453407513,-0.4126388471930352,0.4634153133871014
Russian Federation,RUS,2024,0.721999660753578,0.44707517098404903,1.1772807711235875,0.2643941238125407,0.5758089301842202,0.3451959453407513,-0.5096067247072952,0.1499086154798849
Rwanda,RWA,1990,-0.4460868120714137,-0.5815286775663355,-0.05055929710966535,-1.346261402724026,-0.024786295276964944,-0.46632912504626506,0.9771840288201743,0.23518983551662617
Rwanda,RWA,1991,-0.4460868120714137,-0.6203469472964016,6.957607011410018,-1.3715815448246629,2.159214432962624,-0.4701311769651016,0.9771840288201743,1.545885100832484
Rwanda,RWA,1992,-0.4460868120714137,-0.6083744075229124,0.9413093407543061,0.473629602157173,0.7349011043162491,0.03591301641616374,0.9440108075652959,0.2886024387776205
Rwanda,RWA,1993,-0.4460868120714137,-0.5942782496953289,1.0373329093899322,-2.602362298112246,1.129819799790378,-0.6916220682090521,0.9501651155809067,0.6971238024343565
Rwanda,RWA,1994,-0.4460868120714137,-0.5176930402519763,-0.39714321747151665,-11.873266364536306,1.129819799790378,-1.1493429888032005,0.9623236265385772,1.76390247948714
Rwanda,RWA,1995,-0.4460868120714137,-0.5493217086184241,12.165000882167936,6.931095501593572,1.129819799790378,4.2250572551920795,0.9175923146202344,1.6290199790900066
Rwanda,RWA,1996,-0.4460868120714137,-0.5839905964860741,2.358342521457358,1.9857225088656973,0.43114192404492846,-0.2449991048083032,0.8528970279195437,0.18196515361902416
Rwanda,RWA,1997,-0.4460868120714137,-0.5563184103514386,-0.2945129347992065,2.22862131527893,1.0819081268969897,1.2548835031626033,0.7898528970279196,0.0704683826756216
Rwanda,RWA,1998,-0.4460868120714137,-0.5418998942099764,0.4554761402913943,1.1305544514716153,0.2613417858345062,-0.6183320226341278,0.8150705493845694,-0.04468729724769086
Rwanda,RWA,1999,-0.4460868120714137,-0.550425587098786,0.9292502687981145,0.13903676247455957,-0.9564990549006018,-0.29744393885854936,0.862203542479736,0.042019325716681065
Rwanda,RWA,2000,-0.4460868120714137,-0.5424809698625321,2.3117001660878147,1.0232414728670598,-0.06524444231952094,0.2696610889560575,0.881717202041429,0.32545691201537175
Rwanda,RWA,2001,-0.4460868120714137,-0.535011044430158,1.8844631999263937,1.0482482934533637,-0.143928436202589,-0.5613392438393828,0.886670669468628,0.1326705233629917
Rwanda,RWA,2002,-0.4460868120714137,-0.5275633414851,0.9834206270361017,2.0839281974531447,-0.3347842476475251,0.21604617951117122,0.8416391474031824,-0.06558328865198584
Rwanda,RWA,2003,-0.4460868120714137,-0.5382279245704631,1.8034391131876675,-0.3338657350756722,0.43655950773944996,0.4097860031015222,0.8755628940258181,0.5381531629472972
Rwanda,RWA,2004,-0.4460868120714137,-0.5187928944231334,0.9966513500902457,0.8201258970949977,1.1151652163057812,0.41784065671003373,0.881717202041429,0.3597917779572532
Rwanda,RWA,2005,-0.4460868120714137,-0.5084544783952459,-0.5314493659754743,1.244787955033225,0.6576803345053648,0.5238529591864469,0.9031822275592917,0.035158647702653104
Rwanda,RWA,2006,-0.4460868120714137,-0.4734977254294437,-0.2055941325466096,1.2116059435042723,0.6391268281802742,1.0550284675407344,0.8647553287301112,0.15918566214888688
Rwanda,RWA,2007,-0.4460868120714137,-0.4679353216971965,-0.17251162305604206,0.8609657414324746,0.6670986547863199,1.5743297315631075,0.8638546982888022,0.2928510300748472
Rwanda,RWA,2008,-0.4460868120714137,-0.43931084367305784,-0.05331031368334472,1.6371347709201773,1.5657075103599174,0.381216839052084,0.8543980786550586,0.15966475883741338
Rwanda,RWA,2009,-0.4460868120714137,-0.48709524894561845,0.5039763202091192,0.5562488528643635,1.2132154843208194,-0.587178728865423,0.8706094265986191,0.20048074464636662
Rwanda,RWA,2010,-0.4460868120714137,-0.4800454707734776,0.31915906329529437,0.7952628469388117,-0.6512185256521105,0.6035466366509716,0.872410687481237,0.04495376516207385
Rwanda,RWA,2011,-0.4976321423401952,-0.44130201681144127,0.36618189645126065,0.9324875165620928,-0.18105793831618597,1.2480969712244623,0.8902731912338638,0.2067623899371517
Rwanda,RWA,2012,-0.842845446057894,-0.3867788976950668,0.27914312414752335,1.0827777125513547,0.8353427852627147,0.09109183477003806,0.8775142599819874,0.2080544057105337
Rwanda,RWA,2013,-0.5683807801624261,-0.3763753255959561,0.6943344856608552,0.2199901266829462,0.22094519643201363,0.013050244758835351,0.8920744521164817,0.2560599581216728
Rwanda,RWA,2014,-1.0516334725120184,-0.34559407532234365,0.7328081030384962,0.4286886575399916,-0.2836302484546879,0.38273126569471333,0.9024317021915341,0.2873845088742484
Rwanda,RWA,2015,-1.2163337344550091,-0.2728836006190328,0.7252971623376763,1.1331280859982502,-0.25903422683051736,0.6026029112918653,0.9015310717502252,0.25438842376956794
Rwanda,RWA,2016,-1.5439321252099394,-0.28431646082920065,1.2740280276071847,0.4265529078335177,0.3976387581711208,-0.254805750009089,0.8950765535875114,0.4492857637005641
Rwanda,RWA,2017,-0.8114274818192928,-0.28251475143194293,0.7456698726561687,0.21648891763275094,0.5538539571501904,-0.20266302241410686,0.9081356949864906,0.33106004501904884
Rwanda,RWA,2018,-0.879330091121306,-0.27002535313214043,0.45204530418263367,0.9572280074477749,-0.6604175595267906,0.5120923449734576,0.7406184329030322,0.09948789329624623
Rwanda,RWA,2019,-1.0769738742721864,-0.27560619441896717,0.5780517147831041,1.224599065001739,-0.14321866745737855,-0.12769873676338064,0.8122185529870911,0.09944592548584517
Rwanda,RWA,2020,-1.0774620501996655,-0.20684413115361375,0.6405203947777424,-1.4293825947865288,0.7758897560920642,0.6952123451743802,0.9012308616031224,0.7589791244971271
Rwanda,RWA,2021,-0.9590195862689923,-0.19289706491538475,0.6296252487626453,1.0321535861994608,-0.6717445812011779,0.4636722351666748,1.4935454818372862,0.23558104567422503
Rwanda,RWA,2022,-0.7521687530370363,-0.25370342244507804,0.5459989368440978,1.3431469691438505,1.8838777445890855,0.8042345481111569,1.3898228760132094,0.5398932095722369
Rwanda,RWA,2023,-1.0057996113924539,-0.2643113720221811,1.7318013930384053,1.0647668932021623,2.1807529356659012,0.939806286561848,0.9797358150705495,0.7869739680721164
Rwanda,RWA,2024,-1.1092012621087146,-0.2710792945204228,1.8768054773240577,0.7716154392186338,-0.36620457574228277,0.4997820577929953,0.8264785349744821,0.4147668603884158
Samoa,WSM,1990,1.2155482590244222,0.5489976626615184,-0.05055929710966535,-1.7911481455653167,1.5374734737333342,0.5355112299525581,-0.5591413989792856,0.3696973652570506
Samoa,WSM,1991,-2.145508977897034,0.5489976626615184,0.4993240912426986,-1.324419517264143,-0.8735662754045529,-1.014270944133482,-0.5591413989792856,0.29589594722115337
Samoa,WSM,1992,-4.533681164608931,0.5489976626615184,0.34263934912667243,-0.8624019280744597,0.6600901144178059,-0.8241078503563598,-0.5082557790453318,0.8022066556410995
Samoa,WSM,1993,-3.1286103401860714,0.5489976626615184,0.53629140865414,0.08361791096941451,-0.37400706413388185,-0.7711033096971388,-0.47072951065746027,0.3592059451491192
Samoa,WSM,1994,0.6908081065809905,0.5489976626615184,-0.2354546560420792,-1.3776802855491026,1.0910899030004841,0.13949650016691154,-0.4241969378564996,0.2581149501283496
Samoa,WSM,1995,0.8814613965129204,0.5489976626615184,-0.394551990288639,0.6498361315998098,-1.0268325588299676,0.9099569954188711,-0.3874211948363855,-0.26873551628390474
Samoa,WSM,1996,0.9757598840230723,0.5489976626615184,-0.11480635543996649,0.7610106755174577,0.14325427097029667,-0.41568146710746745,-0.3467427199039328,-0.2745355954800117
Samoa,WSM,1997,0.7637753290745506,0.5489976626615184,0.5079911079016828,-0.6768464212749055,0.35346524310857963,0.2347434810316217,-0.30696487541278905,0.17875767307013835
Samoa,WSM,1998,1.2898551639560623,0.5489976626615184,2.096140111591505,-0.3355152922297854,-0.30280471892305694,-0.6944231924616544,-0.2548784148904234,0.06267022517880169
Samoa,WSM,1999,-0.5402742190433905,0.5489976626615184,0.2636718113686195,-0.337595522078148,-0.5789553224873658,0.2769767329120869,-0.2005403782647854,0.16971717818737314
Samoa,WSM,2000,-0.5402742190433905,0.5489976626615184,1.2323472954964896,0.30209541266515644,-0.4797778636937058,0.3209313478742753,-0.16391474031822284,0.24239464405694128
Samoa,WSM,2001,-0.5402742190433905,0.5489976626615184,0.7746771699082591,0.8074671394189934,-0.07390122844051035,-0.42905976411123997,-0.12984088862203547,0.06052571871719836
Samoa,WSM,2002,-0.5402742190433905,0.5489976626615184,-0.4646128427200393,0.4250598074492005,0.5214542063838477,-0.12739342353161584,-0.12758931251876324,0.06658152883844821
Samoa,WSM,2003,-0.5402742190433905,0.5489976626615184,-1.7394894097129119,0.3284046295077275,-0.6000569353632519,0.14740135945424138,-0.11813269288501951,-0.2213443466156801
Samoa,WSM,2004,-0.42385090403221276,0.5489976626615184,-0.9666815820324343,-0.13918866327415608,1.6893767320128472,-0.26624387274642275,-0.0995196637646353,0.209852691919606
Samoa,WSM,2005,-0.8630142347546863,0.5489976626615184,-0.40869945928202106,0.6422592368453839,-0.3539821334197479,0.2712237654780894,-0.09201441008706102,0.026611489037154316
Samoa,WSM,2006,-1.5263747136860468,0.5489976626615184,0.30941981630359927,-0.3493234175873092,-0.09343500061557891,0.1320514422238594,-0.07565295706994904,0.3852970135395436
Samoa,WSM,2007,-0.6169405437188962,0.5489976626615184,-0.8789417215340846,-0.711484663587993,0.1718690402757324,-0.06922492997402421,-0.06004202942059447,0.14872617561649099
Samoa,WSM,2008,-0.6763039879944108,0.5021927211813982,0.09870518157852892,-0.03604020022267363,1.0183706841913605,-0.3359935124360533,-0.043080156109276485,0.278934158089006
Samoa,WSM,2009,0.14830240020193897,0.4988501857475872,0.4128437736153702,-0.9375757869275215,0.2775805511641973,-0.22238372539818105,-0.026868808165716046,0.24704219481269146
Samoa,WSM,2010,-0.7492633221685276,0.6053631460893925,-1.3257762213290551,0.5290698762463316,-0.5066018964433345,-0.4061668922401243,-0.030621435004503116,-0.2062299790007755
Samoa,WSM,2011,-0.9803088463119332,0.6392507962785619,-1.0025880592160823,0.02841559890841989,0.12357830817495533,-1.3265738499545479,-0.02176523566496555,-0.09088639899693791
Samoa,WSM,2012,0.24561210573503522,0.6730233461757665,-0.20416857525966414,-1.6394936462448277,-0.3268075857692483,-0.9972078221153798,0.43935755028519974,0.1397254934037809
Samoa,WSM,2013,-0.3240385733333255,0.7310055035670997,0.0641718062483084,-0.7947984741841945,-0.5301956635350554,-0.4076846880208788,0.44235965175622943,0.20264195107617475
Samoa,WSM,2014,-0.3518045308682827,0.8397002901891784,0.07721302723820614,-0.6732165985327352,-0.673931117406971,-0.17123379191181917,0.4345541879315522,0.2187605322058806
Samoa,WSM,2015,0.17820490739345457,0.8238659700540708,1.3396142273577913,0.028698057676790394,-0.5140278334584806,-0.4332982841347841,0.4617232062443711,0.21013918871324624
Samoa,WSM,2016,-0.19392519180025308,0.9000700153842979,-0.02814999311647817,0.9380919820285215,-0.4320117635685203,-0.20486789936946045,0.48604022815971193,-0.003298028962673933
Samoa,WSM,2017,0.2365081546867041,0.9429483640692222,-0.10876994753156727,-0.5090134220477165,-0.36908742509604814,0.2388339458251619,0.5366256379465627,0.2161508346534777
Samoa,WSM,2018,0.7009947323515101,1.027032544147368,0.13169112159050808,-0.9525294668279914,-0.023133225988344417,-0.23412399296424796,0.42389672770939646,0.22527112985302308
Samoa,WSM,2019,0.8298809577439158,1.0638068716615363,0.28601370035304774,0.16103086714994888,-0.47758074350309354,-0.5361995862585914,0.3051636145301711,-0.049958281158684927
Samoa,WSM,2020,-0.7081515070533747,1.1447759507287927,0.035623958762956105,-1.502323295742645,-0.8381893086905564,-0.48097481647587614,0.24647253077154002,0.3311690168418394
Samoa,WSM,2021,-1.2760068630906192,1.3146499460598002,-0.6285643834999799,-1.9280038136640218,-0.173561765484558,-0.7526726153314116,0.12593815670969674,0.4414000021725984
Samoa,WSM,2022,-0.6596224987158907,1.186312486719764,0.6851157388805049,-0.31963893284526096,0.932993953971705,-0.33873702753904805,-0.11663164214950468,0.4754735630635104
Samoa,WSM,2023,0.8437247627850992,0.867527080310965,0.20958919151086633,2.533077122364324,0.5032674963409616,0.12665593194612842,-0.1358450915640949,-0.25794389665779954
Samoa,WSM,2024,1.057843417881406,0.7768917533592781,0.02960057737160156,0.2262686111163775,-0.3093602797783792,-0.22528095561787687,-0.14560192134494143,-0.16540897928687162
Sao Tome and Principe,STP,1990,-0.8782149326189458,-0.6327327051422725,-0.05055929710966535,-1.2919980173917684,4.446201641452688,5.32002464818381,1.301110777544281,1.7934654307056508
Sao Tome and Principe,STP,1991,-0.8782149326189458,-0.6327327051422725,-0.05055929710966535,-0.5541757057288126,4.446201641452688,5.32002464818381,1.301110777544281,1.6880622433252286
Sao Tome and Principe,STP,1992,-0.8782149326189458,-0.6327327051422725,17.521206675476282,-0.6644002607691264,4.446201641452688,5.32002464818381,1.3246772740918644,4.217427532492922
Sao Tome and Principe,STP,1993,-0.8782149326189458,-0.6327327051422725,4.727565692757808,-0.5763976144145279,4.446201641452688,5.32002464818381,1.2961573101170822,2.373118447771798
Sao Tome and Principe,STP,1994,-0.8782149326189458,-0.6327327051422725,9.915367176332195,-0.334390652742042,4.446201641452688,5.32002464818381,1.2886520564395079,3.078588343232416
Sao Tome and Principe,STP,1995,-0.8782149326189458,-0.6327327051422725,13.23085378723357,-0.3783917716480145,4.446201641452688,5.32002464818381,1.2784449114380068,3.5570569982046805
Sao Tome and Principe,STP,1996,-0.8782149326189458,-0.6669936777060259,7.747566668712802,-0.4883947761898495,4.446201641452688,5.32002464818381,1.2766436505553889,2.7842932342867797
Sao Tome and Principe,STP,1997,-0.47802737764236664,-0.6691645091239715,15.037028178830768,-0.5992072949190316,4.446201641452688,7.6650848050287275,1.2892524767337135,4.120805323640474
Sao Tome and Principe,STP,1998,-1.422860659886848,-0.6333435877291405,7.193182762256028,-0.2683919427995942,6.520596035787864,-0.6705455690429714,1.28685079555689,2.1982847199307303
Sao Tome and Principe,STP,1999,-2.393914208424326,-0.6327539465370235,0.4339646999981643,-0.2683879050256783,1.182229400117497,-0.3106928335441474,1.2799459621735219,0.6592850565225739
Sao Tome and Principe,STP,2000,-2.887297031088672,-0.6363681742755786,1.6571140410859175,-0.719760022601899,1.1092619303678701,0.9483232963950461,1.2871510057039928,1.1389341647096882
Sao Tome and Principe,STP,2001,-4.021100419942353,-0.6367720344541666,1.4815833088776635,-0.1441997954375435,0.6870730297981631,1.787567875677619,1.4867907535274696,1.281649021258092
Sao Tome and Principe,STP,2002,-3.4892483416742257,-0.6082955608871431,0.34342630043948635,-0.07914295435883338,0.815230096709179,0.985370615711278,1.771990393275293,0.9823018773258789
Sao Tome and Principe,STP,2003,-3.060385745261397,-0.5143608570114071,0.3530573931794207,1.005778193531591,0.7676945920158292,3.071722242656431,1.5813569498649056,1.0448682674907122
Sao Tome and Principe,STP,2004,-3.625436607973546,-0.3961606637259906,0.7891153300655093,-0.040044025210841834,1.2614836334433197,-0.8019412965087865,1.5453317322125493,0.8661870526672841
Sao Tome and Principe,STP,2005,-2.9090121318756554,-0.2515604084506707,0.8862530973179542,0.636851746186376,1.807974051071529,2.4508068720020293,1.597868507955569,1.2519289293693845
Sao Tome and Principe,STP,2006,-4.621007353065936,-0.16770347161186663,2.483145621870107,1.1321912643497987,2.645428038969155,1.4304714277159674,1.6248874211948365,1.643577875264905
Sao Tome and Principe,STP,2007,-4.961819648637857,-0.06698064568271217,1.186162585979136,-0.017258931852918134,2.005337319076067,1.637996307092088,1.530471329930952,1.610295068126615
Sao Tome and Principe,STP,2008,-5.775855989557739,-0.13524443755666174,1.1602666433215918,0.5519648050248828,3.9052583018122053,1.8277188893581329,1.4404082858000602,1.9174712667525977
Sao Tome and Principe,STP,2009,-4.481909314225735,-0.025955169573839552,1.406426287504415,-0.0918567559575991,1.7804497807494861,-0.2744147643304,1.3976283398378866,1.2654143634815544
Sao Tome and Principe,STP,2010,-5.325563066777645,0.1139258949199266,1.9485781933512332,-0.49973515791579864,1.2691398425708127,0.6793978517802474,1.3213749624737319,1.593959281398485
Sao Tome and Principe,STP,2011,-5.401645910730103,0.12601181880647477,-0.7203205105511288,-0.3785170876727776,1.4086649531972961,-0.12059917177668904,1.2614830381266888,1.105057589457932
Sao Tome and Principe,STP,2012,-4.957060135320942,0.1530947309458348,1.1099660496076578,-0.17093933245296974,0.8872052139049302,0.4566060324764622,1.1655658961272892,1.2714910558337265
Sao Tome and Principe,STP,2013,-3.391016376762057,0.052279776535217745,-0.5094615169790899,0.3079547509126224,0.5293015126156809,0.42750155740580714,0.9983488441909338,0.6544331142311407
Sao Tome and Principe,STP,2014,-4.012352054921467,-0.02492176622625653,-0.037943865884645996,0.26099081656844486,0.372783893549705,0.42723793475825894,0.8410387271089764,0.7613651659512943
Sao Tome and Principe,STP,2015,-2.8956553539665655,-0.01387177140391983,2.7263075858751855,-0.4796598431021342,0.12505713621204348,0.1748237428871896,0.7154007805463825,1.0147189530265115
Sao Tome and Principe,STP,2016,-2.230883553198362,-0.05175175052249686,-0.013272526457750811,0.3205274916092045,0.15115552879218652,-1.2296928371134743,0.5792554788351846,0.1922928507318295
Sao Tome and Principe,STP,2017,-2.437876403784555,-0.09616856161413843,-0.3110146505633141,0.08647548900233068,0.18787401848932592,-0.892632187378723,0.44776343440408284,0.24103185258849394
Sao Tome and Principe,STP,2018,-2.0504332877880267,-0.19677564120670354,-0.6950187300705499,0.14480966103681156,0.49576898843975276,0.2358836699265418,0.4333533473431402,0.31126218016905666
Sao Tome and Principe,STP,2019,-2.3246622153726872,-0.24594211762301132,0.72257019380989,-0.37524238641154206,0.4748000970646149,-1.029109993014532,0.45181627138997316,0.4391484362015948
Sao Tome and Principe,STP,2020,-1.1938185654208495,-0.30194938050259895,-0.2947369559828378,-0.24091947683456288,0.7714979655819771,-0.09873563371963287,0.5785049534674273,0.29847414158567814
Sao Tome and Principe,STP,2021,-1.8754044855831384,-0.34944498593115464,-0.5746553717536329,-0.40054696336615275,0.533815789386851,-1.0670747005097134,0.5610927649354549,0.197097849296728
Sao Tome and Principe,STP,2022,-0.21593275245354518,-0.4536881662652634,1.712032882255075,-0.7812889747862185,1.9286033711217787,-0.21376011213103863,0.47117982587811474,0.6345127897283472
Sao Tome and Principe,STP,2023,0.7426297643927167,-0.5622233924770886,-0.4344839333280246,-0.7365058659223818,2.3884427491807982,-0.43687621365834967,0.48138697087961574,0.20430318316094517
Sao Tome and Principe,STP,2024,0.9902791629584975,-0.5622233924770886,-0.060184969385305064,-0.4930396617539339,1.4121647752924875,-0.8398703562054722,0.485139597718403,-0.008887692323077004
Saudi Arabia,SAU,1990,-0.06680584877563088,-0.41121862364468836,-0.05055929710966535,1.2553920938768026,-0.3228311569407029,-0.5405163613889157,0.22380666466526566,-0.32712928850283973
Saudi Arabia,SAU,1991,-2.2018363712811593,-0.41014970014762575,-0.05055929710966535,0.9902130705323979,0.07067165548857222,0.1909672830816712,0.22380666466526566,0.17662284381813992
Saudi Arabia,SAU,1992,-1.228011755995834,-0.36948000059534586,-0.05055929710966535,0.18935069679343702,-0.6273136353782118,-0.7259106350487596,0.20639447613329331,-0.07545829039947036
Saudi Arabia,SAU,1993,-1.2336520954827388,-0.2894885724454926,-0.05055929710966535,-0.7348375289426291,-0.4671961977733072,-0.6286314088530219,0.17667367157009903,0.10132683140199712
Saudi Arabia,SAU,1994,-0.5885055173875744,-0.24875016246447418,-0.05055929710966535,-0.6087456340435953,-0.5366637110360677,-0.6576265589485416,0.13629540678474927,-0.0228647387632614
Saudi Arabia,SAU,1995,-0.08965105053383367,-0.2442481458403604,-0.05055929710966535,-0.7498260571591191,0.07170630006747752,-0.6304094079655451,0.08105673971780247,0.009574756651808847
Saudi Arabia,SAU,1996,0.42165756551054123,-0.2825325657442405,-0.05055929710966535,-0.09135451019028276,-0.44369519826357784,-0.34429687554621746,-0.0031522065445811934,-0.20779131407550586
Saudi Arabia,SAU,1997,0.3914569397394403,-0.2670933299475862,-0.05055929710966535,-0.23597816921722695,-0.6083510755012268,-0.494421006480133,-0.08135694986490541,-0.23675148991796144
Saudi Arabia,SAU,1998,-0.7366978706506722,-0.10156491144819889,-0.05055929710966535,-0.20154893538557261,-0.6689063451031031,-0.6102782853597473,-0.1610627439207446,-0.09344639670074492
Saudi Arabia,SAU,1999,0.4001458004053873,-0.15423768782616643,-0.05055929710966535,-0.957753841187737,-0.8049506210339357,-0.3753284474633835,-0.22200540378264788,-0.149924773776207
Saudi Arabia,SAU,2000,1.3021325845410434,-0.20831746193210096,-0.05055929710966535,0.2196129602689503,-0.7754436306498983,-0.5490327771817566,-0.18838186730711498,-0.47049722557007573
Saudi Arabia,SAU,2001,0.9963535166528487,-0.14678290411646863,-0.05055929710966535,-0.7425911317922355,-0.7748711300328998,-0.5034542737851775,-0.18117682377664365,-0.272943830525924
Saudi Arabia,SAU,2002,1.1424433608947524,-0.10673685540426087,-0.05055929710966535,-0.9698533840621073,-0.5814901787468824,0.238242556105413,-0.08405884118883226,-0.108170370453839
Saudi Arabia,SAU,2003,1.974552316084672,-0.12215004221508342,-0.05055929710966535,1.1107680870114118,-0.5298974738107087,-0.25367780526056155,-0.039327529270489416,-0.5829903643946562
Saudi Arabia,SAU,2004,2.848317364395218,-0.03332600341498365,-0.05055929710966535,1.0804670587349585,-0.5435639024448448,0.388884201635826,-0.00045031522065447523,-0.5953999628120713
Saudi Arabia,SAU,2005,3.713405750555237,0.0327304635245756,-0.05055929710966535,0.489507635286633,-0.5486914179833446,0.09465969605752354,0.03392374662263584,-0.6629785992471636
Saudi Arabia,SAU,2006,3.759689774020791,-0.0037896028460783636,-0.05055929710966535,-0.08941797706677417,-0.3041915462860626,0.6204214886048118,0.06439507655358742,-0.4777136682910605
Saudi Arabia,SAU,2007,3.4018033002984165,0.0683525699691209,-0.05055929710966535,-0.3313870505950634,-0.027322070565828433,0.6008345747299295,-0.01365956169318526,-0.35611000491042605
Saudi Arabia,SAU,2008,3.807448988201883,0.08155951739560695,-0.05055929710966535,0.5539894004937403,0.7786953621194409,0.4407960164249606,-0.11107775442809971,-0.46028922061334
Saudi Arabia,SAU,2009,1.0957756665663758,0.25281856339946485,-0.05055929710966535,-1.0530874884641805,0.09839133974634158,-0.08364890864625847,-0.06724707295106581,0.015295206619517361
Saudi Arabia,SAU,2010,2.0419688738056827,0.11345713243225247,-0.05055929710966535,0.29031859164516566,0.13827853833704212,-0.49721648282232733,-0.041278895226658716,-0.38137235283431503
Saudi Arabia,SAU,2011,3.3194331138981608,-0.005856490987706463,-0.05055929710966535,1.7686043356283103,0.20708585174053232,0.09608550743378687,-0.008255779045331825,-0.6927910939278364
Saudi Arabia,SAU,2012,3.1917812097775577,0.03595483128335068,-0.05055929710966535,0.4491756529318971,-0.2112919981238878,0.33295040489457245,-0.030471329930951713,-0.5091963216708624
Saudi Arabia,SAU,2013,2.6329229746537726,0.11016251056089216,-0.05055929710966535,-0.1703463911869678,-0.12015579764186735,-0.2639737024428949,-0.033773641549084445,-0.40298235880706074
Saudi Arabia,SAU,2014,1.5875855070019071,0.1865882692824698,-0.05055929710966535,0.06704720549051492,-0.2995510934940068,-0.009339028735444881,0.007805463824677215,-0.259955485532056
Saudi Arabia,SAU,2015,-0.6120538782360402,0.4065086412573041,-0.05055929710966535,0.20575016705963084,-0.4436057773097082,-0.663550736918002,-0.033773641549084445,-0.05409672863610666
Saudi Arabia,SAU,2016,-0.11468491860463494,0.4413315424714079,-0.05055929710966535,-0.44350341712775926,-0.32617832087019594,-0.836455182852928,-0.033773641549084445,-0.03534950916829593
Saudi Arabia,SAU,2017,0.5201571185491256,0.3499807189456522,-0.05055929710966535,-0.5583332818910639,-0.7344315855549758,-0.8655663445403329,0.00975682978084652,-0.17894907359093384
Saudi Arabia,SAU,2018,1.3446926287220795,0.3499807189456522,-0.05055929710966535,-0.10845591916890115,-0.26787682526219725,-0.8655663445403329,0.030621435004503116,-0.2913767175021741
Saudi Arabia,SAU,2019,0.8190827166942625,0.3499807189456522,-0.05055929710966535,-0.4550445076744189,-0.7850535011357739,-0.8655663445403329,-0.028369858901230872,-0.24908664168017064
Saudi Arabia,SAU,2020,-0.1893410161381918,0.3499807189456522,-0.05055929710966535,-1.6554790011148903,-0.13975948750703227,-0.8655663445403329,0.2754428099669769,0.20205120242981156
Saudi Arabia,SAU,2021,0.9333612347813361,0.3499807189456522,-0.05055929710966535,0.6159450927861684,-0.1834439797774308,-0.8655663445403329,0.11948363854698293,-0.31134451307175687
Saudi Arabia,SAU,2022,1.8179741841863801,0.3499807189456522,-0.05055929710966535,1.8217944147874725,-0.2667275897286011,-0.8655663445403329,-0.03542479735815068,-0.6440094155378501
Saudi Arabia,SAU,2023,0.631838977538483,0.3499807189456522,-0.05055929710966535,-0.6990301634713336,-0.2875038964363136,-0.8655663445403329,-0.27274091864305017,-0.151314078835837
Saudi Arabia,SAU,2024,0.2086149533255226,0.3499807189456522,-0.05055929710966535,-0.2356236775896043,-0.3778474629448834,-0.8655663445403329,-0.3462924046832784,-0.1804680094383466
Senegal,SEN,1990,-0.2385589608209114,-0.28994366322103626,-0.05055929710966535,-0.9825899765304975,-0.5704775751775598,-1.2297662654057093,-0.44491143800660465,-0.19492990022416665
Senegal,SEN,1991,-0.2643169691175839,-0.31308899351939584,0.46090751317924367,-0.23319658001402827,-0.864288141369405,-0.4498982074043688,-0.44491143800660465,-0.1591093882841312
Senegal,SEN,1992,-0.26939162239616626,-0.2906190747126644,-0.9239985238070563,-0.527944775112974,-0.6319691576124619,-0.613224477976418,-0.43485439807865517,-0.29961846209687365
Senegal,SEN,1993,-0.35730170615914125,-0.2899614347400127,0.9367766717248056,-0.5191489525937704,-0.6993195572951497,-1.7994968804739817,-0.44235965175622943,-0.2025585991125223
Senegal,SEN,1994,-0.09130889668326773,-0.4591210539416944,13.542603732318003,-0.8288584910197023,3.9481658391145404,1.9613753993182368,-0.4320024016811769,2.7830269861186965
Senegal,SEN,1995,-0.10869392159101755,-0.48644939709618934,-1.4790956774660522,0.3847164015017904,0.49512042833632897,-0.33206227165317087,-0.44716301410987697,-0.36081034455710476
Senegal,SEN,1996,-0.009366640105222188,-0.4647348500697022,0.30104360076954007,-0.37399704677462864,-0.22711766383428467,-0.018904439133858097,-0.4494145902131493,-0.06796632222880047
Senegal,SEN,1997,-0.009231673101972373,-0.46715741132730637,1.9440938761525528,-0.1483539267246617,-0.3686255040537529,-0.602801077821026,-0.4602221555088563,0.028981903895463585
Senegal,SEN,1998,-0.10122560454984447,-0.48362585196542685,0.10173339854951383,0.4792956464882692,-0.45292227215030817,-0.25406778250022166,-0.46142299609726817,-0.2754822208717337
Senegal,SEN,1999,-0.23148364339787889,-0.4724146147897948,0.5615249427956819,0.5639602172730066,-0.4995001791093028,0.08711916079257222,-0.4758330831582109,-0.16165433533488316
Senegal,SEN,2000,-0.3158458351229879,-0.416533639310409,2.1272494691337274,0.03680508000806277,-0.5129660605877708,-0.08297707537248479,-0.4783848694085861,0.13077551136705737
Senegal,SEN,2001,-0.09769023347871002,-0.4884907406207921,0.3915060204364706,0.13000841982503772,-0.19599399622455627,-1.5091555215775987,-0.4729810867607326,-0.32963335872764815
Senegal,SEN,2002,-0.19261271019468135,-0.4743021811604277,-0.7978849463919279,-0.8032899697817037,-0.28605980351367644,-0.34120637473304194,-0.45106574602221566,-0.19351662454927207
Senegal,SEN,2003,-0.24775429542351055,-0.4496920167115101,-2.3719210397434147,0.4122976590253996,-0.6237787046955519,1.5471755177836566,-0.45691984389072354,-0.35995420726563326
Senegal,SEN,2004,-0.25822950837069314,-0.4210845160020649,-1.3329471871130794,0.20314766872892404,-0.5436665364640255,0.20740700918925328,-0.4578204743320325,-0.35614712358288286
Senegal,SEN,2005,-0.390065720321872,-0.3938710707074643,-0.05269688515580547,0.12987356955881493,-0.3745382409627093,-0.19275644076355192,-0.4722305613929752,-0.17512872117420702
Senegal,SEN,2006,-0.5416859711200614,-0.39072937945763175,-0.1802443709050847,-0.30562063504353026,-0.31786501984172466,0.022230242187312548,-0.46082257580306224,-0.06858921395094272
Senegal,SEN,2007,-0.790082337639752,-0.38163666546196484,-1.2365727690963169,-0.1964211823061049,0.21091463157789475,0.07183616321718021,-0.45406784749324536,-0.11471756675865648
Senegal,SEN,2008,-1.0177942339267798,-0.32406817109838,-1.015238602735698,-0.0036851915456757012,0.4220718119037185,-0.18490640317052584,-0.4516661663164216,-0.07604687227783592
Senegal,SEN,2009,-0.2872255057000858,-0.31217153017117766,0.7201193381820128,-0.212924849937812,-0.9341789505737993,0.09244291416002509,-0.45301711197838496,-0.055236426391918024
Senegal,SEN,2010,-0.08303304329462023,-0.27129612996222424,0.6865506805470842,-0.07238853966779243,-0.4427593932230778,-0.03884207568064929,-0.4548183728610028,-0.05224910117392246
Senegal,SEN,2011,-0.42760115293899487,-0.2161022330034516,-0.7238552770661207,-0.5248959262271943,-0.13539489482215658,-0.3266165273459584,-0.44611227859501656,-0.12794059023807353
Senegal,SEN,2012,-0.7002392627588875,-0.2040741181081963,1.1296197989300805,0.062278354018020454,-0.4159675261466942,-0.422146301592241,-0.28955268688081665,0.062262867848999905
Senegal,SEN,2013,-0.6434478408060373,-0.16346519561146042,-0.5121594174914162,-0.287665022873567,-0.5160384368849841,-0.2869224055171487,-0.12203542479735825,-0.09564400237468049
Senegal,SEN,2014,-0.4717899713180402,-0.14190178085768387,-0.05463561517085334,0.5509284390522902,-0.7705327872550517,-0.060945896209805187,0.0036025217652356687,-0.15765028935177264
Senegal,SEN,2015,-0.28809500231001606,-0.14216584862513704,2.7420359539053747,0.5823824852733308,-0.597317384353004,0.5589154290041178,0.13989792854998492,0.34386837078828875
Senegal,SEN,2016,-0.14755914346868312,-0.13152680056924965,-0.01720020962920125,0.5799679050812941,-0.49808186164785745,0.13011439980480435,-0.2056439507655359,-0.1649638834885216
Senegal,SEN,2017,-0.5307397797301927,-0.0903351562095798,-0.33584575089413043,0.8112858062161671,-0.4301128510743635,-0.1978693139931617,-0.2622335634944461,-0.22813466602166516
Senegal,SEN,2018,-0.8152693681955612,-0.09373491392689647,-0.6648566224769699,0.54766500515149,-0.5512704293092991,0.16130588190039483,-0.35604923446412495,-0.1767144221761178
Senegal,SEN,2019,-0.6332204347684487,-0.09448825178274682,0.7254606321865219,0.19662101407568772,-0.3676436083408397,-0.27369582249206703,-0.44461122785950175,-0.002625551085124594
Senegal,SEN,2020,-0.9722216430244099,-0.09901274789700129,-0.29989186202911444,-0.5231396879617953,-0.2569643474107387,0.02845895953701497,-0.35920144100870616,0.07267855602537995
Senegal,SEN,2021,-1.1250362490823713,-0.0861919678576761,-0.5681328271871329,0.621314138162936,-0.30824824006558754,0.24867454426045077,-0.35860102071450023,-0.08125391437785867
Senegal,SEN,2022,-2.0959911134597142,-0.0370386149319577,1.7158156106604026,0.028713484671808235,0.7541817648260631,0.7056327657452635,-0.44851395977184033,0.6796221707594052
Senegal,SEN,2023,-2.075207762683511,-0.05286014314906708,-0.44048113637637853,0.11825557435101637,0.2230949780054863,-0.1717555814862412,-0.4564695286700692,0.15121153952231778
Senegal,SEN,2024,-2.075207762683511,-0.088124272952549,-0.05579486806814636,0.6033186978453735,-0.5027154303975621,-0.5938468941343584,-0.4558691083758632,-0.03206592987004884
Seychelles,SYC,1990,-0.04011200792439862,-0.5835317595530483,-0.05055929710966535,0.8216877083364631,-0.06674849766029466,0.1195049229477488,-0.06274392074452119,-0.20366489321883502
Seychelles,SYC,1991,0.11533019088846698,-0.5704815423160124,-0.17673103640479698,-0.21109401164374528,-0.3356083620991733,-0.01737839619823998,-0.06274392074452119,-0.1524542052867808
Seychelles,SYC,1992,0.18389251190782666,-0.5786606229465231,-0.4981511680602062,0.7597071714902197,-0.15751208675308526,0.1916417981386493,-0.015460822575803028,-0.2859632265135735
Seychelles,SYC,1993,0.5801331415959718,-0.5784062017703536,0.11393992400297838,0.7883798175234248,-0.42085541520833925,0.8639904826845287,0.010807565295707006,-0.19700522915926794
Seychelles,SYC,1994,1.1179794360215858,-0.5431396166361004,-0.3937305012809265,-1.3544627132384297,-0.37091419644143353,0.5012088207860262,0.07655358751125786,-0.0705055184063332
Seychelles,SYC,1995,0.40108637144294607,-0.5004159809658655,-0.8729918688226261,-0.7116927561770784,-0.6509038525091623,0.1792770399795278,0.09891924347042928,-0.20507271915908065
Seychelles,SYC,1996,-0.8412719007075492,-0.475780754634772,0.567476832682424,1.3812018017655683,-0.7719447568510588,0.17232125434772813,0.13734614229960976,-0.13007302617344113
Seychelles,SYC,1997,-0.9946673416052426,-0.4532296857626632,0.10988469157336664,1.8642674620048696,-0.5290703690698446,0.313659720928703,0.11453017111978385,-0.18768937023004018
Seychelles,SYC,1998,-1.659844756266195,-0.4396779373430877,0.6133429141498669,-0.2755524623045327,-0.2517761240131188,0.28202715694800967,0.0945661963374362,0.31912563209283334
Seychelles,SYC,1999,-1.8077542716148072,-0.42429515474078866,0.16559536702324082,-0.4065517567745795,0.2807399306613489,0.5024023752501056,0.08000600420294199,0.4026792215408908
Seychelles,SYC,2000,-0.441902124687215,-0.39536270698280845,0.932581913760741,0.11732440368153269,0.2696390586963504,-0.5358455710703166,0.09111377964575207,0.09810059929362867
Seychelles,SYC,2001,-2.4876490921071177,-0.36453273372076384,0.30533928427116325,-1.3180724617136512,0.22735573281603472,0.04810302681505066,0.07024917442209547,0.5846051483463357
Seychelles,SYC,2002,-1.3172381590664108,-0.3188024408820277,-0.9624260837169281,-0.5515734201506728,-0.5916934826889947,-0.11781372697485577,0.0857099969978985,-0.005173451149689155
Seychelles,SYC,2003,0.21469503794460057,-0.20086587702693426,-0.2553458781147558,-2.1136056187267527,-0.1496248679647029,-0.4836066087942014,0.10642449714800356,0.1308416922899373
Seychelles,SYC,2004,-0.46580143968313004,-0.21795047145361796,0.20954360444906925,-1.4455198219542982,-0.0712129215667399,0.14937166712078145,0.08781146802761934,0.2955549440306486
Seychelles,SYC,2005,-1.830569793624081,-0.22676057635726476,-0.05055929710966535,1.1629155879099153,-0.4882013529560764,-0.7554949216308122,0.11287901531071748,-0.10578327528984796
Seychelles,SYC,2006,-1.1595462970650545,-0.26952429759923946,9.776828931876673e-05,1.2509985829515737,-0.6663902013037811,-0.6543391095721105,0.03542479735815068,-0.2351690469591687
Seychelles,SYC,2007,-1.85630287880115,-0.21794159286381157,2.9776826991907708,1.1343818825969836,0.13561881420732005,-1.4614768145631871,-0.024016811768237792,0.3045410414867173
Seychelles,SYC,2008,-2.9477540583007698,-0.13744718085642485,5.768930776211799,-1.418127410983555,4.608407998869514,1.1764766511884226,-0.03242269588712102,2.249975288401502
Seychelles,SYC,2009,-2.3823232002210175,-0.29978398577487364,6.162220224382602,-1.3638805286470819,3.8719481502462716,-0.302407984524488,0.04443110177123991,1.8889444621384075
Seychelles,SYC,2010,-2.329753248909476,-0.21004951344287112,-1.6538052638124412,0.17275126025100956,-0.9563162449955216,0.1251696340764274,0.08015610927649353,-0.06540618431992093
Seychelles,SYC,2011,-3.146648692043359,-0.24808498868320206,0.31673975327845216,1.273803231821571,-0.25468572041138426,-0.5533858379335218,0.039327529270489284,0.16753659939180304
Seychelles,SYC,2012,-1.460781098397473,-0.28107442585580117,1.4613405222535991,-0.13403651274425127,0.3885964874524578,-1.0445435169731603,0.020564395076553523,0.30567158187076754
Seychelles,SYC,2013,-1.1012142391576252,-0.2701437672661597,-1.7496885238742361,-0.542574732560581,-0.003135588210512072,1.0194765101639292,-0.024317021915340728,0.08799722580226953
Seychelles,SYC,2014,-2.3951952658282423,-0.20584237796103969,0.7575575284137085,0.07563187941107279,-0.420546326287664,1.0751659933332487,0.007805463824677215,0.5048148096771572
Seychelles,SYC,2015,-1.8409948846754758,-0.20585768207078645,0.5786732703493915,1.142729432314577,-0.04511468692496963,-0.6613313720516018,-0.03152206544581207,0.04758755945958864
Seychelles,SYC,2016,0.045792593187689676,-0.2022607732964066,-0.04504206905933117,1.847521834437801,-0.759963867393723,0.012394172567747233,-0.0855598919243471,-0.42482097953307874
Seychelles,SYC,2017,0.09647065775319265,-0.2022607732964066,0.29864337000658175,0.7115519284849646,-0.21263119113000659,0.3273119872163571,-0.12383668567997602,-0.10297083987451537
Seychelles,SYC,2018,0.07946298108213666,-0.2022607732964066,0.22237988580096393,0.2683086991044261,-0.09303476606792525,-0.310220663421078,-0.13884719303512458,-0.12425074145801905
Seychelles,SYC,2019,0.017555443811916698,-0.2022607732964066,0.07366096992136892,0.3947722508865003,-0.36100279961266746,0.12771793807747747,-0.12578805163614531,-0.12857148732068427
Seychelles,SYC,2020,-1.1794176154375735,-0.2022607732964066,3.5622194185540708,-3.401240277997289,-0.44643674100087194,1.119666418032494,0.025367757430201084,1.2341734247363356
Seychelles,SYC,2021,-0.9619328896761276,-0.2022607732964066,-0.6095531206897464,-0.6968984857395868,0.764398339303023,-1.2502159786383238,-0.06184329030321224,0.04276522168443548
Seychelles,SYC,2022,-0.5063663523344044,-0.2022607732964066,-2.26457065823213,1.3553594250405272,-0.24524821540452382,-0.8322550916783799,-0.12083458420894637,-0.6448803422180728
Seychelles,SYC,2023,-0.5113436005784232,-0.2022607732964066,-0.3030309325584326,0.32118427029330215,-0.7627652079363594,-0.456447710860139,-0.13899729810867612,-0.23904894178212752
Seychelles,SYC,2024,-0.5526962208047179,-0.2022607732964066,0.4657933746209398,-0.08211608500560971,-0.5723677416933977,-0.3339566198415053,-0.13884719303512458,-0.020975235347880962
Sierra Leone,SLE,1990,-0.9512912560283964,-0.6607011873155756,-0.05055929710966535,-0.08138485121008295,1.030253342330893,4.551532442871801,-0.2536775743020115,0.807074833387703
Sierra Leone,SLE,1991,0.6116789032639013,-0.6547704960883747,13.393136467693537,-0.30095863749777596,1.030253342330893,4.713979243566005,-0.2536775743020115,2.559742959633418
Sierra Leone,SLE,1992,0.2691716406854759,-0.6648850520313624,9.726987050001002,-5.00135273182093,1.030253342330893,1.5615612847842362,-0.21750225157610328,2.309799352092017
Sierra Leone,SLE,1993,-0.5595837037850873,-0.6567307597629566,1.876305318102646,-0.5159947375249541,1.030253342330893,0.7314888622496107,-0.2137496247373162,0.549020797070417
Sierra Leone,SLE,1994,-0.838786766012821,-0.663273201812756,0.43018976070970105,-1.2468394785895591,1.030253342330893,-0.23049736508664334,-0.20534374061843297,0.34956500573216315
Sierra Leone,SLE,1995,-1.3065930259475693,-0.673009922616813,4.012125467957511,-2.578395059728995,1.030253342330893,0.5622018262494679,-0.22635845091564097,1.2271714783831402
Sierra Leone,SLE,1996,-1.605891907314226,-0.6766656194194768,3.0503630162252775,-0.43255302033008525,1.030253342330893,1.298187869440277,-0.22695887120984698,0.9305178092873477
Sierra Leone,SLE,1997,-0.4286510957071683,-0.6607458722095196,0.8829809587721584,-2.111395079924001,1.030253342330893,2.581211951251341,-0.21945361753227258,0.8791847054633957
Sierra Leone,SLE,1998,-0.24199687409110932,-0.6719733955943177,8.341369010792297,-0.4256906578887921,1.030253342330893,-0.05022826933985054,-0.23761633143200245,1.29707026981956
Sierra Leone,SLE,1999,-1.464333258568996,-0.6860416136434337,2.1263667949366947,-1.2538580281531844,1.030253342330893,1.8961562788616833,-0.23071149804863406,0.9791735130227692
Sierra Leone,SLE,2000,-1.8130431414813106,-0.685261213208522,2.2074393814029,0.6452351820010263,1.030253342330893,0.009186504173817117,-0.2533773641549086,0.4965783728606377
Sierra Leone,SLE,2001,-0.350438745999829,-0.7084624299576561,-0.767228862026274,-2.2144402176240625,1.030253342330893,9617.3298075888,-0.23866706694686282,1374.1729402194032
Sierra Leone,SLE,2002,-0.099117707690511,-0.7027507968545388,0.7535648955645924,5.017058125330987,1.030253342330893,1.2571571574305076,-0.28760132092464735,-0.40961673429909556
Sierra Leone,SLE,2003,-0.10883360105562515,-0.6907899858870149,1.6272372775829442,1.2680496236862047,1.030253342330893,0.7388307999929706,-0.29210447313119187,0.17917299117971736
Sierra Leone,SLE,2004,-0.1781280623131822,-0.6824319841076804,2.078776617355225,0.6069796174275319,1.030253342330893,0.6015649964226937,-0.361002701891324,0.3197583878564939
Sierra Leone,SLE,2005,-0.1406518472282787,-0.6839356970039971,0.9356682658036577,0.13939129923893853,1.030253342330893,1.408034640360087,-0.3138697087961574,0.33963019866911764
Sierra Leone,SLE,2006,0.009029400651420423,-0.6885715135600537,0.3035626285206309,0.12390527525227253,1.030253342330893,0.7122732410407157,-0.29045331732212554,0.13344710072948104
Sierra Leone,SLE,2007,-0.17585935031260144,-0.6752818243222012,0.06063161494846886,0.006564651867018896,1.030253342330893,0.3784196455887188,-0.27063944761332936,0.0989540041968761
Sierra Leone,SLE,2008,-0.3011777706018163,-0.6582917786317425,-0.06795786635071256,-0.007449349816678623,0.5441841077774319,1.0701309066717393,-0.25412788952266596,0.13465208576607784
Sierra Leone,SLE,2009,-0.6531714103515418,-0.6206639703324681,1.8672689304215606,-0.4816181235965737,0.43929015781519715,1.6562819825112705,-0.23371359951966386,0.6061790049777159
Sierra Leone,SLE,2010,-1.3277015560465537,-0.6287115545587857,2.425266655062187,0.5798793276769414,0.399238762714899,0.8952454862332612,-0.22290603422395686,0.5165650776567452
Sierra Leone,SLE,2011,-4.494284492206134,-0.6306798654267098,1.2692394045044828,0.9637869593211736,0.34350871009219514,1.296723615552575,-0.2157009906934855,0.799084058130574
Sierra Leone,SLE,2012,-2.065893869133758,-0.6571102936790186,-0.06723209782807557,1.5088899846502069,0.31472767302816296,0.7360506611405846,-0.21720204142900035,0.09517682653088626
Sierra Leone,SLE,2013,-0.8450950214689461,-0.6632823896321779,-0.08813228491953849,2.4076116690869727,0.16438684478237586,-0.09347300160619954,-0.21750225157610328,-0.35150281865280997
Sierra Leone,SLE,2014,-0.39116706901869974,-0.6619370452240515,0.5753469602882296,-2.53775172834167,0.03932109960802709,0.8776813768610655,-0.17217051936355454,0.5124515242185836
Sierra Leone,SLE,2015,-1.45695459517272,-0.6585482658288954,1.690110782438616,-1.778361794566528,0.3290988226112295,-8.20391532645961,-0.20144100870609435,-0.5441969437436437
Sierra Leone,SLE,2016,-0.2280345047554099,-0.6548686713272177,3.3177845926786023,0.5978693216571185,0.9222768846908944,0.43362398089337495,-0.24662263584509156,0.4860513334555505
Sierra Leone,SLE,2017,-1.0916389949269938,-0.6589727027583013,2.410487633171347,-0.11265583144124587,1.9591164339249971,-0.36381048635918417,-0.32557790453317326,0.6036482571162749
Sierra Leone,SLE,2018,-0.774758423837234,-0.6522277993757734,0.9978934112378145,-0.1817386133809351,1.6492900296322555,0.18342732438994802,-0.39522665866106277,0.3913790492059072
Sierra Leone,SLE,2019,-0.5934990660485387,-0.647506407976397,1.8734795843169696,0.39222399051181805,1.4762048533549474,0.17302056237941363,-0.39342539777844493,0.3832926099761727
Sierra Leone,SLE,2020,-0.35247770993607247,-0.6526742274677095,1.2366308391582908,-1.0941475804989036,1.284238293848575,1.9240502048860595,-0.34764335034524174,0.6987467215021358
Sierra Leone,SLE,2021,-0.5325637806092658,-0.6396067847434349,0.8267296142327403,0.47893778230931555,1.0619127451650414,0.7409895488304731,-0.3413389372560793,0.24318745493267008
Sierra Leone,SLE,2022,-0.41565764851452036,-0.6544420655006865,4.839759790982124,0.3506088592802885,3.2293656790807375,2.1855063837871658,-0.4034824377063945,1.323108019982454
Sierra Leone,SLE,2023,-0.6028021931290375,-0.6609396408242932,7.258932384349516,0.43783393407076276,6.117721579956059,1.5312932750519253,-0.4102371660162114,2.000248384510753
Sierra Leone,SLE,2024,-1.3757270427037225,-0.6451747436242133,-0.05055929710966535,0.12613013192093836,3.430849609033594,0.4564853086783728,-0.408586010207145,0.5760873967933896
Singapore,SGP,1990,1.4359172311936297,0.9756381595769845,-0.05055929710966535,1.3422505801680669,-0.127263928143275,0.5890125138792308,-0.5471329930951667,-0.27692476517908404
Singapore,SGP,1991,1.6949771215098337,0.9908646840104555,-0.713947891562588,0.6530821826423086,-0.13221835501201176,0.036314703602315715,-0.5471329930951667,-0.3877398794584481
Singapore,SGP,1992,1.7706051714155033,1.0170409320037106,-0.8579674190461002,0.6423916707228637,-0.29655204717302125,-0.22411588199299542,-0.4105373761633144,-0.45501837635858394
Singapore,SGP,1993,1.2272671190594178,1.0145872910707923,-0.1650014808452427,1.7027852624527418,-0.29284474808451394,-0.2564949450374875,-0.4135394776343441,-0.43476367743470795
Singapore,SGP,1994,2.280155989858799,1.019297744846459,-0.8241749871389029,1.622711632094043,-0.17823639000272765,0.18175639455778492,-0.41954368057640357,-0.5891097914666616
Singapore,SGP,1995,2.4069962963304836,1.1724032262275172,-1.0701375774343147,0.7602257617469018,-0.37323777038518163,-0.2531396692357961,-0.37901531071750233,-0.5814784513746661
Singapore,SGP,1996,2.1760227800034517,1.2898375401677762,-0.1237719674916441,0.8253452007867503,-0.42092146271542863,-0.15846460602505524,-0.3384869408586011,-0.3933107739590222
Singapore,SGP,1997,2.2924716295260983,1.3486483237579237,0.6996576823264764,1.0112100580481627,-0.33322932922850046,-0.12356442752594504,-0.49909936955869116,-0.31589554397185676
Singapore,SGP,1998,3.061193663101953,1.595676786452959,1.7484896577945224,-1.300439468882281,-0.6542396079120555,1.3422433229484882,-0.3625037526268388,0.2727017446339147
Singapore,SGP,1999,2.494365486183715,1.483082266675078,0.1299783246576982,0.43967095089125946,-0.6140672346899319,-0.25205049512193967,-0.14635244671269898,-0.33334943175239556
Singapore,SGP,2000,1.7366816490179173,1.339642051072672,0.1915767598123812,1.1700777838814274,-0.42396841150098885,-1.0269793609064735,-0.3189732812969079,-0.4493516679598088
Singapore,SGP,2001,2.1520016717055097,1.748558906647821,0.5055501497025883,-1.0539995527170354,-0.47547872594810553,-0.44692845539177184,-0.30996697688381875,-0.01089531726596586
Singapore,SGP,2002,2.2068752022848543,1.468358965951579,-0.05951555051289349,0.044758245144586796,-0.671791242246506,-0.9009892710395244,-0.026268387871510035,-0.34883413330689944
Singapore,SGP,2003,3.3713815181808005,1.5278180708982922,-0.43304456753469833,0.18223865173695547,-0.5446385025650512,-0.2859110364991717,0.015761032722905965,-0.467662167556497
Singapore,SGP,2004,2.7547249725159184,1.332669301849603,-0.4725022477100033,1.3684495506281815,-0.38140853465286256,-0.4191877427226489,0.0022515761032722427,-0.5801931671823913
Singapore,SGP,2005,3.2426863523260514,1.1924456599659106,-0.2667879690050847,0.8022295357445244,-0.5563418500642334,-0.42229786906507905,-0.03527469228459927,-0.5904532297890945
Singapore,SGP,2006,3.691548621643393,1.0860473303256974,-0.692070089229018,1.1631365487508296,-0.4799368545556794,0.5441645765606306,-0.20189132392674872,-0.65691021874562
Singapore,SGP,2007,3.7224312578501193,1.1089962355371488,-0.7792378072384454,1.166382388782368,-0.318216148665374,0.10719630970972595,-0.2889522665866107,-0.7227181891251488
Singapore,SGP,2008,2.2323746455553355,1.3786962084372687,-0.9165254326610436,-0.4084265695656518,0.3214668156085785,0.007197199626611663,-0.2799459621735215,-0.18757989245025572
Singapore,SGP,2009,2.3941852638734114,1.3570775856714246,0.3459854540929844,-0.7902531323892323,-0.5331559812212915,-0.04502267110834518,0.005253677574302033,-0.06768486663930066
Singapore,SGP,2010,3.2022679017476916,1.313904953622143,-0.9358256591228936,2.3760245449491237,-0.21658189200189584,-0.2464908074591642,-0.25592915040528375,-0.8456021431519872
Singapore,SGP,2011,3.113939236754534,1.526112550929458,-1.1477213171588776,0.5489175274153507,0.1258031480633423,-0.14395480319886556,-0.29045331732212554,-0.5132957861224219
Singapore,SGP,2012,2.5486546264523935,1.7043635176844516,-0.14167316682968767,0.15743128229431125,0.031057008437876385,-0.34662108848391304,-0.31597117982587813,-0.25356154539483655
Singapore,SGP,2013,2.309442116125345,1.943452243751617,-0.0321746927793804,0.24150281988664157,-0.2822298713992092,-0.560057958360073,-0.29495646952867016,-0.2538445263325289
Singapore,SGP,2014,2.5865784536883574,2.031044724745928,0.12753062938281043,0.04743780716562629,-0.4703942678883881,-0.6322342472171358,-0.31296907835484844,-0.27014835716937396
Singapore,SGP,2015,2.67835594435902,1.9080041462628086,1.1529363376842845,-0.16349069912623732,-0.6902085064546576,-0.7648400841920022,-0.3054638246772741,-0.17349102522994625
Singapore,SGP,2016,2.596017883832695,1.9216553240159209,0.018612683703519997,0.042028479196369144,-0.6913158354780682,-0.286572106120901,-0.2619333533473432,-0.2767999500365622
Singapore,SGP,2017,2.653098161827325,1.865354378852168,-0.05692286395918574,0.1335158043311023,-0.5349056845914093,-0.6420026670129328,-0.24392074452116486,-0.3427159353415646
Singapore,SGP,2018,2.305642210852411,1.8006316668803612,-0.3792819494944576,-0.11733147957943137,-0.5544085220978653,-0.5904105582002479,-0.3320324226958872,-0.32054464526872517
Singapore,SGP,2019,2.2781180023335854,1.8397899609896189,0.11010653548318208,-0.5634654844627905,-0.5361683610303231,-0.5134267577427174,-0.4090363254277995,-0.17476963794269057
Singapore,SGP,2020,2.5553565987088724,2.037577715008724,0.1110684134425784,-1.6128097249454445,-0.6407565103435305,0.09099330671142151,-0.25893125187631355,0.05677211416849311
Singapore,SGP,2021,2.747516295737588,2.037577715008724,-0.4223772013555432,1.412693107004702,-0.28905616674752116,0.09099330671142151,-0.17787451215851105,-0.4172780373262457
Singapore,SGP,2022,2.706733808256622,2.037577715008724,0.31997203764214466,0.06388072040154145,0.25015945804746975,0.09099330671142151,-0.33533473431401983,-0.05817810650891762
Singapore,SGP,2023,2.3940101078697147,2.037577715008724,-0.4189896603877016,-0.49933639092981696,0.06680053219798107,0.09099330671142151,-0.3574001801260883,-0.06795600050508015
Singapore,SGP,2024,2.4940199840908366,2.037577715008724,-0.11940145992516019,0.357199660088103,-0.27868019597500093,0.09099330671142151,-0.46352446712698897,-0.22632210649799203
Solomon Islands,SLB,1990,-1.2274766436909377,-0.31931484860531995,-0.05055929710966535,-0.3343910011312489,0.6185985288364841,-0.15631401800183248,-0.5791053737616332,0.15359609088288856
Solomon Islands,SLB,1991,-1.5774365848182637,-0.38293209198882777,0.9899446386344131,0.5016313027802451,1.510853345202176,0.8747127179234994,-0.5791053737616332,0.4984683597210922
Solomon Islands,SLB,1992,0.4283460386655656,-0.36815629673720063,1.061385037628976,1.9756686973259678,0.9032091683846519,0.918523554033291,-0.5965175622936056,-0.06936726213934584
Solomon Islands,SLB,1993,0.054284812185829076,-0.3752088569458059,1.204010377597527,0.06161923037091416,0.6795286998026834,0.27017131118657306,-0.5998198739117383,0.15182537359607087
Solomon Islands,SLB,1994,0.2634445544973988,-0.43324547231837535,0.40938241855835705,0.963643079661347,1.2572639480339154,0.9664879334070314,-0.6035725007505254,0.05274695611023678
Solomon Islands,SLB,1995,0.5882093334023786,-0.4496408193220495,0.44182996376913874,1.4011496541961412,0.7446268456687805,-0.20099109792803063,-0.5980186130291204,-0.2930789583485431
Solomon Islands,SLB,1996,0.7215779468587592,-0.4287157828892713,0.6160181649167348,-0.4642147090641576,1.0478342862841963,0.2466452919992282,-0.59291504052837,0.09021481171255949
Solomon Islands,SLB,1997,-0.5207451820926574,-0.4200466151866052,0.5468502660909268,-1.0195058922761184,0.5262157283916293,-0.38662235150342456,-0.5728009606724709,0.17626387735554733
Solomon Islands,SLB,1998,0.5879828797695406,-0.40645076070741365,4.131754213094219,-0.5342637667175464,1.1361966516107935,-0.6902462610670108,-0.5508856199339539,0.5095213014206629
Solomon Islands,SLB,1999,0.912439651336695,-0.4118024706778061,0.015525738810806352,-0.9252670758792597,0.5172214355554402,-0.3652985031364607,-0.5450315220654459,-0.1109368424244145
Solomon Islands,SLB,2000,-0.8369899598071906,-0.3730251033392785,0.6828567913678646,-3.9594253304434393,0.4987323987626477,-0.8353746794115269,-0.5072050435304714,0.6089142362999808
Solomon Islands,SLB,2001,-1.5875303348069025,-0.313111324864216,0.4750703331039326,-2.5689024234477613,0.3625133614581443,-1.62016581099727,-0.47778444911438017,0.36899355254869637
Solomon Islands,SLB,2002,-2.04151543502586,-0.3285564189299108,3.892215030624192,-1.4344161143731131,0.9284358080162479,-0.40936984947669447,-0.46937856499549696,1.0127539363767588
Solomon Islands,SLB,2003,-0.8121793694892205,-0.40355229680586163,1.536853293280241,0.6167966526820818,0.552430142021758,0.8703710210489163,-0.5312218552987091,0.31718043157906906
Solomon Islands,SLB,2004,-0.13079756620054006,-0.42126145656705194,-0.09052133085820448,0.8720414528091109,0.37099481326437184,0.4239411097135798,-0.5702491744220956,-0.14690570363971014
Solomon Islands,SLB,2005,-1.6470366096718252,-0.3988182547817046,0.03475074460934005,0.8006359867793423,0.4197340902239029,2.506359205273729,-0.592314620234164,0.40230168399765515
Solomon Islands,SLB,2006,-0.47552009304014203,-0.3312287473452118,0.09898349750206982,0.0918178296188854,0.9694761484070142,1.0616679379269804,-0.5867607325127591,0.2279771953427643
Solomon Islands,SLB,2007,-1.055907881591188,-0.22917627723542197,0.028541525164974726,-0.017641050120755203,0.4671355696022538,0.7151874231421821,-0.5774542179525669,0.21111185063333782
Solomon Islands,SLB,2008,-0.8980265146932954,-0.18659048033267792,0.12679403701059153,0.5513314729568868,1.831700501987496,-0.2894041140366124,-0.5744521164815372,0.17924898141195264
Solomon Islands,SLB,2009,-0.5452008983104504,-0.21837297423069926,0.5102955397248413,-0.1881173090867091,0.3861012344478389,0.3571611798253671,-0.5711498048634045,0.17105048318587188
Solomon Islands,SLB,2010,-1.6143885766898212,-0.2880647333131835,-0.03394320936967233,1.3174499495546481,-0.46780592127053555,0.10050871167758994,-0.6316421495046534,-0.14628695352075452
Solomon Islands,SLB,2011,0.15073631376211644,-0.32460807679804166,-0.7931197271658336,0.816291230334534,0.4214364164453131,1.016032888199075,-0.6804262984088864,-0.18967319168928912
Solomon Islands,SLB,2012,0.6438572322846903,-0.3056418947599686,-0.580230861500381,-0.27588743381882375,0.21921191377200505,0.3987622506008493,-0.726658661062744,-0.19464672163087224
Solomon Islands,SLB,2013,-0.0016233792196230041,-0.09884296684750683,-0.15264295829876928,0.33386475822934186,0.14562099921901678,0.03196430645005538,-0.770189132392675,-0.16804730441137108
Solomon Islands,SLB,2014,-0.08978285554421184,-0.049131785092091276,0.09129493219805097,-0.5567166717036321,0.11375281717046196,-0.46878969517476443,-0.7647853497448216,-0.0615942219136172
Solomon Islands,SLB,2015,0.027974470544735806,-0.01910785485842897,0.9841144472812026,-0.44972105888297065,-0.6976283006326425,0.2244709675311077,-0.7638847193035126,0.02138730405085159
Solomon Islands,SLB,2016,-0.0683662007555042,0.006908292291381465,0.009263088238187063,0.403715793822072,-0.543991089771661,0.1092267299363748,-0.7638847193035126,-0.21683247023939975
Solomon Islands,SLB,2017,-0.15944878306193042,-0.014530183320323778,-0.15872514301311924,-0.14178439573070256,-0.5473549748349682,-0.6200515123819308,-0.7652356649654759,-0.2578091856747407
Solomon Islands,SLB,2018,0.0030459991633526953,-0.06904559918680583,0.06624654463265969,-0.2143003337479326,-0.12716195188474813,-0.3758249110515981,-0.7659861903332333,-0.15150253903416372
Solomon Islands,SLB,2019,-0.806383853772639,-0.06816180397324549,0.34244841751986804,-0.4335580464167269,-0.38534810858481533,-1.1013931573881408,-0.7623836685679978,-0.10498520297213791
Solomon Islands,SLB,2020,0.1671873978569309,-0.028737738661401536,0.018707527753695555,-1.5623000261509197,-0.19754186959554346,-0.3914712560181209,-0.7440708495947164,0.007428348882557437
Solomon Islands,SLB,2021,-0.2512157744952416,-0.02314603121992667,-0.3663377911363662,-0.8685594809845203,-0.6327458460460137,-0.7341916505255105,-0.74241969378565,-0.19700939389052932
Solomon Islands,SLB,2022,-1.4722177819454199,0.017360773906974505,0.17043734857512524,-1.387004818526347,0.16353883761975063,-0.4904776898895567,-0.6529570699489643,0.29530354296215655
Solomon Islands,SLB,2023,-1.0930906594226408,0.019053077743665454,0.3312312508670943,-0.19334125382329584,0.21551612061868433,-0.42711020950708856,-0.6577604323026118,0.10962310295224006
Solomon Islands,SLB,2024,-0.14787774438139356,-0.004440008910169984,0.08329814142356765,-0.15892325700669516,-0.0055524709601517,-0.5955203207000265,-0.6576103272290604,-0.12471771214110747
South Africa,ZAF,1990,0.5208335075875514,0.8198767748151954,-0.05055929710966535,-0.8883127250037365,1.4077921572586758,-0.007070919593473133,2.598619033323327,0.7337338523014635
South Africa,ZAF,1991,0.49660300283966785,0.8198767748151954,0.9009316135629444,-1.0424233387822384,1.5510872989447018,0.37855909472822485,2.598619033323327,0.970699164473852
South Africa,ZAF,1992,0.5352299701289776,1.2303751450957434,0.4141780620901586,-1.2885630840452278,1.3447109156034194,-0.6667485716007019,2.647553287301111,0.8176288503437116
South Africa,ZAF,1993,0.6040408467937491,1.334809424157555,2.0118612619154943,-0.547013793435247,0.7570946757527197,-0.41377906548442,2.63224256979886,0.8950288303973867
South Africa,ZAF,1994,0.3711297058082631,1.4475457265855936,1.1750330832793892,-0.11438526881645872,0.6470050797378692,0.4669367114495722,2.5881116781747227,0.8668411203193347
South Africa,ZAF,1995,0.1893700626757215,1.5326523426790912,0.25341920639107723,-0.1363858424906176,0.6105179781869258,0.29934605222659944,2.5337736415490846,0.7395321429782392
South Africa,ZAF,1996,0.24172126159803917,1.5442223326748874,2.5718620451820944,0.1276210344694517,0.4230495554393799,0.1707967949165915,2.50300210147103,0.9776557905166418
South Africa,ZAF,1997,0.2058840993997136,1.4757140933668884,0.9650602162904125,-0.2463887079887073,0.5988359630130888,0.4300523720836352,2.510357250075053,0.8600749290597245
South Africa,ZAF,1998,0.1911362497720785,1.5048874042136722,2.7753057863930914,-0.7084007441770497,0.3561114827744871,0.12487744127897614,2.5388772140498355,1.1167605461592907
South Africa,ZAF,1999,0.31368264244761274,1.8164641817973524,1.4369356119506158,-0.2903898551488916,0.11595593780054723,-0.07653275687719667,2.5606424497148006,0.8328818052981996
South Africa,ZAF,2000,0.3532308819683269,1.7932063956102497,1.8724165810462532,0.10562046207967521,0.13821377421503714,-0.3473730051246274,2.5462323626538583,0.7919778234789671
South Africa,ZAF,2001,0.40000516512548906,1.8788712225898663,3.352892195722188,-0.2243881351285784,0.18951344375671594,0.6043924113823611,2.525818072650856,1.1965529023007253
South Africa,ZAF,2002,0.4653577262690207,1.366906251081193,3.1238865708429513,-0.004300032729370673,0.7256149122587134,0.46474791444557095,2.5148604022815975,1.1049940510529108
South Africa,ZAF,2003,0.2720703465049849,1.4843840804629567,-4.045234074221439,-0.16959010476002856,0.1863372916752194,0.10269871452266634,2.5298709096367458,0.022225240047313237
South Africa,ZAF,2004,0.05896186189961364,1.7010736954842482,-2.117415477667635,0.18362567364326024,-0.7142464233779631,0.08820352150191804,2.51305914139898,0.1754409888280963
South Africa,ZAF,2005,0.025909171774856538,1.9050256524433455,-0.27038935751388204,0.342578068996922,-0.3248521641577065,0.641625375617071,2.498799159411589,0.5831030607183768
South Africa,ZAF,2006,-0.1254883455288706,2.26550350884563,0.8665876604964973,0.41446592867874293,-0.15791430114047958,0.7828744638665577,2.4735815070549387,0.8488078937104674
South Africa,ZAF,2007,-0.23196372581708163,2.3391043832055387,0.5215654881985126,0.36093140493942505,0.25678266387492976,0.8788319320033144,2.4669768838186736,0.9048990959969466
South Africa,ZAF,2008,-0.2720312059880615,1.9841882702026592,2.391182397941414,-0.11635566580899434,0.7843119598596748,0.20448671700244592,2.489042329630742,1.1773712209191416
South Africa,ZAF,2009,0.0741194667515851,1.879405783452772,0.313300690019921,-1.156792035113962,0.40664990747290314,-0.7474480172725114,2.6565595917142004,0.7987343605356659
South Africa,ZAF,2010,0.20824594859514747,1.944054649654175,-1.9748531894614605,-0.1496449541438287,-0.04150308003034569,-0.3679876946381275,2.830681477033924,0.3331130240152638
South Africa,ZAF,2011,0.11920525719619475,1.8336273164535677,-0.16668748098705655,-0.12130306839742176,0.09042372928983687,-0.2647587961127988,2.8240768537976586,0.6169684905203479
South Africa,ZAF,2012,-0.2099518217755727,1.9672014647977174,1.7983145597196228,-0.29121875155989496,0.19461273732723208,-0.4972608501324694,2.8372861002701897,0.9716177979025372
South Africa,ZAF,2013,-0.2908351970398646,2.007324452187468,2.439862281593064,-0.271586402920924,0.20057723344599046,-0.44262175122196934,2.812368658060643,1.0828474962894266
South Africa,ZAF,2014,-0.22585283376903753,2.046318325159414,1.7044404038945669,-0.5073536872542461,0.2504245308833942,-0.3426466818619344,2.861753227259082,1.036213760908258
South Africa,ZAF,2015,-0.16381038526107466,2.011074285918613,2.4346893415430806,-0.5275863417382565,0.022271783470273785,-0.1193430771698812,2.900630441308917,1.134388500295762
South Africa,ZAF,2016,0.043350320105629156,1.9498009353100951,2.112617363802781,-0.672198293408167,0.31686851050108417,-0.43067531892263794,3.108826178324828,1.098040806045527
South Africa,ZAF,2017,0.07538149639774834,2.0073462517140546,-1.383536059894712,-0.5636486438947237,0.11661991330064789,-0.4052881394431256,3.1837286100270195,0.5724482461715513
South Africa,ZAF,2018,-0.0019824918358315336,1.8209142215065726,-0.14599937070271066,-0.4759022410127887,0.021025348094357386,-0.46587339716195714,3.1643650555388776,0.6960452271605372
South Africa,ZAF,2019,0.045033609435627446,1.7951503830899211,1.247902724109338,-0.7612162932447785,-0.03650574895168355,-0.4284162617501916,3.398829180426299,0.9561632801046905
South Africa,ZAF,2020,0.6162902962014036,1.619895542037837,1.9184250787052377,-2.175600863720533,-0.15954251860106472,-0.18509239612692946,3.5112578805163617,1.180607736292939
South Africa,ZAF,2021,0.83484503705442,1.2780814835116383,-1.4951130652182507,0.2505269400421221,0.03641413116772311,-0.45777726074506814,4.23026118282798,0.35807064206392575
South Africa,ZAF,2022,0.3321509550904284,1.243019999438077,1.4593977973149395,-0.36560175822403196,0.3786318603427248,-0.24301339267009123,4.119333533473432,0.9986886572903837
South Africa,ZAF,2023,0.23239531894546775,1.202973698946612,1.7612176486547262,-0.6410559886335573,0.24228499915616417,-0.31959458019313464,3.943710597418193,1.034179004810093
South Africa,ZAF,2024,0.2893247806236706,1.1972798469983383,-0.1437996561362494,-0.7007349675307922,4.279121031009439e-06,-0.38448387832620873,3.970879615731013,0.7216129134707209
Spain,ESP,1990,-0.046257872967157825,1.3156516742872508,-0.05055929710966535,0.013524644020327697,0.33367617131277194,0.473007453350889,1.516661663164215,0.5173101277074703
Spain,ESP,1991,-0.05536865092889508,1.3156516742872508,0.22394846105229055,-0.25826890857907076,0.2223508533831109,0.48593769195437225,1.516661663164215,0.5825982719070293
Spain,ESP,1992,-0.053327226338346384,1.3156516742872508,-0.2592277335765538,-0.6139708780035902,0.2209823115254473,0.36031298237804316,1.7820474332032425,0.5838663960227667
Spain,ESP,1993,0.23208027221451835,1.3156516742872508,3.3880485811858003,-1.0453377259752408,0.029392928646517925,0.42865150525755996,2.451365956169319,1.2037668713295955
Spain,ESP,1994,0.2198474872162464,1.3156516742872508,0.6940734100939002,-0.29408696750523705,0.05050188957627494,0.5660583793186961,2.7595316721705196,0.7800080722479475
Spain,ESP,1995,0.32917768081118554,1.3156516742872508,-1.0295588778358875,-0.21173912500364675,0.04419637337437304,0.26720293076719565,2.52927048934254,0.42990343344684767
Spain,ESP,1996,0.3257690933611882,1.3156516742872508,0.17327542586727676,-0.24475820819178395,-0.11339894359453816,0.21240257914872188,2.449264485139598,0.5651691908112721
Spain,ESP,1997,0.35136358667146594,1.3156516742872508,2.1558566859239345,-0.029177110516486384,-0.33782481723862173,0.3265114560108266,2.2325127589312523,0.7672173259656662
Spain,ESP,1998,0.2239405726681539,1.3156516742872508,0.2375804487180543,0.12805608613798047,-0.3571530891589489,-0.04345367287078846,1.9285499849894927,0.3898826695941323
Spain,ESP,1999,-0.02877467269723098,1.3156516742872508,-14.110517726236159,0.15157205869509252,-0.28986961804161765,0.11793733887744783,1.4485139597718402,-1.663011679619871
Spain,ESP,2000,-0.1575382316165859,1.3156516742872508,2.1272494691330825,0.3257672732251271,-0.13111388755843892,0.027449905021994327,1.194836385469829,0.6236920721064539
Spain,ESP,2001,-0.1661546395456101,1.3156516742872508,0.39150602043557015,0.043818389695234015,-0.1090188236850015,0.13684968154209043,0.6789252476733715,0.3623214357290939
Spain,ESP,2002,-0.08032512036200157,1.4094885913888082,-0.797884946391231,-0.21218747188837217,-0.18310941704227923,-0.05059008541879092,0.7987090963674573,0.209875118736334
Spain,ESP,2003,-0.10157337156218532,1.565780571113001,-2.3719210397438095,-0.1717430527383802,-0.18689304436883708,0.05079184711545112,0.8192734914440107,0.021478321408625982
Spain,ESP,2004,-0.3014150487544577,1.7680516908483488,-1.3329471871124154,-0.13318883374304866,-0.18684210071591334,0.1115792174037317,0.790303212248574,0.2263926735956903
Spain,ESP,2005,-0.5225240314718423,2.1979068775296193,-0.05269688515556709,-0.03711362784093979,-0.14025921964078222,0.17988702812832497,0.4984989492644853,0.463282058491266
Spain,ESP,2006,-0.7177720361390243,2.6442742381130317,-0.18024437090542933,0.07117529892581427,-0.11951497946695466,0.43133023522234765,0.3943260282197538,0.5452525554851372
Spain,ESP,2007,-0.7887049963532963,2.8825714142920003,-1.2365727690965245,-0.04101332908222494,-0.22252520153346853,0.38255264135439704,0.3613029120384268,0.4281496174986218
Spain,ESP,2008,-0.7205981482597793,2.949542227920599,-1.0152386027355782,-0.6496227483942547,-0.04039382140309297,0.2157826754180248,0.8149204443110177,0.6135476885950008
Spain,ESP,2009,-0.11811664881608148,3.0064304779432662,0.7201193381820146,-1.6474144819011793,-0.657110465931086,-0.10962757218361394,1.8060642449714803,0.9330581648141889
Spain,ESP,2010,-0.07325181353723538,2.962089023776518,0.6865506805467333,-0.7976961619397075,-0.36202465394460315,0.039261340737993686,2.1067247072951067,0.9005070105555273
Spain,ESP,2011,0.048826810646035494,2.8694484546400103,-0.7238552770659071,-0.9591898176285855,-0.1646714761103045,-0.0005962755242289513,2.3363854698288806,0.7467248432501429
Spain,ESP,2012,0.38430408072514877,2.6626831993346847,1.1296197989301773,-1.4487450420701773,-0.2706776426727536,-0.12102077033290991,2.846592614830382,1.0445197373478012
Spain,ESP,2013,0.6254818507445133,2.411042391055669,-0.5121594174915177,-1.1324226849750383,-0.41733118291212756,-0.09347300160619954,3.0424797358150713,0.7053570512987744
Spain,ESP,2014,0.5832304415953349,2.057539943294688,-0.054635615170529964,-0.483887989414439,-0.6377886550608677,-0.1968147494985861,2.7943560492344646,0.5519020743740389
Spain,ESP,2015,0.6204233906494737,1.817380017853854,2.7420359539051264,0.07501034394440691,-0.6871540236692752,-0.20207417092530003,2.4365055538877214,0.7730370852083208
Spain,ESP,2016,0.758942308846981,1.6597093497870756,-0.017200209629603138,-0.17705258511470656,-0.645065617023344,-0.254805750009089,2.0729510657460226,0.3190998735912554
Spain,ESP,2017,0.7182296033243459,1.5358834100927508,-0.3358457508938759,-0.18125775427188442,-0.3399446777921784,-0.2680563091375293,1.7110477334133898,0.25230179380429935
Spain,ESP,2018,0.598733636884822,1.3995073827423243,-0.6648566224766168,-0.29139940703728395,-0.379676451307491,-0.35550796632544907,1.4154908435905136,0.15823185091082045
Spain,ESP,2019,0.6306555564424293,1.3042750159597123,0.7264744674782448,-0.3869330978008641,-0.5175545884110462,-0.27569498522850505,1.242719903932753,0.31949962215565625
Spain,ESP,2020,0.4699715974164438,1.5879485093753367,-0.33202044757082044,-3.2252818515892683,-0.6620491012956855,0.09099330671142151,1.4570699489642753,0.6996074957653361
Spain,ESP,2021,0.4632655933537055,1.3907938026985371,-0.5355792331948978,0.6519264188655098,-0.1792254626200211,-0.07947011832487784,1.3643050135094565,0.12080456997842594
Spain,ESP,2022,0.41562460736572737,1.16849995510862,1.6919852900189463,0.5831026675726622,0.5695490122947939,-0.30297263958352094,1.0819573701591114,0.4586131018656516
Spain,ESP,2023,0.7063540029793828,0.9580716171692696,-0.41982883576892094,-0.27700075281713915,-0.11714239932985797,-0.32375104636115315,0.9537676373461424,0.08882338898474805
Spain,ESP,2024,0.7620540642794632,0.8690421184861925,-0.06509322817147975,-0.05822791412055492,-0.228129527431255,-0.26606012626733333,0.8368357850495348,0.06325269592953585
Sri Lanka,LKA,1990,-0.09009292011628603,-0.3078834737712076,-0.05055929710966535,0.5896320393717802,2.4218483139238756,0.580920859233055,1.3263284299009306,0.49587367327449916
Sri Lanka,LKA,1991,-0.44774612415028403,-0.5405638196725779,0.4115865577439052,0.1936199481076048,1.1059664508414333,0.7277632907937835,1.3263284299009306,0.46931529795002197
Sri Lanka,LKA,1992,-0.2051123308764044,-0.5354893546269411,0.7901056467850777,0.14961968356072222,0.9925792287673733,0.35597853288305487,1.2601320924647255,0.416971256226996
Sri Lanka,LKA,1993,-0.0880391635802359,-0.5187475772833101,1.3996967348087686,0.6996498524037287,1.0439303868289904,0.8330064154188169,1.2000900630441311,0.47805219057055776
Sri Lanka,LKA,1994,-0.42989677305438895,-0.49451942697796525,0.2694655743773056,0.4136106049479918,0.5777663497268296,0.5660583793186961,1.081507054938457,0.2880805856413886
Sri Lanka,LKA,1995,-0.361352444927285,-0.06107525179115029,0.475262655614027,0.39164666475475585,0.4683834607615594,1.7518330190590403,0.9674271990393275,0.5102195518364762
Sri Lanka,LKA,1996,-0.2381548305856591,-0.0863121136164572,1.0591859479313237,0.01761095443220503,1.6360439279705272,-0.05062687556865102,0.8293305313719603,0.5154521848917367
Sri Lanka,LKA,1997,0.04562940481520766,-0.09609951289849951,0.9025248067122553,0.5908210350166611,0.7367788053167965,0.2672424173437729,0.7167517262083458,0.27010682897868604
Sri Lanka,LKA,1998,0.19027386862780166,-0.11160343399572946,1.2578498299908696,0.21527638909117713,0.7071733323840563,0.0922847442691038,0.5021014710297208,0.2917508122798632
Sri Lanka,LKA,1999,-0.07268448859701152,-0.10006897241119116,1.3073148323745645,0.1277399477577568,0.04672679333678259,0.10555705377262117,0.45857099969979,0.2518636068016888
Sri Lanka,LKA,2000,-0.4081946753183938,-0.10919089740127312,1.2253336317101098,0.5016380734654271,0.25656552210141703,0.06706312067705701,0.2874512158510958,0.23339702782733904
Sri Lanka,LKA,2001,0.1996967304194977,-0.06827799467584851,2.2237394426493413,-1.1584022567110492,1.3848182587040263,0.12041650809781043,0.3114680276193336,0.7044099669551737
Sri Lanka,LKA,2002,0.19215401467820967,-0.06177319469289432,0.9433787285165263,0.05384776392135771,0.7335752455703971,0.10320652848741457,0.44055839087361154,0.27327770287935543
Sri Lanka,LKA,2003,0.3224693777181903,-0.06800184318420788,0.07647351995109807,0.4884896332747864,0.2761224930822779,0.247075163616594,0.3595016511558092,0.0114588533755135
Sri Lanka,LKA,2004,-0.018478493450573383,-0.03263429631712879,0.6345210610697549,0.37954107922332375,0.4544010600500482,0.5622087775665748,0.38351846292404695,0.2344217827886494
Sri Lanka,LKA,2005,0.03961799435738807,-0.017767203519932384,-0.14792946410549127,0.5548167336348214,1.0287991199874382,0.5212759911525375,0.2769438607024917,0.15241251088926203
Sri Lanka,LKA,2006,-0.2860233612804561,0.016598691822072704,0.43042463725575314,0.868664558338534,0.7998882030104503,0.43133023522234765,0.10132092464725306,0.17098878498568557
Sri Lanka,LKA,2007,-0.16629746363492376,0.007309053527579892,0.8628982136590995,0.6769370915458164,1.6227970025998772,0.33813336586784326,0.021765235664965413,0.334609034772639
Sri Lanka,LKA,2008,-0.8103606852708471,-0.09394205192564956,-0.3433848464425713,0.49064988422945965,2.5729820763899913,-0.25623300327787896,-0.09081356949864913,0.3011884866123758
Sri Lanka,LKA,2009,0.3056851587484964,-0.17589086328634565,0.8128663104040291,-0.0398226753302201,-0.12666888300548212,0.48850542820233944,0.0037526268387870713,0.10524316224786452
Sri Lanka,LKA,2010,0.14222126489901712,-0.19864717887977432,-0.28201015101684984,0.9451551542575641,0.26241344608415273,0.28190077334958574,-0.15625938156709704,-0.16856841588379484
Sri Lanka,LKA,2011,-0.472920795419832,-0.0034833127157379113,-0.3633167569374191,1.0889323408818081,0.3329622182154647,2.7898773891161355,-0.25622936055238665,0.26911409023772576
Sri Lanka,LKA,2012,-0.3344037203191056,0.0025356478571713225,2.1297799934905632,1.080725767475869,0.44973491747549654,0.4164471038509062,-0.2919543680576404,0.2800316067799619
Sri Lanka,LKA,2013,-0.03904257090862738,-0.007782013471298568,0.11195686286717879,0.07300380491451706,0.36005577476629735,0.31380888628056974,-0.2460222155508857,0.07115086584085314
Sri Lanka,LKA,2014,0.07117593750697437,0.01278653578081766,0.11339749463641538,0.5847883021071689,-0.16708844459598415,0.18750394823488237,-0.2503752626838788,-0.10853428117741297
Sri Lanka,LKA,2015,0.09535903479805297,0.11814856568947016,0.5229401805263826,0.10693070056718998,-0.08378372058187894,0.3729591973322553,-0.1960372260582408,0.07599103736324933
Sri Lanka,LKA,2016,0.1241080738263286,0.1848334751453134,0.9622254561781003,0.2934228301815485,-0.05685430641724483,0.3106985217793791,-0.23761633143200245,0.10653655874938121
Sri Lanka,LKA,2017,0.06643653136664349,0.21516220919382653,0.6166130742652404,0.6029832983788773,0.47252334882330715,0.4000720185843852,-0.2670369258480937,0.10970198503902066
Sri Lanka,LKA,2018,0.0025879159755320927,0.275851582112835,0.879270238971163,-0.3101718338231324,-0.31464911993149,-0.03962082237842636,-0.22620834584208957,0.12603249296851318
Sri Lanka,LKA,2019,0.1128310677745767,0.2825352501502497,1.3672472362130494,-0.8669113287354866,-0.11770322704839875,-0.26606012626733333,-0.17337135995196643,0.26381829057950146
Sri Lanka,LKA,2020,0.19482829492636256,0.2825352501502497,0.4914752652870633,-1.835823423069252,0.25340913924302866,-0.26606012626733333,-0.06919843890723512,0.33330803109266605
Sri Lanka,LKA,2021,-0.08947731780013823,0.2825352501502497,0.9536019624591343,0.10726533368181472,0.37508519353975894,-0.26606012626733333,-0.1266886820774543,0.17152651170323985
Sri Lanka,LKA,2022,0.12737001861240507,0.2825352501502497,8.766874331529927,-2.4352682156457677,6.4114718271099385,-0.26606012626733333,-0.1946862803962775,2.472576171308553
Sri Lanka,LKA,2023,0.580221309812226,0.2825352501502497,0.16318023824106775,-1.2647797657490303,1.721607033863454,-0.26606012626733333,-0.1946862803962775,0.3415906530754235
Sri Lanka,LKA,2024,0.5183065697724173,0.2825352501502497,-0.05055929710966535,0.2799565552607426,-0.6771176260606353,-0.26606012626733333,-0.23806664665265692,-0.24964736728188583
St. Kitts and Nevis,KNA,1990,-2.302444814954858,0.12104059010936154,-0.05055929710966535,0.25461967705898253,-0.0494907770056332,-0.13392989161477697,-0.06274392074452119,0.2674488345043772
St. Kitts and Nevis,KNA,1991,-1.6250689101728664,0.21944715066873655,-0.05055929710966535,-1.228645905594663,-0.005283918417952964,-0.33470908114953957,-0.06274392074452119,0.3742665355735123
St. Kitts and Nevis,KNA,1992,-0.3964666365219306,0.37143526823805495,-0.05055929710966535,0.1207950988416529,-0.21239783246890998,0.3888849117171054,-0.015460822575803028,0.10822482364015139
St. Kitts and Nevis,KNA,1993,-1.0032743383746114,0.4066649864242165,-0.05055929710966535,0.6780642462685809,-0.36273182616518945,-0.11396162357786314,0.010807565295707006,0.030775699567605154
St. Kitts and Nevis,KNA,1994,-0.6484605872299893,0.3954257433622132,-0.05055929710966535,0.3480049675829972,-0.41256943379345906,-0.40059102485198356,0.07655358751125786,-0.013040686462092109
St. Kitts and Nevis,KNA,1995,-1.4230970294916656,0.3919718101715937,-0.05055929710966535,0.3659186275386628,-0.19849591141967937,0.3428417698011167,0.09891924347042928,0.23455085955239968
St. Kitts and Nevis,KNA,1996,-2.0390390832257257,0.3807048118811176,-0.05055929710966535,0.4670542433826459,-0.32149931776407975,-0.49655427540711816,0.13734614229960976,0.17448898624899198
St. Kitts and Nevis,KNA,1997,-1.6237021422295461,0.3807204605087261,-0.05055929710966535,0.6829081916716452,0.6422868884742163,-0.03896969098441628,0.11453017111978385,0.28411464036664935
St. Kitts and Nevis,KNA,1998,-1.124114602295391,0.444577986953831,-0.05055929710966535,-0.9254904711083584,-0.1292985716026574,-2.2530252014089633e-06,0.0945661963374362,0.3441270192796417
St. Kitts and Nevis,KNA,1999,-1.673189515500005,0.46850549672545105,-0.05055929710966535,-0.11001014269399888,-0.14107589025455158,-0.4014852317771758,0.08000600420294199,0.24837010571157198
St. Kitts and Nevis,KNA,2000,-2.778101060920116,0.5589022371203778,-0.05055929710966535,1.3910718007448029,-0.3126960526877525,0.8911666769838417,0.09111377964575207,0.3664223720182666
St. Kitts and Nevis,KNA,2001,-2.413774100305383,0.4464545382153438,-0.05055929710966535,0.33738546229750555,-0.2908450012766727,-0.5123327610742069,0.07024917442209547,0.24847932731211028
St. Kitts and Nevis,KNA,2002,-2.098718416891186,0.36436989469524256,-0.05055929710966535,-0.5174984550713924,-0.32792815337542075,-0.4737786755804136,0.0857099969978985,0.31629009108431705
St. Kitts and Nevis,KNA,2003,-1.8229986340162472,0.4383525080273863,-0.05055929710966535,-1.6837730230870742,-0.3004580915766,-0.17695498546865665,0.10642449714800356,0.5033680411605413
St. Kitts and Nevis,KNA,2004,-0.5829502815230986,0.4481096228816108,-0.05055929710966535,0.06081556018751233,-0.2892750467002404,0.3274918462439998,0.08781146802761934,0.14938761638270148
St. Kitts and Nevis,KNA,2005,-0.5247781922244037,0.443126200261336,-0.05055929710966535,1.3228727273985845,-0.1389864030640035,-0.37637892189732625,0.11287901531071748,-0.11543056309616036
St. Kitts and Nevis,KNA,2006,-0.99775269595247,0.3836155696764588,-0.05055929710966535,-0.12530168992539079,0.5832468137425983,0.18788371947588184,0.03542479735815068,0.32323799843161216
St. Kitts and Nevis,KNA,2007,-1.3482789868793756,0.44916979990634875,-0.05055929710966535,-0.6862676558202955,0.016928200579499727,-0.05611943965454109,-0.024016811768237792,0.33856415637901077
St. Kitts and Nevis,KNA,2008,-1.7555945285160528,0.4565472935504394,-0.05055929710966535,1.6714091343910293,0.13274898356964837,-0.8595620798374369,-0.03242269588712102,-0.03843748594130176
St. Kitts and Nevis,KNA,2009,-2.241387620074883,0.5376549883866756,-0.05055929710966535,-1.567465957710388,-0.3255470221158766,-0.5193306111744709,0.04443110177123991,0.49935753393473903
St. Kitts and Nevis,KNA,2010,-1.5251903123491282,0.5672272296098656,-0.05055929710966535,-0.830326645998506,-0.4961604394792783,-0.40606669401250084,0.08015610927649353,0.2928734095189355
St. Kitts and Nevis,KNA,2011,-0.5967878547559263,0.5287861688574219,-0.05055929710966535,-0.46274073759615836,0.20835073586864564,-0.16781189051450182,0.039327529270489284,0.23108883410349632
St. Kitts and Nevis,KNA,2012,-0.01784642114861098,0.5449570399275223,-0.05055929710966535,-0.9806879198828873,-0.5010777929415933,0.0017007648260462679,0.020564395076553523,0.1448742072586231
St. Kitts and Nevis,KNA,2013,0.014812082965480346,0.4625033135339596,-0.05055929710966535,0.44163100730547633,-0.4599606414597809,-0.06709921386243876,-0.024317021915340728,-0.08512513586917468
St. Kitts and Nevis,KNA,2014,0.4550193458651233,0.3979119690856595,-0.05055929710966535,0.8485723417995399,-0.5813942186429976,-0.09234768596931374,0.007805463824677215,-0.23173935092518616
St. Kitts and Nevis,KNA,2015,-0.6329350297110524,0.4306133522842043,-0.05055929710966535,-0.6656898154508067,-0.9417910433988981,-0.5203631472248004,-0.03152206544581207,0.026428949180983926
St. Kitts and Nevis,KNA,2016,-1.1239381418667864,0.37867072035572824,-0.05055929710966535,0.04681363234656398,-0.7135393640064296,-0.9088390603564871,-0.0855598919243471,-0.04324319764585406
St. Kitts and Nevis,KNA,2017,-0.8980951562173979,0.33137934060484875,-0.05055929710966535,-0.7697952912442731,-0.5182051047219722,-1.0575296965027356,-0.12383668567997602,0.03559128629316722
St. Kitts and Nevis,KNA,2018,-0.3535303943964155,0.329127502978344,-0.05055929710966535,-0.3776165173829238,-0.7630226361349961,-1.065444616268438,-0.13884719303512458,-0.13679990397007724
St. Kitts and Nevis,KNA,2019,-0.22247778501921828,0.3150562420963108,-0.05055929710966535,-0.1719725219600045,-0.6630115357811315,-1.9855798985949291,-0.12578805163614531,-0.3022046048637625
St. Kitts and Nevis,KNA,2020,-0.9703449544551834,0.5950183387851682,-0.05055929710966535,-4.184906929505248,-0.7814150418950057,-1.4725115783887697,0.025367757430201084,0.4958788661117656
St. Kitts and Nevis,KNA,2021,-0.04542360851970958,0.7388917258526161,-0.05055929710966535,-0.737527989622604,-0.44742274120674586,-0.2267017720939474,-0.06184329030321224,0.10504517475447987
St. Kitts and Nevis,KNA,2022,-0.9433254977852416,0.6292891220049048,-0.05055929710966535,1.487365171988854,-0.23929201726543994,-0.6023087394861221,-0.12083458420894637,-0.13253502718126875
St. Kitts and Nevis,KNA,2023,-1.2921967590100039,0.5993636898327156,-0.05055929710966535,-0.1537057363289255,-0.1136439372507222,-1.0126334073293852,-0.13899729810867612,0.1042046064818852
St. Kitts and Nevis,KNA,2024,-1.1372657235808665,0.6559420499618561,-0.05055929710966535,-0.7497119121665,-0.1136439372507222,-0.6939786899844592,-0.13884719303512458,0.2208415097613216
St. Lucia,LCA,1990,-0.8472217543282881,0.0660272376210303,-0.05055929710966535,1.3576074120113326,-0.01322515948856802,-0.014332389616183022,1.6055238667066951,0.15472122863289492
St. Lucia,LCA,1991,-1.07774620810539,0.0807124837794811,-0.05055929710966535,-0.7357522890737674,0.2527879848454573,-0.29381359902499576,1.6055238667066951,0.48687856233944704
St. Lucia,LCA,1992,-0.6583873743903075,0.07479171103310435,-0.05055929710966535,0.9313185516069569,0.10993581586408797,-0.6700636448966675,1.6097268087661365,0.11441431663433523
St. Lucia,LCA,1993,-0.5364309329511647,0.20942672857671055,-0.05055929710966535,-0.6900963205921619,-0.4965416583996103,-0.4301262525466012,1.6474031822275597,0.30087570804167424
St. Lucia,LCA,1994,-0.46875878000076016,0.23170134265212416,-0.05055929710966535,-0.4667112123097253,-0.21840930710364825,-0.3998175155729855,1.6774241969378567,0.3108299160163096
St. Lucia,LCA,1995,-0.21777912698261173,0.2595653553064595,-0.05055929710966535,-0.43378389986127197,0.17930319644867318,-0.08680359174899928,1.501801260882618,0.3506957072318528
St. Lucia,LCA,1996,-0.5372058849028112,0.35334465862431713,-0.05055929710966535,-0.17541750879694964,-0.4857058968308433,-0.5162913036914314,1.576853797658361,0.22718076462149986
St. Lucia,LCA,1997,-0.8376725568343891,0.43004646217489856,-0.05055929710966535,-0.9711162195435559,-0.6172093831966219,-0.5689471093639809,2.1982888021615135,0.45720117872058413
St. Lucia,LCA,1998,-0.478404382879971,0.41406431721788317,-0.05055929710966535,0.5646560876591505,-0.1638457968403959,-0.028759972833555317,2.3679075352746928,0.35036501156139715
St. Lucia,LCA,1999,-1.118824758250459,0.4766393522595076,-0.05055929710966535,-0.23085553117334276,-0.12117974758989676,-0.2779912392474314,1.8410387271089765,0.4596611549778989
St. Lucia,LCA,2000,-1.8347748209752135,0.537636710994418,-0.05055929710966535,-0.8076786487806014,-0.09192269521895464,-0.42571660450960247,1.6008706094265988,0.6018231704769441
St. Lucia,LCA,2001,-1.9573579142838347,0.6482559868814508,-0.05055929710966535,-1.5681972145494139,0.1337276747611759,-0.547973831005186,1.9082858000600424,0.8024702089172953
St. Lucia,LCA,2002,-1.8081588909463753,0.6472410854225376,-0.05055929710966535,-0.7267821146383625,-0.6525483035876757,-0.7785838234336787,2.1862803962773945,0.55525300902195
St. Lucia,LCA,2003,-2.2174449032256565,0.48058029524373846,-0.05055929710966535,0.11983535946886921,-0.4702410249248018,-0.09086500371044871,2.4549684779345546,0.6316418558843092
St. Lucia,LCA,2004,-1.4690486771479532,0.504516056472745,-0.05055929710966535,0.7804679938681855,-0.4100112672464042,-0.2904831992821196,2.2733413389372563,0.38791204500736853
St. Lucia,LCA,2005,-1.547155369906042,0.617158984129575,-0.05055929710966535,-0.9086730013571709,-0.0654219869158112,0.03709174531939195,1.932602821975383,0.7038143769517264
St. Lucia,LCA,2006,-3.2550602897028704,0.7716209000136627,-0.05055929710966535,0.5445885016598128,-0.27781662725192857,0.4020808772653818,1.5273191233863708,0.7261595377638398
St. Lucia,LCA,2007,-1.9024956547680782,1.1160410903969697,-0.05055929710966535,-0.4462378282540168,-0.21739343808438066,-0.3671741893909673,1.2271089762833987,0.5795366607310644
St. Lucia,LCA,2008,-2.6261390744982482,1.1848568537716049,-0.05055929710966535,0.2704755834564787,0.16797971785266996,-0.31259720374690125,1.0349744821374964,0.6257597205638534
St. Lucia,LCA,2009,-0.677699861331786,1.2849219651827464,-0.05055929710966535,-1.4407777241367765,-0.6386114679928897,-0.6545258977773629,1.432752927048934,0.49892225926004635
St. Lucia,LCA,2010,-1.1967448841986676,1.22816445681141,-0.05055929710966535,-0.7457976383482647,-0.15700453357732022,-0.7430400204454934,1.695136595616932,0.5593199605489707
St. Lucia,LCA,2011,-1.3989659696892425,1.1697546655940525,-0.05055929710966535,0.1335486066612508,-0.22498314785573248,-0.6416990591184636,1.9566196337436208,0.49636430832597195
St. Lucia,LCA,2012,-0.8698528819750695,1.2704983935735972,-0.05055929710966535,-0.8423305858953043,-0.02593513873942069,-0.636086743580542,1.9866406484539179,0.6081059043526086
St. Lucia,LCA,2013,-0.4381323013707429,1.1959984400562966,-0.05055929710966535,-1.218544762305969,-0.40885265524256115,-0.6572701245260048,2.4594716301410995,0.599352150999411
St. Lucia,LCA,2014,0.06863423700966824,0.9797824963270596,-0.05055929710966535,-0.5262161494930556,-0.11931995736616308,-0.668929720487503,2.3653557490243173,0.4234158832673476
St. Lucia,LCA,2015,0.3097812014642032,0.7976110364493775,-0.05055929710966535,-0.7959811018097112,-0.7554576064858248,-0.4791810497641187,2.253827679375563,0.3217772375444056
St. Lucia,LCA,2016,-0.4143688400168126,0.6497535993532016,-0.05055929710966535,-0.06425209148821523,-1.0515242275550827,-0.8030433970855481,2.1175322725908137,0.19153998309982104
St. Lucia,LCA,2017,0.13295049761202837,0.5382813628735517,-0.05055929710966535,-0.07482248081545927,-0.6016920362303175,-0.6657465539944688,1.9980486340438308,0.1657434418266231
St. Lucia,LCA,2018,0.5506671564912056,0.47425286279213125,-0.05055929710966535,-0.18329567988766868,-0.34283625882165797,-0.5127951250503154,2.0270189132392678,0.1753870883494605
St. Lucia,LCA,2019,0.7806831269278899,0.43530337696662547,-0.05055929710966535,-1.0448704465265757,-0.5402310011697219,-1.4885335576827718,1.4692284599219456,0.012770757217871116
St. Lucia,LCA,2020,-1.9367842355476037,0.938517423461832,-0.05055929710966535,-5.8566479119257675,-0.8646063734419906,-1.8074802553388716,2.9118883218252782,1.2744559952671364
St. Lucia,LCA,2021,-0.9144951609911286,0.6253606943852167,-0.05055929710966535,1.6339341275467116,-0.2756847982925294,0.21374295371327273,2.2048934253977786,0.28547343021978433
St. Lucia,LCA,2022,-0.04221929517176037,0.3809360243498675,-0.05055929710966535,3.437756765706394,0.7479436730364031,-0.579186604369907,1.5174121885319722,-0.1969987837279947
St. Lucia,LCA,2023,0.10677799099250893,0.3553853600857758,-0.05055929710966535,0.0413233533543436,-0.07660648305204562,-0.07130484064435433,0.941008706094266,0.13568887157530343
St. Lucia,LCA,2024,0.17887921684770164,0.33891011538262844,-0.05055929710966535,0.2307822018191583,-0.7117306567728374,-0.0817336796673777,0.6565595917142,-0.03688790644570171
St. Vincent and the Grenadines,VCT,1990,-0.8420706718649578,-0.052083845502494265,-0.05055929710966535,0.09444126343014943,0.45866601193558365,0.11076098468881773,2.093215250675473,0.47251835901750333
St. Vincent and the Grenadines,VCT,1991,-1.8464895181901329,0.016990738763860282,-0.05055929710966535,-0.5685705574252735,0.1598461030244973,-0.7690799668181024,2.093215250675473,0.5522104148787813
St. Vincent and the Grenadines,VCT,1992,-0.7054924385618665,0.011572267225422003,-0.05055929710966535,0.584779882539149,-0.1268714033107735,-0.3032623389333284,2.061392975082558,0.24471210842527574
St. Vincent and the Grenadines,VCT,1993,-1.5246202109362168,0.010923685548005359,-0.05055929710966535,0.11678152296247458,-0.009858441856802893,-0.17621697832815617,2.079855899129391,0.4659976507652163
St. Vincent and the Grenadines,VCT,1994,-2.0447032367619413,0.055687075046433346,-0.05055929710966535,-1.0928879007656809,-0.4738176795993143,-0.3803075604088488,2.123836685679976,0.630347194448029
St. Vincent and the Grenadines,VCT,1995,-1.2030205680024457,0.14594254910985002,-0.05055929710966535,0.8903039576337372,-0.37071628398682244,-0.4496715034176065,2.1284899429600723,0.24517171684636238
St. Vincent and the Grenadines,VCT,1996,-0.8591808401686221,0.22977685049761581,-0.05055929710966535,-0.5350555877217578,0.00661203781457516,-0.3780287253023924,2.1792254578204746,0.48303753594442683
St. Vincent and the Grenadines,VCT,1997,-2.494257306670744,0.2957519305488542,-0.05055929710966535,-0.04725032853294683,-0.5537255622765181,0.008392643106853314,2.1477033923746625,0.6270101059782681
St. Vincent and the Grenadines,VCT,1998,-2.683223855084668,0.30862939229542047,-0.05055929710966535,0.0814627179104868,-0.3136075753700614,0.08712482403785399,2.2059441609126393,0.6913275202771955
St. Vincent and the Grenadines,VCT,1999,-1.7764259504219782,0.3841129119799829,-0.05055929710966535,-0.2221197192396379,-0.4731673598982934,0.06867887328075713,2.209096367457221,0.5909581664816598
St. Vincent and the Grenadines,VCT,2000,-0.48133113913458947,0.3738042442241916,-0.05055929710966535,-0.457807197136078,-0.5927281898932346,-0.5276438730099371,2.247823476433504,0.34140495670221804
St. Vincent and the Grenadines,VCT,2001,-0.31480484687506866,0.3153163988436032,-0.05055929710966535,-0.43378276567643703,-0.48909596741703126,-0.5081775688918573,2.29285499849895,0.32984659663935784
St. Vincent and the Grenadines,VCT,2002,-0.08194257693209146,0.30593763756271863,-0.05055929710966535,0.35689496427915646,-0.35416022078787557,-0.5426314004590936,2.221254878414891,0.1864127443248443
St. Vincent and the Grenadines,VCT,2003,-0.6702703153906483,0.26891616765992793,-0.05055929710966535,0.6537288045552678,-0.5873143283412146,-0.711105921464141,2.1254878414890426,0.15170942472419005
St. Vincent and the Grenadines,VCT,2004,-1.2759284941354645,0.202991475365235,-0.05055929710966535,0.0868537100135428,-0.19803805972150562,-0.5298602480730347,2.059441609126389,0.38186432338704857
St. Vincent and the Grenadines,VCT,2005,-1.3650956903262372,0.20289145078982623,-0.05055929710966535,-0.27090673236933266,-0.08872217674552854,-0.5837293663645787,2.046832782948064,0.4518165451733839
St. Vincent and the Grenadines,VCT,2006,-1.6647194904951748,0.23086500014374772,-0.05055929710966535,0.72096027110506,-0.22904442421687282,-0.5272968892352545,2.0019513659561694,0.3385249964183199
St. Vincent and the Grenadines,VCT,2007,-2.2718425295996525,0.26657933936150285,-0.05055929710966535,-0.08733147306350479,0.4063745331876227,-0.29157664209651435,1.967727409186431,0.6653884778846477
St. Vincent and the Grenadines,VCT,2008,-3.5094807293102837,0.2695399973378482,-0.05055929710966535,-0.7293803128933478,0.8063983684312518,-0.5779575239937056,1.9461122785950167,0.9474849807806252
St. Vincent and the Grenadines,VCT,2009,-2.803613199351987,0.3158054551070581,-0.05055929710966535,-1.1216141021655595,-0.5568460541538851,-1.024256014539099,2.032422695887121,0.6631134409584395
St. Vincent and the Grenadines,VCT,2010,-2.8838895782275964,0.32566842364058507,-0.05055929710966535,-1.8019321777127737,-0.5108279066750266,-0.680324330100074,2.116331432002402,0.8408728682426558
St. Vincent and the Grenadines,VCT,2011,-2.390509126241283,0.3512233981161156,-0.05055929710966535,-0.9517879480932695,-0.16609494402813363,-0.71808643639396,2.128640048033624,0.6982028347075048
St. Vincent and the Grenadines,VCT,2012,-2.757527659561938,0.3792749610792027,-0.05055929710966535,-0.5611922288738708,-0.2491482729040755,-0.5178320884370146,2.1026718703092167,0.7118752944819245
St. Vincent and the Grenadines,VCT,2013,-2.6863476610354566,0.3417512387522427,-0.05055929710966535,-0.2766429785950242,-0.5026271587698183,-0.38177789839787724,2.0310717502251583,0.6286927534757887
St. Vincent and the Grenadines,VCT,2014,-2.745780939091557,0.3309463474256088,-0.05055929710966535,-0.5663370620232211,-0.5890278921961466,-0.2384948607043344,2.0132092464725306,0.682598792143253
St. Vincent and the Grenadines,VCT,2015,-1.5563945536242803,0.335392920040561,-0.05055929710966535,-0.2056661055605306,-0.8614689932795352,-0.5710863983330647,1.9978985289702798,0.37317677421048373
St. Vincent and the Grenadines,VCT,2016,-1.2477670800569087,0.30518425122016424,-0.05055929710966535,0.09454999456571071,-0.6375804249091424,-0.73871555031402,1.981987391173822,0.2876476365074795
St. Vincent and the Grenadines,VCT,2017,-1.1008964811146245,0.2760372697547782,-0.05055929710966535,-0.47781235603325173,-0.3120626565233238,-0.774287928079524,1.9812368658060646,0.38558187014231515
St. Vincent and the Grenadines,VCT,2018,-0.9043364709099636,0.22699052492252092,-0.05055929710966535,-0.11975089192304846,-0.28791950161639085,-0.7857434251513168,1.9783848694085862,0.3007486476123923
St. Vincent and the Grenadines,VCT,2019,0.07367818311494831,0.20934405106610018,-0.05055929710966535,-0.671345513082519,-0.4873699521520926,-0.48041912782308527,2.0148604022815975,0.25764620089006074
St. Vincent and the Grenadines,VCT,2020,-1.5950590825344007,0.29351367271331896,-0.05055929710966535,-1.757591432598358,-0.7052132367200091,-1.3577057027132935,2.223056139297509,0.5365345843715169
St. Vincent and the Grenadines,VCT,2021,-2.4990944474945493,0.26562920343954505,-0.05055929710966535,-0.3578433380071344,-0.3941294139888339,0.060960529912110054,2.1811768237766445,0.702859375933069
St. Vincent and the Grenadines,VCT,2022,-2.1146262008955947,0.15711493105256355,-0.05055929710966535,-0.13400251976629737,0.18360558106490887,-0.8632839623195937,2.0192134494145906,0.5278170603949565
St. Vincent and the Grenadines,VCT,2023,-1.8279556434194542,0.12508356584774447,-0.05055929710966535,0.35342715619519105,0.02875764159163978,-0.6001550916729188,1.8797658360852598,0.4082030202809032
St. Vincent and the Grenadines,VCT,2024,-1.6927573350606648,0.059530030987842215,-0.05055929710966535,0.07522334816136474,-0.10366557647848483,0.28241032726364734,1.841489042329631,0.5209626448417529
Sudan,SDN,1990,0.2320304191235692,-0.6215341668296847,-0.05055929710966535,-2.0218467912670794,8.593436289773667,2.699547886008869,1.4701290903632545,1.982976596335707
Sudan,SDN,1991,0.10168668796114914,-0.6321400678913041,7.670425922541037,0.8340397159496481,16.85089958959106,4.078477120765724,1.4701290903632545,4.071723607351283
Sudan,SDN,1992,-0.5206039127728324,-0.6466844704469532,183.9912747921045,0.6287635951060067,16.00937120610596,9.377519853660722,1.4774842389672773,30.01440084829404
Sudan,SDN,1993,0.08742630909158733,-0.6620458015974472,8.93585021192104,0.18674739708018886,13.713333202804456,6.746380746940745,1.4537676373461423,4.27330175589188
Sudan,SDN,1994,-0.21233949049057024,-0.679368528560096,11.521063718410938,-0.5970274083151617,15.694688141884084,2.8773396879562405,1.4698288802161517,4.527559828387579
Sudan,SDN,1995,-0.07784400165373387,-0.6956368588132468,14.179161016395534,0.5009910590990498,9.048161218789426,4.4548220138047565,1.4713299309516663,4.004955751954689
Sudan,SDN,1996,-0.7639380352626051,-0.6697350161499003,16.267183489319645,0.48383754284748065,18.157739399125017,3.936726170423186,1.4680276193335338,5.634291736352372
Sudan,SDN,1997,-0.5071560544861504,-0.6846174918051461,3.625249535761229,3.2104859279298457,6.050675822486652,1.9111365986813027,1.425848093665566,1.3749946693351298
Sudan,SDN,1998,-0.6817228964362456,-0.6883961441400427,3.8309156405010136,0.12949201996689855,2.863785848102206,1.318921051179219,1.4300510357250078,1.3296440439766786
Sudan,SDN,1999,-0.12989011794149682,-0.6958767425574376,3.5957218582014523,-0.135484783727477,1.8099868929396237,0.8447676786160252,1.4371059741819272,1.0367257947215092
Sudan,SDN,2000,-0.15310053433223034,-0.6818101496624618,0.20558594260473484,0.5777235975512183,0.39013551677986547,1.8270805094656681,1.4665265685980187,0.39755647493811963
Sudan,SDN,2001,-0.04154762706373016,-0.6770832401983291,0.03636244653530608,0.6117129636915901,-0.3428819434836979,0.9216333528636197,1.4612728910237167,0.11844831001610796
Sudan,SDN,2002,-0.294467816932016,-0.6501677212532205,0.20122581475321247,0.5030545535316007,2.5249566002529797,1.35575543529193,1.4543680576403484,0.6682216357265236
Sudan,SDN,2003,-0.17428555225109485,-0.6225545413051081,-0.1753541815583349,0.5651702292493651,0.3008290338439258,1.189026712627295,1.4545181627139,0.25079721561762963
Sudan,SDN,2004,-0.010658759834506426,-0.598602123536963,-0.21745188687100378,0.31262132841745527,0.748630707693101,1.33613811802577,1.4579705794055842,0.3463889751619343
Sudan,SDN,2005,-0.4996278982471716,-0.5622823494634435,-0.8350200265010999,0.4232021482522783,0.5858426412959871,2.308241336828985,1.4590213149204443,0.4331755238679666
Sudan,SDN,2006,-1.4043976707995312,-0.4925642844437709,-1.5869415452587148,0.6185444084768146,0.40114229568567533,1.484571953179734,1.4585709996997898,0.2929475258836329
Sudan,SDN,2007,-0.3789728312453471,-0.5191894182165853,-1.0632991526121613,0.44338959326416605,1.469035477280913,-0.08672702004626051,1.4573701591113781,0.17039618335692358
Sudan,SDN,2008,-0.3161511569380456,-0.52852382075894,0.4692074208475433,0.0279022781492839,1.404418296339331,0.3221074498393951,1.4621735214650255,0.4882331066458739
Sudan,SDN,2009,-0.8104265085695194,-0.4815631255781065,1.3802590657881737,-1.4273144332933874,0.974673695277606,0.8682659827898139,1.0770039027319125,0.8651972089817581
Sudan,SDN,2010,0.0072012658128572625,-0.5043205254989601,-0.023094526616857874,0.03043173268437285,1.2179178754827626,1.0505833159114886,1.4024317021915342,0.4436978347103911
Sudan,SDN,2011,-0.2270207182969732,-0.5304177759897616,2.1620717918405545,-1.5253990883500477,1.9414633546129378,0.4232220344206082,1.7434704293005108,1.0703185201188388
Sudan,SDN,2012,-1.6862005086416223,-0.4732894331439645,4.75838449103619,-4.559532519712477,4.409717180237768,1.9945193595675141,1.6733713599519666,2.658347998000511
Sudan,SDN,2013,-1.3032145146688434,-0.5039950473952793,4.637266204487955,-0.38826058496985766,4.545874442067953,0.08237824098129905,1.5682978084659265,1.717328106892365
Sudan,SDN,2014,-0.5159225817231602,-0.5550171172043675,2.8647326443439027,0.20712660558721005,4.600193579482177,0.36967608342412017,1.438757129990994,1.2895911851675395
Sudan,SDN,2015,-0.9356128948270879,-0.5555756637507656,0.6618700631386162,-0.39815374604728504,1.7736785514706594,0.6547917700587937,1.2856499549684783,0.7363116166800222
Sudan,SDN,2016,-0.8524021008487227,-0.5535283732951439,0.38613656450453676,-0.055502455005217055,1.8925061353702002,1.1962932261758596,1.1754728309816873,0.7149692770844399
Sudan,SDN,2017,-1.0113235992045206,-0.5498632921885794,1.023740010504862,-0.6623631622719307,3.956358171525607,4.169051411658087,1.0770039027319125,1.6214252808154772
Sudan,SDN,2018,-1.419015464598689,-0.529063427332454,37.305461437452244,-1.4082236963957502,8.32974168671075,7.326366889964193,0.978985289702792,8.034104433927423
Sudan,SDN,2019,-1.4574960090510243,-0.5329677648264338,12.417089657065757,-1.2976313243483042,6.59139869564888,3.5304463658468577,0.881416991894326,3.6632158970041018
Sudan,SDN,2020,-2.3008357897358187,-0.560616046993921,2.4934146293041484,-1.6169805950991887,22.459477756747308,5.577959108646718,0.9261483038126688,4.97345716233599
Sudan,SDN,2021,-0.5770269700231234,-0.5880120082667346,82.96056340521562,-1.2294888253906924,50.14009499567205,5.577959108646718,0.7898528970279196,20.09813917052991
Sudan,SDN,2022,-0.6936885061006585,-0.6091364784684187,6.664129680010827,-1.0291287496294292,19.00365303637561,5.577959108646718,0.25592915040528375,4.659335964671444
Sudan,SDN,2023,-0.6936885061006585,-0.6091364784684187,-0.05055929710966535,-7.293892061862885,19.00365303637561,5.577959108646718,0.25592915040528375,4.595060869687582
Sudan,SDN,2024,-0.6936885061006585,-0.6091364784684187,-0.05055929710966535,-3.890637970496804,19.00365303637561,5.577959108646718,0.25592915040528375,4.108881713778142
Suriname,SUR,1990,-0.641924835141413,0.08455128509083185,-0.05055929710966535,-1.8084294007261559,2.4564346983783962,-0.5663236591676936,1.7057940558390876,0.868607331271218
Suriname,SUR,1991,-0.641924835141413,0.14704758028282777,-0.05055929710966535,-0.2243883253876648,3.053979354908161,0.8615469919358809,1.7057940558390876,0.94058883519791
Suriname,SUR,1992,-0.641924835141413,0.14481899479108734,-0.05055929710966535,-0.7304013155142312,5.555629894355226,0.5515373150760512,1.719453617532273,1.3276009536143738
Suriname,SUR,1993,-0.641924835141413,-0.2672121112789805,-0.05055929710966535,-2.2924416032640047,19.66841924504694,3.9628562524846926,1.473281296907836,3.9601645463508914
Suriname,SUR,1994,-0.641924835141413,-0.5539297562807608,1749.1380753665278,-0.07038436577710454,51.46663531288847,14.202204561432493,1.0319723806664665,259.4281810094504
Suriname,SUR,1995,-0.641924835141413,-0.5886043102510178,13.961548425323828,-0.8184036099525204,32.6789715739517,12.45188554804955,0.3850195136595618,8.621307027975366
Suriname,SUR,1996,-0.641924835141413,-0.44643617833855564,-1.3848006517897398,-0.5983976095256006,-0.7156383768033138,1.9511420657967853,0.7587811468027621,0.20048149290499312
Suriname,SUR,1997,-0.641924835141413,-0.3606039994600113,-0.03123174299287869,0.43562854934311646,0.3935070021981323,0.5206275370508769,0.7107475232662865,0.20562037226581462
Suriname,SUR,1998,-0.641924835141413,-0.33888286240089094,-0.0491402999542946,-0.3123900644895729,2.065671835229822,1.9121020065049237,0.7212548784148906,0.7521886367750623
Suriname,SUR,1999,-0.641924835141413,-0.41759654138865754,15.185878605076672,-1.126411737328988,13.344796048423536,1.8996176550713468,1.167066946862804,4.706871326645158
Suriname,SUR,2000,-0.641924835141413,-0.5601614360673494,8.234421900883552,-0.35639182316644813,7.779788005279031,5.031967620533338,1.0579405583908736,3.2203247581896153
Suriname,SUR,2001,-0.641924835141413,-0.541279906207267,9.104159613776908,0.1056205545166518,4.8376054403981446,1.1892002754261977,0.9339537676373463,2.294277638808013
Suriname,SUR,2002,-0.641924835141413,-0.3865761932096383,1.0444063767925174,-0.20238741055507992,1.5783134996345816,7.6876594649296415,0.8048634043830681,1.6532826854609517
Suriname,SUR,2003,-0.641924835141413,-0.35937903522098147,1.4843523553021212,0.5676323731597936,2.6348545946331243,0.5809951370899898,0.6771239867907536,0.727462785796661
Suriname,SUR,2004,-0.641924835141413,-0.3264292720029928,0.6687550809127951,1.0516451476092672,0.7951024264472989,1.501054649607038,0.5501350945661964,0.39698538100892594
Suriname,SUR,2005,-0.641924835141413,-0.3142738111864823,-0.06047797508468747,0.17162222774302863,0.7826186768998832,-0.059446786928547796,0.521915340738517,0.19151972169100956
Suriname,SUR,2006,1.4065298816470062,-0.35374845822275636,0.012027011457807468,0.45620918378655245,0.9781431315166843,1.1142796940484603,0.49789852897027914,0.055122977476702306
Suriname,SUR,2007,1.7340432220316548,-0.27033240473733455,-0.044113365156956935,0.30615299713375654,0.29190261837746884,1.2349263733565519,0.47913539477634337,-0.04981108607847695
Suriname,SUR,2008,1.5077807827500518,-0.21631352837745074,-0.05055929710966535,0.09316963613659153,1.4567193490553283,0.6541725888328085,0.4546682677874511,0.0996767087574041
Suriname,SUR,2009,0.7235890734993147,-0.20460831160605447,-0.05055929710966535,-0.15537256105037262,-0.6353181749552913,0.21546873845392422,0.4345541879315522,-0.11552562424778239
Suriname,SUR,2010,2.2095931138856244,-0.21299633659998146,-0.04841163156074298,0.3187675481524087,0.3646681732606534,-0.09324362026563618,0.19888922245571905,-0.3313506935354317
Suriname,SUR,2011,1.5737784205690013,-0.22078331542201945,2.642634031455036,0.46849080289811573,1.8870679454939265,0.6972666315744468,0.25743020114079856,0.46019232439643876
Suriname,SUR,2012,0.7715916305724131,-0.20919738966167856,0.08798484620678775,-0.2265112462086135,0.09127319395327288,0.6740183915056237,0.3414890423296307,0.06292681428140527
Suriname,SUR,2013,-0.10188310965740989,-0.13116034524386283,-0.05055929710966535,-0.17302963381349548,-0.34455826705131315,-0.06476074998618497,0.11633143200240162,-0.028542069131102764
Suriname,SUR,2014,-0.6128397061470957,-0.08988474069078145,-0.05055929710966535,-0.7621914786002594,-0.1381957552154031,-0.47678796333789597,0.16736715700990698,0.11242436934335945
Suriname,SUR,2015,-1.5267519365392128,-0.0036078176118339474,0.44965153346282133,-1.5692925612165238,0.357999642459924,-0.01438338746208194,0.20939657760432298,0.5850144351726984
Suriname,SUR,2016,-0.22895620676849232,0.05235496919846963,11.594114491920351,-1.8989970726399126,7.215914841567133,2.9530425366818545,0.3140198138697088,3.4653428475208456
Suriname,SUR,2017,0.6066516147537449,-0.12099523998476662,2.80942770263665,-0.47386631278544566,2.492760547371101,-0.2387987407253507,0.312218552987091,0.7316896457594895
Suriname,SUR,2018,0.001707484274926826,-0.20740217381342188,-0.09808305577831428,0.27024438920342786,2.492760547371101,-0.21170303498502666,0.2990093065145602,0.2860899594043634
Suriname,SUR,2019,-1.010324269435752,-0.23292230511040893,-0.059112468488374925,-0.5615271681131428,2.492760547371101,-0.4589158318508591,0.28970279195436804,0.5147663102035316
Suriname,SUR,2020,1.4713327457151364,-0.20863443655719335,3.4620693615282687,-4.333037347447313,4.315117807202354,3.675349252351382,0.4725307715400782,2.0825910511138663
Suriname,SUR,2021,-0.029619110930056466,-0.34046363178093875,13.520085487426257,-1.35420245207287,7.739924927295536,2.3441446315070578,0.43245271690183124,3.5828522420503814
Suriname,SUR,2022,0.5356574639009435,-0.3130094540719388,4.968999427351283,-0.2890209006053255,6.796630307247575,2.560396932276381,0.322425697988592,2.0126866210708965
Suriname,SUR,2023,-0.08655747850756544,-0.3729318491215392,6.858999462420528,-0.2867394864792788,6.675254516940146,0.5622592447390015,0.28129690783548483,2.0540250354000666
Suriname,SUR,2024,-1.2268618788235568,-0.3638293220067707,-1.4337897574728589,-0.4397830983759931,1.677569374183039,-0.15841367366516562,0.269588712098469,0.23682433004803755
Sweden,SWE,1990,0.06920639154041221,0.3712115442884588,-0.05055929710966535,-0.6523708362484333,0.8488463397763025,-0.81983269016369,-0.38757129990993705,0.07789414879849857
Sweden,SWE,1991,0.15879535382041018,0.29157132621401116,0.2570412558293179,-1.070524645106129,0.718535370477086,-0.5719102837819723,-0.38757129990993705,0.1741993800163178
Sweden,SWE,1992,-0.015419130248993685,0.29172448910656223,-0.5737780424146726,-1.0733006574838677,-0.2808207443673764,-0.6362251263426587,-0.015460822575803028,-0.017977208408726738
Sweden,SWE,1993,0.12707616360929028,0.09158145266009639,4.7102113167264426,-1.2728510500260946,0.05188133285084729,-0.5709430647825089,0.5261182827979586,0.8506606009528058
Sweden,SWE,1994,0.40886596500638483,0.008377015310354048,-0.17318295867374262,0.06508789499410088,-0.3113839789129788,-0.8256609371561188,0.5636445511858301,-0.17316573832102025
Sweden,SWE,1995,0.5973187904816489,-0.055516480472185485,-1.119062850917827,0.08238564073625602,-0.26940259110659914,-0.6498621431147678,0.4611227859501652,-0.33034653012558846
Sweden,SWE,1996,0.6181093419476342,-0.044580007510523725,-0.8981326163202732,-0.4433554716966241,-0.5410728012802919,-0.2264765165063199,0.5586910837586312,-0.1894749611585411
Sweden,SWE,1997,0.7098488874527292,0.017639399343251476,1.9093972231950753,-0.14408783317762602,-0.5233651623437899,-0.7942349153546886,0.6805764034824378,0.10346455629245468
Sweden,SWE,1998,0.8042174853709038,0.041654366644803466,0.533143703060371,0.11570371933016102,-0.6541873628006525,-0.9086549653454349,0.46772740918643063,-0.205748293422221
Sweden,SWE,1999,0.8541858604043892,0.07612500099910129,0.505721340942664,0.10586671391777897,-0.5511022109460257,-0.2520841229136784,0.26748724106874816,-0.1305579035959084
Sweden,SWE,2000,0.9180767845650799,0.12716017516314443,1.490311294176116,0.20046963327276543,-0.4893383414885019,-0.7357553037710817,-0.05388772140498349,-0.11143661645187887
Sweden,SWE,2001,1.1312727392274704,1.199430930562216,1.7514163535284217,-0.5190183966985351,-0.27635545611040985,0.7686195873381318,-0.1643650555388772,0.38092743103579246
Sweden,SWE,2002,0.9441872797919878,1.2011839956064736,-0.8614963214687066,-0.31729024608058526,-0.3113353375527978,-0.2708995917711606,-0.12909036325427806,-0.14264780745026742
Sweden,SWE,2003,1.0926025837467923,1.2072786915694784,-2.4493318598435363,-0.4045667357421902,-0.3442445757815668,-0.5529993913435326,-0.040528369858901306,-0.40969447903752293
Sweden,SWE,2004,1.1045977493591297,1.2444274290042783,-1.3408382337466236,0.10112886747545008,-0.5636136224847189,-0.6294442795715224,0.1302912038426898,-0.33784344568435376
Sweden,SWE,2005,1.1126613492030695,1.4089944535718235,0.18856632614339486,-0.20389727911204938,-0.5523750220646338,0.3323968962124913,0.29795857099969975,0.10953959353882221
Sweden,SWE,2006,1.3766742414745587,1.4834520393012525,-0.23011857683440587,0.2103596660379911,-0.42416760230931355,0.22526934563868284,0.18628039627739415,-0.04947404363413426
Sweden,SWE,2007,1.3754294013075796,1.6672631453249376,-1.2384968984341993,-0.10891413592956446,-0.3037469136741677,0.48701751270964605,0.050435304713299225,-0.08629187353407132
Sweden,SWE,2008,1.3483911022873605,1.8216981612071173,-0.4015617053517366,-1.0214938156994091,-0.1306144438814135,-0.6771753825433396,0.061543080156109306,0.04957034614268363
Sweden,SWE,2009,1.1060765785806819,1.9541727090713092,2.2307346549731526,-1.7546630458374706,-0.6863193495255527,-0.8395807716331324,0.3791654157910539,0.5266798751333742
Sweden,SWE,2010,1.1008155146552625,1.9265137831647334,-0.8755785154014021,0.44679760065914936,-0.4527516213040917,-0.6196720671900121,0.4180426298408886,-0.16443698660061368
Sweden,SWE,2011,1.0495671572377832,1.9585727035038878,-1.4521483192086126,-0.12233062816069015,-0.19788098551414715,-0.3889224360370803,0.2970579405583909,-0.10150823225352205
Sweden,SWE,2012,1.052379054505381,2.0442298376394206,0.5627428265671522,-0.9095734795717758,-0.4908601093987298,-0.6295052100285836,0.32287601320924647,0.2380968261507001
Sweden,SWE,2013,0.950131445226017,2.093406486613596,-0.5957192174923048,-0.5681104115655499,-0.6226897640467791,-0.5967106600847348,0.3342839987991594,0.03293568716120992
Sweden,SWE,2014,0.7946841735324766,2.0782082459563482,0.7027445087210669,-0.3133205266928075,-0.6418203724676625,-0.570199332745214,0.31957370159111376,0.20102044345942618
Sweden,SWE,2015,0.7044370549285802,2.017845895318945,3.195575606867973,0.1470358227868263,-0.6230419675570018,-0.3889452763072785,0.24121885319723813,0.5130257476863528
Sweden,SWE,2016,0.6172072481822293,2.053517268085807,0.16272680634190329,-0.34953198290231396,-0.47730615334530957,-0.2276729219350995,0.17487241068748127,0.20263744922212393
Sweden,SWE,2017,0.6393009997886154,2.1298956682312475,-0.07225819765408495,-0.4041720118194166,-0.36278305261548294,-0.13839532676719457,0.13404383068147702,0.20791056198668048
Sweden,SWE,2018,0.6260475115631833,2.1417695660808205,0.18720152742247553,-0.42893728588074287,-0.340303843679728,-0.5965468311120745,0.08105673971780247,0.1822952761066937
Sweden,SWE,2019,1.0131328269095332,2.1106384027966665,1.1959843031434396,-0.24457803282756083,-0.36424571587436355,-0.3590032355331754,0.15130591413989794,0.2808749820843561
Sweden,SWE,2020,1.0685624970377172,2.2536877552860894,-0.42160453605947407,-1.243850042189122,-0.5461280087525936,0.4535595076474945,0.37015911137796464,0.32642305352155515
Sweden,SWE,2021,1.1397707638751287,2.217879293710247,-1.02411037767554,0.33131648820285203,-0.3106688567641306,-0.11025544480959114,0.44701290903632557,-0.03588996122580995
Sweden,SWE,2022,0.8657824279428395,2.2023556489966234,2.486169416816505,-0.5422004495637738,0.5665404034266146,-0.6660308041343322,0.23896727709396576,0.6434885662600445
Sweden,SWE,2023,1.137382242967371,2.05274992160855,0.6431689599625389,-0.8632982665857444,0.591888613587217,-0.9706373872345594,0.26808766136295403,0.33016768470072483
Sweden,SWE,2024,1.2160454629042707,1.9698274043730506,-0.1072668842307967,-0.5944825832842208,-0.2155965226784108,-0.8541142727760521,0.38652056439507665,0.0796867727804025
Switzerland,CHE,1990,0.6492100878821085,2.333561368187574,-0.05055929710966535,-0.6523708174168666,0.14740128683332754,-0.8154018547602939,-0.6014710297208046,0.14524160042355658
Switzerland,CHE,1991,0.800329589643239,2.309153173439074,0.40607604577018885,-1.070524637812268,0.2118040328714164,-0.7056383335491224,-0.6014710297208046,0.27001699099711163
Switzerland,CHE,1992,0.9501509689662868,2.31140848336648,-0.32459151147815063,-1.0733006381601462,-0.04580924913731343,-0.6861322787322486,-0.522515761032723,0.12221562173998626
Switzerland,CHE,1993,1.1232680725741373,2.3009328602129324,0.6678228972555039,-1.2728510381796594,-0.15102872945187104,-0.22392270038292325,-0.3413389372560793,0.3431497651404407
Switzerland,CHE,1994,1.0444110646116715,2.3312206498285533,-1.1031308827146384,0.06508791032028546,-0.4959854037721136,-0.5717596198143958,-0.3369858901230862,-0.18373430307537683
Switzerland,CHE,1995,1.082936948167787,2.3824595533577226,-1.966700330983163,0.08238564507864994,-0.3620298567115821,-0.5387540613097153,-0.40993695586910844,-0.29432632068032616
Switzerland,CHE,1996,1.081222566298857,2.340094884792237,0.5900829021969338,-0.6951636759660627,-0.50170752200911,-0.17486749658552705,-0.32137496247373165,0.2208812736554297
Switzerland,CHE,1997,1.4153583432623487,2.378326912544669,2.414045726331804,-0.3569158909736902,-0.5428970970695383,-0.39071474820867214,-0.2548784148904234,0.3636342752027401
Switzerland,CHE,1998,1.3830149361577124,2.3485999333229595,-0.06517489091939882,-0.20764267690643864,-0.6138935758692787,-0.5026519525882488,-0.33878715100570406,-0.04961141375870639
Switzerland,CHE,1999,1.5262149793440962,2.484350310880323,0.4602466135064833,-0.4487773243084197,-0.5024410653372193,0.09751388981637736,-0.4160912638847194,0.14944868999222405
Switzerland,CHE,2000,1.7504676065452291,2.2933716316219317,1.7078530854468865,-0.019075104895549828,-0.3961365516056301,-2.1185677327997237,-0.4753827679375564,-0.1028935481319673
Switzerland,CHE,2001,1.2470563248642468,2.178611550266244,-0.06084307273168204,-0.4681109654434419,-0.4766346043430541,-0.5895757715942619,-0.500600420294206,-0.03256966830253781
Switzerland,CHE,2002,1.2749633788528356,2.1894830176258955,-1.1321472056217603,-0.7347112001466478,-0.5255841247772166,-0.45615395544317033,-0.4354548183728611,-0.12858703789932865
Switzerland,CHE,2003,1.745852978796683,2.2688253859994463,-1.9746722372257683,-0.8809341576734189,-0.5262115016592511,-0.2634497329380465,-0.2563794656259382,-0.2309723389389746
Switzerland,CHE,2004,1.897186115982373,2.30682736717598,-1.1343752029103913,-0.2492644130620694,-0.502940816889855,-0.6675538287017029,-0.2265085559891925,-0.26749610574792365
Switzerland,CHE,2005,1.7571307752416658,2.378041404601542,-0.03143433608023266,-0.1689280179584446,-0.45077755197529296,-0.3713863576797076,-0.20834584208946264,-0.038872205786625015
Switzerland,CHE,2006,1.9233977096499166,2.4577937738445947,0.04791918828350098,0.09117103873588332,-0.4666712414901448,-0.538754925692842,-0.2746922845992195,-0.11271060543427293
Switzerland,CHE,2007,1.4345312832581225,2.5253677639368757,-0.6540187050410133,0.057921865903044545,-0.5129139573006389,-0.6324327266056424,-0.32782948063644557,-0.15632575068686164
Switzerland,CHE,2008,0.5808717197307287,2.37265846319955,-1.432900150802179,-0.26143794644261686,-0.2735168196402786,-0.5818213430689801,-0.371510057039928,-0.0866462400914182
Switzerland,CHE,2009,1.1360123856194924,2.5582486066508174,0.015432951821758337,-1.2440947784825154,-0.6843435230097193,-0.3187132746505949,-0.25758030621435013,0.20301812106584777
Switzerland,CHE,2010,2.0382416510627044,2.5266711613483723,-0.638751779731668,-0.10104614130221902,-0.519149016890945,-0.4730937605845648,-0.15265685980186136,-0.17059653791730747
Switzerland,CHE,2011,1.20752037460303,2.586125461861665,-2.151552379454339,-0.5087101936207431,-0.583728722608203,-0.052939669925425425,-0.21254878414890432,-0.1590648964653563
Switzerland,CHE,2012,1.513535834325577,2.7086231902813784,0.7403741653204435,-0.571087302019134,-0.7143188747728182,0.07734578720045913,-0.20024016811768247,0.23847650965790534
Switzerland,CHE,2013,1.6164958663475308,2.7439512366302994,-0.2132339384773366,-0.414445821948934,-0.6471469652648203,-0.5776608637867832,-0.161813269288502,-0.008279120655105669
Switzerland,CHE,2014,1.2719891746549146,2.758173442292614,-0.2146920172558453,-0.25883586768622424,-0.61829524215004,-0.5414039750489922,-0.14995496847793466,0.03152484748444451
Switzerland,CHE,2015,1.4850954579596851,2.8025619839803526,0.6634102517087563,-0.4984045333304868,-0.7781165324728619,-0.8708067073672394,-0.15370759531672173,0.09666435370044105
Switzerland,CHE,2016,1.2482387775909105,2.885523261077237,0.2877761807830587,-0.39784264658616636,-0.6778609126177906,-0.6340193986251002,-0.13614530171119785,0.12498252827163751
Switzerland,CHE,2017,1.0150805046770295,2.885523261077237,-0.0606494361622883,-0.5059193224709748,-0.5409800976522532,-0.6340193986251002,-0.15430801561092775,0.14091501868865894
Switzerland,CHE,2018,1.1092783207095456,2.885523261077237,-0.1482670198243319,-0.08634937567989909,-0.48408142272494625,-0.6340193986251002,-0.1669168417892525,0.06132994758342276
Switzerland,CHE,2019,0.8659446868030016,2.885523261077237,0.17829935670813438,-0.5730264057615106,-0.5651364394206388,-0.6340193986251002,-0.21480036025217655,0.19384973406370928
Switzerland,CHE,2020,0.4229891592233022,2.885523261077237,-0.8300282011178091,-1.3145732830918213,-0.719028950315852,-0.6340193986251002,-0.15130591413989794,0.20610356010672806
Switzerland,CHE,2021,1.2879613791836584,2.885523261077237,-0.4290681698549792,0.5404020277974111,-0.5341917469137805,-0.6340193986251002,-0.12188531972380671,-0.09457211157449988
Switzerland,CHE,2022,1.475291496606754,2.885523261077237,0.5840258528021174,-0.04083672239322013,-0.21570798788930448,-0.6340193986251002,-0.2556289402581808,0.132819716127605
Switzerland,CHE,2023,1.0932053850313088,2.885523261077237,-0.8854491094010253,-0.6367754728245806,-0.3145977909555482,-0.6340193986251002,-0.26748724106874816,0.04679140126001241
Switzerland,CHE,2024,1.4668537017559216,2.885523261077237,-0.33478552311042276,-0.5125222408665784,-0.4662710704130161,-0.6340193986251002,-0.22245571900330235,0.03909429843372172
Tanzania,TZA,1990,-0.7479059878879715,-0.5243526729822959,-0.05055929710966535,0.7315525294276479,4.44755763570232,2.1942578798341654,-0.33398378865205647,0.8213247450361131
Tanzania,TZA,1991,-0.8971724431265731,-0.522450937473113,1.6976973381707254,-0.36255432756159467,3.4395992609454376,1.3297574599980102,-0.33398378865205647,0.9814780148110245
Tanzania,TZA,1992,-0.951920025435394,-0.5860593548726761,5.0206781285916655,-0.6898493919449448,2.471544987529546,2.100883569172194,-0.32152506754728316,1.4753273828933977
Tanzania,TZA,1993,-1.4193708125939932,-0.5704391707186413,5.0615998362853105,-0.5531205210989519,2.9564222969364033,2.000490740692925,-0.2901531071750226,1.5900588471019887
Tanzania,TZA,1994,-0.833492239114802,-0.5867301976703874,3.59272008916624,-0.4735090369267135,4.201133174977741,1.7162205473986645,-0.2948063644551186,1.4193626464940938
Tanzania,TZA,1995,-0.5860910325886447,-0.6319186021177723,1.7576611140780263,-0.03300253828876565,3.2603908047129657,1.5446494937991202,-0.3231762233563495,0.8895285939990574
Tanzania,TZA,1996,-0.1718756675452635,-0.6847803052207022,0.0778157026637254,0.1813831325017787,2.348631929188621,-0.2601092591440602,-0.35274692284599224,0.15990052566929663
Tanzania,TZA,1997,-0.11427279537441704,-0.6780751496033521,0.7336543724648695,-0.0428222035003298,1.657927733245626,0.06607328965483557,-0.3727108976283399,0.2234234781440551
Tanzania,TZA,1998,-0.34619201769502883,-0.6667990624841168,1.1640705341282596,-0.0025098032956090556,1.192770598755317,-0.08604957568861529,-0.3815670969678776,0.2244467455333721
Tanzania,TZA,1999,-0.38701639499000196,-0.6618768665925134,1.6542668581308646,0.2516742925966622,0.4988555808764559,0.4843886468467586,-0.39117382167517273,0.24568607142567608
Tanzania,TZA,2000,-0.02700383889955697,-0.663581080172734,1.006660406652846,0.17619492040290735,0.22090172060200008,0.20880404411150272,-0.40468327829480644,0.031272961627922556
Tanzania,TZA,2001,-0.1447174209926275,-0.641987357323538,1.2929483177443246,0.5172090074974808,0.11114718354457968,1.6342493276278025,-0.424947463224257,0.22841691740915124
Tanzania,TZA,2002,0.32871170240803654,-0.618097672293829,1.4051663828496725,0.7421399403723362,0.13522776348802873,0.9980417651784882,-0.4205944160912639,0.06127031147867484
Tanzania,TZA,2003,0.22724838953745322,-0.5972277627331862,1.000977975824172,0.6496483971975335,0.13321111072992375,0.44146153500875157,-0.4160912638847194,-0.04493788454143501
Tanzania,TZA,2004,0.010538698233361912,-0.5774544868361018,0.6431857330379205,0.8324786223077518,0.052959579101547784,0.11313464564091147,-0.4082858000600421,-0.14563966423669683
Tanzania,TZA,2005,-0.3650838353715907,-0.562027909631806,0.4637774624574613,0.8264294769735046,0.09518946557994484,1.6747849758734288,-0.3950765535875113,0.11647168558422909
Tanzania,TZA,2006,-0.36253769228018357,-0.5196816312183855,1.490558858808506,0.6187225342909604,0.4084700797200407,0.7001937715540884,-0.37916541579105384,0.20631297443748844
Tanzania,TZA,2007,-0.6004192107733228,-0.4834935558575656,-0.1281411382801034,0.6707129278811105,0.37660235783135343,0.6277375222424942,-0.4205944160912639,-0.014026135323267559
Tanzania,TZA,2008,-0.7705597707257306,-0.4739649134005417,-0.6042767105037065,0.4326406901725856,0.8363852902271461,0.5792346719257637,-0.4578204743320325,0.03106813492425346
Tanzania,TZA,2009,-0.3918633485973946,-0.4878380406420614,1.416010272095869,0.3408297441226524,1.0998316127717416,0.4228891878328786,-0.49909936955869116,0.2861181809963541
Tanzania,TZA,2010,-0.4845111493547242,-0.47811978409417616,0.7565145007096564,0.5756678610694905,0.25994088171787405,0.9885550299415541,-0.41954368057640357,0.14517003371196266
Tanzania,TZA,2011,-1.193088333165883,-0.4643961625345392,1.589850616566699,0.8695145579139132,1.1773942855694615,0.4613252776967157,-0.3534974482137497,0.39060719204807953
Tanzania,TZA,2012,-0.8042597610185124,-0.454406068645268,0.07903400364710854,0.17165596545306924,1.645268593462031,0.03924259639525314,-0.39057340138096674,0.22159564557765732
Tanzania,TZA,2013,-0.9813102500223216,-0.46046530906231814,0.18221637099480728,0.6735840901756891,0.4960696827852727,-0.14561168112167858,-0.43455418793155215,-0.007802709212690907
Tanzania,TZA,2014,-0.863794938254846,-0.4439460866969103,0.4425286892278195,0.6627765875156622,0.2502527665850207,0.2653014778328924,-0.5553887721404984,0.022823775078215394
Tanzania,TZA,2015,-0.3135699560907566,-0.4157142379036661,2.8435103572095994,0.5369700293742987,0.17343877696779697,0.5031095769974084,-0.5728009606724709,0.3297347770450179
Tanzania,TZA,2016,0.0665308483981726,-0.4360448963633778,1.2688085511011689,0.6924013114601234,0.11500569985406876,-0.6236998258963571,-0.5845091564094868,-0.1456245410817543
Tanzania,TZA,2017,0.02610038068315571,-0.4488436909208492,0.2858923727070458,0.661634339758704,0.13535248633258828,-0.28779636887271387,-0.5960672470729511,-0.22845673832410568
Tanzania,TZA,2018,-0.1316709542349654,-0.4569582983809486,0.1711452064186133,0.39221664673549306,-0.12249983185182801,-0.5474306652282971,-0.6053737616331433,-0.2602375775965902
Tanzania,TZA,2019,0.09740394273497394,-0.4582888701058204,0.10209895131049745,0.4576296321643775,-0.12676537189281026,-0.1694030129627097,-0.613929750825578,-0.26018880419653895
Tanzania,TZA,2020,0.09598529499915598,-0.4626671308814199,-0.013833291226730306,-0.38015997977988314,-0.1513582327682889,-0.4601754962563646,-0.6053737616331433,-0.20131903256931707
Tanzania,TZA,2021,-0.04644234451117216,-0.4509754101914214,-0.028245328759959526,0.13232570248954761,-0.09473075420834146,0.26031550585723207,-0.5927649354548185,-0.1417548972479549
Tanzania,TZA,2022,-0.5254606485423942,-0.4039857169115107,-0.018111885652657606,0.18614382780425193,-0.0015336299000832145,-0.02290662559161979,-0.6382467727409188,-0.10649540143694969
Tanzania,TZA,2023,-0.09410282992399242,-0.377495473945837,0.4409800534211359,0.2969206225657081,-0.07942105084730242,0.1543951775749998,-0.6394476133293305,-0.10054381425257855
Tanzania,TZA,2024,-0.002341961553224875,-0.3713446174492569,1.2251144853798532,0.397417106297272,-0.18434055811778438,0.1543951775749998,-0.6406484539177426,-0.030271301610568284
Thailand,THA,1990,-0.6853670817599545,1.5618684326552061,-0.05055929710966535,1.638436351354401,0.21242568994565367,0.9953133290172437,-0.479585709996998,0.1837704535595705
Thailand,THA,1991,-0.5835533583217245,1.5618684326552061,-0.08853231617080615,1.0644627115400516,0.19063824601870155,0.5461214677933219,-0.479585709996998,0.1785143952972998
Thailand,THA,1992,-0.33003961038055324,1.5618684326552061,-0.11525018179506734,0.9599880843430524,-0.03137558033724609,0.2613705973885937,-0.6717202041429,0.05356351282944104
Thailand,THA,1993,-0.24044149162012665,1.5618684326552061,-0.09541031580617756,0.9970651864383797,-0.1482625963569084,0.5164458723774435,-0.6507054938456921,0.061044600600802634
Thailand,THA,1994,-0.3100745054575149,1.5618684326552061,-0.14536633942427996,0.9409876509852733,0.09705225397841377,-0.09275557298066864,-0.6721705193635545,0.016816444191051216
Thailand,THA,1995,-0.6225697257362841,1.5618684326552061,-0.18263931615003345,0.9681123070044374,0.20595019586106703,0.42488257893450443,-0.7092464725307716,0.13646754821454563
Thailand,THA,1996,-0.6229760805252651,1.5618684326552061,0.1922133068415815,0.4250565659048251,0.20410191149146772,-0.09759117306441825,-0.7135995196637648,0.19213035326864464
Thailand,THA,1997,0.12019705227295932,1.5618684326552061,3.3113289763249187,-1.4242059254860835,0.17875735269321866,0.5574941840913353,-0.7433203242269589,0.8814482135358348
Thailand,THA,1998,1.9167679931915136,1.5618684326552061,4.458326839115649,-2.4979351265879894,0.5135973632547515,-0.13797756046418125,-0.36340438306814776,0.9447968321271076
Thailand,THA,1999,1.5809752609207837,1.5618684326552061,-1.2635347401269466,0.1875303010295551,-0.5761840379486155,-0.5979482090912625,-0.42885019513659567,-0.439022044514079
Thailand,THA,2000,1.279152421728735,1.5618684326552061,0.8093437208987488,0.16177627439056996,-0.39140992967883864,-0.5166102959529174,-0.5157610327229062,-0.07049968584571602
Thailand,THA,2001,0.8926511576806978,1.5618684326552061,1.4732882437184602,-0.06064908745088863,-0.38647132756361796,0.32471411700052955,-0.4840888622035425,0.23675836191103228
Thailand,THA,2002,0.7969250547552129,1.5618684326552061,-0.5192421584328635,0.5344195640991426,-0.5178669665712633,-0.7808384636514776,-0.6011708195737017,-0.3126563706326365
Thailand,THA,2003,0.7559121726535624,1.5618684326552061,-0.5365013996741838,0.7632711212317764,-0.3613906629800173,-0.41848426204848516,-0.6432002401681177,-0.27384163230013375
Thailand,THA,2004,0.5659356683396135,1.5618684326552061,-0.4810481768579107,0.5652877082162403,-0.22643317566310192,-0.4517025326212169,-0.6477033923746623,-0.19660603163107707
Thailand,THA,2005,-0.12997832717796776,1.5618684326552061,-0.051362976856430625,0.10290084542687784,0.025335926638784527,-0.4294260595667472,-0.6717202041429,0.06596751435414326
Thailand,THA,2006,0.4977130079740982,1.5618684326552061,-0.8730832960595983,0.2745432589037824,0.039061396158120466,-0.2784092337623179,-0.6912338637045934,-0.14486469022729478
Thailand,THA,2007,1.1010115209785165,1.5618684326552061,-1.3069306910453269,0.3773609129915076,-0.29959526919370566,-0.41794644972872624,-0.6972380666466528,-0.3768877825613185
Thailand,THA,2008,0.40821723466453863,1.5488757982348316,-0.5444332503448478,-0.4387399725749822,0.15652242996318105,-0.20435120161258866,-0.6972380666466528,0.04141406392919527
Thailand,THA,2009,1.3419314280098327,1.6183578901720164,0.36246951144776524,-0.9703435792684734,-0.7359680718945902,-0.3804296278818735,-0.6507054938456921,-0.02255194867767623
Thailand,THA,2010,0.7847943957370886,1.7641556009789983,-1.1235381814889143,0.834585369474872,-0.15739403735797655,-0.07391741230046799,-0.780996697688382,-0.2844386418669576
Thailand,THA,2011,0.6828427995470386,2.085860988750035,-0.5837111066200815,-0.6335697365471711,-0.07762820807575041,0.23256360230540066,-0.7752927048934255,0.11893135835233008
Thailand,THA,2012,0.2164847813004979,2.205660909290205,0.22384369922329161,0.7750530659639763,-0.19104895347394915,-0.11554313340373369,-0.7873011107775444,0.04915336622768499
Thailand,THA,2013,0.10909128122586709,2.3378360692295357,-0.2131202683247337,-0.22713918293332291,-0.3074207607691899,-0.3396125550868189,-0.8369858901230863,0.10839207094759465
Thailand,THA,2014,0.7219000544371752,2.4068317734826414,0.7570685036906244,-0.6018148175707045,-0.34864028395819635,-0.5356900189836473,-0.7879015310717504,0.19594045804188584
Thailand,THA,2015,1.2232269769429511,2.4889325716715596,0.7195636260082321,-0.12889525266630025,-0.7433784868581612,-0.5512568692849185,-0.7847493245271691,0.0049685418189845875
Thailand,THA,2016,1.6671019835690308,2.4210516336233705,0.38267824448274035,-0.06264922396434845,-0.59010542839136,-0.5669437943465974,-0.7710897628339839,-0.10412312386721613
Thailand,THA,2017,1.5587044792715168,2.3869173880633974,-0.5943514936373707,0.10071016107352765,-0.5225163934066523,-0.5089212763481231,-0.7497748423896728,-0.23543732258049516
Thailand,THA,2018,1.063106048952259,2.375029874108365,-0.729900448247554,0.11065205625059196,-0.4656357953340659,-0.5342450706379405,-0.7595316721705195,-0.1840058882120809
Thailand,THA,2019,1.2396267776419245,2.3595188141568104,-0.6034673307601429,-0.35318877539225757,-0.5167056888889756,-0.6098482542092366,-0.7668868207745423,-0.14626104038939342
Thailand,THA,2020,0.8807776481087833,2.7216648891106554,0.0615770135588745,-2.1589124202661534,-0.7360205717156615,-0.13135341902468736,-0.7093965776043231,0.3549437294974612
Thailand,THA,2021,0.10411203173889604,2.807262577475299,0.25843575658753987,-0.47550656652353873,-0.44242525464625976,-0.5241542590912778,-0.6919843890723508,0.254075566576799
Thailand,THA,2022,-0.054881573252009395,2.641202854473114,1.3141237048786698,-0.2380632215763649,0.24237767756348724,-0.5923256297579869,-0.7332632842990093,0.452151445383807
Thailand,THA,2023,0.5713800965160465,2.584578844129412,-0.1551425903297281,-0.32364715744631434,-0.44270162925819373,-0.7335549859324,-0.7643350345241671,0.03444452357359874
Thailand,THA,2024,0.6399269755303805,2.4225847970683225,0.14919871318428,-0.16969473983984992,-0.5601261103656325,-0.6293256804130037,-0.7571299909936957,0.022138498969962846
Togo,TGO,1990,-0.08390018272824094,-0.38617731799763294,-0.05055929710966535,-0.8720093560278971,-0.47291419980772065,-0.17742555092118625,-0.2653857700390273,-0.056650371017013486
Togo,TGO,1991,-0.39995985124909317,-0.35128168883743277,0.46090751317924367,-0.9724004706518028,-0.5617164748842558,-0.6461487327918338,-0.2653857700390273,0.0012478812182271331
Togo,TGO,1992,-0.34791412465190824,-0.3488669950051413,-0.9239985238070563,-1.694177523900767,-0.4194223265160292,-2.197234723406675,-0.24256979885920155,-0.29857153129163255
Togo,TGO,1993,-0.2159712573319242,-0.27932698776584153,0.9367766717248056,-4.139572176219491,-0.7587482556946777,-2.0640460484608285,-0.1978384869408587,0.2846229037734306
Togo,TGO,1994,-0.13293882497694845,-0.4439584868686141,13.542603732318003,2.4778134160067764,4.919088766251612,2.37223153251249,-0.24377063944761343,2.54304575910515
Togo,TGO,1995,-0.4461968376007519,-0.4242116982300033,-1.4790956774660522,0.9077244687820134,1.7063881526963065,0.7572914453331971,-0.2754428099669769,-0.025228316973541425
Togo,TGO,1996,-0.5501116561815691,-0.4438034234428012,0.30104360076954007,1.1256135924728765,0.04613234242623302,-1.342413497704343,-0.33308315821074763,-0.33537515320763234
Togo,TGO,1997,-0.31360784652938495,-0.45948755271068575,1.9440938761525528,2.344701858494454,0.5497956689424596,-0.49061503565645415,-0.3312818973281298,-0.11694127893790375
Togo,TGO,1998,-0.403554234806008,-0.46600975357076396,0.10173339854951383,-1.324389636896861,-0.47856849913457616,-0.8718446587632435,-0.30696487541278905,-0.04195864523271282
Togo,TGO,1999,-0.3369157616303368,-0.4997867470989261,0.5615249427956819,-0.27240406960365926,-0.6239506668647453,-0.26193452953690316,-0.29060342239567705,-0.0722043702666534
Togo,TGO,2000,-0.4522157494187029,-0.5177312571375671,2.1272494691337274,-0.9907736145986825,-0.3531563834132676,0.25071199692684426,-0.24962473731612136,0.3857769217444287
Togo,TGO,2001,-0.6303052681816101,-0.5348107277443983,0.3915060204364706,-0.6372423650304653,-0.062408815887323506,-1.5415132422114997,-0.25773041128790164,-0.105344220497511
Togo,TGO,2002,-0.350076537632423,-0.5555862014941763,-0.7978849463919279,0.023475288840138407,-0.18393463767270182,-1.073566594263664,-0.26088261783248284,-0.3636076784089526
Togo,TGO,2003,-0.30232679700942555,-0.5140434373275298,-2.3719210397434147,0.6600726191820095,-0.7478814274283547,0.09647155243778728,-0.280396277394176,-0.5965023502326102
Togo,TGO,2004,-0.43361773520412766,-0.5290987904236812,-1.3329471871130794,-1.0337155922782248,-0.5608688367789422,0.49336707512218986,-0.275142599819874,-0.1053367159330049
Togo,TGO,2005,-0.4134662136117741,-0.5117167781538517,-0.05269688515580547,-1.845016218893459,0.3423137687815079,-0.6856991304163321,-0.25157610327229063,0.15701532918406588
Togo,TGO,2006,-0.28773100803508006,-0.48831890207340123,-0.1802443709050847,-0.23535935910788827,-0.301371026995718,0.8751430274969304,-0.23956769738817177,0.026961628182503295
Togo,TGO,2007,-0.34119772563024847,-0.38225777955718976,-1.2365727690963169,-1.0769404630582893,-0.4827615568342191,-0.09874555495455237,-0.3006604623236266,-0.15469427629676671
Togo,TGO,2008,-0.23262122013628425,-0.43705775578509104,-1.015238602735698,0.06945441364106475,0.6125539224204795,0.9485782230301695,-0.38216751726208353,-0.015737846262429182
Togo,TGO,2009,-0.0953941868958346,-0.4251399444186787,0.7201193381820128,0.3814660612482613,-0.09152412182249964,0.17985915793189636,-0.4470129090363255,-0.04996719335943162
Togo,TGO,2010,-0.15162677814743983,-0.39198344704700083,0.6865506805470842,0.4695834215505942,-0.41204990274890224,0.20438177588949835,-0.517262083458421,-0.10690280288869938
Togo,TGO,2011,-0.3196200758898531,-0.29775710369201214,-0.7238552770661207,0.4627461341599464,-0.11273897787684704,0.39039856682371704,-0.5768537976583609,-0.20913323539138817
Togo,TGO,2012,-0.30252983990901927,-0.25916015764110134,1.1296197989300805,0.5682296525319096,-0.25215363764777976,-0.13359397246021737,-0.5697988592014411,-0.05011237723476421
Togo,TGO,2013,-0.7975420064725467,-0.1433972183595019,-0.5121594174914162,0.4629649235847551,-0.35841605355137696,0.36619208882390036,-0.5615430801561093,-0.12496379969238748
Togo,TGO,2014,-0.5172750493982241,-0.18159429070588437,-0.05463561517085334,0.420940902507745,-0.5894495971249366,-0.6109194623617916,-0.5529870909636747,-0.2704645584909517
Togo,TGO,2015,-0.6209539151201381,-0.10184987880746772,2.7420359539053747,0.3845968333444095,-0.2510480020992478,0.6475742791048138,-0.543530471329931,0.3899341375070386
Togo,TGO,2016,-0.5198355997973149,-0.07507993252056326,-0.01720020962920125,0.1088993996624839,-0.43473554098180667,0.03206731968330062,-0.42885019513659567,-0.07326605120714791
Togo,TGO,2017,0.18180444903903914,-0.09183252780372998,-0.33584575089413043,0.06336013204783024,-0.7552157508831306,-0.1462386087401362,-0.31236865806064246,-0.2695236967812341
Togo,TGO,2018,0.04382641976183353,-0.13135541511240353,-0.6648566224769699,0.23656420595412378,-0.48529418053053214,-0.19186883750099323,-0.4390573401380968,-0.31326043163927897
Togo,TGO,2019,0.2707853263163587,-0.13596927923495394,0.7254606321865219,0.2639129587059819,-0.5210693407840966,-0.5442117195499669,-0.5687481236865807,-0.22560515944163098
Togo,TGO,2020,0.33451872145293743,-0.1510283839481892,-0.29989186202911444,-0.3434109473196954,-0.37624127133167734,-0.026809848469272483,-0.539477634344041,-0.19779382489364808
Togo,TGO,2021,0.33451872145293743,-0.1656427841735997,-0.5681328271871329,0.31146426833874624,-0.024722500151974965,0.02414850544246507,-0.522515761032723,-0.27183547955637843
Togo,TGO,2022,0.33451872145293743,-0.15789870779538773,1.7158156106604026,0.5664085884304455,0.5097590816347328,0.25027861077698677,-0.5794055839087362,0.11966024306923075
Togo,TGO,2023,0.33451872145293743,-0.16396364489462847,-0.44048113637637853,0.545110443778586,0.15946189673354946,-0.3868850335319079,-0.5828580006004204,-0.32776501198590136
Togo,TGO,2024,0.33451872145293743,-0.18396978192629096,-0.05579486806814636,0.6174668250683881,-0.21180785018813977,-0.24172261094308484,-0.5819573701591115,-0.31817686111515703
Tonga,TON,1990,1.7588338766877092,0.08160732238494577,-0.05055929710966535,-1.2681154584958283,0.7560256086568463,0.6413140073155601,-0.6720204142900031,0.037949829823686124
Tonga,TON,1991,0.1910688563254592,-0.038998165703441556,0.1171787284163868,0.5929229410763307,0.8811999768776222,0.010544219118203836,-0.6720204142900031,-0.06944106471186026
Tonga,TON,1992,0.20936206343480368,-0.08141577429094382,0.5067861282819119,-0.7629680187074813,0.5054348000361474,-1.223251002110243,-0.6718703092164516,-0.058672886003843065
Tonga,TON,1993,0.6606495912282305,-0.04774734541823828,0.3371779405605278,0.003990597645396456,-0.48060868247754773,0.9379525807989542,-0.6792254578204745,-0.08529873617577223
Tonga,TON,1994,-0.8021343000472503,-0.0771994745877908,-0.703461210332971,0.27117944852215137,-0.47325193842117863,-0.5475067680776279,-0.6209846892824978,-0.27020703273956675
Tonga,TON,1995,-0.8021343000472503,0.03462001953307282,-0.5786616605853416,0.5518273362085337,-0.41006241214840794,-0.5518998929206951,-0.5761032722906035,-0.26168575065332267
Tonga,TON,1996,-0.8021343000472503,0.03647891761449805,-0.4843746976803184,-0.7979610784883086,-0.19305690184075058,-0.5144190645716853,-0.5135094566196339,-0.00982654636604731
Tonga,TON,1997,-0.8021343000472503,0.1402507705023546,0.3117134969256573,-0.950525377441998,-0.3161058947588867,-0.3623944492499095,-0.44250975682978094,0.15480197772552615
Tonga,TON,1998,-0.8021343000472503,0.18039233102645635,2.5085867617607414,-0.3140236393949737,-0.15359787922936394,0.21100423155129713,-0.37181026718703103,0.49867615962347484
Tonga,TON,1999,-0.8021343000472503,0.08526112500645891,0.9648274805925584,-0.31184864212232166,0.014591544660731513,0.006726573337808336,-0.32047433203242276,0.2664164762478152
Tonga,TON,2000,-0.8021343000472503,0.142471280610767,1.3595183566641702,0.007519345298457994,0.27795966377559417,0.4872818708399245,-0.2790453317322126,0.397542970701005
Tonga,TON,2001,-0.5283670853228529,0.17201195910614145,2.8867875551576554,-0.49004917974479534,0.555372931881836,0.18059620780167165,-0.21870309216451517,0.6563545466929196
Tonga,TON,2002,-0.059519740441468974,0.21834484672218088,0.42658054612250074,0.15605096758232628,0.8477872879671402,-0.2653355279755519,-0.17141999399579713,0.13706084738565935
Tonga,TON,2003,-0.4146210803461175,0.2309529731153116,-0.3682849328424242,-0.8070061151187176,1.028648707719249,0.1852187925784027,-0.09681777244070858,0.31447785194209515
Tonga,TON,2004,-0.03506162584267519,0.1438436593895972,-1.1999908414200464,-1.2513633177660954,0.9346227087226064,0.14169621844933322,-0.2922545782047434,0.14490601579221682
Tonga,TON,2005,-0.7794891460229072,0.4080034947777315,-0.2552788279151855,-0.9630905339811644,0.6084356620163865,0.7476601815087514,-0.49279495646952876,0.3940864619888895
Tonga,TON,2006,-0.6331338837524803,0.30885852260666274,0.5526991826856045,-1.294861976134259,0.2527265745333344,-0.3812756002298606,-0.7107475232662865,0.27860814517374194
Tonga,TON,2007,-1.6693378388722961,0.45640764670895845,-0.43431198445504826,-1.3605654479084295,0.20935197093382826,0.006149088861951487,-0.6927349144401082,0.36782358491290107
Tonga,TON,2008,-1.8808724501175462,0.39600685290501086,-0.25507729827619463,0.25144935216908,0.860215417242129,-0.6223042686412789,-0.6823776643650556,0.18941230525901107
Tonga,TON,2009,-3.3426952643310335,0.3040432978127753,0.6199309000803043,-1.9468522094592102,-0.4147475637333214,-1.0528556051840365,-0.6613629540678476,0.5835079355283027
Tonga,TON,2010,-2.5758227907758435,0.12977394364760186,-0.944248562380809,-0.6370315639054605,-0.11678181650008626,-0.4112751020039485,-0.6490543380366257,0.1744669256296338
Tonga,TON,2011,-2.133451374287102,-0.019281358554143816,-1.3647684329058987,0.6564482533491527,0.2699195269577508,-0.9897479511547691,-0.6350945661963375,-0.18028138013077846
Tonga,TON,2012,-1.4623377401523687,-0.07129255698404183,-0.12784150684206624,-0.6160509129504541,-0.4542286195627797,0.05784983472303868,-0.6284899429600722,0.12205512306812881
Tonga,TON,2013,-0.801750229323339,-0.07103276112765221,0.3954711170491012,-0.7317383955944394,-0.5067966642674002,-0.6470531391187536,-0.6116781747223057,0.013199857532966834
Tonga,TON,2014,-0.4053940213639381,-0.05182387051282751,0.5322411742292501,-0.38047390762354794,-0.261525671239121,-0.22427706966350822,-0.5870609426598621,0.027631649877345343
Tonga,TON,2015,-0.9810376699231314,0.0030785504405110935,1.933656226693984,-0.5733735413634874,-0.7654080239268914,0.31076415504266214,-0.5708495947163015,0.35223607497436904
Tonga,TON,2016,-0.650307487183151,0.07520137561201118,0.6878546327710832,0.6333479445539293,-0.2520160493389925,0.132871129040124,-0.5669468628039629,0.013417681129926362
Tonga,TON,2017,-0.5703054421735452,0.08887018376739135,-0.1124277540209313,-0.11387490848143039,0.4460809851465211,-0.18313983692352395,-0.5535875112578806,0.05285377390950742
Tonga,TON,2018,-0.5269018327683835,0.11639198637869488,0.1456972716909074,-0.702278406458615,0.09483989139792716,-0.2919579149232291,-0.5369258480936656,0.10817508938251905
Tonga,TON,2019,-0.5919953605006427,0.09289745607428797,0.2841820190295369,-0.8811516171557721,-0.4497048533391423,-0.9133030808190034,-0.549384569198439,-0.008880864370906436
Tonga,TON,2020,-0.4504759472426367,0.08453824642986887,0.011708743517098214,-0.4210320843125422,-0.6658632897547407,0.4056487435071338,-0.4672770939657761,0.034323340184109
Tonga,TON,2021,-0.8106283540776658,0.05385679957697909,-0.2634590953924562,-1.0240913446138824,0.1808371150823107,0.3057720669985641,-0.5574902431702192,0.22203376311238956
Tonga,TON,2022,-0.6761060855473983,0.0445117654234498,0.3428050898054501,-1.2866965377878696,0.9343343510023958,-0.6118850064660275,-0.5738516961873312,0.2998167324161721
Tonga,TON,2023,-0.6115500303818215,0.037758602313783425,0.1668394530419569,-0.20455524441300732,0.28128049788305626,-0.7305824776454484,-0.6263884719303513,-0.007855303077453444
Tonga,TON,2024,-0.46162836507485283,0.019362854043254572,0.005365331562903879,-0.44075539491592863,-0.16668038306621558,-0.29087048585918673,-0.5794055839087362,-0.015692072462456946
Trinidad and Tobago,TTO,1990,1.4877303290189254,-0.08741270568675703,-0.05055929710966535,-0.48637803485748704,0.9474881188573564,-0.4185326136876665,1.9055839087361155,0.18503073099256354
Trinidad and Tobago,TTO,1991,0.35790113187553624,-0.0037222062655325756,-0.05055929710966535,-0.13365604102958079,-0.08170107782639824,-0.6910736886089581,1.9055839087361155,0.12204036401137223
Trinidad and Tobago,TTO,1992,0.6842315006718327,-0.011852949608189852,-0.05055929710966535,1.4021097298105882,0.2938213747573526,-1.3832142761324324,2.0767036925848097,-0.1659203837129351
Trinidad and Tobago,TTO,1993,0.6680036797524703,-0.04102287918376761,3.6151393475436153,-0.9656126935384194,0.9150929488102653,0.24231527684584092,2.0992194536175326,1.0183361659170622
Trinidad and Tobago,TTO,1994,0.9127172197552631,-0.1699522329823701,1.466709708381061,-0.03360343173077553,0.6294965373820354,0.34544191369755467,1.893575502851997,0.46945109161511284
Trinidad and Tobago,TTO,1995,1.0499567610271487,-0.13641255736067293,0.004046649411074123,0.019799117788852322,0.11605719048496552,-0.5862135190692346,1.7104473131191835,0.005452742538473483
Trinidad and Tobago,TTO,1996,0.5943024820158154,-0.12035945127058556,0.08567654227365322,0.7512223228545903,-0.13520462408836564,0.8247703371934504,1.5648453917742422,0.12488619871599839
Trinidad and Tobago,TTO,1997,-0.9525779817748288,-0.016625007878512985,0.5304961194312666,0.8366675243223519,-0.10389577484770987,-0.04558273751146917,1.3787151005703993,0.26557402245949296
Trinidad and Tobago,TTO,1998,-0.9468446924337597,0.03250396248507038,0.05497199871277067,0.9690470344193994,0.17690735470003283,0.18632462763395516,1.2586310417292108,0.24101952046791433
Trinidad and Tobago,TTO,1999,0.4242719536559518,0.0,-0.04922827663679371,0.9471022650631432,-0.13031948172913507,-0.5660812141405169,1.0950165115580905,-0.14599809709535003
Trinidad and Tobago,TTO,2000,1.1934696411161345,-0.04301931752470794,-0.04854517149453077,0.6999350544648921,-0.11388410066224812,-0.01918163608358091,0.941909336535575,-0.16801794068721712
Trinidad and Tobago,TTO,2001,0.951177708355481,0.29125150676733563,-0.2000924531466357,0.09869555753671419,0.16615713594745615,0.13684968154209043,0.7587811468027621,0.014724821717259069
Trinidad and Tobago,TTO,2002,0.4735332707490194,0.2855912344941874,-0.015451405918147813,0.9277180096847316,-0.02983308556003636,-0.7701236863842722,0.6852296607625339,-0.17797693757706945
Trinidad and Tobago,TTO,2003,1.4449008315361032,0.11721905737019785,0.05454141869926446,2.358696855719298,-0.07774279786550493,-0.8480522363254829,0.6987391173821677,-0.5512704468563941
Trinidad and Tobago,TTO,2004,2.036751682206318,0.08752674098773064,-0.04181241562368069,0.9306532873322767,-0.09040134064734337,0.5316522507104212,0.3760132092464726,-0.30063236069499916
Trinidad and Tobago,TTO,2005,3.369289191037433,-0.008798474093455414,-0.04928644814404519,0.5475983094576247,0.35526190378781164,1.0813370491431091,0.3189732812969079,-0.31705716978639
Trinidad and Tobago,TTO,2006,5.1609922425107575,-0.025981753735087484,-0.02197892161846141,2.087444983862093,0.5609307201301506,0.5709744297528818,0.0667967577304112,-0.8710994277304224
Trinidad and Tobago,TTO,2007,3.318341744881676,-0.03982324949987247,-0.015256077458026688,0.2275497725323148,0.4994146042197313,-0.025174468118211255,-0.04277994596217355,-0.45278723631893475
Trinidad and Tobago,TTO,2008,4.136362954334034,-0.15502154288119702,-0.13686485964205555,-0.07220201337197768,1.0840173025017745,0.3291572747794876,-0.17937556289402587,-0.44603547558543893
Trinidad and Tobago,TTO,2009,1.4209852726620387,0.04425173817933525,0.0292458912860466,-1.7846092151541475,0.3698987034975053,0.3889922056744637,-0.0818072650855599,0.1591721737205571
Trinidad and Tobago,TTO,2010,2.6952750920004886,-0.0658470500686159,0.06263290844662443,-0.08727512695984625,0.8746628337072907,-0.8020154553840645,-0.268988291804263,-0.4010792885919529
Trinidad and Tobago,TTO,2011,2.6560932635051846,-0.12447079776750318,0.024434286192015882,-0.8831632670052166,0.10544595926771623,-0.8187234826937996,-0.3602521765235666,-0.4209280297178722
Trinidad and Tobago,TTO,2012,2.1284951413707063,-0.14930045365935984,-0.005741825441720493,0.6579990280105036,0.6924787248810536,0.6515266905398379,-0.31627138997298115,-0.27340034614776854
Trinidad and Tobago,TTO,2013,2.778941174122813,-0.1566589648774771,-0.021892979505508166,-0.07738186377340935,0.11854658538372846,-0.6413525724118787,-0.4716301410987692,-0.5535067689799013
Trinidad and Tobago,TTO,2014,2.110297887427819,-0.13391542593396757,-0.12420595823914628,-0.010791498462831983,0.18704317655745195,-0.3488431865399463,-0.5025517862503753,-0.4317113670529958
Trinidad and Tobago,TTO,2015,1.3156896114164969,-0.028701094234405696,-0.12043677571646422,-0.9077882620455574,0.0424171898241131,-0.7935337933006761,-0.5099069348543982,-0.25972325109325295
Trinidad and Tobago,TTO,2016,-0.03730072643502657,0.05938468840125736,0.5962102307913231,-2.4764466757036825,-0.18240119141354177,-0.6720015639877344,-0.39297508255779057,0.27456635476746033
Trinidad and Tobago,TTO,2017,1.0993658894011455,0.07733837765837685,0.1840002840602854,-1.8904364208534716,-0.350643463134581,-0.9030733836260506,-0.3656559591714201,-0.08099480182300901
Trinidad and Tobago,TTO,2018,1.2098463645615307,0.10856385812144043,-0.06887078529802543,-1.0264079629111351,-0.4724579622416208,-0.790552494914507,-0.3494446112278596,-0.25088577103013826
Trinidad and Tobago,TTO,2019,0.9056096407023037,0.16269225506696225,-0.08488093750593091,-0.7154993328302157,-0.4750059257540226,-0.6651387105741763,-0.3455418793155209,-0.22828364370782522
Trinidad and Tobago,TTO,2020,-0.433565406205577,0.27062629093335266,-0.05741759413603785,-2.7519895813059656,-0.5317645228450385,-0.3539887124299372,-0.24302011407985588,0.3242843335648609
Trinidad and Tobago,TTO,2021,1.709883569584341,0.14834841833264162,-0.03488828114360841,-0.9760906555804058,-0.3253646316710809,-0.7535619006231415,-0.20699489642749935,-0.2723220293623748
Trinidad and Tobago,TTO,2022,1.6254081016877442,0.06955122603927029,-0.05977286968281667,-0.6289212918874667,0.20739257511098005,-0.7396791298843659,-0.2164515160612429,-0.24792093203977889
Trinidad and Tobago,TTO,2023,1.795644605228451,0.2506499675926968,-0.05865916765598879,-0.4957741210387421,0.03790632208174118,-0.7742768965286968,-0.3698589012308616,-0.3163013085615454
Trinidad and Tobago,TTO,2024,0.6798697380962637,0.31202449827176537,-0.05085092050845031,-0.2663634379201592,-0.5419558424050008,-0.8011479042989168,-0.37631341939357554,-0.26739284121575463
Tunisia,TUN,1990,-0.0970787271000763,0.4564316345198847,-0.05055929710966535,0.9306022297122432,0.3087247855436684,-0.31557748373732203,1.517562293605524,0.15472263288713184
Tunisia,TUN,1991,-0.07481264334583118,0.4280015339072785,0.6950728112748791,0.04061873525023081,0.5417233753970996,-0.45098029984524923,1.517562293605524,0.3950819460621618
Tunisia,TUN,1992,-0.5110957901818618,0.43333380566344887,-0.665520272266506,0.898901480796768,0.20682136038024643,-0.2657134229903329,1.4669768838186732,0.11258466628437477
Tunisia,TUN,1993,-0.7502658228606159,0.43164212930652035,1.8580890374960919,-0.3366287096450201,-0.05458317251261597,-0.42655629967801056,1.5195136595616936,0.6307142695256165
Tunisia,TUN,1994,-0.05550512033020186,0.4292212815514198,0.05956631079434935,-0.1191349023428478,0.05259620573246125,-0.28478869141394336,1.5282197538276796,0.2799221261664309
Tunisia,TUN,1995,-0.16162199654710116,0.4415556751130881,-0.9709760003979352,-0.3010227643998815,0.2661593239270326,-0.3946841400711092,1.5795556889822877,0.19775075835719239
Tunisia,TUN,1996,0.06741348981356564,0.328858186189139,0.36322108610932496,0.7537751600215336,-0.0898931525575691,0.10261255560210401,1.5364755328730113,0.20286936548298726
Tunisia,TUN,1997,0.01440000505127008,0.2594663425759134,1.8753731919576135,0.3786351445113423,-0.1002281952487223,0.3340756343633301,1.5183128189732813,0.49913780615125763
Tunisia,TUN,1998,-0.013949067237304097,0.27322339155942044,0.36929207442755513,0.23405155292359828,-0.17466977109192405,-0.47745791755478156,1.4482137496247374,0.17407129161124474
Tunisia,TUN,1999,0.13085944047243678,0.2731574262269143,0.5396349817716777,0.5136506769597678,-0.2361895296927474,0.5077196035735528,1.408736115280697,0.2640783542468414
Tunisia,TUN,2000,-0.10392319859689911,0.4220745628177326,2.149586436780903,0.21781742582665137,-0.1977174181146405,0.16050150598490226,1.3682077454217951,0.5412512293801344
Tunisia,TUN,2001,-0.10186628158768254,0.33840028380588266,0.6516688935954923,0.01679791364709827,-0.33609199783209365,0.4706933571947067,1.2871510057039928,0.356698558629795
Tunisia,TUN,2002,-0.02958144500812653,0.3615517215434435,-0.21753858151759126,-0.5274334572238628,-0.23182079518363768,-0.6486375029820546,1.3096667667367161,0.1614623586898379
Tunisia,TUN,2003,0.039995041457510976,0.33793633743487417,-1.3768868341221814,0.21615123861102264,-0.2330138119943656,-0.5289561645185104,1.3036625637946562,-0.10762916992486578
Tunisia,TUN,2004,0.19371371022013587,0.33874850268750334,-0.5226594533823886,0.5535060887526646,-0.10301924440222691,-0.27839167076395266,1.2616331432002406,-0.007272645947660671
Tunisia,TUN,2005,0.25416456413244265,0.3484280585537356,0.5397953590251608,-0.05134360769326779,-0.3312221774818204,-0.05729348311820612,1.0577904533173221,0.1935253219795739
Tunisia,TUN,2006,0.14613439835833147,0.3168300873187997,0.31576585758356535,0.3353284092281884,-0.16055101724183396,-0.013441471107803651,1.0034524166916843,0.1400847236654131
Tunisia,TUN,2007,0.07762807652129472,0.3041555380844979,-0.5785168923947167,0.6577294593985635,-0.1970620826614129,0.10446497517204582,0.9816871810267188,-0.017232688098960756
Tunisia,TUN,2008,-0.10257692618282743,0.31486264402287895,-0.5940121087570926,0.11393260297742862,-0.002274845907747171,0.10129530088229183,0.9935454818372863,0.11458011361185945
Tunisia,TUN,2009,0.01796255192018988,0.3465207408227365,1.3059789887926734,-0.14882713950291154,-0.0984080630777836,0.06625660814974345,1.1205343740618432,0.41024960519027637
Tunisia,TUN,2010,-0.19398051216848725,0.39544966565836676,0.7995068554230699,-0.16473737605384262,-0.14447621465878338,-0.014384381234142575,1.0843590513359351,0.3541675521066822
Tunisia,TUN,2011,-0.5005313355316049,0.5180437539213197,-0.28400066967600973,-1.2686747970098946,-0.15846261708257994,-0.1738369134979619,1.8776643650555391,0.5069448644659723
Tunisia,TUN,2012,-0.6031014024860539,0.5162600113942307,1.4982949301336637,0.10928952289207519,0.03543868143950181,-0.2849769495929923,1.771990393275293,0.5758312780348108
Tunisia,TUN,2013,-0.6155870061439612,0.5185844142299971,0.5180296310159103,-0.283804870862326,0.13500184269516538,-0.4187191119387103,1.5174121885319722,0.45281440593437455
Tunisia,TUN,2014,-0.7281658992918852,0.5584312107044745,0.5853280762064009,-0.1385137312885516,0.03737607095540578,-0.2936939408625793,1.2659861903332335,0.4314438911310532
Tunisia,TUN,2015,-0.6902349919801983,0.5655009788578054,2.1492617563446634,-0.6054745376669529,0.010777536543321678,-0.47959631509046263,1.4010807565295709,0.7061048918331502
Tunisia,TUN,2016,-0.6850364173166157,0.6109891313479883,1.2939678543208681,-0.5726061745702107,-0.10342641766971826,-0.2868476185006935,1.4608225758030622,0.6047354453126191
Tunisia,TUN,2017,-0.8685754093119025,0.6650207859734127,1.7370628753383708,-0.3228155365515979,0.13395772816471269,0.001014770549461002,1.4267487241068748,0.7364565471423331
Tunisia,TUN,2018,-0.9649803969504174,0.6384812428572509,1.2795217539100838,-0.2448553445808053,0.4164729937063452,-0.3547910205899797,1.4461122785950167,0.6622332842871342
Tunisia,TUN,2019,-0.625761245890037,0.5472618487561091,1.4866277621608175,-0.47737425482128537,0.3334296357442156,-0.07357437574295429,1.700390273191234,0.7281815206886778
Tunisia,TUN,2020,-0.3741070200054702,0.7275926043156821,-0.6391626432968571,-2.792982820453738,0.1799381167354483,-0.12018171789413253,1.7751425998198742,0.7272026857341747
Tunisia,TUN,2021,-0.35831987914076474,0.6631629398795634,-0.14057129150906963,0.22355156022375133,0.19014319556357462,-0.23967118025547077,1.6221855298709102,0.3185739303523602
Tunisia,TUN,2022,-0.7227727921843025,0.6920291054952026,1.5146309906023612,-0.2128845612797248,0.5576596425521255,-0.20661823367504636,1.4222455719003306,0.702229204334143
Tunisia,TUN,2023,0.08411096709048958,0.6214129849407242,-0.038858270463317704,-0.7779191346223318,0.7021912898109532,-0.2198422260669387,1.393125187631342,0.4502624476263722
Tunisia,TUN,2024,0.18242397548736772,0.5757429376051186,-0.044713618143178376,-0.4632163139682107,0.40220050993832535,-0.11255924543237922,1.428399879915941,0.3614089717663815
Turkiye,TUR,1990,0.1534657957141238,-0.015897300810731093,-0.05055929710966535,1.220201765775568,7.90730830546614,3.016926488341928,0.35800060042029436,1.4060158906883249
Turkiye,TUR,1991,0.38919706654187575,-0.015897300810731093,8.427826672841476,-0.6599380931406107,8.709406805389927,5.20668210128948,0.35800060042029436,3.279537129389883
Turkiye,TUR,1992,0.29310858975310816,-0.015897300810731093,9.108620458849588,0.2894649364636968,9.288578927667505,4.8553568770471065,0.4028820174121886,3.293852493421265
Turkiye,TUR,1993,-0.07180739741863802,-0.015897300810731093,8.415573847228258,0.864918588189222,8.725700515235715,3.8343591622106694,0.47087961573101167,2.9482149498320487
Turkiye,TUR,1994,0.6175564373431865,-0.015897300810731093,23.93826395672838,-1.8454227857939325,14.2553350025876,9.744909143811391,0.4130891624136896,7.080509473311582
Turkiye,TUR,1995,0.24566462391049335,-0.015897300810731093,7.708169949625053,0.9148602567598048,11.979421324690362,6.766174433073839,0.27304112879015313,3.6500549506711972
Turkiye,TUR,1996,0.24848113593734106,-0.015897300810731093,10.924007192032635,0.7563530797066165,10.749542446397468,7.6721193625227855,0.12068447913539469,4.063660280519085
Turkiye,TUR,1997,0.24519924758076123,-0.015897300810731093,12.195970541628062,0.8003682833577613,11.492630453509664,6.297172207421877,0.15250675472830982,4.1538307322198085
Turkiye,TUR,1998,0.4582665971258542,-0.015897300810731093,10.091540612945096,-0.39850712961005064,11.34732374225303,5.675165539493951,0.15956169318522964,3.885419259935824
Turkiye,TUR,1999,0.3242191403722007,-0.015897300810731093,8.526869632736524,-1.490030629274611,8.552359548800988,6.604891282347594,0.27949564695286705,3.587647185561379
Turkiye,TUR,2000,-0.07735774273412724,-0.015897300810731093,6.923985091567004,0.7183995607237498,7.145663200548802,2.1058248423250374,0.10057039927949565,2.2313006307028553
Turkiye,TUR,2001,0.5985067632414786,-0.015897300810731093,13.535925347872952,-2.0195047448483443,7.07284408276083,5.752305261472056,0.38366856799759835,4.0214062772713675
Turkiye,TUR,2002,0.3366226552561523,-0.015897300810731093,3.200818810102165,0.5974452188722418,5.739089459102492,1.1689001168768416,0.6804262984088864,1.4056099299358942
Turkiye,TUR,2003,0.07281893727681618,-0.015897300810731093,-0.11008626319507737,0.4574301332591675,2.4369987298042277,0.18237888958563434,0.7080456319423597,0.3815986595414899
Turkiye,TUR,2004,-0.05895153904516097,-0.015897300810731093,-0.7608632865167443,1.3652424907446743,0.5989045964118708,0.648538508920287,0.7524767337135995,-0.011875957140175928
Turkiye,TUR,2005,-0.14120994952536498,-0.015897300810731093,-0.8639750467400912,1.1861956530445759,0.5396661164438629,1.7617536058397505,0.7221555088561993,0.15695959715282568
Turkiye,TUR,2006,-0.31919963435754545,-0.015897300810731093,0.8431812652780135,0.736514634217244,0.7401069287158221,0.7499576391241354,0.6607625337736417,0.365828009460169
Turkiye,TUR,2007,-0.2974336927500945,-0.015897300810731093,-1.2938588229609096,0.30542639769133195,0.6212259176897832,0.24024376052035543,0.6694686280396278,0.03045563964812689
Turkiye,TUR,2008,-0.2594676554109452,-0.015897300810731093,-0.06586214518374597,-0.6159723276858006,0.8598112884906114,0.9443048825764758,0.7715400780546383,0.4813338266034277
Turkiye,TUR,2009,0.15413400294766216,0.06290989248174708,2.6502068325005688,-1.8926242783830605,0.2671242032918683,0.05199923374744082,1.2310117081957372,0.8573917350932515
Turkiye,TUR,2010,-0.3358300859203634,0.21868025759269627,-0.4806137830972111,1.0609290154388333,0.5944073093997413,0.4838691935606802,0.9087361152806965,0.1428543090311619
Turkiye,TUR,2011,-0.72020477271942,0.3199042150926944,1.5697607916583443,1.597251076631641,0.2983480623311065,0.23865635007277172,0.5950165115580907,0.3063770895429695
Turkiye,TUR,2012,-0.21455148466900595,0.38061112085029447,0.9719542351574987,0.23930187707766482,0.6403626791233752,-0.11210815759565637,0.5081056739717804,0.3377393084426619
Turkiye,TUR,2013,-0.26470196223029274,0.5621112963884736,0.7984269882665131,1.0490615561057717,0.44269255329074664,0.675029091922745,0.5836085259681777,0.3253584088515967
Turkiye,TUR,2014,-0.05226222622320274,0.6323424528027962,2.0658846262648454,0.19379754303940852,0.635133249217281,-0.056274101031131556,0.6118282797958571,0.5353398843190631
Turkiye,TUR,2015,0.06389205812749187,0.7002862292675667,3.3853433409835,0.4588559147007532,0.4678187695594854,0.3347973064830159,0.672320624437106,0.7196883282717756
Turkiye,TUR,2016,0.054261012079070206,0.7626380741418404,1.5106240645980582,-0.08717824265513656,0.48255844801557113,0.4179913757971441,0.7616331432002401,0.5669089051898457
Turkiye,TUR,2017,-0.13385446235205506,0.779919557749417,2.8915046200042314,0.9033298491772581,0.9587796238254951,0.32286002953367055,0.76463524467127,0.7068890984226973
Turkiye,TUR,2018,0.13988124876702532,0.7069209496152467,4.526842495041362,-0.05539005917472907,1.6921065711793344,0.4716312688984311,0.7701891323926748,1.154742746790679
Turkiye,TUR,2019,0.6078437635169516,0.6542872656895891,2.426903733789979,-0.5320389458038778,1.5287606386170882,1.1056412503085462,1.1865806064244973,0.9751955253023752
Turkiye,TUR,2020,-0.15300680526879415,0.8916396141555887,3.2780009179929004,-0.4217195322870369,1.1191578514536573,1.6352482261344965,1.0992194536175324,1.2282846287014295
Turkiye,TUR,2021,0.27723501537703443,0.7996192546886804,3.6676309121865107,1.780104863296118,2.1534654316197925,2.975811715480408,0.9222455719003302,1.2087761438860813
Turkiye,TUR,2022,-0.2487358346203203,0.420864695265271,12.256673810440436,0.3786971007982292,9.604167671546373,3.549547785049594,0.6964875412788952,3.7711114624860937
Turkiye,TUR,2023,-0.08021121184028052,0.3210467743314693,6.096441395229067,0.2915525192600519,6.996406752822041,4.253535709681098,0.5348243770639448,2.5701305288154073
Turkiye,TUR,2024,0.2741018023712233,0.19542603759844931,5.353791348875979,-0.0863074583476113,7.653249606962434,1.8294669437086497,0.4465625938156711,2.184386026705367
Uganda,UGA,1990,-0.3870379284167935,-0.4794531258305467,-0.05055929710966535,0.6059443295012462,0.8022312003138085,3.54232815512691,-0.3567997598318824,0.4626915387977388
Uganda,UGA,1991,-0.26272892543412624,-0.4794531258305467,10.01715649108872,0.4035292317117597,0.8022312003138085,2.9131301039408704,-0.3567997598318824,1.8222092290576195
Uganda,UGA,1992,-0.06191842267287931,-0.4794531258305467,7.656480933459896,-0.06634550114891108,0.8022312003138085,4.000680088057936,-0.34103872710897637,1.6810234703877012
Uganda,UGA,1993,-0.28780798202819813,-0.4794531258305467,0.7129199996942998,1.0134284656322803,0.8022312003138085,3.320654841132948,-0.3509456619633744,0.4685409671061504
Uganda,UGA,1994,-0.17062528420091227,-0.4794531258305467,-2.602891831058038,0.5904329546662898,0.8022312003138085,1.7498045877226687,-0.3552987090963675,-0.1864879354876932
Uganda,UGA,1995,-0.23550203167315117,-0.4794531258305467,-0.20265495526313426,1.7167760730048622,0.30940990827455866,0.14627296709181367,-0.3950765535875113,-0.3003965429495044
Uganda,UGA,1996,-0.0635720168114774,-0.4794531258305467,1.0763047640467163,1.177513593371971,0.40008455829736533,0.5425336216219898,-0.398679075352747,0.0038355951746120325
Uganda,UGA,1997,-0.25348819369833997,-0.4794531258305467,0.44885518541906166,0.30362603044960174,0.5382330151811584,0.5477402692884551,-0.39267487241068755,0.08750894784231131
Uganda,UGA,1998,-0.3136666851400207,-0.4794531258305467,2.0044283186384533,0.2607829106829923,-0.6067038852638245,0.8058961801063148,-0.36040228159711807,0.20237842578718673
Uganda,UGA,1999,-0.23516941189559373,-0.4794531258305467,2.3965983203089074,0.953511193446146,0.2001814473178859,0.11793733887744783,-0.35499849894926455,0.16598910002483966
Uganda,UGA,2000,-0.3470568134367275,-0.4794531258305467,1.793850785152812,-0.1271659880214372,-0.1369789238083167,0.4541812992919089,-0.34434103872710903,0.2516402567909876
Uganda,UGA,2001,-0.27771038537369286,-0.4794531258305467,0.9060462464633833,0.32203154716504123,-0.35280029126698553,-0.158576375891739,-0.34569198438907245,-0.0678280989580441
Uganda,UGA,2002,0.06478675486499214,-0.4794531258305467,0.28704552323838234,1.1028373087371335,-0.6570674157946792,0.922540830331799,-0.3489942960072051,-0.20622179252348222
Uganda,UGA,2003,0.29686700701773483,-0.4794531258305467,1.2573892861285638,0.6057503986532095,0.6105253708522075,0.43882690065077007,-0.33398378865205647,0.08438389106828484
Uganda,UGA,2004,0.36613902471277976,-0.4794531258305467,-1.1559340228081965,0.6792267406256288,-0.09043836637322036,-0.23303790767986166,-0.46922845992194545,-0.4962082354217399
Uganda,UGA,2005,0.4403502524274375,-0.4794531258305467,-0.2831896938775386,0.5747970100866148,0.577768319532536,0.3838127621985759,-0.5891624136895828,-0.20076734488294407
Uganda,UGA,2006,-0.025274604472854872,-0.4794531258305467,0.3540027178072354,1.554301966603056,0.4169089591849135,0.3646002832309347,-0.5345241669168419,-0.20107038495064372
Uganda,UGA,2007,-0.21551373207393304,-0.4794531258305467,-0.8846027402383665,1.0323783174439722,0.25122756275067,0.7346831358768329,-0.47403182227559304,-0.23843451072672037
Uganda,UGA,2008,-0.6783929102854634,-0.4794531258305467,-0.07557913127304906,1.0975717217341934,1.086916459479741,1.383885133148706,-0.41879315520864613,0.15397105269535358
Uganda,UGA,2009,-0.1465822115763091,-0.4794531258305467,2.499224372150532,0.6779691889616972,1.2235137527765043,0.4064070870217553,-0.33398378865205647,0.3977601885829714
Uganda,UGA,2010,-0.3769213464575078,-0.4794531258305467,0.97424801291751,0.42190326170827674,-0.05435750364077792,1.9169829637143156,-0.3305313719603723,0.28312957999276567
Uganda,UGA,2011,-0.5565286116533498,-0.4794531258305467,2.19268932170868,1.2478144257862938,1.724882792735473,0.08417267718239532,-0.3455418793155209,0.35506628176393384
Uganda,UGA,2012,-0.3803818955770815,-0.4684335739173196,-0.15285020170774008,0.025858617374761625,1.175707775505738,0.2607824186151536,-0.3413389372560793,0.11834153706315322
Uganda,UGA,2013,-0.3796489090092322,-0.467170907322929,0.414520925840875,-0.029263770187272727,0.07690470088244206,-0.150181880754459,-0.5876613629540679,-0.043525120730233416
Uganda,UGA,2014,-0.45185605525260714,-0.4525715694508582,0.019988913944817728,0.30501326792845196,-0.18168890923686254,0.194979701741577,-0.5205643950765536,-0.11328763867910349
Uganda,UGA,2015,-0.26883190023211256,-0.4339260097134687,3.4371763011998366,0.3229552929565806,0.17365313350269718,-0.015768081594397833,-0.4719303512458722,0.3764402284891895
Uganda,UGA,2016,0.016128340011770062,-0.4366962235237255,0.7329397086570995,0.23344385623580263,0.19014670630605354,-0.05975284424149565,-0.42374662263584517,-0.03524021024078371
Uganda,UGA,2017,-0.23454540003835164,-0.44010550666256804,0.7401238544936063,-0.12947644882081008,0.11994586633461506,0.05497938483554149,-0.35980186130291214,0.06845194093677777
Uganda,UGA,2018,-0.41333512089232294,-0.43671474641020175,0.403320984199381,0.5684957525393052,-0.24666513137431872,-0.2727641116016269,-0.3866706694686281,-0.15637918661462527
Uganda,UGA,2019,-0.5510188487670284,-0.4331403099369142,-0.1379482786790749,0.5981572002834862,-0.21110574090935724,0.2879590970891609,-0.4154908435905134,-0.13669491822045093
Uganda,UGA,2020,-0.8136215675777413,-0.4241880056010463,0.0036816541160413978,-0.16909928195298654,-0.14810270368284228,0.3801062557730918,-0.30111077754428106,0.07044389608452732
Uganda,UGA,2021,-0.7302098006189786,-0.41197611489767755,-0.5497958750867125,-0.040335665437475444,-0.3048206924674288,-0.5072591753845487,-0.3616031221855299,-0.19498707342363478
Uganda,UGA,2022,-0.7332357344434933,-0.40546228700145115,0.3547911881555158,0.19098750863947217,0.40067005136862777,-0.32627234356390844,-0.4413089162413691,0.01780941693163373
Uganda,UGA,2023,-0.5496104195067414,-0.4114246616568441,0.0887236563647997,0.35576102850328595,0.13990836355034042,-0.0943138027865685,-0.4609726808766137,-0.0777471049144901
Uganda,UGA,2024,-0.5919184605171194,-0.4224685238553991,0.06761678028403383,0.5138588639336247,-0.14668112010252699,-0.3868347802312139,-0.4630741519063345,-0.18191174274684943
Ukraine,UKR,1990,0.0953009192339737,1.0920132686402118,-0.05055929710966535,-2.2143917052661872,668.6468729417232,131.83338443299172,-0.5891624136895828,114.72166281694116
Ukraine,UKR,1991,0.0953009192339737,1.0920132686402118,-0.05055929710966535,-2.7324534730774324,668.6468729417232,131.83338443299172,-0.5891624136895828,114.7956716409142
Ukraine,UKR,1992,0.0953009192339737,1.0920132686402118,-0.05055929710966535,-2.9964603512687127,668.6468729417232,131.83338443299172,-0.5891624136895828,114.83338690922723
Ukraine,UKR,1993,0.0953009192339737,1.0920132686402118,-0.05055929710966535,-3.9424849957027193,668.6468729417232,131.83338443299172,-0.5741519063344342,114.97067764519711
Ukraine,UKR,1994,0.0953009192339737,1.0920132686402118,88.03866088255664,-5.856534858858959,125.34978934646612,40.78228981758523,-0.5741519063344342,37.20711933550554
Ukraine,UKR,1995,0.07352977343246199,1.0920132686402118,49.43839845895936,-3.5024735332036347,52.63530269706539,7.596159064512166,-0.030771540078054653,16.308577958410034
Ukraine,UKR,1996,0.0404410086794702,1.0920132686402118,3.372585167871948,-3.0184609239596023,10.737294821808598,1.7002680498015952,0.2739417592314621,2.8791604260905643
Ukraine,UKR,1997,0.03985148093440068,1.0920132686402118,0.19839133432907324,-1.4784208038078388,1.636717920141396,1.6115461484956959,0.46607625337736414,0.9204734639795971
Ukraine,UKR,1998,-0.013578102579171466,1.0920132686402118,4.4174226571554245,-1.236414500085039,0.8786149976135006,0.8871682007352875,0.8248273791654159,1.3357198722820074
Ukraine,UKR,1999,1.0174141545403548,1.0920132686402118,9.658502986260233,-0.8624047562560924,2.5898272191382707,2.100076748187212,0.9064845391774243,2.313127909017013
Ukraine,UKR,2000,0.8808999553300964,1.0920132686402118,4.436129744404427,0.47963020536643713,3.3699783727752846,2.3909543468264407,0.8829180426298411,1.5444948020828104
Ukraine,UKR,2001,0.7848945923890205,1.0920132686402118,-0.2276070275640259,1.1176468271816213,1.0739059421125137,2.4058384781708892,0.7859501651155809,0.46107991527207537
Ukraine,UKR,2002,1.2625995432808,1.0920132686402118,-0.17048185454879367,0.3563493792872295,-0.509370367583204,2.2293510771158283,0.6471029720804562,0.2385237390194956
Ukraine,UKR,2003,1.0579009632762153,1.0920132686402118,-0.03445359870012185,1.2753051037119965,0.11569992659468646,2.5253986005753766,0.485139597718403,0.2643702468343349
Ukraine,UKR,2004,1.639028922248242,1.0920132686402118,-0.086398172538673,1.776641550124305,0.6624831000107256,1.4602472816925565,0.4150405283698589,0.018245076257447573
Ukraine,UKR,2005,0.7195878342537043,1.0920132686402118,-0.5677934214018863,-0.14271532116101426,1.3015822629936917,3.112827974807507,0.20339237466226354,0.6521642780870139
Ukraine,UKR,2006,0.1899590366261055,1.0920132686402118,-0.2568779565591807,0.8473523528043315,0.6631130882919761,1.6555635339005645,0.1478534974482137,0.323479148898764
Ukraine,UKR,2007,-0.06746000345569267,1.0920132686402118,-0.05055929710966535,0.9891292577087613,1.1982867244196163,2.919275482941661,0.07895526868808164,0.6166145990466909
Ukraine,UKR,2008,-0.4707359811721115,1.0920132686402118,0.5580400816539806,-0.324822600420963,2.9492415275835047,1.3374147479607943,0.08075652957069954,0.9732892481431807
Ukraine,UKR,2009,0.1922857143330158,1.1520663054800944,6.7294653324367,-4.148513303348465,1.6283209582784741,-1.2809923850371538,0.4525667967577304,1.8053792281330419
Ukraine,UKR,2010,0.10485285770016066,0.9020783593524473,0.2116681073477698,0.08186080363399614,0.7084013564961503,0.7878689853193275,0.3414890423296307,0.39497031278730976
Ukraine,UKR,2011,-0.3779065936637944,0.74542100266144,0.0063584473587126504,0.3795893774404203,0.5080842742108856,0.1986887120475744,0.3041128790153107,0.2515689330738996
Ukraine,UKR,2012,-0.601263182493907,0.7130885660493292,-0.008887419974269633,-0.7848934441902659,-0.5360414342708695,0.06164802970537169,0.2557790453317322,0.2673919162179238
Ukraine,UKR,2013,-0.7025870107593275,0.7929980188264981,-0.047070058359891954,-0.8084067487344665,-0.650203648664103,0.4116868302459721,0.20189132392674872,0.31718517506700256
Ukraine,UKR,2014,-0.05660321897470553,0.890804250718854,6.841807612040846,-3.035818272639336,1.0898848392620715,-0.49142871066087496,0.5171119783848693,1.7058002087656867
Ukraine,UKR,2015,1.0521370664190917,0.49051799661994594,11.802602601760409,-2.9685168096892256,6.267123543307281,-0.5903805789537524,0.49759831882317634,2.911977374975313
Ukraine,UKR,2016,0.12178423829287123,0.2889721548132787,2.3502307453952214,-0.28137359182432514,1.3500829922956803,-0.07495827283881648,0.5291203842689882,0.657576765352258
Ukraine,UKR,2017,-0.014074752193723424,0.09494101925507492,0.5282507395974843,-0.2991961821868376,1.4243764566319819,-0.17043097863423998,0.5516361453017112,0.3917206166475105
Ukraine,UKR,2018,-0.2384030865424484,0.013179464883853102,0.2706950416566599,-0.050943901900283355,0.931576773065467,-0.45929207263674643,0.4464124887421194,0.21313124059344069
Ukraine,UKR,2019,0.037624449912910016,-0.08348689480079473,-0.7553362287737638,-0.11449442233471616,0.4983303509951545,0.045878499298783855,0.3555989192434706,0.019693516912093787
Ukraine,UKR,2020,0.7038675751199349,-0.1234035499373179,0.5581546067847828,-1.6440450656188748,-0.23020107156319586,1.2230471965453866,0.547883518462924,0.41652259868450275
Ukraine,UKR,2021,0.031231646886287514,-0.22297359952845558,0.12194252717763236,-0.0603473166387558,0.7070173099565691,0.0010474862723727778,0.6017712398679075,0.17684580478549922
Ukraine,UKR,2022,0.927523529804312,-0.22813824014271403,2.5712074825996436,-7.14545696433433,2.2364561435071346,0.6470970947720668,0.6017712398679075,1.7209038793048652
Ukraine,UKR,2023,-0.2681125552385533,-0.32878409773393497,1.8006023012720005,0.39926949274260043,1.1997344885223804,0.8110883107258021,0.6017712398679075,0.564750757878587
Ukraine,UKR,2024,-0.6147900687592751,-0.33918354278597806,1.3337200023650646,-0.10379901514810129,0.30260329354769516,0.10357790444921237,0.6017712398679075,0.38872542590732545
United Kingdom,GBR,1990,-0.06991191804733442,1.5283172606541666,-0.05055929710966535,-0.6469605972917774,0.5233124094816067,-0.10485066945385182,0.4090363254277996,0.43173264919130966
United Kingdom,GBR,1991,0.16308901281789795,1.475030891969002,0.04586778650222024,-1.1027477618963555,0.4382673710026335,-0.7547520652915518,0.4090363254277996,0.36472986552693737
United Kingdom,GBR,1992,0.12571045146558252,1.4608963304135054,0.018282294473089947,-0.5335559202148167,0.032570051657718736,-2.9767641189765457,0.5924647253077154,-0.0663864640536117
United Kingdom,GBR,1993,0.16245698053001323,1.4220604255938945,2.3577394185801133,-0.050476366332612786,-0.2547832145464116,-0.5322245778096342,0.6786250375262685,0.5084909250209757
United Kingdom,GBR,1994,0.2601310678284121,1.4253935704554683,-0.3334257479991779,0.2713751841919028,-0.30277957103095376,-0.31511226775238244,0.5738516961873311,0.07377448969142433
United Kingdom,GBR,1995,0.2456908754468344,1.3597166540430419,-0.47839502760269603,-0.041037346729278945,-0.23514776047858663,0.6118346933389925,0.4306514560192136,0.21200092665748713
United Kingdom,GBR,1996,0.2792094676765065,1.4206751303839404,0.11221804527680712,-0.24310708753183644,-0.21333981621633716,0.1874864064045809,0.35484839387571304,0.2608265399400049
United Kingdom,GBR,1997,0.3577024119729882,1.4573293592486252,-0.715489913892136,0.2552211260352338,-0.30530535704857903,0.9942983002800558,0.1871810267187031,0.14358426818549244
United Kingdom,GBR,1998,0.32951790483671034,1.469590582832601,-0.21299057022303533,-0.10419574168185185,-0.3590991981241618,0.6524668487300771,0.055989192434704335,0.1972335274993324
United Kingdom,GBR,1999,0.10827348743935955,1.534908194335049,0.282954853473832,-0.17060582039929467,-0.36865574943043644,-0.5541127721425521,0.03257280096067242,0.1414285228795
United Kingdom,GBR,2000,0.14594895135463884,1.7328303586052418,0.9309303114821617,0.17698608567049237,-0.44922245292719476,-0.06506286422584918,-0.04007805463824683,0.2552088944672831
United Kingdom,GBR,2001,0.15135522213923597,1.8415207140331253,0.6713879342901037,-0.2923650009194268,-0.39983694411228154,-0.2292992743756099,-0.16946862803962784,0.2650447972251286
United Kingdom,GBR,2002,0.12562139486134835,1.95352904765318,-0.6092909429172967,-0.4424077950630368,-0.40152563031748156,-0.5102949420633638,-0.11828279795857105,0.09013159065687937
United Kingdom,GBR,2003,0.14362304889827404,2.054460176711726,-1.2115794260750976,-0.1103116154737617,-0.4218656766597646,-0.15792013947817293,-0.1528069648754128,0.010996648028395065
United Kingdom,GBR,2004,0.0865026539586754,2.215059372325234,-1.5819924504754215,-0.306666201291067,-0.41990135950007856,-0.15616905268171738,-0.1847793455418793,0.013197244494075524
United Kingdom,GBR,2005,0.12470331252546422,2.3443300513369842,0.04835482179348952,-0.20444357774896035,-0.3211370979183892,0.13929808241957833,-0.14124887421194834,0.3070481783776015
United Kingdom,GBR,2006,-0.015437645997811692,2.577265012943011,-0.218073266017449,-0.3366303678944835,-0.2693300681958962,0.1574850838608108,-0.052987090963674544,0.3637753836455852
United Kingdom,GBR,2007,-0.090428688339647,2.924546347407611,-1.1886105724144862,-0.17358631784404238,-0.2790971295669809,0.28322088129823625,-0.06394476133293309,0.27716139593930517
United Kingdom,GBR,2008,-0.10887676406940547,3.3677732892368835,1.200614537624067,-0.8292744611534775,-0.11869053462484076,0.4293355189279659,-0.01155809066346442,0.8293751351033565
United Kingdom,GBR,2009,-0.004207605223119793,3.388964924518109,2.4972451277593715,-1.827659704524993,-0.3391453068398274,-0.8814101157620879,0.27889522665866107,0.9680595951546198
United Kingdom,GBR,2010,0.027816036386254295,3.2301744343300123,0.06538045090826468,-0.32107083981605644,-0.2641012307011166,-0.5839438200630073,0.322425697988592,0.43759861941322103
United Kingdom,GBR,2011,0.16811925933997549,2.9252474000547095,-0.5542338123733379,-0.6310824274371882,-0.0713813311676293,-1.200717335374909,0.355749024317022,0.27394673050758117
United Kingdom,GBR,2012,-0.018298995915566694,2.718215047073366,0.15133674268241631,-0.4821775744920096,-0.25271152414570547,-0.8201533206251084,0.36835785049534675,0.38078876655541294
United Kingdom,GBR,2013,-0.2034541301119996,2.4788666242253257,0.09725671452829122,-0.44033044583594216,-0.2925101778334702,-0.7224178995723698,0.28925247673371357,0.35631890200420463
United Kingdom,GBR,2014,-0.24629337572451646,2.170614896372787,-0.7568483987162371,-0.12314732450186591,-0.41131843651307726,-1.0625427058092933,0.08601020714500143,0.05647946610079475
United Kingdom,GBR,2015,-0.23877322976213103,2.073139659446983,1.0393811374769588,-0.34750211035693057,-0.5644069981478069,-0.7318139941179426,-0.04097868507955578,0.3373709228139569
United Kingdom,GBR,2016,-0.3062134876229868,2.1032589047512977,1.8103619733110814,-0.3329565181032616,-0.4738929019725889,-0.2372101295656962,-0.1374962473731613,0.5291702292681688
United Kingdom,GBR,2017,-0.06039237113205088,2.121647763586862,0.6437096822077216,-0.15327739900592566,-0.2548994287043275,-0.2680563091375293,-0.1987391173821675,0.3224760515297909
United Kingdom,GBR,2018,-0.11154696854106808,2.1313495831132006,-0.5503379925445182,-0.4771019094798812,-0.2923443449857324,-0.48786440749956383,-0.25217652356649667,0.16246788464826262
United Kingdom,GBR,2019,0.03978676802275417,2.1024605201207027,0.5896232566343301,-0.542010630125743,-0.37075420694644606,-0.9766997047083894,-0.3254277994596218,0.21734656110622352
United Kingdom,GBR,2020,0.006874588951259994,2.4070009662465957,-0.11278475776261271,-3.0289984586940637,-0.47656868404542335,-0.1646180623069227,-0.2030921645151606,0.6388658810513258
United Kingdom,GBR,2021,0.2757292494124332,2.204164956099575,-1.010768297359676,1.0611299600163702,-0.2604663130606144,-0.16268961465249274,-0.14425097568297815,-0.10155277915499854
United Kingdom,GBR,2022,0.1133123509390801,1.987863648486814,1.588704120183845,0.31456075981455905,0.5033243152381135,-0.2452306422609015,-0.3087661362954069,0.44257459922840353
United Kingdom,GBR,2023,-0.07317993825164794,1.8122387109832265,-0.1685003429534846,-0.7586390423790847,0.34387397027923333,-1.0695906835413638,-0.2701891323926749,0.2113787861436671
United Kingdom,GBR,2024,0.0030727686081412067,1.6913981047660607,-0.43964317370806505,-0.5807364413618731,-0.1540039104915252,-0.6885694497703616,-0.21975382767937565,0.10958448798149503
United States,USA,1990,0.2051593677389721,1.7435466424085624,-0.05055929710966535,-0.40348037366624195,0.14655283328268492,-0.6801906640576377,0.14635244671269884,0.214860423880559
United States,USA,1991,0.3744658514924977,1.8380889834308223,-0.05055929710966535,-0.8422330629582675,-0.01783201662364698,-0.7665626475260201,0.14635244671269884,0.23103638290713693
United States,USA,1992,0.27095850138000926,1.81794632403232,-0.05055929710966535,-0.04343404315033486,-0.18831622153754127,-0.887867917101763,0.2514259981987391,0.10215777546463069
United States,USA,1993,0.21601228835921296,1.8772500521796076,-0.05055929710966535,-0.21299274841590338,-0.19922289639605986,-0.8328812348185409,0.16136295406784754,0.1361328625685542
United States,USA,1994,0.16250170079975199,1.8597588313464617,-0.05055929710966535,0.06800448179421266,-0.2478765152517432,-0.8469477292272245,0.04413089162413684,0.07542857125542868
United States,USA,1995,0.18508793543757224,2.0749903432028756,-0.05055929710966535,-0.22781346166962876,-0.2198930154889404,-0.37274186929259145,-0.026268387871510035,0.20689332852460351
United States,USA,1996,0.17785776267424286,2.2365850840706885,-0.05055929710966535,0.011628005223750439,-0.20211382218832863,-0.29966065407798015,-0.056139297508255866,0.2055180350412093
United States,USA,1997,0.1660402009819369,2.4287230721990922,-0.05055929710966535,0.15999002389353992,-0.2860049522221807,-0.2895370989836952,-0.12383668567997602,0.19325068761829964
United States,USA,1998,0.0755827002021831,2.6706652886363917,-0.05055929710966535,0.16791142277923826,-0.39701998073438843,-0.17228672888521537,-0.1972380666466527,0.2300095846112926
United States,USA,1999,0.0010491474568650595,2.968321252665539,-0.05055929710966535,0.23507734507103428,-0.30715924825373575,-0.17913553642255223,-0.2410687481236866,0.27918170431828565
United States,USA,2000,-0.11569791534875769,2.7744616914515636,-0.05055929710966535,0.07868862752054988,-0.1391223456041729,-0.28169055708226143,-0.275142599819874,0.2949937399519711
United States,USA,2001,-0.09138119988878958,2.951835903931717,-0.05055929710966535,-0.6081796991074492,-0.2169598746214504,-0.2947233830148061,-0.1642149504653258,0.4178484711023868
United States,USA,2002,-0.14689014319164542,2.7698081789252833,-0.05055929710966535,-0.4442954512352575,-0.39224918098485756,-0.5500423469565304,-0.006304413089162387,0.3374055050302815
United States,USA,2003,-0.19453729649398546,3.0930311040395986,-0.05055929710966535,-0.20335427518159088,-0.2955592599568331,-0.5536000289629026,0.024617232062443668,0.37368876024974534
United States,USA,2004,-0.27433811480001924,3.252648740528486,-0.05055929710966535,0.028128215556563373,-0.2380112259787762,-0.45542546676929124,-0.04443110177123991,0.38720450687756697
United States,USA,2005,-0.3411973075448557,3.335149199448166,-0.05055929710966535,-0.05200265816925742,-0.13687641083522836,-0.2844016309018046,-0.11122785950165125,0.4493262809734185
United States,USA,2006,-0.361588553181992,3.5431657379197676,-0.05055929710966535,-0.20578893055674854,-0.16045338553397562,-0.21623169876234835,-0.18042629840888624,0.5004103631205189
United States,USA,2007,-0.259990342632278,3.7170533715803393,-0.05055929710966535,-0.377543298168706,-0.2132140012702707,-0.017391347872930785,-0.18057640348243778,0.556120851806574
United States,USA,2008,-0.21392082663835896,3.259548028778167,-0.05055929710966535,-0.7934137644882129,-0.0737859380870214,-0.2769489009832734,-0.006154308015610984,0.551347739387024
United States,USA,2009,0.04468201643137042,3.310294746344726,-0.05055929710966535,-1.3852484289741454,-0.6666843104040946,-0.47225632995716926,0.5147102972080456,0.5680102169463738
United States,USA,2010,0.014064534466261686,3.190468184211511,-0.05055929710966535,-0.225445793642065,-0.3846148029167991,-1.0785295175884695,0.5716001200840587,0.35139227797949124
United States,USA,2011,0.00813648028384253,3.0299728014035323,-0.05055929710966535,-0.47422513625805884,-0.17022078266256913,-0.3863758874518833,0.4689282497748424,0.4796905342754962
United States,USA,2012,0.050917554899153915,3.0508650167698512,-0.05055929710966535,-0.3147855443049278,-0.32393564794961527,-0.5170693537659796,0.3368357850495348,0.3942863560571285
United States,USA,2013,0.12028862338100002,3.238798349945922,-0.05055929710966535,-0.3524688510439811,-0.4093802244427882,-0.5464538143666503,0.23266286400480335,0.3853211579563718
United States,USA,2014,0.10913556536526198,3.2524012392158332,-0.05055929710966535,-0.26314878506256933,-0.3871336622588287,-0.496771625067334,0.05148604022815971,0.36049084495792455
United States,USA,2015,0.09290266606626198,3.2273582446642872,-0.05055929710966535,-0.17036562832243074,-0.5996615865738297,-0.6460750572206628,-0.0818072650855599,0.2752454287043911
United States,USA,2016,0.10841634383981519,3.2854445700812276,-0.05055929710966535,-0.41811385654702876,-0.43810881127948476,-0.5942578060912473,-0.14350045031522074,0.3383879597132604
United States,USA,2017,0.13715182218189048,3.452790722298041,-0.05055929710966535,-0.2777126180561346,-0.31534563753104117,-0.5243857200941019,-0.22065445812068446,0.35462948647382747
United States,USA,2018,0.10616926989324446,3.2148963936868165,-0.05055929710966535,-0.16575549297900374,-0.2711786489204063,-0.5809814462199638,-0.28955268688081665,0.2974586482345319
United States,USA,2019,0.11523355524818474,3.4666773227784677,-0.05055929710966535,-0.24994722829929614,-0.36027966171617526,-0.2610459800571814,-0.32362653857700396,0.37226850262422184
United States,USA,2020,0.025684981819803752,3.9522752119144826,-0.05055929710966535,-1.2763182542673936,-0.4420663434029653,0.5581745857491641,0.33473431401981385,0.8004559633740599
United States,USA,2021,-0.07840017456364014,3.9924005636184456,-0.05055929710966535,0.535076595062028,0.04759653095738409,0.18991063093119376,-0.07145001501050736,0.5216031418412089
United States,USA,2022,-0.10221631360407904,3.301832373363811,-0.05055929710966535,-0.2630620955103803,0.5147381803272447,-0.9400950688563037,-0.3264785349744822,0.409245151695009
United States,USA,2023,-0.043532554036435474,3.3877915353144332,-0.05055929710966535,-0.17282688257271692,-0.03459932054596432,-0.7431429121928145,-0.32827979585710004,0.3496528066025773
United States,USA,2024,-0.13111281319287352,3.4912452369142852,-0.05055929710966535,-0.20388642727723966,-0.1995242133066563,-0.48917272700276393,-0.27063944761332936,0.402335541764569
Uruguay,URY,1990,0.6157405656671274,-0.03148137518974555,-0.05055929710966535,-0.7529852624198685,15.288707414719516,7.659537235061002,0.4690783548483938,3.3532181470117486
Uruguay,URY,1991,0.4155272634063098,-0.18080480644895416,10.211003226414864,-0.03984545663007165,13.796905621495382,5.1276728016477575,0.4690783548483938,4.149739055883029
Uruguay,URY,1992,0.36032205019298424,-0.18494637927408053,7.012046682269415,0.9265913002289072,9.06003444596049,2.8283750600358166,0.47057940558390887,2.5570251234505226
Uruguay,URY,1993,0.16796501256939744,-0.19478423418384808,4.235420393922565,-0.23372823495408176,7.030525477896539,1.8016082449181394,0.3790153107175022,1.9025069165222261
Uruguay,URY,1994,0.058844200067982355,-0.2165040821576729,3.9086668356097194,0.783533504042146,5.70685133253914,2.2178021269595587,0.48258781146802754,1.608146617186949
Uruguay,URY,1995,0.23269104948066047,-0.1608418812322886,3.610363596531423,-1.1368836798899737,5.355220626061262,1.8286242863139763,0.629690783548484,1.738178577376024
Uruguay,URY,1996,0.22818017818445502,-0.15287795026854473,3.5659437357724006,0.4087790676074673,3.3896186535172026,1.6251002329709643,0.9163914740318223,1.2438881286045602
Uruguay,URY,1997,0.22060218976352117,-0.17231815408436899,2.5584724607716076,1.0621356844905432,2.184889096125528,1.2248748092931476,0.8428399879915941,0.7651457608347777
Uruguay,URY,1998,0.13731692604382142,0.1427078968829733,1.4930460398127647,0.1757781109113809,0.9116772250402893,1.0781866816052508,0.5309216451516062,0.5490634930768117
Uruguay,URY,1999,0.10725264094974622,0.2089764351052299,1.1213800523716426,-1.1530204294855222,0.18340631749443026,0.07490611284675046,0.6966376463524466,0.4758677646723251
Uruguay,URY,2000,0.06216473261491606,0.24127465042749505,0.8981086473718461,-1.2429994109666485,0.05692057116586255,-0.17649384663448645,1.0210147102972083,0.46023705871137965
Uruguay,URY,2001,0.07454497998419553,0.4300826688790824,1.3755087026798243,-1.664134233270515,-0.0002518142047243871,0.19253601716175459,1.385019513659562,0.7103549059231169
Uruguay,URY,2002,0.7155763484929223,0.7891304617906462,8.381772868587188,-2.519489512572247,1.3585301937838006,1.02523317612662,1.6245872110477337,2.1404524393450446
Uruguay,URY,2003,0.27924058013368763,0.20015592522956124,4.576563366846655,-0.6412365330510732,2.1228268208238306,0.2380730534314793,1.6265385770039031,1.3037362423218306
Uruguay,URY,2004,0.37156658450815727,-0.20922756606900988,0.1977462892652353,0.2825403491374914,0.6779657957392822,-1.100263495035311,1.0740018012608827,-0.0019834440692241906
Uruguay,URY,2005,0.39883090603589066,-0.24626742024627465,-2.133237985735494,0.8228682157084601,0.04779703466375111,-0.8746158881226407,0.9282497748423898,-0.4999676580489455
Uruguay,URY,2006,0.12348114606464712,-0.21874278997200647,-0.28479212316911984,0.0833068986165137,0.2878559261254183,-0.023389100291821827,0.7533773641549084,0.043931604595173965
Uruguay,URY,2007,0.2542900772746005,-0.23430416621791067,-0.40457331453624473,0.620766267977967,0.5305471851147633,-0.596760670272957,0.5370759531672171,-0.14901019399967133
Uruguay,URY,2008,-0.31771795060995195,-0.1451005120324462,-1.570697378217135,0.7603893456093276,0.49696724705629713,1.218771465520852,0.33023116181326934,-0.01607134440836267
Uruguay,URY,2009,0.22471628370320576,-0.30252873235353867,1.0426612933686084,0.11518943403044911,0.3817903905670713,-1.0709998660150208,0.2874512158510958,-0.00021877375934842291
Uruguay,URY,2010,0.15349408702964903,-0.2693500341568964,-1.6233743649242451,0.8983912376727962,0.33040956278021644,0.7481542289230225,0.20009006304413093,-0.23799369557660238
Uruguay,URY,2011,0.0461038479060159,-0.2570650853225146,-0.5760924795737938,0.31729524172028606,0.5274639175826641,0.44308703381447445,0.07235064545181631,-0.021950722524807953
Uruguay,URY,2012,-0.0952091326562117,-0.2528288382871091,0.679339283833901,-0.039984012707383804,0.5281612845660294,-0.14645113121964728,0.09396577604323018,0.14819707432857138
Uruguay,URY,2013,-0.037404376100936575,-0.2052725321791148,0.0685865151651228,0.20188146802497753,0.5956357279485157,0.5310087051580368,0.09291504052836984,0.1311994806709842
Uruguay,URY,2014,-0.0006117550754608616,-0.1882465661603149,1.859116688477522,-0.10585097664697296,0.6383532086389624,0.5417831187646074,0.10837586310417287,0.43797786350676915
Uruguay,URY,2015,0.3372373968960775,-0.131187780969157,2.4335716971866557,-0.7368384083959176,0.6085173121286901,0.8705011090216488,0.24962473731612136,0.6329468694548285
Uruguay,URY,2016,0.47068598259228683,-0.17715066412092056,1.4173907027715686,-0.4466383145038448,0.7460676995348569,-0.5872408765186938,0.3026118282797959,0.2396615745511664
Uruguay,URY,2017,0.37014509997421763,-0.21498448049053098,-0.7477132967486116,-0.4355108070450891,0.2624763357207425,-0.7364790669905926,0.30996697688381863,-0.15162397493632893
Uruguay,URY,2018,0.31193690406444513,-0.1930303620133673,0.9603391792437713,-0.7821515915997412,0.4587273600138202,-0.008097317841671581,0.3769138396877815,0.2950096266608043
Uruguay,URY,2019,0.5282261535903027,-0.18519757436856027,2.0355357157403366,-0.6141610631405886,0.49766195938118435,0.2921260437209334,0.45196637646352456,0.4540039186411007
Uruguay,URY,2020,0.2895107683518203,-0.12966537615796192,2.661553417363087,-2.437057732916156,0.7626042276334499,0.9078325427254391,0.6886820774542181,1.0055076933689382
Uruguay,URY,2021,0.06807388566204527,-0.15491948805993594,0.46849885253272583,0.4673700009591051,0.47871097943639457,0.35700047369263604,0.5258180726508556,0.16280928623307508
Uruguay,URY,2022,-0.06584974588941067,-0.1620492671982449,-0.8248429648880164,0.19499339222302697,0.6704425967166965,-1.002547629772156,0.30801561092764934,-0.162875042935384
Uruguay,URY,2023,0.0037492650988234415,-0.1242041472378656,-0.8571846632930397,-0.6508144109716094,0.21314780845760434,-0.7784774124040202,0.37976583608525977,-0.07426963321703936
Uruguay,URY,2024,0.2752340019220053,-0.07188664453473044,0.4555947953893074,-0.08671755558845283,0.06898009970601973,0.2933551311799584,0.3578504953467427,0.13076820439339218
Vanuatu,VUT,1990,-0.08352987638930755,0.0016037547943031267,-0.05055929710966535,1.7547173784802024,0.05630098689745747,-0.46345554622366775,0.32287601320924647,-0.25777451293188863
Vanuatu,VUT,1991,-0.2609417746216104,-0.07601133378342005,-0.7015781880893304,-0.12590510391440735,0.29796022625221114,-0.9018009819974147,0.32287601320924647,-0.0959581979818128
Vanuatu,VUT,1992,-0.20240960288907128,0.04271609508871206,0.16693619211175767,-0.24959777185279758,-0.042782830877402915,-1.212763619979304,0.31822275592915045,-0.03938057614074541
Vanuatu,VUT,1993,-0.3509596848732552,0.031579583957894265,0.9712710871914623,-0.656600835805098,-0.11240791751645787,-0.49408961869261475,0.3658060642449716,0.2528171028376584
Vanuatu,VUT,1994,-0.6101495360388256,-0.0002627169927198505,-0.65289056486286,1.1795709800049357,-0.2909703319783011,-0.6659870526807232,0.3389372560792555,-0.26294212205735124
Vanuatu,VUT,1995,-0.5355086257878268,-0.02128051560624537,-0.5724063248551757,-0.5975299468131698,-0.30126876142709313,0.098993478914115,0.34659261483038134,0.09766700920813982
Vanuatu,VUT,1996,-0.9047400307041218,0.005824239531246812,-0.10009394648935362,-0.3063764794433956,-0.4883205514290325,-0.137817231087817,0.34013809666766726,0.11869244533431833
Vanuatu,VUT,1997,-0.5073557735595935,-0.06317962635625018,0.4755505980247818,0.2611233020484317,-0.2163194179085248,-0.9018041654224522,0.3596517562293606,-0.014266911988846165
Vanuatu,VUT,1998,0.6399569351467224,-0.030963466524640788,1.3712624532896769,-0.5594889054786287,-0.15250748607327866,0.048269370292095985,0.35995196637646365,0.21650640109888908
Vanuatu,VUT,1999,-0.2340627570141139,0.044390422774728114,0.12225453739046271,-0.7441971679731699,-0.33388112018328453,-1.5511232106487305,0.37000900630441297,-0.052870062767875356
Vanuatu,VUT,2000,0.5956080177954982,-0.050745016516309874,0.8886761201627768,0.4850883399387218,-0.2577358749009575,-0.4704173109136341,0.36640648453917746,-0.08635885076616676
Vanuatu,VUT,2001,0.4558737758143411,-0.010070481589013237,0.7377801085697951,-1.5658912305233914,-0.11075450322639409,-0.4750523261285054,0.38877214049834874,0.23438462754761163
Vanuatu,VUT,2002,-0.4338100402489867,0.06875214081012081,-0.6458848713476683,-1.9620635306595944,-0.33888582213600416,-0.9951386772185203,0.4162413689582709,0.12870824428211144
Vanuatu,VUT,2003,-0.5016504356723777,0.10011023722454428,-1.7794567815462594,0.12505469394441124,-0.1900941306490986,-0.9396156576813933,0.42539777844491156,-0.2867232589256185
Vanuatu,VUT,2004,-0.39084117498647925,0.12698371585750312,-1.2547245103313407,0.05884565987071967,-0.415869967822302,-0.14987812441622458,0.3913239267487242,-0.1385956349782686
Vanuatu,VUT,2005,-0.6963518343734957,0.20906668600516798,-0.3725644660447395,0.3487986209696813,-0.4469263801892277,-0.027818761421025177,0.34464124887421205,0.007707362946886009
Vanuatu,VUT,2006,-0.4786241411802804,0.18409309609165328,0.13011216820165028,1.0429983255469,-0.32796698119694045,-0.3607214216449972,0.3273791654157911,-0.08735402249992322
Vanuatu,VUT,2007,-0.454674650960204,0.21326982579220907,-1.0996068183132321,-0.18569082375559848,-0.06016246267070467,0.29384388679604034,0.15460822575803068,0.020331161725449392
Vanuatu,VUT,2008,-2.592376990283973,0.45597722054797063,-0.20295334650818894,0.4138466922998668,0.06792983280001093,0.10275074566364047,-0.024317021915340728,0.3682739612245999
Vanuatu,VUT,2009,0.5830745962015844,0.666709582397332,0.7043485431844684,-0.1501794229296487,-0.009054153019911797,-0.8431767080277283,-0.1891323926748724,-0.014742900201806816
Vanuatu,VUT,2010,-0.40822779623845884,0.7260965064724606,-1.3542183244136672,-0.5414456101557811,-0.22593204139476147,-1.3164754785287986,-0.17172020414290007,-0.19893944794477528
Vanuatu,VUT,2011,-0.6091753008417429,0.7641792823930011,-1.1363562938279852,-0.12762897643239293,-0.4929215627683561,-0.7795391758603966,-0.1522065445812069,-0.15143428819582969
Vanuatu,VUT,2012,-0.7648713686100816,0.8580412159855033,0.45048683664967837,-0.5961873298420549,-0.4259783997211162,-0.922389052589947,-0.13344341038727114,0.16968226976985484
Vanuatu,VUT,2013,0.29499953501875953,0.6441275741568503,0.24039742464931152,-0.716455062746571,-0.41021401835475346,-1.2835475634761442,-0.11813269288501951,-0.07227339259742056
Vanuatu,VUT,2014,0.42826071284556977,0.70250103109988,0.32794482035818895,-0.13525732920996827,-0.5035125481086442,-0.2465238826383804,-0.1032722906034225,-0.01655232193256852
Vanuatu,VUT,2015,-1.2870995854328637,0.6046024294789343,1.6864930861655585,-0.048160752529296046,-0.2654279039036357,-0.03879086472629816,-0.09861903332332635,0.4605025788076274
Vanuatu,VUT,2016,-0.5893664469904183,0.5498093582118416,-0.11730769207657123,-0.022025035904588385,-0.49740564026604356,-0.09769819351678026,-0.09426598619033326,0.05064618986530283
Vanuatu,VUT,2017,-0.5075808679027672,0.4942949127179051,-0.1358848267971271,0.11075141914167794,-0.1804422965845381,-0.19458985400345996,-0.08676073251275898,0.041920950225872895
Vanuatu,VUT,2018,0.7223627237066987,0.44150901483503135,0.2570546647067441,-0.2650170567180883,-0.2869556684195302,0.08340970206644577,-0.07084959471630148,-0.004739649788031557
Vanuatu,VUT,2019,1.2217844297584133,0.3928917058768576,0.5360583968567519,-0.0974948632191795,-0.22595670647806687,-0.3697422563861832,-0.05719003302311622,-0.12117549424185578
Vanuatu,VUT,2020,-0.33388349414148155,0.42937165825688756,0.0292904521935811,-2.078003044519634,0.13685566034575608,-0.9176416261496821,-0.2670369258480937,0.2603893939227949
Vanuatu,VUT,2021,-0.48352160644023684,0.4106317633167841,-0.7779478197336449,-1.0743417524109977,-0.28521431042747813,-0.22583257949595525,-0.15746022215550892,0.07457717005077592
Vanuatu,VUT,2022,-0.9981529531310009,0.3599613064216136,0.7128789096737406,0.4118590452472613,0.3276670105460905,-0.33961457447687493,-0.1122785950165116,0.21927256643311402
Vanuatu,VUT,2023,-0.9981529531310009,0.3533557821595708,0.4104525433741084,0.4641704317602725,0.9641777327977185,-0.4404882873516281,-0.12218552987090966,0.24275639463994117
Vanuatu,VUT,2024,-0.9981529531310009,0.31516451419105135,-0.04432306595508251,0.010060592138059253,-0.45480093834858853,-0.17473772370907764,-0.12563794656259378,0.07196531437266436
Viet Nam,VNM,1990,-0.6434442477044667,-0.43633364985312645,-0.05055929710966535,0.3038276160517263,0.18571195512457248,0.0899554017228936,-0.5531371960372261,-0.060678022071401626
Viet Nam,VNM,1991,-0.6434442477044667,-0.43633364985312645,7.706632850407594,0.4930162191142205,0.18571195512457248,0.0899554017228936,-0.5531371960372261,1.0204653414221363
Viet Nam,VNM,1992,-0.6434442477044667,-0.43633364985312645,1.459528633680182,1.0837763850660695,0.18571195512457248,0.0899554017228936,-0.5577904533173222,0.04296282142794239
Viet Nam,VNM,1993,-0.6434442477044667,-0.3744178543750645,-0.7594196705681492,0.9576434027288176,0.18571195512457248,0.0899554017228936,-0.5685980186130293,-0.24870962024758966
Viet Nam,VNM,1994,-0.6434442477044667,-0.3744178543750645,0.38119128620196296,1.1262228593289931,0.18571195512457248,0.0899554017228936,-0.5783548483938759,-0.11124181019200538
Viet Nam,VNM,1995,-0.6434442477044667,-0.3322747807731117,0.04309379264105728,1.2805567088430914,0.18571195512457248,0.0899554017228936,-0.5809066346442511,-0.17593324672392344
Viet Nam,VNM,1996,-0.6434442477044667,-0.3282794021116869,-0.057822826226349544,1.236453771296584,0.18571195512457248,1.015573916126399,-0.5846592614830383,-0.051783591737460055
Viet Nam,VNM,1997,-0.33455353448836567,-0.30287112133481603,0.7840000033566018,0.9751016244462362,-0.16277401682299772,0.9786657530473248,-0.4435604923446413,0.030416005134800164
Viet Nam,VNM,1998,-0.11894139737271171,-0.2969432234923749,1.8685132650718468,0.44980962931903146,0.41062213913392903,0.8699054897667327,-0.5306214350045032,0.28437257193275867
Viet Nam,VNM,1999,0.8757376744031163,-0.1231571241204791,0.6694295532222075,0.23181286374569987,-0.03449133554222728,3.9979121947368745,-0.5246172320624438,0.41107507401215937
Viet Nam,VNM,2000,0.8071172989675272,0.02928514401755173,0.17733651574091636,0.6748448998964601,-0.8581792013121058,1.7215452587792193,-0.5351245872110478,-0.1352998669784934
Viet Nam,VNM,2001,0.6265513408356528,0.11617728108633746,0.5061126117178897,0.5440684127140252,-0.6774263920877952,1.1286288772579185,-0.4600720504353048,-0.0795999180015189
Viet Nam,VNM,2002,0.1559154525785204,0.1989538733391495,0.482077316352255,0.57221323535922,-0.07495514384628475,0.09711885086998971,-0.5561392975082559,-0.08301044124726954
Viet Nam,VNM,2003,-0.23446267622959666,0.3119322060195186,0.16249792431186044,0.6994298992664228,-0.1592230958818348,1.547894311052351,-0.5366256379465627,0.1230726406455009
Viet Nam,VNM,2004,0.10846085327317237,0.5350205873755879,0.1651149051034003,0.8396499181954299,0.47970513454915514,1.4010330032156633,-0.5531371960372261,0.1542322375339969
Viet Nam,VNM,2005,0.24865189636952617,0.5726189227745241,0.05090378326020081,0.8420341467194778,0.5545657366610619,1.3905237510205852,-0.5624437105974183,0.13078320571856425
Viet Nam,VNM,2006,0.33826422090107583,0.6780786588114319,0.07018079502131892,0.7167864418273868,0.432081229934684,1.2998634705121699,-0.5672470729510659,0.12255805980001089
Viet Nam,VNM,2007,-0.7409802814347666,1.1152023076020414,0.047522856666715046,0.7501282390265059,0.5630290622277331,2.725528997136523,-0.5702491744220956,0.5531265845170253
Viet Nam,VNM,2008,-0.9802184060162328,1.0555634539225187,0.12262074762202704,0.4272185058879924,2.6508572975268554,0.6416310353963235,-0.5908135694986492,0.6332655521567594
Viet Nam,VNM,2009,-0.40138295928504053,1.496339210073798,0.6115083321219986,0.36916478639246214,0.3329925036699074,1.0476604286508462,-0.613629540678475,0.4152984438186648
Viet Nam,VNM,2010,0.009835666031535784,1.216797969984948,1.2327638358795103,0.5947470651642641,0.6850135290332342,1.3030772157762214,-0.7071450015010509,0.44656068828243756
Viet Nam,VNM,2011,0.3856401016973057,0.9924161535391292,1.3913401693048462,0.5925303037879394,2.0236019148752526,-0.0005962755242289513,-0.7244070849594718,0.3863120673928974
Viet Nam,VNM,2012,0.9643758785568459,0.8977133789823414,0.1689880970549805,0.39262777370505314,0.6690748670204275,0.9238431770740407,-0.7202041429000301,0.0832016749956944
Viet Nam,VNM,2013,0.8165189706236315,0.9410098531900289,0.021052067818914787,0.40340059770062897,0.3154220183581426,0.6931219381683245,-0.6768237766436507,0.010551790366785647
Viet Nam,VNM,2014,0.8640727066959559,0.9936652161614224,0.0944768020228641,0.5945266851571,-0.03909186421821704,0.5713931751152399,-0.6858300810567398,-0.07485516340406947
Viet Nam,VNM,2015,0.26334703298515805,1.2177906996345025,0.31712237420586703,0.7188103835455614,-0.5272111073400659,0.21697364398007787,-0.5969678775142601,-0.050635669080656864
Viet Nam,VNM,2016,0.39878182162974374,1.4001340480805333,0.10426919444295682,0.6534366970223122,-0.23928172179146248,0.43497804829034625,-0.5969678775142601,0.0072733104080082555
Viet Nam,VNM,2017,0.29633089764852205,1.5103425532943004,0.23008584459590972,0.708478049249755,-0.11885331983356358,0.16914105466678922,-0.5930651456019215,0.027548862889033878
Viet Nam,VNM,2018,0.6037916196870328,1.5384482912981114,0.09615482368972907,0.8239406832531114,-0.11611527366749248,0.05485540364721985,-0.7000900630441309,-0.07921130300238674
Viet Nam,VNM,2019,0.8528630472896183,1.5978500444056312,0.23000744361975786,0.8006763631619495,-0.2212493779391147,0.12255590744092618,-0.6220354247973583,-0.07805868824596078
Viet Nam,VNM,2020,0.9055745730200927,1.7593658407263681,0.04650284552722227,-0.18799628111422598,-0.1611614936417337,0.12344993430632946,-0.5586910837586311,0.07026967875052692
Viet Nam,VNM,2021,0.21271557150275663,1.948128381050032,-0.08017925665802247,-0.25656869768514695,-0.35709859317620984,-0.1668545597310622,-0.516661663164215,0.1244553477861304
Viet Nam,VNM,2022,0.4106433042356741,1.9627546767781714,0.017515684471514796,1.0598954125633004,-0.17026800212622642,-0.46002011792629827,-0.6386970879615732,-0.10846479479476946
Viet Nam,VNM,2023,1.1033719467911056,1.9627546767781714,0.26323185819908584,0.2769300356037022,-0.1566442789679335,-0.46002011792629827,-0.6274392074452116,-0.0569170073938563
Viet Nam,VNM,2024,1.1514603546780522,1.9627546767781714,0.1740193116625603,0.7303381702112726,-0.10460053098018351,-0.46002011792629827,-0.6338937256079256,-0.13479127299471433
Zambia,ZMB,1990,-1.8645989004492216,-0.43555664227275553,-0.05055929710966535,-0.9242422132810473,14.511005707804555,2.6354966463092357,1.96262383668568,3.0588359093067594
Zambia,ZMB,1991,-0.7497862971606812,-0.43555664227275553,15.99548843717557,-0.8263531615015349,13.18496597999924,6.261289964658009,1.96262383668568,5.5064215764154225
Zambia,ZMB,1992,-0.7497862971606812,-0.43555664227275553,23.49605518373658,-1.1992164087367367,22.805599104065504,6.261289964658009,2.062894025818073,8.019897763128977
Zambia,ZMB,1993,-0.7497862971606812,-0.43555664227275553,22.998907203979634,0.6770356387444378,25.294075953585185,6.261289964658009,2.082707895526869,8.03916786198474
Zambia,ZMB,1994,-0.7497862971606812,-0.43555664227275553,6.718433222151738,-2.7160502753254434,7.101273528150873,3.4650312739651774,1.9309516661663169,3.177995660092496
Zambia,ZMB,1995,-0.7497862971606812,-0.43555664227275553,4.065937817005804,-0.18089984569923695,4.320743834889869,3.1925670060363074,1.65250675472831,1.9609835590353506
Zambia,ZMB,1996,-0.7497862971606812,-0.43555664227275553,5.578402004324495,0.5497122585966748,5.471800091079847,1.691439656888026,1.4222455719003306,1.989772102926278
Zambia,ZMB,1997,-0.15380700657086505,-0.43555664227275553,1.1980779309444445,0.02069989903313106,2.8350703319533745,0.9616178239883304,1.117982587811468,0.830042734280371
Zambia,ZMB,1998,-1.6233607434605941,-0.43555664227275553,5.843322811549986,-0.9032699728921305,2.840686702164336,1.0023017483645338,0.9268988291804263,1.8148977379056073
Zambia,ZMB,1999,-1.0336494281496085,-0.43555664227275553,3.945840163672397,0.20466478635058735,3.1699165378819125,1.154827532167904,1.0016511558090664,1.380809055579649
Zambia,ZMB,2000,-1.9044210705754374,-0.43555664227275553,4.232120431391682,0.03902977471912877,3.0628770121349347,4.534213476973905,1.0664965475833084,2.0465060173810548
Zambia,ZMB,2001,-1.8553354684588341,-0.43555664227275553,2.223966562608727,0.3513378834705936,2.4075059082081345,-0.23747089527314602,1.1376463524467129,0.9428698386722733
Zambia,ZMB,2002,-1.5851739413366428,-0.43555664227275553,3.035749390890421,0.17294535749264586,2.526175076348762,1.1895170097102121,1.2467727409186433,1.2821265942056113
Zambia,ZMB,2003,-1.3029449048755868,-0.43555664227275553,1.0259824970633578,0.7095304705629703,2.408607874895936,0.9555950993447844,1.3327829480636448,0.8401180302010834
Zambia,ZMB,2004,-0.5145204985377405,-0.43555664227275553,0.0857624177599536,0.7287636208553027,1.9232539731284046,1.4675412867270174,1.427048934253978,0.6076866924684338
Zambia,ZMB,2005,0.02464789483331577,-0.43555664227275553,-0.979850434811361,0.7734696416069445,1.973665265849584,-0.6378646550877569,1.512308616031222,0.09065494475266747
Zambia,ZMB,2006,0.9426256535629457,-0.43555664227275553,-2.786314836321276,0.9204544671435917,0.6584553782337238,2.3545070163517763,1.1113779645752027,-0.13723017716283814
Zambia,ZMB,2007,0.21578249411012304,-0.43555664227275553,1.5208044014957725,1.0191802349907795,0.8899493500591562,0.9767840314861855,0.7105974181927348,0.34680226140859866
Zambia,ZMB,2008,-0.04276290484580308,-0.43555664227275553,-0.9580638277109594,0.8918980247526603,1.1427092643930887,0.8272992141743999,0.3159711798258781,0.006174866928970639
Zambia,ZMB,2009,1.1043195680484976,-0.43555664227275553,4.860913820927873,1.210125884849449,1.2769424883392138,-0.31464397925245235,0.7141999399579707,0.541058596400272
Zambia,ZMB,2010,1.2985553330613766,-0.43555664227275553,-0.7446788426909742,1.4472645445986188,0.5852646155214389,1.3136746590328465,1.1055238667066947,-0.1316560316232492
Zambia,ZMB,2011,0.9442925908536182,-0.43555664227275553,0.13868148610845626,0.40686379204208234,0.29234326111105363,0.7153125175439947,0.7089462623836686,0.009795785996959612
Zambia,ZMB,2012,1.0333444114295196,-0.388868809403612,0.7812962870888661,0.8530637644669912,0.3130509245054924,0.4334427563017236,0.3039627739417592,-0.06336060620889732
Zambia,ZMB,2013,0.2975836748975353,-0.3897750672498463,0.6338157441209663,0.2942835059222937,0.36984058217752425,0.6485302351450698,0.21720204142900035,0.12682090782898364
Zambia,ZMB,2014,0.19242157224654133,-0.3623763388169353,1.9359798840915663,0.21414558516267918,0.4870449795184721,0.048965114397886735,0.11272891023716594,0.2593964845741336
Zambia,ZMB,2015,-0.07756739445130696,-0.3046818319771057,5.645370797866776,-0.17590434743302003,0.8126672339174761,1.7049049400069527,0.01891323926748716,1.161520874423702
Zambia,ZMB,2016,-0.19363665479562855,-0.397854751609137,2.696426443321264,0.007739981725868275,1.9093936781232776,-1.2949212634222222,-0.08721104773341345,0.430247104535647
Zambia,ZMB,2017,0.16101686370684373,-0.40941020859050237,-1.1349704833907488,-0.04269359209029758,0.31325048228760594,0.689943878488294,-0.19453617532272596,-0.12200653973494621
Zambia,ZMB,2018,0.20798046427541853,-0.4079507974292951,1.3480939292506413,0.06920817061641926,0.4429019752635708,0.3321089991454128,-0.11903332332632846,0.1884188782874519
Zambia,ZMB,2019,0.44333451909184707,-0.3938872706984995,3.2391824253135355,-0.501308023521815,0.6769355734950915,0.04362043812067628,-0.043080156109276485,0.5115349306502137
Zambia,ZMB,2020,1.8255735420935733,-0.4038590361749457,5.936172942771171,-1.4311316866184622,1.6073830287422066,2.5302256260344467,0.031071750225157593,1.3295074937318463
Zambia,ZMB,2021,1.8390897119905818,-0.4858525455131533,1.2409027554620962,0.5533149752823026,2.4961280708670692,-0.6083717614018185,-0.09426598619033326,0.022305120850139398
Zambia,ZMB,2022,0.831809659824173,-0.4510298097514695,-2.22809613579388,0.328095450441875,0.9374211637645239,0.9208463453189119,0.02521765235664968,-0.27936369919590176
Zambia,ZMB,2023,-0.006552874924295592,-0.3938847670196708,2.6847306429656084,0.3625745839636897,0.9220607306272636,0.9264262653034617,0.005403782647853436,0.5412449922121603
Zambia,ZMB,2024,-0.17625854247448294,-0.36411673206177453,4.117641160586361,0.022028900415654962,1.5017358633927034,0.8076989086797602,0.010957670369258408,0.889735216146448
