Country,economy,Year,current_account_bal,domestic_credit,gdp_growth,inflation,money_growth,unemployment,exchange_rate_YoY
Albania,ALB,1990,-5.83174096323551,37.3109373018231,-9.57564016993408,226.005421253526,51.8198670705792,10.304,0.0
Albania,ALB,1991,-15.2788523176905,37.3109373018231,-28.0021416538074,226.005421253526,51.8198670705792,10.304,0.0
Albania,ALB,1992,-7.77398715257512,37.3109373018231,-7.18711090964234,226.005421253526,51.8198670705792,30.007,0.0
Albania,ALB,1993,1.25704931694863,37.3109373018231,9.55941167111243,85.0047512387157,51.8198670705792,25.251,36.02438943124646
Albania,ALB,1994,-8.36279155272246,37.3109373018231,8.30286659699082,22.5650526933696,51.8198670705792,20.835,-7.2888344560114575
Albania,ALB,1995,-0.395856545631387,37.3109373018231,13.3223333268813,7.79321853789215,51.8198670705792,14.607,-2.0352626202134445
Albania,ALB,1996,-3.31737383628298,37.3109373018231,7.33632894771891,12.7254778087102,43.8367383405801,13.928,12.731105657290644
Albania,ALB,1997,-11.8688813645991,37.3109373018231,-11.7115732812278,33.1802743753956,28.4660179098297,16.872,42.52101497064949
Albania,ALB,1998,-2.50234871672871,37.3109373018231,8.3100252038309,20.6428588670596,20.6393565647998,20.042,1.1417332747681124
Albania,ALB,1999,-4.73211838588308,37.3109373018231,12.2507281968475,0.389437653561628,22.2711083945931,20.835,-8.592221730471374
Albania,ALB,2000,-4.36035543487417,37.3109373018231,7.46285871776054,0.0500181363468103,12.0292623857369,19.023,4.371274481976095
Albania,ALB,2001,-5.35591452180558,37.3109373018231,8.8637306604876,3.10758827031435,19.9064558568693,18.57,-0.15627600371862174
Albania,ALB,2002,-9.02590739072684,37.3109373018231,4.62839587394552,7.77052583431551,3.74037704148182,17.891,-2.321024028091021
Albania,ALB,2003,-7.01197673066681,37.3109373018231,5.33326426009945,0.484002611818503,8.67330285161073,16.985,-13.05078595634655
Albania,ALB,2004,-4.83249013532297,37.3109373018231,5.26626173860785,2.28001916938099,13.4612186361763,16.306,-15.659519013179116
Albania,ALB,2005,-6.92138800420102,37.3109373018231,5.13082193056189,2.36658195679795,14.1252146255691,15.966,-2.8310909377919873
Albania,ALB,2006,-7.33186374631583,37.3109373018231,6.0189812403864,2.37072831904284,16.0462388509011,15.626,-1.7691728120782209
Albania,ALB,2007,-10.3518884224487,37.3109373018231,6.50009261158209,2.93268248162317,13.6750341350698,15.966,-7.823872620672547
Albania,ALB,2008,-15.1839581650837,37.3109373018231,6.90706230713707,3.32087090389275,7.66753342748908,13.06,-7.224861106183243
Albania,ALB,2009,-15.0172385106345,37.3109373018231,2.69075152362146,2.26692209450826,6.83707245310776,13.674,13.211237884350776
Albania,ALB,2010,-11.2157643683259,38.5667222073844,2.97315442681247,3.6271009151748,12.4857998554167,14.086,9.43222171930172
Albania,ALB,2011,-12.8503659661776,40.8904191085198,2.46351683915714,3.42807130141501,9.16778879503815,13.481,-2.925659856964802
Albania,ALB,2012,-10.2612568930744,41.048928970868,0.984129880204108,2.03159268395296,4.97687240106527,13.376,7.223621722073774
Albania,ALB,2013,-9.25914166645898,39.7219957616213,1.7072283175406,1.93762080205223,2.27610578506511,15.866,-2.324739448933525
Albania,ALB,2014,-10.7201496577808,39.0603696115194,2.24022695382642,1.62586504402614,4.01312468450278,18.055,-0.1790178465812242
Albania,ALB,2015,-8.5423750766982,36.8808802178051,2.2277040745779,1.89617402592356,1.76472064865408,17.193,19.41758311212267
Albania,ALB,2016,-7.51011690016649,36.2098635348358,3.90893551362245,1.27543168367423,3.88758243023237,15.418,-1.444222448628813
Albania,ALB,2017,-7.40849329663264,34.1324652358472,3.28317593330073,1.98666133171194,0.274642647966695,13.616,-4.061864389713437
Albania,ALB,2018,-6.60766481105068,32.507358683887,3.67141928098908,2.02805963071135,-0.221006685452235,12.304,-9.328995242093193
Albania,ALB,2019,-7.82064355473536,33.725595513728,2.06257790176122,1.41109078954242,4.31363862893848,11.466,1.7239383580136811
Albania,ALB,2020,-8.62504716716646,37.719333429721,-3.31375636888916,1.62088661717021,10.4901945914792,11.639,-1.0931490430201543
Albania,ALB,2021,-7.69043385149861,36.4341686860283,8.96957619074095,2.04147163139545,8.60129444951578,11.474,-4.721583064887262
Albania,ALB,2022,-6.18049276219024,33.7912381516025,4.8268006234359,6.72520271530059,4.86525824051355,10.785,9.197900566718511
Albania,ALB,2023,-1.66286217786128,32.4665672054877,4.01541716935742,4.75834555150038,2.34657298984679,10.669,-10.966457795798275
Albania,ALB,2024,-2.39633981728727,34.126089863133,4.04592845095348,2.21587375089992,5.12415868286392,10.689,-7.473462831404134
Algeria,DZA,1990,2.2889527648555,56.1432167218921,0.800000580174981,16.6525343885432,11.4156555150626,20.6,0.0
Algeria,DZA,1991,5.17702797301749,46.2891664910387,-1.2000005864423,25.8863869348514,20.8027985226783,20.6,106.22782935358705
Algeria,DZA,1992,5.17702797301749,7.25481764444156,1.80000230253509,31.6696619117149,31.2748797453857,24.38,18.206153617127832
Algeria,DZA,1993,5.17702797301749,6.61775301930963,-2.10000075697259,20.5403261235827,7.29664105088382,26.23,6.912101495652035
Algeria,DZA,1994,5.17702797301749,6.48910489572955,-0.899996552970833,29.0476561173071,15.7048390658407,27.74,50.173014049015976
Algeria,DZA,1995,5.17702797301749,5.19938703509485,3.79999479063817,29.7796264864999,9.46358191996781,31.84,35.95198178397126
Algeria,DZA,1996,5.17702797301749,5.36490270870533,4.09999847167964,18.6790758601749,14.6446455240271,28.268,14.867396731673752
Algeria,DZA,1997,5.17702797301749,3.90741685713155,1.09999993684249,5.73352275357187,18.2594753905099,25.43,5.403606036769122
Algeria,DZA,1998,5.17702797301749,4.56382248155228,5.10000361107312,4.95016163793114,19.5726202628557,26.85,1.7876550098614867
Algeria,DZA,1999,5.17702797301749,5.38808930151893,3.20000155319546,2.64551113392799,13.9471735991383,28.575,13.33853525662631
Algeria,DZA,2000,5.17702797301749,5.96563998570152,3.80000000158476,0.339163189071768,14.131502836251,29.77,13.047034841620079
Algeria,DZA,2001,5.17702797301749,7.38450388552899,2.99999999863043,4.22598834854673,54.0514086919074,27.3,2.5979731319569805
Algeria,DZA,2002,5.17702797301749,11.2566389037062,5.40000000000001,1.41830192345051,18.0521153645852,25.9,3.1948177181630175
Algeria,DZA,2003,5.17702797301749,10.3642725018405,6.50000000062043,4.268953958395,16.3061556803216,23.72,-2.870068359313717
Algeria,DZA,2004,5.17702797301749,10.2103283916163,4.49999999976698,3.96180030257187,10.4512234983418,17.65,-6.892340232683074
Algeria,DZA,2005,19.7857720899622,11.5002886298427,5.39999999969525,1.38244656662118,11.6936035353135,15.27,1.6869932943059895
Algeria,DZA,2006,23.4985369430055,11.5208153731445,2.89999999905852,2.31149918514424,19.6447766293454,12.27,-0.8593386880274319
Algeria,DZA,2007,21.3033457890387,12.3058156265958,3.10000000128674,3.67899574741699,23.090739222132,13.79,-4.617168452671735
Algeria,DZA,2008,18.8233635111302,12.1301917581652,2.49999999929371,4.85859062814939,16.0370822898722,11.33,-6.796704977746469
Algeria,DZA,2009,0.287169379874169,14.8475768615458,1.19999999969519,5.73706036145628,4.84083509704069,10.16,12.487251507625395
Algeria,DZA,2010,6.87361929280343,13.7901331989861,4.80000000093564,3.91106195534028,13.5484317301271,9.96,2.393156902803287
Algeria,DZA,2011,8.09495300569721,12.5651064123385,2.99999999941909,4.5242115050527,19.9070032552161,9.96,-1.9467377254540972
Algeria,DZA,2012,5.3237110694236,12.9086438651722,2.40000000034432,8.89145091062317,10.9369170859084,10.97,6.304108541674699
Algeria,DZA,2013,0.517147116303439,15.0652748989807,2.60000000061164,3.25423910998847,8.40999983699717,9.82,2.363333317569994
Algeria,DZA,2014,-3.8772158836163,16.4216636360139,4.09999999866501,2.91692692067458,14.4236738703043,10.207,1.5253131808965652
Algeria,DZA,2015,-14.4205446442816,19.2203451351034,3.20000000089023,4.78444700693889,0.297131027590294,11.206,24.95986858448006
Algeria,DZA,2016,-14.4962877563746,20.2524548230485,3.90000000017621,6.39769480268757,0.815774502444313,10.202,8.691537148311552
Algeria,DZA,2017,-11.6217683736912,21.8603855833638,1.49999999895587,5.59111590961664,8.38085499749667,12.0,1.3979414563188364
Algeria,DZA,2018,-8.68941296193564,22.387148870126,1.40000000088281,4.26999020467084,11.1022592012153,12.112,5.064992525960884
Algeria,DZA,2019,-8.76373598794008,22.9128695368994,0.899999999219148,1.95176821052892,-0.757531112520278,12.302,2.36699281086592
Algeria,DZA,2020,-11.0309095376359,26.1172134194462,-4.99999999908597,2.41513094083414,7.44561734572452,14.08,6.219539467717602
Algeria,DZA,2021,-2.42326388144806,22.659990400839,3.79999999900707,7.22606307415477,13.1837586532671,13.656,6.536888715705882
Algeria,DZA,2022,8.62297009518782,18.2397846012834,3.60000000094915,9.26551551551553,14.3262527594327,12.382,5.131577380535806
Algeria,DZA,2023,2.62033732399996,18.846702518083,4.10000000005964,9.32217375928322,5.99193682223523,11.645,-4.332577027227198
Algeria,DZA,2024,-1.0224994485325,19.0341413218985,3.69999999907979,4.04611455313434,9.03432791098051,11.655,-1.3174713050950169
Angola,AGO,1990,-2.09715190221188,22.2749280174857,-3.45009868500235,83.7837837837838,4105.57281775889,16.816,0.0
Angola,AGO,1991,-5.465973,22.2749280174857,0.991359301045193,83.7837837837838,4105.57281775889,16.816,84.16449406154624
Angola,AGO,1992,-8.84439959377916,22.2749280174857,-5.83828073148828,299.509803921569,4105.57281775889,16.959,356.30539338757984
Angola,AGO,1993,-11.5883584424603,22.2749280174857,-23.9834174429163,1378.52760736196,4105.57281775889,17.44,958.0709313887967
Angola,AGO,1994,-7.65604828196431,22.2749280174857,1.33936343644582,949.792531120332,4105.57281775889,17.444,2137.2658354739647
Angola,AGO,1995,-5.32696076591876,22.2749280174857,15.0000000283302,2666.45059288538,4105.57281775889,16.978,4521.0696183035025
Angola,AGO,1996,43.3988183053598,22.2749280174857,13.544369755809,4145.10598220638,4105.57281775889,16.177,4555.217420485066
Angola,AGO,1997,-11.5519884917384,22.2749280174857,7.27427735417383,219.176721172974,71.9443089642937,16.064,78.89680085917851
Angola,AGO,1998,-28.6976083856327,22.2749280174857,4.69114645217414,107.284821528298,57.6481343857133,16.29,71.50863367802094
Angola,AGO,1999,-27.7983311948052,22.2749280174857,2.18148971731765,248.195902412868,528.194325839382,16.543,610.4223760398128
Angola,AGO,2000,8.71506351159262,22.2749280174857,3.05462423452938,324.996871601321,303.735498573204,16.646,259.7850711262635
Angola,AGO,2001,-16.0129513307541,22.2749280174857,4.20599855694861,152.561022469299,163.003103910838,16.668,119.68791034151245
Angola,AGO,2002,-0.867014859846704,22.2749280174857,13.6656887610553,108.897436089429,156.340680459845,16.432,97.34554203161262
Angola,AGO,2003,-3.53728418452752,22.2749280174857,3.48731240097521,98.2241436573304,68.0983143555558,16.445,71.3897234732477
Angola,AGO,2004,2.52329142814654,22.2749280174857,11.4198633904585,43.5421067519687,48.5519653338355,16.313,11.976282923646341
Angola,AGO,2005,12.4113529511059,22.2749280174857,14.1547775343954,22.953513851394,60.705994384453,16.295,4.330524495176498
Angola,AGO,2006,18.2253229198946,22.2749280174857,11.8418178757042,13.3052101780032,59.8509252529627,16.123,-7.791574677367878
Angola,AGO,2007,14.4873579548048,22.2749280174857,13.0026889457976,12.2514974459487,49.4214363911471,16.066,-4.556447867785289
Angola,AGO,2008,7.28233163407397,22.2749280174857,10.7866360496581,12.4758291326398,104.56612415769,16.152,-2.180775259140899
Angola,AGO,2009,-9.26704056113806,22.2749280174857,1.99558909788963,13.7302839288408,21.4756808800047,16.383,5.723871133976257
Angola,AGO,2010,7.85577834888099,22.2749280174857,5.29366572819954,14.4696564932577,5.28780092808811,16.595,15.855091832243392
Angola,AGO,2011,10.4217171191447,22.2749280174857,3.59386960240222,13.4824679218511,37.1469560291686,16.77,2.2077294557736273
Angola,AGO,2012,9.64052717140429,22.2749280174857,8.50312283866612,10.2779049218839,4.8981874452368,16.539,1.632202588830023
Angola,AGO,2013,5.47217516828594,22.2749280174857,4.88306129688392,8.77781429332624,14.1465956464582,16.464,1.1001849292847978
Angola,AGO,2014,-2.44217725848603,22.2749280174857,4.65572356315585,7.28038730361121,16.1891972472028,16.372,1.8484968713789214
Angola,AGO,2015,-10.0180754476355,22.2749280174857,0.763177710914789,9.35597215533784,11.7763134275236,16.472,22.134028343717755
Angola,AGO,2016,-5.07683550702313,18.3180075029506,-0.233076954805284,30.6944150806719,13.4682422090455,16.572,36.31140901807847
Angola,AGO,2017,-0.739075223812658,14.6302579552929,-0.164688656961076,29.8444799015679,0.625449002375784,16.617,1.3806463443468866
Angola,AGO,2018,8.1791278570017,13.1109176010975,-0.506697543616156,19.6289379701521,20.428059834929,16.602,52.399902889055994
Angola,AGO,2019,6.32732303026131,13.3956028675861,-1.05523414494337,17.080954143438,30.1141180539418,16.497,44.28218786965349
Angola,AGO,2020,1.49015129809424,11.3765590843673,-5.27349128300007,22.271539247051,24.3007654229535,16.696,58.50270797330376
Angola,AGO,2021,10.7294719893933,8.84430174641055,1.09058369944815,25.7542948841891,-9.32234729744459,15.799,9.197123682385751
Angola,AGO,2022,9.17298316440326,7.02506194435415,3.55749206675667,21.3552901320822,-1.41316825286512,14.124,-27.06098991128007
Angola,AGO,2023,3.94653061969793,7.64573374416092,1.32016587081031,13.6441017767715,37.764907420284,14.051,48.73394680725768
Angola,AGO,2024,6.12127885547185,7.16892640926562,4.95267860425956,28.2404948915772,4.96340198499645,14.02,26.98109364367751
Antigua and Barbuda,ATG,1990,-6.47252696241509,38.9224318009501,3.01181316687232,1.12128789571146,3.63293971907531,5.407,0.0
Antigua and Barbuda,ATG,1991,-6.13126142864487,40.202906639446,2.17685217398964,1.12128789571146,15.3614917570014,5.407,0.0
Antigua and Barbuda,ATG,1992,-1.87959318973665,42.8176265639767,1.15855077710827,1.12128789571146,10.0938973674755,5.722,0.0
Antigua and Barbuda,ATG,1993,2.66157704168822,40.9417988725128,5.27988683522082,1.12128789571146,7.22801185081734,5.897,0.0
Antigua and Barbuda,ATG,1994,-1.01497878795061,36.3701324864314,6.67640654973411,1.12128789571146,8.89443637620615,6.335,0.0
Antigua and Barbuda,ATG,1995,-0.084167999326656,42.4962425000301,-4.35978466639605,1.12128789571146,19.7103044019488,6.484,0.0
Antigua and Barbuda,ATG,1996,-8.75234501112517,46.373194886785,6.6049448827643,1.12128789571146,-2.10790227694647,6.74,0.0
Antigua and Barbuda,ATG,1997,-6.4505229608561,51.7918847771491,5.47125581395349,1.12128789571146,7.1463486339498,6.588,0.0
Antigua and Barbuda,ATG,1998,-5.92188254714106,51.7390957733665,4.73127914935051,1.12128789571146,14.8104932261612,6.455,0.0
Antigua and Barbuda,ATG,1999,-7.23191944041809,53.0151996702084,3.70774594512658,1.12128789571146,24.8354371368629,6.358,0.0
Antigua and Barbuda,ATG,2000,-7.92911790133271,53.7713496471014,6.20355212555867,0.77177979690018,6.04903137428562,6.432,0.0
Antigua and Barbuda,ATG,2001,-10.3865694462064,56.9076662770729,-4.54810977120295,1.40279663573988,4.93193239722394,6.293,0.0
Antigua and Barbuda,ATG,2002,-9.42082349224047,60.0878404849785,1.02723486062159,2.40765801293491,5.35397241780051,6.396,0.0
Antigua and Barbuda,ATG,2003,-9.15813030793044,58.2690527253337,6.07663666406602,1.99353055152454,15.5780815865013,6.534,0.0
Antigua and Barbuda,ATG,2004,-6.31005255823088,54.42291661404,5.76710338270556,2.03007757853236,6.13443169150141,6.41,0.0
Antigua and Barbuda,ATG,2005,-10.0007541423499,53.9303290896611,6.47368941781741,2.09875196709308,8.84654076810275,6.577,0.0
Antigua and Barbuda,ATG,2006,-19.8432206578824,56.9746755608082,12.7081474873625,1.78778537419121,11.5908378215464,6.061,0.0
Antigua and Barbuda,ATG,2007,-28.7521784338138,56.8669025605526,9.31518272315685,1.41605259409741,11.366031013988,5.665,0.0
Antigua and Barbuda,ATG,2008,-21.6400619803907,58.6556354220414,-0.0140065981851762,5.33380639820233,3.30287762237559,5.609,0.0
Antigua and Barbuda,ATG,2009,-13.0521618835597,65.7920450902874,-11.9628794703471,-0.550159995508914,-9.7929564527729,6.121,0.0
Antigua and Barbuda,ATG,2010,-10.8739141545735,69.9672803619414,-7.84050683730972,3.37002540220148,0.245680656022543,6.359,0.0
Antigua and Barbuda,ATG,2011,-5.07303916439277,67.7158524340669,-1.95874262217572,3.4567496723461,1.46543123077861,6.087,0.0
Antigua and Barbuda,ATG,2012,-8.11026781449494,61.878190497643,3.37314273947959,3.37688044338874,2.58648629451995,5.962,0.0
Antigua and Barbuda,ATG,2013,-8.78062787514538,61.2782354058857,-0.600982329599361,1.05949782356169,1.34360400987264,5.663,0.0
Antigua and Barbuda,ATG,2014,-0.0378965310947221,56.0332947393022,2.19829188738797,1.08944157435355,1.39123986457518,5.877,0.0
Antigua and Barbuda,ATG,2015,2.03393623440556,48.6317411322758,1.42161997595372,0.968993458825638,5.81672936052775,5.615,0.0
Antigua and Barbuda,ATG,2016,-2.38761069740834,47.0134239034493,4.1203675438061,-0.489437796230499,-1.24510914792407,5.255,0.0
Antigua and Barbuda,ATG,2017,-7.6968559845244,44.2266252584994,2.71272657973627,2.43248789041363,7.24704264343661,5.0,0.0
Antigua and Barbuda,ATG,2018,-13.9937660480859,41.6541874622447,6.71200487159726,1.20715793367008,7.2084726309942,4.9,0.0
Antigua and Barbuda,ATG,2019,-6.50528434529466,41.9491312714393,3.1722219373937,1.43135598182984,-0.448755227442753,4.987,0.0
Antigua and Barbuda,ATG,2020,-15.5663867272565,53.7704057805227,-18.8687765208148,0.625989707046719,-8.71953178762674,5.994,0.0
Antigua and Barbuda,ATG,2021,-17.5774816563178,45.4347464248891,8.17286311186622,2.06299638545334,13.8652349252698,5.413,0.0
Antigua and Barbuda,ATG,2022,-15.08269675582,38.3642089182543,8.49776342254205,7.53107834634288,4.59626224275305,5.02,0.0
Antigua and Barbuda,ATG,2023,-12.9053183160658,37.1178277912608,3.86550160079324,5.06713865364213,3.34045980334852,4.899,0.0
Antigua and Barbuda,ATG,2024,-7.45715824054234,39.3590698805664,2.54044193946544,6.19886698842116,4.61174788727181,4.9,0.0
Argentina,ARG,1990,3.22031448392387,15.6016948142115,-2.46721377810472,34.2772237131003,1113.27240588928,5.44,0.0
Argentina,ARG,1991,-0.341028912950146,12.5872034907184,9.13311056738961,34.2772237131003,141.337040313408,5.44,95.56516937332326
Argentina,ARG,1992,-2.42494134682425,15.4453354474077,7.93729155643076,34.2772237131003,62.4862543855056,6.36,3.889369012588253
Argentina,ARG,1993,-3.46617829462144,18.2846049267413,8.20697907221228,34.2772237131003,46.4808250080567,10.1,0.8382613962330138
Argentina,ARG,1994,-4.26485898465453,20.280577998757,5.83620070368526,34.2772237131003,17.6402701691858,11.76,0.00625659549442468
Argentina,ARG,1995,-1.9834602735093,19.9606075608912,-2.84520961057079,34.2772237131003,-2.80555086350306,18.8,0.07424028828591424
Argentina,ARG,1996,-2.4875930110115,20.1870018252819,5.52668982715234,34.2772237131003,18.820560554349,17.11,-0.008752188047013564
Argentina,ARG,1997,-4.14468006629108,21.9334587634322,8.1110467707457,34.2772237131003,25.5347378149256,14.82,-0.01625548622659691
Argentina,ARG,1998,-4.84431604541959,24.1532987732827,3.85017885156228,34.2772237131003,10.4880929410016,12.65,0.0
Argentina,ARG,1999,-4.21229506178186,24.8933437498898,-3.38545704063269,34.2772237131003,4.0855896589592,14.05,0.0
Argentina,ARG,2000,-3.15992237703676,23.8947336198062,-0.78899893905691,34.2772237131003,1.53103363312449,15.0,0.0
Argentina,ARG,2001,-1.40694788500181,20.833574652466,-4.40883968258557,34.2772237131003,-19.4362184816831,17.32,0.0
Argentina,ARG,2002,8.97078467784247,15.3318584042485,-10.8944848285903,34.2772237131003,19.7088538926378,19.59,206.47890611972684
Argentina,ARG,2003,6.37990680177011,10.7627059172487,8.83704079576924,34.2772237131003,29.6348527788152,15.36,-5.308974000437427
Argentina,ARG,2004,1.95058324319273,9.68251819633223,9.02957330068152,34.2772237131003,21.4273104900815,13.522,0.7816115378410678
Argentina,ARG,2005,2.65363142179073,10.6534929189359,8.85165992013437,34.2772237131003,21.513918560906,11.506,-0.6719568091076328
Argentina,ARG,2006,2.79449564264943,11.9102616607561,8.04715150043027,34.2772237131003,20.2627350951633,10.078,5.188484982589368
Argentina,ARG,2007,2.1036160391819,13.0985413493544,9.00765087504757,34.2772237131003,24.4656256111237,8.47,1.3533488991421976
Argentina,ARG,2008,1.49940141614234,12.313946714342,4.05723310346406,34.2772237131003,8.06469999443141,7.837,1.56722267419473
Argentina,ARG,2009,2.1785669619099,12.4162075416805,-5.91852507634947,34.2772237131003,16.9999162699207,8.645,17.999766229140977
Argentina,ARG,2010,-0.383118699737133,12.6901062454749,10.1253981561002,34.2772237131003,33.7780442392202,7.714,5.018408699594222
Argentina,ARG,2011,-1.00728084144866,14.0087151168124,6.00395169280579,34.2772237131003,25.7005383846759,7.18,5.4884040675769015
Argentina,ARG,2012,-0.39159512386959,15.2128150156924,-1.0264204544321,34.2772237131003,34.9018334185138,7.217,10.383948672794526
Argentina,ARG,2013,-2.37749566620574,15.7290920133564,2.40532378079436,34.2772237131003,27.0263720438839,7.1,20.331312539233355
Argentina,ARG,2014,-1.74400211981355,13.8237692455151,-2.51261532081394,34.2772237131003,29.8462271877007,7.268,47.91636461024697
Argentina,ARG,2015,-2.96292666513534,14.4142330417064,2.73115982828944,34.2772237131003,39.4502278963513,7.577,14.338946841463256
Argentina,ARG,2016,-2.70922168361454,13.6676334273514,-2.08032784377811,34.2772237131003,41.5840608913242,8.088,59.838389988164906
Argentina,ARG,2017,-4.83995921807391,15.9584973420583,2.81850297775918,34.2772237131003,30.1194291866375,8.347,12.227337235953582
Argentina,ARG,2018,-5.16055257152295,15.9584973420583,-2.61739646282038,34.2772237131003,47.6138064217584,9.22,69.62801910127595
Argentina,ARG,2019,-0.779998447561848,14.4776292447323,-2.00086100285785,53.5483043492339,25.8841473655566,9.843,71.375354860104
Argentina,ARG,2020,0.696935361136031,15.746489768328,-9.9004848136464,42.0150947376509,66.3310972790224,11.461,46.50520349887245
Argentina,ARG,2021,1.36154422203441,13.2644289814535,10.4418119882506,48.4093786255199,51.2817217703227,8.736,34.66382742448046
Argentina,ARG,2022,-0.62525456692328,12.8891009335255,6.02074537534855,72.430757531824,87.6857878752439,6.805,37.50450592158582
Argentina,ARG,2023,-3.1951463789585,15.3570823376105,-1.85578803046339,133.488935594175,158.54905478138,6.139,126.81508711313154
Argentina,ARG,2024,0.893118418089375,15.1176778381075,-1.34293072157739,219.883929014578,123.094878599647,7.15,208.7493855652015
Armenia,ARM,1990,-5.63799855869866,24.8549219693588,-11.699998482027,3373.75944336293,1076.76790921552,1.774,0.0
Armenia,ARM,1991,-5.63799855869866,24.8549219693588,-11.699998482027,3373.75944336293,1076.76790921552,1.774,0.0
Armenia,ARM,1992,-5.63799855869866,24.8549219693588,-41.8000027457562,3373.75944336293,1076.76790921552,1.8,0.0
Armenia,ARM,1993,-5.63799855869866,24.8549219693588,-8.7999987932935,3373.75944336293,1076.76790921552,5.3,0.0
Armenia,ARM,1994,-7.89106326080447,24.8549219693588,5.40000277917656,3373.75944336293,740.358461858575,6.6,3070.2452864726306
Armenia,ARM,1995,-15.0292437935751,24.8549219693588,6.89999841973659,175.951325534583,64.2855740481696,6.7,40.62260920777992
Armenia,ARM,1996,-20.1762879448727,24.8549219693588,5.86540074943565,18.681185640036,35.0787317120399,9.3,2.0036954156316833
Armenia,ARM,1997,-20.4782136117306,24.8549219693588,3.32107970046953,13.960764121791,29.200443865192,10.8,18.550141893988886
Armenia,ARM,1998,-21.9751034634071,24.8549219693588,7.29999998770998,8.67248632385158,36.7136562551957,9.4,2.866111108073002
Armenia,ARM,1999,-16.9355704119467,24.8549219693588,3.30000000058166,0.648245760470385,13.9705114029099,11.2,5.970674932084405
Armenia,ARM,2000,-15.7812102966465,24.8549219693588,5.90000000312092,-0.790883768934757,38.553947022607,11.107,0.8342960984881237
Armenia,ARM,2001,-10.4398165717153,24.8549219693588,9.59999999927597,3.1459046468502,4.28480302261725,11.012,2.882609884296547
Armenia,ARM,2002,-6.22010459710382,24.8549219693588,13.1999999979356,1.06004929341667,33.9768529138608,10.888,3.2923420663011362
Armenia,ARM,2003,-6.18119850537565,24.8549219693588,14.0000000015501,4.7215533660534,10.3507429350875,10.769,0.9435056705209725
Armenia,ARM,2004,-2.20435917633131,24.8549219693588,10.4999999988202,6.96126135875795,22.2931988518598,10.676,-7.829132956117937
Armenia,ARM,2005,-2.52832414562153,24.8549219693588,13.8999999991133,0.638928002410097,27.8412085694888,10.584,-14.20260087152829
Armenia,ARM,2006,-2.39537289745616,24.8549219693588,13.1999999994661,2.89235662459004,32.8770966480726,10.497,-9.099357488192156
Armenia,ARM,2007,-7.35660133782848,24.8549219693588,13.7000000015467,4.40736089644516,42.3287538629898,10.394,-17.777422312368472
Armenia,ARM,2008,-14.2246479360543,24.8549219693588,6.90000000042959,8.94995335353387,2.37863502186324,17.1,-10.555954525065998
Armenia,ARM,2009,-16.4837116405484,24.8549219693588,-14.1000000006998,3.40676682683801,15.1461238858247,19.295,18.73190106430884
Armenia,ARM,2010,-13.6219482985734,28.4451645997959,2.2000000002151,8.17636138473952,11.8278496134327,19.523,2.8564983702577647
Armenia,ARM,2011,-10.4403281934474,35.3678878720351,4.69999999867412,7.65000807859294,23.655416685468,18.884,-0.31033100724473645
Armenia,ARM,2012,-9.96233164214971,40.0600551046666,7.20000000096486,2.55802007757907,19.4668107641705,17.511,7.855845330040038
Armenia,ARM,2013,-7.31624657065382,42.380240486921,3.3,5.78966778544651,14.7811031009389,16.576,1.9568139804245508
Armenia,ARM,2014,-7.76786633240124,48.9171731063841,3.60000000058993,2.98130868933672,8.33605579967839,17.498,1.5365342500702681
Armenia,ARM,2015,-2.66180705584758,45.630782609944,3.19999999896625,3.73169119261693,10.839885076372,18.261,14.906363914464327
Armenia,ARM,2016,-0.956577968660234,48.8756443742772,0.199999999825991,-1.403607559009,17.4826502352117,17.617,0.5377162093408536
Armenia,ARM,2017,-1.26072402014699,51.5425858055792,7.50000000164144,0.969553268816138,18.4709708758154,17.704,0.46374568603934385
Armenia,ARM,2018,-7.2281230237955,55.5020027333594,5.19999999965324,2.52023382001638,7.44592080287185,18.966,0.05625513128747794
Armenia,ARM,2019,-7.05686573000043,60.1552379151791,7.59999999853918,1.44344660770698,11.1840879458318,18.304,-0.5264764557928643
Armenia,ARM,2020,-3.99777390668493,72.1929140858517,-7.19999999920631,1.21143577838465,8.96376550160701,18.175,1.782457415224613
Armenia,ARM,2021,-3.3962941866585,61.6738125458808,5.80000000065645,7.18483629443371,13.1041951370424,15.469,3.0185171723208635
Armenia,ARM,2022,0.737867280509603,52.5538426755395,12.5999999997766,8.64091108973855,16.1038661437201,13.451,-13.518776276983363
Armenia,ARM,2023,-2.77026594121126,55.4049602573759,8.29999999959539,1.98041877615554,17.3960150932591,12.405,-9.913525426233067
Armenia,ARM,2024,-4.60216691099963,64.3799433173924,5.90000000046228,0.269511978259125,13.6587680333418,12.405,0.06452599525625104
Aruba,ABW,1990,-20.6793279766253,44.4888239590942,3.96140172360629,5.83668775158165,17.2700662455708,5.407,0.0
Aruba,ABW,1991,-24.023062139654,44.2259449071108,7.96287173232642,5.55555555555579,16.8407777193904,5.407,0.0
Aruba,ABW,1992,4.56876456876456,43.2829254079254,5.88235395341866,3.87337536996479,12.5085451634375,5.722,0.0
Aruba,ABW,1993,3.85250128932439,40.9021660649819,7.30769324531406,5.2155599603571,6.3938951193334,5.897,0.0
Aruba,ABW,1994,6.5067264573991,42.4448878923767,8.20390129312089,6.31107971270439,12.5904781227515,6.335,0.0
Aruba,ABW,1995,-0.0211505922165815,43.0618443316413,2.54714368704694,3.36139107320898,5.226239568586,6.484,0.0
Aruba,ABW,1996,-5.0080971659919,45.4161133603239,1.18578851134656,3.22528797213979,3.15133179207616,6.74,0.0
Aruba,ABW,1997,-12.7826404084609,43.2337709700948,7.04687499241221,2.99994809778412,4.59034814796596,6.588,0.0
Aruba,ABW,1998,-1.12713854411271,41.870110701107,1.99198444906199,1.8694885361554,13.0817715440935,6.455,0.0
Aruba,ABW,1999,-25.2778858625162,44.6205252918288,1.2380418420716,2.28037198258753,10.4169956582854,6.358,0.0
Aruba,ABW,2000,11.0568722640362,44.7997006095161,7.62292064930222,4.04402131190512,2.30547075521059,6.432,0.0
Aruba,ABW,2001,16.2808742441801,46.5928526526089,4.1820016304779,2.88360430316263,5.88743577633048,6.293,0.0
Aruba,ABW,2002,-17.3434518893983,50.7912122333912,-0.944953481157384,3.31524678585423,10.4857111811366,6.396,0.0
Aruba,ABW,2003,-8.09902267310928,55.0125172180073,1.11050459944282,3.65636507938418,8.87588512981904,6.534,0.0
Aruba,ABW,2004,12.0136853291022,51.7852298243845,7.29372807096192,2.52912946932762,3.21575357933246,6.41,0.0
Aruba,ABW,2005,4.44757292760025,54.0607007192211,-0.383137672063768,3.39778677828805,6.19174725418982,6.577,0.0
Aruba,ABW,2006,12.5742113280132,53.8841202639004,1.12741146411624,3.60802438784541,2.37349596176034,6.061,0.0
Aruba,ABW,2007,9.64536035842434,51.7272559982541,3.0895443848509,5.39256784475516,3.3005957172758,5.665,0.0
Aruba,ABW,2008,0.00393003438387262,50.6584576108456,1.83575517191368,8.95598705177784,16.5640586034913,5.609,0.0
Aruba,ABW,2009,6.72239127248544,55.8930411328093,-11.6777413693852,-2.13542872046937,5.74962393448103,6.121,0.0
Aruba,ABW,2010,-18.7525373189382,58.8006572951036,-2.73345679250639,2.07814071860786,-0.281333965544492,6.359,0.0
Aruba,ABW,2011,-9.8776559966521,56.2504341594081,3.36923718421511,4.31629742195203,0.126798960248526,6.087,0.0
Aruba,ABW,2012,3.47345127544661,58.6859032351161,-1.04079988436683,0.627471992893372,8.25049072373837,5.962,0.0
Aruba,ABW,2013,-11.813208837986,59.1636851428981,6.43146080719245,-2.37206524252261,-3.72016846045859,5.663,0.0
Aruba,ABW,2014,-4.65857687581843,60.2405386637617,1.42609951155575,0.421440918881214,5.59842041312272,5.877,0.0
Aruba,ABW,2015,3.99414243924537,56.6268817632089,3.61147906591042,0.474763597342641,9.45257889135,5.615,0.0
Aruba,ABW,2016,4.7317741972835,57.2219316866237,1.23433537363427,-0.93119598707956,9.50090672553811,5.255,0.0
Aruba,ABW,2017,1.1197958543778,57.246534425591,3.49342985290626,-1.02828178762012,1.76411290322581,5.0,0.0
Aruba,ABW,2018,-0.59136646769686,55.9651018283957,3.21247111920076,3.6260414135296,3.23120828321424,4.9,0.0
Aruba,ABW,2019,2.53309209414144,59.632630010099,1.22914408896015,4.25746204335427,4.39808997235486,4.987,0.0
Aruba,ABW,2020,-12.8585246783433,82.4396515007629,-23.9400592677491,4.25746204335427,4.98971418566989,5.994,0.0
Aruba,ABW,2021,2.74311870112242,68.4463757905501,14.833691976226,4.25746204335427,11.8418309917872,5.413,0.0
Aruba,ABW,2022,6.93052521983244,60.483648319417,10.6079607621246,4.25746204335427,3.32308265772062,5.02,0.0
Aruba,ABW,2023,5.19136770255524,58.0463512184556,9.51636022347185,4.25746204335427,0.788267975035174,4.899,0.0
Aruba,ABW,2024,5.19136770255524,58.0463512184556,6.81077669324554,4.25746204335427,0.788267975035174,4.9,0.0
Australia,AUS,1990,-4.98086922325911,60.4753714456336,3.57297569098456,7.33302368375269,12.7576788291074,9.586,0.0
Australia,AUS,1991,-3.24314665991037,60.0333741289848,-0.384631357046658,3.17666872277308,1.18217235311593,9.586,0.2106984598646452
Australia,AUS,1992,-3.1637556587871,61.7733091123562,0.433065864126704,1.01222824105977,7.37903595879862,10.733,6.067547891700598
Australia,AUS,1993,-2.97199182738191,63.192071898716,4.04583374101011,1.75365751770527,5.7265822621442,10.879,7.998516503894447
Australia,AUS,1994,-4.90706698315176,66.6734239844549,3.97884434177331,1.96963507094102,9.95925575062761,9.724,-6.991157563558792
Australia,AUS,1995,-5.06318585541186,69.6679496736804,3.89017188961647,4.62776445368168,8.51837171513711,8.473,-1.3685484868403701
Australia,AUS,1996,-3.58360337747536,71.3863767702869,3.86567479160071,2.61537902431631,10.6489522221685,8.509,-5.275570949304043
Australia,AUS,1997,-2.72974894003096,75.201469832279,3.91795814771731,0.224895027032537,7.31058037661402,8.367,5.440070534407971
Australia,AUS,1998,-4.44111787888726,78.974896120816,4.67681373479508,0.860129922016289,8.43035778989644,7.684,18.14249382752676
Australia,AUS,1999,-5.58366414929507,83.9046994061809,5.02822035850596,1.48313946657267,11.7042580988803,6.876,-2.6308322610162245
Australia,AUS,2000,-3.7148479251727,87.3810328646984,3.9160574881715,4.45743705920869,3.73990957467648,6.288,11.282729550415828
Australia,AUS,2001,-2.09983536268172,88.1892830335626,2.03145880248898,4.40712998561533,10.9305763560607,6.747,12.094886829207736
Australia,AUS,2002,-4.03651427027564,91.0685401335001,3.94980535772942,2.98157117047457,7.03591711741804,6.375,-4.803866678217731
Australia,AUS,2003,-6.25542304141099,98.9700701383552,3.0912800997751,2.73259754838937,12.7634349487304,5.933,-16.225927309359506
Australia,AUS,2004,-6.70631316237641,102.447693760099,4.21894147547516,2.34325687131265,11.418295397068,5.399,-11.813995266706028
Australia,AUS,2005,-6.22018206583351,108.259010705054,3.15548121323168,2.69182949622197,8.50085420965673,5.036,-3.697670470668007
Australia,AUS,2006,-6.17432428646521,113.405916759874,2.7709261737475,3.55528696972984,15.0631947019509,4.785,1.4127899129932806
Australia,AUS,2007,-7.5509404049246,120.28724964726,3.78947119882653,2.32761442623159,18.2329858002763,4.381,-10.007801093518943
Australia,AUS,2008,-4.87128797048566,121.444819283971,3.62398503565633,4.35029726664093,17.004743830431,4.242,-0.24217498659453487
Australia,AUS,2009,-5.21460357172589,122.113074120131,1.95484826298522,1.77112025681656,3.20752158177851,5.565,7.550084935658977
Australia,AUS,2010,-3.99211276270473,124.791339290254,2.21004795300735,2.9183370211222,10.1307768042715,5.214,-14.976680671943443
Australia,AUS,2011,-3.25393708127954,121.790806241677,2.39473494330615,3.30384784681081,7.96777768795711,5.083,-11.071433711967355
Australia,AUS,2012,-4.42917293903347,120.774756172135,3.95247138119184,1.76278299052228,7.34791675210082,5.225,-0.37775243375643847
Australia,AUS,2013,-3.24439256531685,124.183275636084,2.65445302592404,2.44988248109259,6.74713199161139,5.663,7.252225213930559
Australia,AUS,2014,-3.07921525285017,127.883848731619,2.60118978187332,2.48792932080492,7.03289769991059,6.078,7.097618987213281
Australia,AUS,2015,-4.2950643949091,135.800292705604,2.16434780647852,1.50836803138463,5.984082434644,6.055,19.98686733856914
Australia,AUS,2016,-3.60213104879027,142.104255731186,2.75564065529868,1.27699365720306,6.66618812734301,5.711,1.0610635478919765
Australia,AUS,2017,-3.00525814878872,140.108067004121,2.29331030192918,1.94864309065653,4.52198765643149,5.592,-3.007395107747858
Australia,AUS,2018,-2.58947975974169,139.498062822532,2.87417039499501,1.91140002818579,2.37382234106626,5.345,2.5793340810962815
Australia,AUS,2019,-0.0757460083721145,135.666714386567,2.19401703622717,1.610770929127,14.0595331869537,5.143,7.4785930487641625
Australia,AUS,2020,1.64272242623869,141.704749324425,-0.133531904304775,0.846900734607273,13.6682325160868,6.394,1.0134520635293718
Australia,AUS,2021,2.44729769999574,138.339567139855,2.00694844335034,2.86391284709318,6.69981105259195,5.022,-8.386353789628508
Australia,AUS,2022,0.254202501603949,133.643883130746,4.25304559238732,6.59409658717841,7.84101706545875,3.728,8.296137829550702
Australia,AUS,2023,-0.433071259302467,126.962120898014,3.58382100798981,5.59701792296707,3.93320686972139,3.668,4.406476572604641
Australia,AUS,2024,-2.3075014713626,129.317349651589,1.37340773365975,3.16656665428797,6.57405461426854,3.942,0.675460623119155
Azerbaijan,AZE,1990,-16.5740632135158,32.8688540294339,-0.700000175699572,-10.6300971576201,825.816049196895,0.9,0.0
Azerbaijan,AZE,1991,-16.5740632135158,32.8688540294339,-0.700000175699572,-10.6300971576201,825.816049196895,0.9,0.0
Azerbaijan,AZE,1992,-16.5740632135158,32.8688540294339,-22.6000003264444,-10.6300971576201,825.816049196895,1.8,0.0
Azerbaijan,AZE,1993,-16.5740632135158,32.8688540294339,-23.0999987188387,1128.00002429404,825.816049196895,4.5,84.45571955719555
Azerbaijan,AZE,1994,-16.5740632135158,32.8688540294339,-19.7000012399238,1662.21594875899,1116.54748491456,6.3,1470.6176544136038
Azerbaijan,AZE,1995,-16.5740632135158,32.8688540294339,-11.7999991076818,411.759641777268,25.4196532951711,7.2,181.07707494148926
Azerbaijan,AZE,1996,-29.3146493832248,32.8688540294339,1.29999940463827,19.7948028061899,17.0926798507748,8.1,-2.5439504283313217
Azerbaijan,AZE,1997,-23.1113389046322,32.8688540294339,5.80000014795783,3.67434809684727,41.4252419893616,9.1,-7.344100581282564
Azerbaijan,AZE,1998,-30.6884366040807,32.8688540294339,9.99999961153691,-0.772697886033166,-15.1713043317722,10.0,-2.920090748465702
Azerbaijan,AZE,1999,-13.0903833593547,32.8688540294339,7.40000129958564,-8.52517000536063,20.0695119186643,10.9,6.491815327951318
Azerbaijan,AZE,2000,-3.18196904183888,32.8688540294339,11.0999991434346,1.80500303704356,73.4124549182679,11.78,8.591571942882622
Azerbaijan,AZE,2001,-0.906770850609527,32.8688540294339,9.89999986533643,1.5471959015228,-10.5675313375298,10.91,4.0774097969551235
Azerbaijan,AZE,2002,-12.3213949554144,32.8688540294339,9.43891626906561,2.7711647199827,14.477307075981,10.04,4.385994738631582
Azerbaijan,AZE,2003,-27.7726673572238,32.8688540294339,10.2082994004776,2.23386492967049,29.7303398116529,9.17,1.0267641696319039
Azerbaijan,AZE,2004,-29.8282485551101,32.8688540294339,9.25380179728907,6.70893042797786,47.5112418284106,7.99,0.05594891187258224
Azerbaijan,AZE,2005,1.26319117280894,32.8688540294339,27.9615381082131,9.6795073191705,22.1025660452243,7.26,-3.7930874823381298
Azerbaijan,AZE,2006,17.670467343915,32.8688540294339,34.4662096226792,8.32892482863209,86.8126451974059,6.62,-5.497656599546648
Azerbaijan,AZE,2007,27.289087539853,32.8688540294339,25.4632157314482,16.6997549618244,71.6831923324548,6.33,-3.9533705775143426
Azerbaijan,AZE,2008,33.6793638921001,32.8688540294339,10.591437462476,20.8490871772712,44.0368318141483,5.86,-4.253958349598889
Azerbaijan,AZE,2009,22.9720443124812,32.8688540294339,9.36950260277183,1.45704835970321,-0.294840725668573,5.74,-2.1708642270444516
Azerbaijan,AZE,2010,28.4268313519369,32.8688540294339,4.78883248761557,5.72687224669605,24.3034834001417,5.63,-0.1409998548530475
Azerbaijan,AZE,2011,25.9957665612112,32.8688540294339,-1.5729973511111,7.8583333333334,32.0654466286079,5.42,-1.615101365615274
Azerbaijan,AZE,2012,21.4925357741895,32.8688540294339,2.20293891708398,1.06621339720303,20.6580569250793,5.19,-0.5117271214727234
Azerbaijan,AZE,2013,16.4935876692396,32.8688540294339,5.84341590483928,2.41571745279419,14.9894846184655,4.97,-0.14055632026647258
Azerbaijan,AZE,2014,13.5683574038086,32.8688540294339,2.79758521448559,1.37344181533176,11.8030730570593,4.91,-0.024673694586443223
Azerbaijan,AZE,2015,-0.419198909856565,32.8688540294339,1.04954641215085,4.02768573742726,-1.14870182940285,4.96,30.626261771802692
Azerbaijan,AZE,2016,-3.60050733417184,32.8688540294339,-3.06359842251706,12.4433748584372,-2.01085512478881,5.0,55.746430218631396
Azerbaijan,AZE,2017,4.12208960991814,22.099603808676,0.153614661745507,12.9359184187335,9.00839950162032,5.0,7.860596213569426
Azerbaijan,AZE,2018,12.6823769245212,20.766485823452,1.50040167167313,2.26854690373999,5.65746854977911,4.9,-1.2281368028788067
Azerbaijan,AZE,2019,8.70455620187564,23.0018690122863,2.47980879185565,2.61057182799215,19.9743743253522,5.0,-0.0009803825454715047
Azerbaijan,AZE,2020,-0.740874280795448,26.0320151044626,-4.19896065333343,2.75980947008127,1.10683160695424,7.24,0.0
Azerbaijan,AZE,2021,14.9620003998682,22.9250440750459,5.61644027150554,6.65029912708779,18.7105801361921,6.04,0.0
Azerbaijan,AZE,2022,29.7916946512237,18.2984687873762,4.71468033247649,13.8522590144267,23.6048521799271,5.65,0.0
Azerbaijan,AZE,2023,11.5001296207861,23.1277980537513,1.35447749115767,8.78543049849081,5.25050348254569,5.64,0.0
Azerbaijan,AZE,2024,6.27617767984307,26.3556394312275,4.15806800428062,2.21217188919901,3.15350555210858,5.648,0.0
"Bahamas, The",BHS,1990,-1.15603284902085,46.310802274163,-1.59624908755521,4.66931912018676,16.8221629855293,12.17,0.0
"Bahamas, The",BHS,1991,-5.77919489836588,48.7053060594762,-4.18178502345002,7.11468120203628,6.6335261999837,12.17,0.0
"Bahamas, The",BHS,1992,1.15149565776777,50.8137664844001,-3.82558229706301,5.73819886173447,5.48719908291937,14.81,0.0
"Bahamas, The",BHS,1993,1.57373868046572,53.9489003880983,0.307806596011844,2.72289766970591,16.1269289284938,12.72,0.0
"Bahamas, The",BHS,1994,-1.29487572875115,57.0266953053084,3.14891597200189,1.39933423745548,8.72793062574084,13.83,0.0
"Bahamas, The",BHS,1995,-4.25488480606591,60.0787401574803,4.37875203482501,2.06699495410042,8.54946063805371,10.83,0.0
"Bahamas, The",BHS,1996,-7.29564976447769,62.3496813521751,4.22353036224139,1.37913741223666,5.62427317898298,11.46,0.0
"Bahamas, The",BHS,1997,-7.45535629686247,40.2845858416135,1.28775320549799,0.544150383378688,23.477329596637,9.76,0.0
"Bahamas, The",BHS,1998,-14.5670708684925,41.5148348801883,4.71679855496301,1.33661336613371,16.2433470431934,7.65,0.0
"Bahamas, The",BHS,1999,-4.22180125379529,41.108191575339,7.14410390677141,1.2542482602363,10.5644851992608,7.45,0.0
"Bahamas, The",BHS,2000,-7.8368767543246,44.8067039189151,4.14841930754267,1.60632941740579,9.31222604143673,7.118,0.0
"Bahamas, The",BHS,2001,-7.75394544009676,46.9136782069362,2.62600982683425,2.04498977505121,4.90999307639049,6.87,0.0
"Bahamas, The",BHS,2002,-4.76646866689712,45.8239689409942,2.70495624731029,2.17357792508093,2.98080624759391,9.05,0.0
"Bahamas, The",BHS,2003,-5.33827728918196,46.160749214495,-1.26491667612372,3.02504526252236,3.67690253671562,10.84,0.0
"Bahamas, The",BHS,2004,-3.39160866189818,47.9211598965908,0.882373744518318,0.981914036757662,9.22038787441729,10.2,0.0
"Bahamas, The",BHS,2005,-7.12305028440183,50.3639616925235,3.39608420536011,1.59160618079802,10.8354752753083,10.2,0.0
"Bahamas, The",BHS,2006,-13.8061914480317,56.6101944970371,2.51659221712706,2.38982627439254,7.76137185651674,7.54,0.0
"Bahamas, The",BHS,2007,-12.3851568041165,58.5628262044726,1.44609991235758,2.49257794939396,10.5291214215202,7.88,0.0
"Bahamas, The",BHS,2008,-11.6100892944233,62.1014630438913,-2.32364807041851,4.4895599537506,5.25516674704821,8.18,0.0
"Bahamas, The",BHS,2009,-8.10442037435534,66.0792068892282,-4.17542805647342,2.06273473452682,1.66482817140433,14.25,0.0
"Bahamas, The",BHS,2010,-8.0632166374795,65.148141397973,1.53866248693835,1.34402738392836,5.52239906169665,14.435,0.0
"Bahamas, The",BHS,2011,-11.9472714724764,66.0139318501159,0.613170735890648,3.1987814166032,2.44473756796656,14.52,0.0
"Bahamas, The",BHS,2012,-14.0368120592515,61.8419088839969,4.52003886739061,1.97336755976254,2.96444497044829,14.02,0.0
"Bahamas, The",BHS,2013,-14.2614149475433,62.191058967285,-2.86320081549439,0.722414784530551,0.545256322834849,16.18,0.0
"Bahamas, The",BHS,2014,-16.9249150364207,58.0675278972269,1.8469701294558,1.51375643050831,1.55660875056722,13.8,0.0
"Bahamas, The",BHS,2015,-10.1639297057563,54.083598026627,0.997411675486745,1.86148302863371,-0.375520870550015,12.0,0.0
"Bahamas, The",BHS,2016,-5.98258988449718,51.9421929315119,-1.15650811269629,-0.346376929989397,8.79728297018367,12.7,0.0
"Bahamas, The",BHS,2017,-12.6509094143141,51.9421929315119,3.3713988456489,1.51820700736147,1.8071748112538,9.8,0.0
"Bahamas, The",BHS,2018,-8.70002668448313,51.9421929315119,2.39795510823548,2.26586346678736,1.05205053077531,10.0,0.0
"Bahamas, The",BHS,2019,-2.60210078588536,51.9421929315119,-0.838585871193203,2.49123527368046,10.5930845635204,9.336,0.0
"Bahamas, The",BHS,2020,-22.0443509738873,51.9421929315119,-20.0893664891399,0.0385210980054558,-0.267641502910746,12.016,0.0
"Bahamas, The",BHS,2021,-20.2208763533214,51.9421929315119,17.5861390037409,2.90491262928478,4.33873028560219,11.078,0.0
"Bahamas, The",BHS,2022,-8.8696154754098,51.9421929315119,10.8779009410268,5.60540633583044,9.36159353499307,9.25,0.0
"Bahamas, The",BHS,2023,-7.00069253380102,51.9421929315119,3.04824180553773,3.05291578969743,9.36159353499307,8.645,0.0
"Bahamas, The",BHS,2024,-6.64860795366672,51.9421929315119,3.37866553336166,0.409162489083286,9.36159353499307,9.049,0.0
Bahrain,BHR,1990,1.4488136317136,26.2453142367221,4.43799717642609,0.929335437489093,-11.5631443421415,1.047,0.0
Bahrain,BHR,1991,-11.481611231833,31.0145376655118,11.2299982766857,0.764419735927609,23.2085145519245,1.047,0.0
Bahrain,BHR,1992,-15.3010029246183,33.2998660817627,6.68999812735618,-0.172413793103312,4.86036140522836,0.968,0.0
Bahrain,BHR,1993,-5.73924658971002,36.8148369775149,12.8700067450998,2.53886010362695,5.72781962640605,0.882,-2.8812055873516026e-06
Bahrain,BHR,1994,-4.03727929015308,38.4402727015962,-0.250001381199439,0.816910897759778,5.98352313038499,1.007,-6.427305238612361e-06
Bahrain,BHR,1995,3.5690246370708,37.8992052283149,3.92999239295094,2.70403475064704,7.42457864230424,1.044,1.5514184910411437e-06
Bahrain,BHR,1996,3.75350666887635,36.5960610954508,4.11000631738246,-0.452227382530348,3.10196197367685,1.177,-8.865248024153308e-07
Bahrain,BHR,1997,-0.430280546168263,39.5763886005707,3.09299923370425,2.43155133955926,7.84851756031174,1.125,-6.648936704512675e-07
Bahrain,BHR,1998,-11.0564495394444,44.0355640323323,4.79000359326143,-0.366533864541774,16.7567567567568,1.114,-6.648936748721034e-07
Bahrain,BHR,1999,-0.489864567236579,46.0132820650577,4.29999824426375,-1.2875879718491,4.12409535972754,1.112,4.432624641807238e-06
Bahrain,BHR,2000,9.16025901142394,40.5117896497586,5.30006940305884,-0.70485295309079,10.2212909490469,1.081,5.540780361039279e-06
Bahrain,BHR,2001,2.51701963066081,41.8156768047881,2.49094875338352,-1.20757180156659,9.24097000046367,1.118,0.0
Bahrain,BHR,2002,-0.5173375765393,44.5383071446789,3.34855067103268,-0.495540138751154,10.338455008489,1.137,0.0
Bahrain,BHR,2003,1.80990381150795,42.1254859958743,6.29644129075703,1.59362549800787,6.35700310897093,1.126,0.0
Bahrain,BHR,2004,3.58610571732871,43.9429196313401,6.98096175867695,2.35294117647062,4.14724012043783,1.064,0.0
Bahrain,BHR,2005,9.23180920590183,43.6843509050045,6.76899737789502,2.58620689655173,21.9912295191162,1.021,0.0
Bahrain,BHR,2006,11.8210087744718,44.8777557241595,6.4669995195042,2.00746965452849,14.89357594549,1.021,0.0
Bahrain,BHR,2007,13.3758607441787,53.1180542636418,8.29396129093843,3.25666666666703,39.2997844346986,1.006,0.0
Bahrain,BHR,2008,8.77793644624144,64.2133791234367,6.24501094995797,3.52600316363721,19.6798292422625,1.015,0.0
Bahrain,BHR,2009,2.44123386880183,71.4372673126356,2.53988570158225,2.79551283550412,5.80970215801676,1.07,0.0
Bahrain,BHR,2010,2.8727610009228,64.9376677365426,4.3342989754845,1.96188468334623,10.5094601997387,1.13,0.0
Bahrain,BHR,2011,10.855340365152,66.9065925077703,1.92815791170796,-0.40004069748808,3.40133460438513,1.21,0.0
Bahrain,BHR,2012,8.06539982681225,66.5172271480683,3.80302899043062,2.75739669962979,4.05280820149722,1.2,0.0
Bahrain,BHR,2013,7.12443578913414,66.9876399343585,5.29262224906203,3.30001156888442,8.20220206029676,1.184,0.0
Bahrain,BHR,2014,4.38061668747353,61.3347998045045,4.30885692657077,2.64755321246189,6.51155681235056,1.144,0.0
Bahrain,BHR,2015,-2.31252912932776,70.5500803025,2.50787205267615,1.84862742374977,2.94603044436472,1.164,0.0
Bahrain,BHR,2016,-4.40558716045663,70.5500803025,3.81499327422425,2.78679347602044,2.94603044436472,1.19,0.0
Bahrain,BHR,2017,-4.30051876437292,70.5500803025,4.95383534123657,1.38671830576406,2.94603044436472,1.18,0.0
Bahrain,BHR,2018,-6.15289066217848,70.5500803025,2.05258864979861,2.08766938046978,2.94603044436472,1.188,0.0
Bahrain,BHR,2019,-1.96409784324041,70.5500803025,2.05287774418655,1.00582004702137,2.94603044436472,1.217,0.0
Bahrain,BHR,2020,-9.05383693445987,70.5500803025,-5.9113629524152,-2.31770629331379,2.94603044436472,1.765,0.0
Bahrain,BHR,2021,6.37213530677418,70.5500803025,4.35004091668986,-0.60631938514085,2.94603044436472,1.548,0.0
Bahrain,BHR,2022,14.7198235888136,70.5500803025,6.18016125475185,3.62574104304482,2.94603044436472,1.265,0.0
Bahrain,BHR,2023,5.84398348945118,70.5500803025,3.87811614845566,0.0746206782192256,2.94603044436472,1.049,0.0
Bahrain,BHR,2024,4.83346638041053,70.5500803025,2.89710543153512,0.919635459817651,2.94603044436472,1.084,0.0
Bangladesh,BGD,1990,-1.2592736415871,16.0740991530445,5.62225816160344,6.12671846981458,10.3997729100629,2.2,0.0
Bangladesh,BGD,1991,0.208651431216537,15.9199092838791,3.48522781598027,6.35736412278234,13.7080462134458,2.2,5.864752352614608
Bangladesh,BGD,1992,0.570158867838373,14.5455434030437,5.44268554966725,3.63407691798491,12.0351247456094,2.233,6.4339359614458855
Bangladesh,BGD,1993,1.08321175697211,15.2943169244381,4.71156172453999,3.01481859989799,10.5142057495778,2.31,1.5827655045655717
Bangladesh,BGD,1994,0.590988260289113,16.2711918310691,3.89012644116818,5.31374007936498,19.3340029829848,2.37,1.6288257195149467
Bangladesh,BGD,1995,-2.17154889891301,20.8817607372616,5.12127789724337,10.2978117947206,12.1487674978574,2.441,0.16557146755241564
Bangladesh,BGD,1996,-2.13490813503246,18.9119975738864,4.52291921684423,2.37712902953223,10.7342435469674,2.51,3.7634391472235866
Bangladesh,BGD,1997,-0.593464718148691,19.9866312756307,4.4898964976265,5.30560105668802,9.74278713340029,2.698,5.019713475974973
Bangladesh,BGD,1998,-0.0703537046583937,20.4966379485471,5.1770268731498,8.40223795613228,11.4140158859684,2.893,6.865779368614327
Bangladesh,BGD,1999,-0.710651968609124,20.9872341323173,4.67015636882111,6.10669589841958,15.4713469310962,3.088,4.647091034623518
Bangladesh,BGD,2000,-0.57304266329964,21.7793890133235,5.29329471892532,2.20825620937535,19.3471284299834,3.27,6.2264271385517915
Bangladesh,BGD,2001,-0.991687231894649,24.179592705355,5.07728777526728,2.0071737421384,42.997616972519,3.609,7.028927601086776
Bangladesh,BGD,2002,1.35086830489484,26.2081249737496,3.83312393993225,3.33256493271913,14.5004266360705,3.966,3.729542468044373
Bangladesh,BGD,2003,0.218816448007947,26.0386276764885,4.73956739963045,5.66870773441476,14.0682975492094,4.32,0.45266721945826244
Bangladesh,BGD,2004,-0.428022753319865,27.9134032883374,5.23953291029852,7.5875363850469,14.1293203090175,4.316,2.3432801307330173
Bangladesh,BGD,2005,-0.250074173604547,29.3438304968623,6.53594493875502,7.04661816222039,15.8133861572755,4.25,8.090407656970532
Bangladesh,BGD,2006,1.66592495150091,31.1657016961389,6.67190498576788,6.76526117054757,20.21561984781,3.591,7.159861837159469
Bangladesh,BGD,2007,1.07621521358966,32.0428330535648,7.05859935449848,9.10698496905383,13.5483462879994,4.015,-0.08465921372221882
Bangladesh,BGD,2008,1.01071124669571,34.0421917464818,6.01378975738535,8.90194489465154,16.4072102783218,4.49,-0.4015978250414276
Bangladesh,BGD,2009,3.47023264645131,36.1910375652522,5.04512479919337,5.42347236174679,20.2444007675396,5.0,0.6425696078606901
Bangladesh,BGD,2010,1.82909794723498,40.9613226292342,5.57178818533122,8.12667639169917,21.0788579048495,3.379,0.8838836175846324
Bangladesh,BGD,2011,-0.125842241657654,42.4702411629772,6.46437912497728,11.3951651552399,16.9153675617309,3.737,6.46540435024759
Bangladesh,BGD,2012,1.93195276968292,43.0006693750914,6.52145877906443,6.21750422069284,17.0113225651337,4.07,10.397854059117844
Bangladesh,BGD,2013,1.3723251518825,41.7947548053392,6.01360565834344,7.53040640913172,14.8498128345291,4.426,-4.592354328423414
Bangladesh,BGD,2014,0.437159797644511,43.7361238704853,6.0610593588495,6.99163889220849,15.6102159133793,4.417,-0.5913028655812983
Bangladesh,BGD,2015,1.32188871858147,44.4069718062837,6.55263987816197,6.19428022984984,14.8923360012126,4.397,0.39347560349293226
Bangladesh,BGD,2016,0.351171861174517,37.7986426672318,7.11347821270093,5.51352572692995,16.6977571298921,4.35,0.668638878022719
Bangladesh,BGD,2017,-2.03756600416726,40.4489561448676,6.59024999794057,5.70207015717239,13.7393957256101,4.372,2.5098737055646185
Bangladesh,BGD,2018,-2.20783912081882,40.0247365906979,7.31941263014136,5.54362139486476,11.5061687301015,4.439,3.765232237641815
Bangladesh,BGD,2019,-0.839485005371136,39.0344709350066,7.88191515117722,5.59199639930629,11.9052656804273,4.504,1.1828986591712287
Bangladesh,BGD,2020,0.318940441964321,39.161059242521,3.44801755122445,5.69107474746211,13.0848853408394,5.539,0.49479187403543845
Bangladesh,BGD,2021,-3.78969259910935,39.0820163295701,6.93867912442445,5.54565430773473,9.17570944395813,5.457,0.2502275256277164
Bangladesh,BGD,2022,-3.81010813041237,38.9555684288032,7.09982877575158,7.69695437176898,7.50229843884212,4.593,7.829568104694876
Bangladesh,BGD,2023,-1.64602823544154,37.6413802339103,5.77511237007889,9.8835030377921,7.01325429366015,3.352,15.874388487943856
Bangladesh,BGD,2024,-0.669466607987832,35.8111715787963,4.22325911250161,10.4657482763412,6.13100150312289,3.635,8.742559105222805
Barbados,BRB,1990,-0.354355356419997,36.2031134173462,-3.30759330759331,3.07457271078019,13.5532748975906,22.41,0.0
Barbados,BRB,1991,-0.964043429645234,37.621062992126,-3.89990721506513,6.25752663270023,-0.734096198603569,22.41,0.0
Barbados,BRB,1992,7.46893059258753,38.5293817066939,-5.69252080356588,6.09389302994638,5.32760860857927,22.94,0.0
Barbados,BRB,1993,4.12217800577057,36.9236144578313,0.793068842655458,1.11343933604483,3.58386703333905,24.54,0.0
Barbados,BRB,1994,6.232814693169,38.9565518835221,2.01078208266563,0.0772043884602322,7.55458652137123,22.98,0.0
Barbados,BRB,1995,0.0422416324366867,42.5032518501906,2.0139983230294,1.87886279357232,4.75492746685537,19.66,0.0
Barbados,BRB,1996,5.95962010341529,41.6304164913757,3.97647593869304,2.38615222842325,17.9449888340526,14.71,0.0
Barbados,BRB,1997,-3.20811236581199,44.196815920398,4.74010359217981,7.71053878969883,6.14753822207548,14.61,0.0
Barbados,BRB,1998,-3.76918641701839,45.3831627250265,3.72846419786779,-1.26888660701213,7.93677495120055,12.4,0.0
Barbados,BRB,1999,-4.48134518357529,47.5657739599124,0.33465616730885,1.56006240249605,7.13233413022575,10.61,0.0
Barbados,BRB,2000,-3.33993473383023,47.9021081876123,4.44718949183194,2.43581303489138,9.59827187738454,9.35,0.0
Barbados,BRB,2001,-3.64191735837973,59.2481420854477,-2.36546415544167,2.57783490431288,34.2277764560037,9.85,0.0
Barbados,BRB,2002,-4.66106017866377,60.45039433446,0.787401645449506,0.12524945805602,15.3747970015941,10.32,0.0
Barbados,BRB,2003,-5.86397699078632,62.4024770213429,2.175481019956,1.61943319838054,4.6167631814244,11.0,0.0
Barbados,BRB,2004,-12.6937325840461,67.2683263173175,1.411597864066,1.39442231075691,11.72918809201,9.57,0.0
Barbados,BRB,2005,-12.9792521453765,72.7644717895012,3.95545709487497,6.08218729535043,16.8857698240857,9.08,0.0
Barbados,BRB,2006,-10.4893661741424,73.6824583951755,6.07054679359618,7.3076626282894,5.34519670767816,8.73,0.0
Barbados,BRB,2007,-7.42918018711688,71.2823043246832,2.07918360507011,4.0342298288507,20.9123107231379,7.41,0.0
Barbados,BRB,2008,-9.01616589623384,75.5321427392734,0.633460425791839,8.1081081081078,1.15400732761115,8.12,0.0
Barbados,BRB,2009,-8.53071833117839,82.7716199646164,-5.01727544996282,3.64386189258337,0.573020933007373,10.02,0.0
Barbados,BRB,2010,-5.01692524307779,82.7716199646164,-8.08072121134387,5.82421853311866,0.573020933007373,10.69,0.0
Barbados,BRB,2011,-3.12073431018442,82.7716199646164,-0.074211165126286,9.4322024017722,0.573020933007373,11.19,0.0
Barbados,BRB,2012,-8.17455835698894,71.899876532912,-2.85797051387257,4.53334753888775,0.573020933007373,11.59,0.0
Barbados,BRB,2013,-4.46082570308174,68.861020043666,0.195322007310409,1.81410436049096,3.7587147379968,11.55,0.0
Barbados,BRB,2014,-11.3557393726686,67.739664416666,0.807325350394564,1.76950322089729,3.1682328318263,12.17,0.0
Barbados,BRB,2015,-1.73226401768809,68.650157381139,-0.772620078410995,-1.11278992510958,6.12164579183792,9.803,0.0
Barbados,BRB,2016,-7.96597920809368,69.9356245538057,1.41632446821541,1.28192813061895,4.152880717122,8.247,0.0
Barbados,BRB,2017,-5.06886376225887,70.1136669090852,0.654655602860373,4.66018463955995,1.21505459707057,8.62,0.0
Barbados,BRB,2018,-5.06886376225887,68.5626199243041,-0.252085325827849,3.1060057242059,-0.128668851660985,8.321,0.0
Barbados,BRB,2019,-5.06886376225887,67.3212139592485,0.241099789148677,1.67662473276988,2.96304016937077,8.41,0.0
Barbados,BRB,2020,-5.06886376225887,75.9375954537997,-17.4059314651747,1.67662473276988,7.25779056069876,10.586,0.0
Barbados,BRB,2021,-5.06886376225887,68.490259704605,8.0198770096479,1.67662473276988,5.97057292440299,11.015,0.0
Barbados,BRB,2022,-5.06886376225887,61.0582409837027,15.9453206225473,1.67662473276988,5.34552950730091,7.261,0.0
Barbados,BRB,2023,-5.06886376225887,59.7307883078148,1.81419817804516,3.18718905472632,0.937768286714135,6.54,0.0
Barbados,BRB,2024,-5.06886376225887,59.7307883078148,3.3669492581395,1.4464366430616,0.937768286714135,6.448,0.0
Belarus,BLR,1990,-2.67279898477157,24.8038771042749,-1.1999957451749,1190.22923349187,158.413695061141,0.6,0.0
Belarus,BLR,1991,-2.67279898477157,24.8038771042749,-1.1999957451749,1190.22923349187,158.413695061141,0.6,0.0
Belarus,BLR,1992,-2.67279898477157,24.8038771042749,-9.60000108728426,1190.22923349187,158.413695061141,3.1,0.0
Belarus,BLR,1993,-2.67279898477157,24.8038771042749,-7.60000201957324,1190.22923349187,158.413695061141,8.5,0.0
Belarus,BLR,1994,-2.97225278817512,24.8038771042749,-11.7000038612152,2221.01656992039,158.413695061141,12.8,0.0
Belarus,BLR,1995,-3.279971291319,24.8038771042749,-10.4000003781854,709.346032118606,158.413695061141,17.7,216.41336725153923
Belarus,BLR,1996,-3.55782368148984,24.8038771042749,2.80000456599095,52.7120767531954,52.4269015372561,24.4,14.833043523546884
Belarus,BLR,1997,-6.08136433770411,24.8038771042749,11.4000054007553,63.937366335748,111.359612321826,17.1,96.68021281629409
Belarus,BLR,1998,-6.67782915883964,24.8038771042749,8.3999913697987,72.8697170535353,276.004214169882,14.0,77.27381142458918
Belarus,BLR,1999,-1.59575083342586,24.8038771042749,3.3999992040046,293.678750889773,132.652054286207,12.8,440.4469798499619
Belarus,BLR,2000,-3.60449996573167,24.8038771042749,5.80000327485702,168.620235850933,219.267787146374,12.193,251.69130642389476
Belarus,BLR,2001,-4.28011087042602,24.8038771042749,4.72530605111095,61.1349331618477,58.7820109846815,11.561,58.54006273167951
Belarus,BLR,2002,-2.23160130536418,24.8038771042749,5.04526758311702,42.5375481348794,49.0285325030848,10.874,28.842925659472655
Belarus,BLR,2003,-2.55870194011727,24.8038771042749,7.04319246586394,28.3978399133474,54.345361911765,10.191,14.537480805918342
Belarus,BLR,2004,-5.15047246548436,24.8038771042749,11.4497432088167,18.1082424937646,49.9811719928102,9.463,5.313129056174698
Belarus,BLR,2005,1.518035769229,24.8038771042749,9.40000151584914,10.3388794457932,42.2092776740766,8.759,-0.2979968823161121
Belarus,BLR,2006,-3.75494824327905,24.8038771042749,9.99999473022963,6.99712903535591,39.2605045057117,8.066,-0.4297403373229796
Belarus,BLR,2007,-6.6536778047307,24.8038771042749,8.60000659811426,8.42675273505306,39.9874635163718,7.41,0.07060486648965
Belarus,BLR,2008,-8.16202153003141,28.6341928703729,10.1999994860937,14.8378764828254,26.3408071099272,6.728,-0.45109412750529143
Belarus,BLR,2009,-12.0546848610717,35.9356304010168,0.199995231733979,12.9456563410402,23.0804865807692,6.1,30.736401717596568
Belarus,BLR,2010,-14.4678043936086,42.8113733077251,7.75001707500896,7.73574804312515,31.891975360826,6.052,6.64008285023234
Belarus,BLR,2011,-8.18054584289412,37.9586183664502,5.54997471638077,53.2286983118172,121.239445161301,6.024,67.01751323088827
Belarus,BLR,2012,-2.83500762120659,21.7775564368289,1.70785253368828,59.2197360232519,45.0544489128468,5.962,67.58819745508887
Belarus,BLR,2013,-10.0192566839897,22.926202521737,0.998719299661161,18.3122610377873,19.8476487537714,5.942,6.515062856110193
Belarus,BLR,2014,-6.63303695478998,23.6326621102425,1.65112470228097,18.1195543526734,23.8666981165717,5.908,15.13560871402507
Belarus,BLR,2015,-3.24348147204404,27.8828200949374,-3.82957056812593,13.5344897649734,36.5415428750788,5.881,55.769059761805984
Belarus,BLR,2016,-3.37736852773594,25.7170291419604,-2.5264464460425,11.8365807653497,3.79608009918216,5.844,24.92554883825634
Belarus,BLR,2017,-1.74032515049902,26.2361143981647,2.53218349471909,6.03183725177795,17.4262118950938,5.648,-2.876067330368812
Belarus,BLR,2018,0.0381469405173492,27.6140940559861,3.14919758275296,4.87230220550686,8.4930680221995,4.763,5.4476218405126655
Belarus,BLR,2019,-1.9341665879178,28.7688813037131,1.44645548204305,5.59815595039848,12.2054825418902,4.165,2.6587543402600464
Belarus,BLR,2020,-0.290687853658269,32.5082968438587,-0.672742918585868,5.54814357456519,4.7226943280456,4.049,16.62656266184374
Belarus,BLR,2021,3.33503209952537,29.1729868961267,2.43886210234947,9.46028389623099,6.98964541965534,3.9,4.062182962196283
Belarus,BLR,2022,3.81254519379628,29.1729868961267,-4.65839591328999,15.209675274081,6.98964541965534,3.574,3.4437255655016923
Belarus,BLR,2023,-1.03659609651183,29.1729868961267,4.12654007153881,5.0005990309131,6.98964541965534,3.461,14.51772590533491
Belarus,BLR,2024,-2.07223267740223,29.1729868961267,4.34999638140579,5.78531910428005,6.98964541965534,3.458,7.941931157552985
Belize,BLZ,1990,2.80749417239215,24.5406997929626,11.3429425965195,3.05907172995786,15.1516522840961,9.647,0.0
Belize,BLZ,1991,-4.32391050443779,27.7452599969062,11.7787032699319,0.76195150080688,10.0971901026315,9.647,0.0
Belize,BLZ,1992,-4.11072422552554,26.734727419817,12.7362233602929,2.39670073025188,12.973508770003,9.654,0.0
Belize,BLZ,1993,-6.44728055367916,25.6557233273843,6.13788542592131,1.4725969469368,3.27455674512997,9.78,0.0
Belize,BLZ,1994,-5.1898196253618,26.2535013824144,-0.0199863391166843,2.56934304644295,8.37996978240508,11.1,0.0
Belize,BLZ,1995,-2.10685382583044,26.6579036337166,0.731558011871286,2.88961584372151,18.1933267611384,12.48,0.0
Belize,BLZ,1996,-0.781452952122277,28.1082570471004,1.10530578663676,5.96502097537242,7.58151130511785,13.82,0.0
Belize,BLZ,1997,-3.65785461270875,30.9324132601297,4.2346158780441,1.1490375676054,11.5391971692926,12.68,0.0
Belize,BLZ,1998,-6.4418161836807,32.8681971956209,3.89301999542513,2.1952625003759,5.88380293011242,14.31,0.0
Belize,BLZ,1999,-7.28129885720708,32.0661513821391,9.42319471476534,2.62139524582746,15.7671068670391,12.84,0.0
Belize,BLZ,2000,-14.1961321823555,29.8605678871483,12.2406120663359,3.06743966930585,12.4181104417696,10.841,0.0
Belize,BLZ,2001,-16.2421438938367,32.8925041838192,4.99356206143864,3.65141786561502,10.2025125466228,9.07,0.0
Belize,BLZ,2002,-13.2906443598954,35.5380430634143,5.39907320663811,4.24026660688645,2.93707844778046,10.04,0.0
Belize,BLZ,2003,-14.0861625835692,38.6289176191416,9.66522679614125,2.31808274663101,4.9306465609274,10.342,0.0
Belize,BLZ,2004,-11.0643857808538,40.1698826312204,4.78066505273344,6.39443099742399,13.1531048850789,10.586,0.0
Belize,BLZ,2005,-10.2571610027522,40.1065008277836,2.2191905367057,-1.1043104441191,6.57351275593747,10.91,0.0
Belize,BLZ,2006,-1.59601197898101,42.2243890062586,4.51145460193301,-7.11376771265014,16.4750829051037,9.39,0.0
Belize,BLZ,2007,-3.05300014756492,45.5500218829615,3.33939738340764,2.31808274642021,15.371103923701,8.51,0.0
Belize,BLZ,2008,-8.33368485730916,49.4066264782678,-1.62747776449082,6.39443100250034,13.2788819659501,8.18,0.0
Belize,BLZ,2009,-4.90747054418946,52.875376389189,-0.446709636828217,-1.10431044864355,6.43415570003595,8.323,0.0
Belize,BLZ,2010,-2.61503524197613,49.834593380951,1.41741099233461,0.917977378808888,-0.114401924530565,8.412,0.0
Belize,BLZ,2011,-1.08916367736911,47.621805118508,-0.13007112300869,1.602056156402,5.28085850288996,8.424,0.0
Belize,BLZ,2012,-1.72726539315554,46.4799548634684,3.94389321816617,1.30058074547858,11.008878608192,8.378,0.0
Belize,BLZ,2013,-3.56655574064554,44.870328091001,4.06646561608865,0.50974776898322,1.35295281015746,8.349,0.0
Belize,BLZ,2014,-6.35388372737354,44.6944711868936,3.89226067249989,1.20139964481058,7.89331525685519,8.244,0.0
Belize,BLZ,2015,-7.96753156620874,45.8912140120779,2.7602602736023,-0.861584009427748,7.56150114783352,7.578,0.0
Belize,BLZ,2016,-7.29844356817202,44.7352890566705,-0.0187414958130319,0.663427167917601,2.64907916332178,7.0,0.0
Belize,BLZ,2017,-6.97409797709741,44.3763660186055,-1.83323729057784,1.14765339305816,-0.368487042668548,6.596,0.0
Belize,BLZ,2018,-6.59667558600349,45.3308497476754,0.822068592512508,0.269982622646335,2.65189388275065,9.346,0.0
Belize,BLZ,2019,-7.75435271449132,45.9626481720037,4.25658710030072,0.187069385181424,4.64126778176854,9.053,0.0
Belize,BLZ,2020,-6.24826598310847,55.0782426439392,-13.5228997055506,0.121434644614894,11.9226315140433,10.763,0.0
Belize,BLZ,2021,-6.50036889086314,47.6178389837793,17.9899244143607,3.23563659237071,12.3914957067023,10.302,0.0
Belize,BLZ,2022,-8.27531709191242,42.4867905443199,9.25051329530994,6.27689319447544,3.48102357073647,8.682,0.0
Belize,BLZ,2023,-0.647046395801411,42.0392582524557,0.500127941638667,4.38984017487675,8.21445083517558,8.278,0.0
Belize,BLZ,2024,-1.61559738392131,41.2775860732497,3.50466435023895,3.28955985952768,9.35975818236791,8.698,0.0
Benin,BEN,1990,-0.925585932447158,19.1276890376961,8.9761343599898,0.440599214931794,28.6315508616751,1.637,0.0
Benin,BEN,1991,-10.8930810294078,15.3838102636286,4.22579942071668,0.440599214931794,10.6685130979979,1.637,3.614907725811254
Benin,BEN,1992,-4.28904687368759,11.6744766178662,2.95771082720395,0.440599214931794,18.7131841585947,1.51,-6.173229904852485
Benin,BEN,1993,-2.58299670414555,10.5145447070759,5.83617208501383,0.440599214931794,-3.10003600664703,1.494,6.978220971356866
Benin,BEN,1994,0.660280507734446,8.45262514060143,2.02040044761662,38.5308661668538,47.9009214037502,1.453,96.07276379386906
Benin,BEN,1995,-7.69564346950044,7.42840515414758,6.04519865041564,14.4625482180894,-1.83678378370881,1.305,-10.096504981497775
Benin,BEN,1996,-1.73457487701648,8.47764074613428,4.32428403131786,4.91423972637201,13.0250014532912,1.246,2.4850332541484295
Benin,BEN,1997,-6.78725035015034,5.41528298944634,5.73468837521307,3.46629590564776,4.63993102322573,1.1,14.097663858709783
Benin,BEN,1998,-5.39739989943456,6.91321098678385,3.96101213832645,5.75331458417064,-3.56075094608954,1.048,1.0763631794837631
Benin,BEN,1999,-4.2321738931756,7.14232695249229,5.34144937204417,0.326722893396866,34.7913265934539,0.949,4.326044238205464
Benin,BEN,2000,-2.2949879315414,7.76142973832025,5.85771420543269,4.16540442290283,25.9647075047913,0.864,15.392157567337561
Benin,BEN,2001,-2.04549532483075,5.13608000150082,5.33313570603937,3.98429547767893,0.739246036998782,0.766,3.124396929695248
Benin,BEN,2002,-3.74152919965989,4.83318968885773,4.64303087074482,2.48916235491541,-11.8482869019221,0.69,-5.28189358320083
Benin,BEN,2003,-6.20555050861218,7.67128464773378,3.44357677591658,1.48724246145442,22.2440894052716,0.747,-16.40675079798575
Benin,BEN,2004,-4.66878856732409,7.80447197593826,4.42968455385082,0.8738908308685,-12.0306456619487,0.79,-9.063567367038338
Benin,BEN,2005,-3.44376642481129,9.03431033571311,1.71316456361184,5.36452085832342,16.8603821715559,0.859,-0.015107888500813323
Benin,BEN,2006,-3.08778709107344,10.3350666644978,3.94373882815798,3.78217696540375,27.2272052551172,0.888,-0.9165786826361405
Benin,BEN,2007,-6.54621938784528,12.3091832074478,5.98634932177609,1.29806813334152,18.8920908844797,0.902,-8.382419301811142
Benin,BEN,2008,-5.49862209196275,12.78056590883,4.89657708429647,7.94729876067854,25.4222530282522,0.895,-6.818089863675753
Benin,BEN,2009,-6.69033181086782,15.1297116490958,2.31929213912838,0.896072355749069,8.01049584667733,0.95,5.44694611026645
Benin,BEN,2010,-5.56723414629173,15.8348376803157,2.11406472648392,2.20783532536524,9.77014665532077,1.04,5.209692006207842
Benin,BEN,2011,-4.83328627198862,16.5743404440371,2.96375291904201,2.7042390774728,9.38019563254556,2.647,-4.758672099029558
Benin,BEN,2012,-5.17832684259519,15.6475924079483,4.811223315688,6.74468253340712,7.46034478142468,2.458,8.34118352607381
Benin,BEN,2013,-5.37925541995639,16.4539498482644,7.19143372144946,0.428888888888884,17.3326731233816,2.198,-3.2624635808944187
Benin,BEN,2014,-6.66790663182434,16.7371091356356,6.35767909791932,-0.548757550948181,18.3515789309548,1.952,-0.028810302750215594
Benin,BEN,2015,-5.964093171322,16.7357064364676,1.77815106030278,0.218785923536245,6.13645187394475,1.886,19.737300534232
Benin,BEN,2016,-2.99669454869691,17.4823722798533,3.33967342629693,-0.793310145785624,0.175468917236842,1.834,0.2357729194385838
Benin,BEN,2017,-4.18078964014056,16.5779195095065,5.67156195150444,0.0432648555103608,1.04388864244228,1.691,-2.0163267393074817
Benin,BEN,2018,-4.5491953448839,16.7464154376754,6.69725362180888,0.919170717886054,4.79888678525398,1.426,-4.34168572181623
Benin,BEN,2019,-3.99948140400369,17.6107025365193,6.86568662848335,0.732849371241066,6.01152739985355,1.214,5.491862428450387
Benin,BEN,2020,-1.74648575797682,15.5371207615124,3.84879240030133,3.02272119663759,17.3018889801569,1.518,-1.98929054016822
Benin,BEN,2021,-4.15352071063382,15.5860792794621,7.1554516457574,1.73353962694036,16.6664813091209,1.833,-3.427988441980392
Benin,BEN,2022,-5.68712530548324,17.1000410708093,6.25294705373625,1.35077863583527,13.0110632647081,1.685,12.315829226579893
Benin,BEN,2023,-8.17628006592928,18.6083305389739,6.3527773854442,2.73870078406075,-0.43389044827875,1.641,-2.609896246155416
Benin,BEN,2024,-8.17628006592928,18.9801611697157,7.45311566226201,1.16093089640415,1.41372931074125,1.637,-0.05104790296924634
Bhutan,BTN,1990,-4.01983346623616,4.28637103785198,10.3831179126517,10.0118383223406,10.4761904761905,1.381,0.0
Bhutan,BTN,1991,-4.01983346623616,5.60122426915872,-0.407875722553669,12.2751729438893,29.5791620318873,1.381,29.930775749611794
Bhutan,BTN,1992,-4.01983346623616,6.8370247003056,4.60089124887257,15.975217361539,13.5274340081551,1.391,13.963545384325654
Bhutan,BTN,1993,-4.01983346623616,7.09363767167423,1.98636656014881,11.1980165874679,22.3692501575299,1.418,17.65257204590131
Bhutan,BTN,1994,-4.01983346623616,8.91022035384813,4.95150372472288,7.00995355009951,23.3419155509784,1.405,2.8873591049396317
Bhutan,BTN,1995,-4.01983346623616,7.96940605843654,7.07411745757784,9.48754836789369,35.6322798814345,1.4,3.3573749343633494
Bhutan,BTN,1996,-4.01983346623616,6.96074283542896,5.56517288179062,8.79001381935162,8.95099729130756,1.392,9.27032892162218
Bhutan,BTN,1997,-4.01983346623616,11.511583135709,5.37383854585261,6.50548718269086,58.9416883263646,1.393,2.483865872583442
Bhutan,BTN,1998,-4.01983346623616,9.81791086219836,5.91403093576604,10.5855899892463,13.9444355569775,1.4,13.620577298809216
Bhutan,BTN,1999,-4.01983346623616,8.66714401394198,7.98397179406629,6.77699393553632,32.0463621614876,1.4,4.353104642626953
Bhutan,BTN,2000,-4.01983346623616,8.43954225603468,3.35506838174288,4.01212081070342,17.3745082519168,1.655,4.38081036394272
Bhutan,BTN,2001,-4.01983346623616,9.39292340464114,7.32837435673082,3.41478946111594,7.85235789951386,1.9,4.994946590507166
Bhutan,BTN,2002,-4.01983346623616,10.6662184247646,10.4437797168913,2.45535714285714,43.1163098617962,1.854,3.0176164583531095
Bhutan,BTN,2003,-4.01983346623616,12.3874743748482,7.78656040877364,2.57230861693339,5.08098357381843,1.8,-4.169968506172628
Bhutan,BTN,2004,-4.01983346623616,15.1137476839245,5.15725736177561,4.10593698272958,16.1730341815623,2.49,-2.7194679865585556
Bhutan,BTN,2005,-4.01983346623616,17.1978616159467,6.93507146766659,5.3126310463775,12.9891929031602,3.1,-2.6844362681996405
Bhutan,BTN,2006,-4.01983346623616,20.3845618384093,5.6408051539139,5.00045438022541,18.663101224858,3.13,2.7370385886461377
Bhutan,BTN,2007,6.7638187377148,22.3078367126537,16.1047836542012,5.15611138758463,11.7757379615188,3.7,-8.737003712266008
Bhutan,BTN,2008,-8.53782563873567,28.6154679169836,4.52944877696235,8.32716049382713,26.1709066249646,3.848,5.215783550565278
Bhutan,BTN,2009,-4.95294069475194,30.8009857742806,7.66749238553135,4.36112219119805,25.8445908522162,3.96,11.26321729479737
Bhutan,BTN,2010,-18.9069431459851,38.4589220348196,11.9318738376229,7.03638316073019,16.6437896122737,3.32,-5.535460766916206
Bhutan,BTN,2011,-26.6070202039628,43.0834159551712,8.4892584842808,8.848985699468,4.38871016537587,3.23,2.0659109190897755
Bhutan,BTN,2012,-19.1060720878636,42.2500390351052,5.16482012683895,10.919656944683,5.79017660964777,2.05,14.499033650116921
Bhutan,BTN,2013,-24.293493248344,42.2246322971743,1.73634039505693,8.77638345268213,3.74653908476992,2.87,9.657333962524381
Bhutan,BTN,2014,-23.4688052620108,41.0852999502378,5.88108550658288,8.27106093949328,25.9149766063118,2.63,4.149758454132462
Bhutan,BTN,2015,-25.0627177353296,42.5291421509687,6.66080128866197,4.54814395082205,3.88727939936625,2.45,5.116262238167855
Bhutan,BTN,2016,-26.4131091642844,44.1289341391622,8.47594339232963,3.21988689395718,23.5344310656785,2.707,4.7440001539670655
Bhutan,BTN,2017,-20.854696561702,48.3130245523484,2.08684522733067,4.95508366985129,17.327356507753,3.027,-3.086144071190997
Bhutan,BTN,2018,-18.5091513975915,54.8478285365288,3.50187185732737,2.72396386183713,6.55035887835865,3.35,5.018150693340044
Bhutan,BTN,2019,-18.3062679862316,59.3734191159055,5.75514851246506,2.72643037388832,12.4264740808004,2.72,2.9695705036495017
Bhutan,BTN,2020,-15.5091108691023,67.5524988399458,-10.2183974208569,5.62936522632508,28.0016404376594,5.03,5.224664237134109
Bhutan,BTN,2021,-11.5313120542653,64.8888785590366,4.42136738945015,7.3468144053353,3.20389079088667,4.803,-0.24501366985759046
Bhutan,BTN,2022,-27.8005472490936,67.8714365442651,5.21386783786224,5.6391667139637,10.5394146674913,5.947,6.340102485246864
Bhutan,BTN,2023,-33.907387068313,71.443668276291,4.63215702969933,4.22934419929251,5.99715772488855,3.126,5.082134409190095
Bhutan,BTN,2024,-19.4017852146799,68.3942712583345,7.49856206754038,2.76131569624098,11.5122460051064,3.282,1.2954170797865368
Bolivia,BOL,1990,-4.08621725498031,24.025560723537,4.63578742813344,17.1187746048239,52.8655207280081,2.935,0.0
Bolivia,BOL,1991,-4.91460043574974,28.6601674106482,5.26652663501228,21.4470698171141,50.7328817864324,2.935,12.858598752882608
Bolivia,BOL,1992,-9.45982310670761,36.3046144350101,1.64649821845634,12.060323601829,34.473679591371,3.03,8.934468770437245
Bolivia,BOL,1993,-8.81476005818446,45.4982377364528,4.26929615211904,8.52787695688003,33.7027319836577,3.05,9.34662501976215
Bolivia,BOL,1994,-1.50805282011654,49.9360590122096,4.66726507417057,7.87404421467434,24.2114203707862,3.08,8.333561282507347
Bolivia,BOL,1995,-4.50473141321793,48.2018453881021,4.67827659737812,10.1932067630745,7.65772492552916,2.664,3.891880778123659
Bolivia,BOL,1996,-5.133062205972,52.7372304538668,4.36134197138718,12.4254866180049,39.8379394971308,2.375,5.713568999428785
Bolivia,BOL,1997,-6.9835778359685,58.2754233787146,4.95420873383996,4.70844436028193,18.9645180258686,2.08,3.5400896784400815
Bolivia,BOL,1998,-7.83878104393264,64.0518430826259,5.02935475584462,7.67322895675083,13.4231882362404,2.121,4.8698595266379305
Bolivia,BOL,1999,-5.890117136131,64.4499926981327,0.426885378297442,2.15951626835598,3.23057852391079,2.299,5.485801916469051
Bolivia,BOL,2000,-5.31504626126909,58.7218026947676,2.50781081484664,4.60822998872598,1.55312295119305,2.439,6.385190304076597
Bolivia,BOL,2001,-3.36560781532762,53.5566000288068,1.68379914527159,1.58965377879568,26.0219664688232,2.623,6.846804352953065
Bolivia,BOL,2002,-4.45175564078361,51.001676850074,2.48556576601922,0.92825885161107,-5.80149981406202,2.603,8.522634108194634
Bolivia,BOL,2003,0.935302518905602,47.8805198583619,2.7113398065361,3.33727499671534,14.2209074646455,2.654,6.822408182240869
Bolivia,BOL,2004,3.84682632206803,42.6507012903778,4.1732955905708,4.43738080101725,-5.10857444983913,2.615,3.6178870634314872
Bolivia,BOL,2005,6.5182863397886,39.7951588996808,4.42143313550196,5.39323106890663,13.8454238055286,2.598,1.635477218507514
Bolivia,BOL,2006,11.5044547652471,35.1778876648113,4.79700881067477,4.28239604802561,23.3590951183943,2.575,-0.6749989022937631
Bolivia,BOL,2007,12.1283006687241,34.3464279647996,4.56438425143126,8.70560923578869,26.9401777008987,2.614,-2.001737128586249
Bolivia,BOL,2008,11.9507379319002,31.4948343659664,6.14849787777658,14.0068107702519,24.6915547889029,2.603,-7.80671663850776
Bolivia,BOL,2009,4.6916976138782,34.0214297799199,3.35699958346049,3.34645420142014,10.128223510549,2.973,-3.016178862444383
Bolivia,BOL,2010,4.44660536937585,36.029022193555,4.12672258996274,2.50327605844241,12.6337098923385,2.609,-0.047483380816658316
Bolivia,BOL,2011,2.24179461328449,36.7535059221777,5.20409245282328,9.88446419823883,22.9662909360035,2.255,-1.1359263657957748
Bolivia,BOL,2012,7.2736779094105,38.9658038429773,5.12227560125973,4.51560291399376,19.3685036851423,2.066,-0.3886787624987129
Bolivia,BOL,2013,3.4377206274777,40.9310950343345,6.79601141268498,5.73640023719607,18.1087052297316,2.437,0.0
Bolivia,BOL,2014,1.71604883648801,43.7497193000006,5.46056949136766,5.76660074579144,15.6438395125988,2.021,0.0
Bolivia,BOL,2015,-5.86726594426454,51.4488724591572,4.85718718508603,4.05961041135645,13.1400450894711,3.111,0.0
Bolivia,BOL,2016,-5.61927215929093,57.4086457676424,4.26392086992173,3.62321431764138,0.00249099177199616,3.498,0.0
Bolivia,BOL,2017,-4.13313217775547,47.873300738401,4.19520633364647,2.8227580554717,9.99015742060247,3.655,0.0
Bolivia,BOL,2018,-3.56297103526121,52.1161124499522,2.86808404814794,2.27205987230155,4.13051568387533,3.519,0.0
Bolivia,BOL,2019,-2.7847295845975,54.8862654855189,1.50672102666863,1.83954504969026,-1.56148160705353,3.682,0.0
Bolivia,BOL,2020,-0.0376136227262251,67.9175707789288,-12.7194690092717,0.940742153381849,-29.948831193957,7.903,0.0
Bolivia,BOL,2021,3.32421194395375,62.8488382346261,10.0290488827886,0.737383721452275,10.774041658949,5.089,0.0
Bolivia,BOL,2022,2.26510260577014,62.9475276019569,3.74741781241461,1.74632872945969,5.10335689777504,3.552,0.0
Bolivia,BOL,2023,-2.23776284504888,60.2219708371781,2.51636590154891,2.57688800489192,1.12779007401397,3.024,0.0
Bolivia,BOL,2024,-2.37784777133425,59.2427794669511,-1.12335595517212,5.09976568317427,11.7974801796888,3.274,0.0
Botswana,BWA,1990,-0.509050220366835,9.38453139733564,6.77282195004784,11.3963461199556,-13.9858116566977,13.82,0.0
Botswana,BWA,1991,7.6830925694356,11.8593607878807,7.45870921940397,11.7650160839535,41.5676406471353,13.82,8.658628954487146
Botswana,BWA,1992,4.76800146320831,14.6872963797026,2.91707018751026,16.1676123963339,13.2507493785641,16.33,4.361407957893655
Botswana,BWA,1993,10.2625863007121,14.228140914387,1.9161070518754,14.3308033365888,-14.4359221616562,18.761,14.852646671959604
Botswana,BWA,1994,5.2035041819095,13.9902576390954,3.62791615172975,10.5429209938218,12.8095705151178,21.2,10.794981583318714
Botswana,BWA,1995,6.33435588815427,11.8934437479984,7.03041024834083,10.512546081579,12.257088277955,21.394,3.2615541480866006
Botswana,BWA,1996,10.209974402478,10.0900408938312,5.82980001379714,10.0828580652108,18.7785787694187,21.593,19.91157465412629
Botswana,BWA,1997,14.3703922976174,9.6855105359072,8.32589088396591,8.71993127147747,28.6427346568982,21.031,9.823927384961964
Botswana,BWA,1998,3.54255087927287,12.1559474412172,0.443663586075374,6.66139865665752,39.4303108343633,20.86,15.75332647327648
Botswana,BWA,1999,10.6386786775837,13.8731694622537,9.66724070276106,7.74929619202848,26.333090567926,18.224,9.430349418346001
Botswana,BWA,2000,9.41804952240131,14.7111330843286,1.98769583378552,8.60148514851491,1.38636791252089,15.88,10.333165545628255
Botswana,BWA,2001,10.8425100137362,16.5861602106911,0.250573949689084,6.55903767014862,72.3927567126746,18.54,14.48725968487707
Botswana,BWA,2002,4.84207534572475,19.2801590248722,6.06953087648317,8.03279662527486,23.2633145281249,21.277,8.326319243334227
Botswana,BWA,2003,9.54244888755722,19.9773621242987,4.62589474959299,9.18990265632739,14.3146037617422,23.8,-21.778924980410476
Botswana,BWA,2004,3.53678323332071,21.935704704551,2.70582170611173,6.94570363654675,10.7097382026924,21.755,-5.168698228837081
Botswana,BWA,2005,16.1057108456086,19.763428572926,4.55664565323181,8.6102252854644,14.40286140937,19.852,9.01004864538585
Botswana,BWA,2006,19.6647760227163,20.936231035363,8.36387109282306,11.5552187914379,8.96190998961569,17.782,13.94537548248401
Botswana,BWA,2007,15.6550615013405,23.461755821797,5.79255577727118,7.08099847172693,31.4597640661204,16.976,5.301756913595012
Botswana,BWA,2008,1.39345872319277,26.3022588108671,3.25207295796832,12.7021883920076,21.4609367186341,16.293,11.197333076341511
Botswana,BWA,2009,-6.40593961472032,29.3564386244731,-14.1442346163423,8.02729703109582,-1.30263239592676,16.169,4.808702880656519
Botswana,BWA,2010,-5.88840225663454,27.5149277438416,10.119723322694,6.94887658743103,10.7016322665493,17.86,-5.0525438000878635
Botswana,BWA,2011,-0.872984775002237,27.8535285319926,6.83841052493574,8.45987233408583,4.44031898265385,18.049,0.6566204836641709
Botswana,BWA,2012,-5.90199267050561,32.9104608560684,-0.170857099335691,7.53690261091916,9.99402965931592,17.916,11.732440640126413
Botswana,BWA,2013,4.53073148351166,33.1944622770528,11.1029068737822,5.88460707056817,8.43467430483827,18.167,9.925801346547903
Botswana,BWA,2014,11.07503064485,32.5836928214003,5.69714422072884,4.40225309243427,4.59330902875529,18.484,6.872024042807159
Botswana,BWA,2015,2.22618287554396,35.9943679768934,-4.85132507409779,3.06203169580558,19.8754982425946,18.915,12.844224931067227
Botswana,BWA,2016,7.97299722000002,32.6906447797128,7.20442475914267,2.81495791361944,5.39107685227757,19.328,7.623332036175998
Botswana,BWA,2017,5.58580913830414,33.9522213058754,4.11437856445083,3.30828076768219,2.71694718031191,19.671,-5.079658965904401
Botswana,BWA,2018,0.392946349031096,34.7396633171423,4.18869237159223,3.23801558947715,8.31894664818532,19.665,-1.4249128204305312
Botswana,BWA,2019,-6.90505478190797,35.9371549010473,3.0317733945467,2.77286442863321,7.9900812674095,20.094,5.44993165832955
Botswana,BWA,2020,-9.8063111229932,39.7285319568677,-8.72888243996397,1.8903591682421,5.89245991324916,21.017,6.511562682071171
Botswana,BWA,2021,-1.76490531071366,34.5320284610526,11.9162724376008,7.24097765588442,5.02038651534099,23.106,-3.220806125336907
Botswana,BWA,2022,-0.595044523765841,29.8892158357415,5.48601706446772,11.665567478802,6.78583095846939,23.615,11.558763776136448
Botswana,BWA,2023,1.48789678399818,30.0559684945784,3.20806812224438,5.0676154934383,9.34827307678739,23.381,9.924763703320947
Botswana,BWA,2024,-4.25763140157322,33.1256504356331,-2.77988981666252,2.81835131676251,4.79816859731344,23.81,-0.244550327721961
Brazil,BRA,1990,-0.993090660229478,42.082789592995,-4.35000000000022,2947.732772483,640.868514747835,6.887,0.0
Brazil,BRA,1991,-0.423315529310288,45.1593163496425,1.03218958549303,432.786661926461,501.616587503433,6.887,495.32377524018943
Brazil,BRA,1992,1.8553169096048,84.4659027013337,-0.54407204977727,951.962053052818,1749.38273093026,7.086,1009.9156089174127
Brazil,BRA,1993,0.00543047313896343,134.113589135724,4.9246900037071,1927.38079016026,3280.65272709834,6.03,1859.8643071082633
Brazil,BRA,1994,-0.219464600014709,69.523199422634,5.85287036219013,2075.88839757325,1102.38325242776,6.579,1636.526557546905
Brazil,BRA,1995,-2.35736654973227,43.4945248168898,4.22379363350413,66.0070335542481,44.302154919907,7.092,38.060693133007035
Brazil,BRA,1996,-2.73368737119507,40.7784936784467,2.20886405039022,15.7576656002606,31.0349042272703,8.035,9.52778786778058
Brazil,BRA,1997,-3.63826290528202,40.8522371713945,3.39484598630671,6.92671251629154,17.2433206742621,9.003,7.252180545882987
Brazil,BRA,1998,-4.05145818781602,29.5322605655103,0.338097901207306,3.19507629280052,12.019348129374,10.15,7.655439513292437
Brazil,BRA,1999,-4.46660530392099,29.8269102028347,0.467937566477133,4.85844749902667,18.115344500041,11.125,56.30390313844048
Brazil,BRA,2000,-4.0477413019387,31.1409857776162,4.38794944745618,7.04414105947266,19.7046372390105,10.889,0.8539608030557856
Brazil,BRA,2001,-4.44478653179819,29.0040380210043,1.38989640095637,6.84035902487523,38.4078080654788,10.649,28.43566263974057
Brazil,BRA,2002,-1.84525901678299,29.6451419418143,3.05346185909312,8.45016437708331,6.14361610731487,10.641,24.29024541030436
Brazil,BRA,2003,0.392877183707379,27.6856699444345,1.14082899824888,14.7149197228147,18.5842465790452,11.168,5.379882561435748
Brazil,BRA,2004,1.33863064799445,29.372770255415,5.75996463670954,6.59718509985963,13.5668304135261,10.072,-4.950671024027909
Brazil,BRA,2005,1.30988466560485,31.8397841549909,3.20213206130431,6.86953720898964,18.3523037555262,10.551,-16.776388853631296
Brazil,BRA,2006,0.9727105230346,35.4251666765934,3.96198871122617,4.18356812896909,16.7581028383866,9.692,-10.64181851344605
Brazil,BRA,2007,-0.19709696108555,40.6909379433524,6.06987060678338,3.64127299102652,22.0199737935591,9.28,-10.493519747225992
Brazil,BRA,2008,-2.09933784786717,45.782255995169,5.09419544658736,5.67859390284168,17.8824581798215,8.268,-5.818606701562277
Brazil,BRA,2009,-1.7593578735281,47.4942898466145,-0.125812002161169,4.88803479876799,15.69467992336,9.419,9.033946874970804
Brazil,BRA,2010,-3.92594604454763,52.764657630443,7.52822581815364,5.03872690108075,13.7188868720295,8.42,-12.013507951093045
Brazil,BRA,2011,-3.19461831905473,58.0784911062018,3.97442307944702,6.6364496221309,16.5779267982988,7.578,-4.9111325340071055
Brazil,BRA,2012,-3.75941611687375,62.5192932018235,1.92117598576537,5.40349914036997,13.2068989805399,7.251,16.75245329132898
Brazil,BRA,2013,-3.57422079622864,64.2305738283777,3.00482266944432,6.20431066640101,10.1376898272109,7.071,10.394951768812177
Brazil,BRA,2014,-4.4988303801852,66.028510394056,0.503955740242247,6.32904015516139,12.9118870591697,6.755,9.130550626269365
Brazil,BRA,2015,-3.51839166799859,66.8297006475728,-3.54576339269425,9.02990102416136,11.5589675466884,8.538,41.39278809826996
Brazil,BRA,2016,-1.700113396765,62.1940069633522,-3.27591690782192,8.73914352329393,11.3908022394486,11.58,4.941802345010348
Brazil,BRA,2017,-1.22429925769002,59.4843092973742,1.32286905404399,3.44637335032669,4.19019691967834,12.792,-8.590577214265826
Brazil,BRA,2018,-2.80752008594698,60.2183479381776,1.783666761634,3.66485028376729,7.10415817034185,12.329,14.490112314344286
Brazil,BRA,2019,-3.41429103072781,62.790505078946,1.22077782360842,3.73297621216894,8.13626147855922,11.936,7.954560140148797
Brazil,BRA,2020,-1.64103541830151,68.6961548470609,-3.2767587964736,3.21176803803376,17.0242715916522,13.697,30.693790381832798
Brazil,BRA,2021,-2.35822097223117,68.8052246830253,4.76260437908608,8.30165975585673,12.2592082545636,13.158,4.640421059531023
Brazil,BRA,2022,-2.14967698505073,70.6060973782971,3.01669435393015,9.28010608956873,12.749851574354,9.231,-4.271660701353587
Brazil,BRA,2023,-1.23139445763703,71.0755405509113,3.24165532906981,4.59356282283204,14.6913349187946,7.947,-3.2841112282151794
Brazil,BRA,2024,-2.9880142706208,75.6308730941359,3.41931516501906,4.36746407652337,13.7069600898316,6.801,7.899982812094429
Brunei Darussalam,BRN,1990,32.0089732338031,31.7045594567715,2.64307356617202,2.13866293163795,47.6608321980224,4.7,0.0
Brunei Darussalam,BRN,1991,32.0089732338031,31.7045594567715,2.91065603669382,1.6,47.6608321980224,4.7,-4.688649404148718
Brunei Darussalam,BRN,1992,32.0089732338031,31.7045594567715,-3.12061882634288,1.27952755905515,47.6608321980224,4.791,-5.706540090494048
Brunei Darussalam,BRN,1993,32.0089732338031,31.7045594567715,-0.633649658776775,4.25170068027212,47.6608321980224,4.903,-0.8088460987542216
Brunei Darussalam,BRN,1994,32.0089732338031,31.7045594567715,0.992734958938726,2.4625184494679,47.6608321980224,5.007,-5.467704410997511
Brunei Darussalam,BRN,1995,32.0089732338031,31.7045594567715,1.34729376385607,5.96664139499613,47.6608321980224,5.066,-7.206100823107212
Brunei Darussalam,BRN,1996,32.0089732338031,31.7045594567715,-0.027315465853718,1.99613650998078,47.6608321980224,5.153,-0.5174471587737876
Brunei Darussalam,BRN,1997,32.0089732338031,31.7045594567715,6.34394499326551,1.71156004489335,47.6608321980224,5.204,5.302328715066772
Brunei Darussalam,BRN,1998,32.0089732338031,31.7045594567715,-6.65715931266875,-0.4413793103449,47.6608321980224,5.356,12.715186665821538
Brunei Darussalam,BRN,1999,32.0089732338031,31.7045594567715,4.26072216266995,-0.415627597672454,47.6608321980224,5.415,1.275990603100497
Brunei Darussalam,BRN,2000,32.0089732338031,31.7045594567715,3.47467627672586,1.55815247634946,47.6608321980224,5.53,1.7113515193108126
Brunei Darussalam,BRN,2001,32.0089732338031,31.7045594567715,1.4660608198711,0.59589041095899,-11.9303847149432,5.558,3.9304296881799656
Brunei Darussalam,BRN,2002,27.7227259839215,31.7045594567715,3.9614389000248,-2.31497242459321,1.8854203176852,5.652,-0.06330035296594261
Brunei Darussalam,BRN,2003,34.6565048941567,31.7045594567715,3.58342909978997,0.299999999999967,4.07105887215846,5.743,-2.703301428859969
Brunei Darussalam,BRN,2004,33.4391704190771,31.7045594567715,0.104538372603315,0.814223994682613,15.8346720830407,5.847,-2.9821775358506257
Brunei Darussalam,BRN,2005,38.2341251426641,31.7045594567715,-0.00392531660746442,1.24443711883965,-4.4974160779339,5.973,-1.528245197640751
Brunei Darussalam,BRN,2006,41.3567976989626,31.7045594567715,4.09841257308588,0.159888078345121,2.11689429640714,6.061,-4.534023072413291
Brunei Darussalam,BRN,2007,35.9467432469808,34.2003517323403,-3.76362326254647,0.967774119525101,6.70615456556892,6.187,-5.1501006964836105
Brunei Darussalam,BRN,2008,43.5683952508403,31.7685275176143,-3.90071101715114,2.08498023715415,9.57876240676493,6.312,-5.967414275303238
Brunei Darussalam,BRN,2009,33.3871860728932,40.1017864313274,-1.90025367202547,1.03571774271613,9.65560615099026,6.457,2.63925249840973
Brunei Darussalam,BRN,2010,36.5956039521887,36.9082710710888,2.74136439456163,0.356869132017561,4.80704568716595,6.487,-6.260258710885792
Brunei Darussalam,BRN,2011,34.7106649623831,28.1209484005362,3.74440625524871,0.13791156316954,10.0548918063225,6.506,-7.7444605685039924
Brunei Darussalam,BRN,2012,29.8383189683304,27.9921423332786,0.913135189664487,0.111766261400307,0.899078957511013,6.571,-0.6634801861232953
Brunei Darussalam,BRN,2013,20.880988176132,31.1924155479326,-2.12478292664558,0.389205053123632,1.4662689657432,6.709,0.12793657642214812
Brunei Darussalam,BRN,2014,30.7091836519482,33.2079784899882,-2.50788727590711,-0.207108731719822,3.22112611646944,6.862,1.2687730893261733
Brunei Darussalam,BRN,2015,16.6790432850896,41.4362678166928,-0.392383749502031,-0.488347420743522,-1.7593650562943,7.703,8.51359949479201
Brunei Darussalam,BRN,2016,12.893905740408,44.3021638754597,-2.47791771833224,-0.278693265753083,1.50926899284682,8.537,0.46810542729174165
Brunei Darussalam,BRN,2017,16.3622185514031,39.4618611204976,1.32872661057823,-1.2605056462896,-0.441585055591851,9.316,-0.032990470219785004
Brunei Darussalam,BRN,2018,6.92823103770899,35.0404687970572,0.0523710418528935,1.02505179290212,2.83751550037399,8.7,-2.315359780679821
Brunei Darussalam,BRN,2019,6.63555502727438,35.7055507452154,3.86884436177075,-0.390522069165529,4.26895996246336,6.6,1.1342381238970793
Brunei Darussalam,BRN,2020,4.27887462216476,39.6898831720749,1.1335733495246,1.94031996607184,-0.429671233653523,7.409,1.1350759060742805
Brunei Darussalam,BRN,2021,11.1384955049927,36.2693770865455,-1.59076260099606,1.73341388450593,2.70559579960102,4.905,-2.6017523742795485
Brunei Darussalam,BRN,2022,19.5161890419121,31.5556345664422,-1.62833154515108,3.68225030604216,1.25150470423448,5.191,2.6156609183655584
Brunei Darussalam,BRN,2023,12.8759901714781,37.0838497885739,1.12764418162719,0.35706431153689,2.68933848962653,5.296,-2.601735302385504
Brunei Darussalam,BRN,2024,14.5341402117213,37.7096497547376,4.05251709306727,-0.388674165036461,3.63299941414195,5.18,-0.5246393911477836
Bulgaria,BGR,1990,-8.25026552333348,82.8071908484295,-9.11737619878788,23.8000000000003,51.6650517115229,11.1,0.0
Bulgaria,BGR,1991,-1.00802688926044,82.8071908484295,-8.44535563764769,338.449111470112,51.6650517115229,11.1,0.0
Bulgaria,BGR,1992,-4.18348559995909,74.8684867979049,-7.27238740564677,91.2979327269304,51.6650517115229,15.3,31.216767622822385
Bulgaria,BGR,1993,-10.1439787718906,66.4511822036444,-1.48021466527921,72.8787913866333,53.8779980572524,16.4,18.21852663748567
Bulgaria,BGR,1994,-0.327523392395831,49.2504752408623,1.81801189464269,96.0573382686505,77.4813057385557,12.8,96.18208339499219
Bulgaria,BGR,1995,-0.135843892423199,27.5387292475874,2.90231544397766,62.0548336837992,40.4640048887849,11.1,24.083287664484924
Bulgaria,BGR,1996,0.127688068438994,50.7086842832035,5.20547920578709,121.60754244925,123.889203285358,12.5,164.83022145028286
Bulgaria,BGR,1997,3.7722989749992,8.54614557462452,-14.1153771596692,1058.37355921973,351.448616965317,13.7,845.4672960241049
Bulgaria,BGR,1998,-0.411875963679224,8.94489373327759,3.7891144939896,18.6722044420641,11.7561368067167,12.2,4.666159627995065
Bulgaria,BGR,1999,-4.781799140555,11.4781526300847,-8.39608774026568,2.57304281890212,13.3736479971378,14.1,4.318722987270593
Bulgaria,BGR,2000,-5.3121707536827,11.9555727399316,4.58722553234129,10.3162621289989,30.8003149309128,16.218,15.622645961718447
Bulgaria,BGR,2001,-5.67286092377739,14.3379998543361,3.82370222571771,7.36093927231841,25.9580435618066,19.921,2.893329094598198
Bulgaria,BGR,2002,-1.94489971800466,18.7772865579207,5.87193134676191,5.81014365721826,12.3446393024171,18.11,-4.931245589609448
Bulgaria,BGR,2003,-4.83379022036454,25.8951696836061,5.23715282493174,2.34864169582758,20.2042406274785,13.733,-16.575709064063364
Bulgaria,BGR,2004,-6.38831487911217,33.1446415995513,6.5104241389717,6.14713074246267,24.0079394665183,12.037,-9.09520392527659
Bulgaria,BGR,2005,-11.2051503131429,39.0634490571049,7.05634916258309,5.0388380711191,21.4931941705546,10.083,-0.0619375157499969
Bulgaria,BGR,2006,-17.053054521676,42.4504442636964,6.80259262432862,7.26159462769947,26.9273327223457,8.951,-0.9444350330336381
Bulgaria,BGR,2007,-25.7395900882889,58.4585168443168,6.65438512368812,8.40253419005893,31.2858764745145,6.878,-8.351147975544254
Bulgaria,BGR,2008,-21.7962184298019,66.9203015657929,6.12955885899744,12.3487195994021,8.85665216433777,5.609,-6.433178218629851
Bulgaria,BGR,2009,-8.18108400485089,68.9585674141038,-3.34714308501542,2.75320223914819,4.17212643201534,6.817,5.203360464681449
Bulgaria,BGR,2010,-1.90291712885645,68.2016629042061,1.55536266288017,2.43899060504117,6.30450909887787,10.279,5.025977026474635
Bulgaria,BGR,2011,0.472382025310572,65.2789513682864,2.09017598337418,4.21990346601872,12.181322544942,11.26,-4.801254463102639
Bulgaria,BGR,2012,-0.973520622135055,65.7832916456141,0.748814556346105,2.95456829831012,8.43229352228,12.27,8.218634276403742
Bulgaria,BGR,2013,1.21571887688313,66.1868509624893,-0.542753400392826,0.890093540913096,8.93577137376321,12.941,-3.18539688796885
Bulgaria,BGR,2014,2.19237265570796,59.2265452252125,0.949449772002041,-1.4181838026484,1.14402767166474,11.424,0.04184857601692359
Bulgaria,BGR,2015,0.0183972300944813,54.79459874964,3.39755351999294,-0.104633261008479,8.76553644651917,9.143,19.68660614351475
Bulgaria,BGR,2016,3.10210131284369,52.0197523897334,3.02662820096305,-0.798649886453617,7.60685832515517,7.575,0.20639688657164454
Bulgaria,BGR,2017,3.2462873346343,49.8038894112568,2.74592737750996,2.06159619443141,7.70576446040099,6.164,-1.8429052859806287
Bulgaria,BGR,2018,0.57450304784286,50.5406112544307,2.33015054210419,2.81454473824838,8.77829497368631,5.211,-4.518498955606928
Bulgaria,BGR,2019,1.65784486644031,49.8324838490204,3.79331964589196,3.10372944796771,9.88239152075389,4.148,5.431366139455335
Bulgaria,BGR,2020,1.46731874723096,51.3032068254938,-3.13323543125917,1.67244096855756,10.8841648659457,5.037,-1.7577333110738596
Bulgaria,BGR,2021,0.247490706249255,48.1534654169725,7.82817310703665,3.29774435299506,10.6987148417859,5.166,-3.6448825014564026
Bulgaria,BGR,2022,-1.36184875982261,44.7288118186282,4.08386398118941,15.3252589264367,13.195097164808,4.148,12.478521362740997
Bulgaria,BGR,2023,-1.15394184437216,45.3249399571121,1.68151075832925,9.44284140088564,8.69825982967889,4.319,-2.751134546203912
Bulgaria,BGR,2024,-0.516395583295193,47.0679032225989,3.38708962009333,2.44651943006079,8.73744155611785,4.2,-0.06219020066704973
Burkina Faso,BFA,1990,-10.324323038401,16.9069430252044,-0.602928477580988,-0.504303388918912,-0.497338603186416,2.467,0.0
Burkina Faso,BFA,1991,-10.324323038401,12.4641286806039,9.06998445877436,2.16260052713423,4.46669216170806,2.467,3.614907725811254
Burkina Faso,BFA,1992,-10.324323038401,10.9260780586609,0.232710761845951,-1.99113580736894,3.95647022139071,2.505,-6.173229904852485
Burkina Faso,BFA,1993,-10.324323038401,9.7738383449955,3.46138493945818,0.553455723541917,7.96950343803204,2.426,6.978220971356866
Burkina Faso,BFA,1994,-10.324323038401,7.02602949344018,1.31500727210265,25.1778762249963,29.3892228477894,2.58,96.07276379386906
Burkina Faso,BFA,1995,-10.324323038401,6.78518013833302,5.71637386269622,7.45884497828324,22.2565661241542,2.532,-10.096504981497775
Burkina Faso,BFA,1996,-10.324323038401,6.91233560097967,11.014743869558,6.09780439121741,5.17486825740096,2.446,2.4850332541484295
Burkina Faso,BFA,1997,-10.324323038401,11.5520785082807,6.31683473483768,2.31869062176683,17.7292368750708,2.412,14.097663858709783
Burkina Faso,BFA,1998,-10.324323038401,11.0192968304637,7.30771963496896,5.08433344145324,1.04461091399271,2.44,1.0763631794837631
Burkina Faso,BFA,1999,-10.324323038401,8.9927658548168,7.39523780111931,-1.07261362759534,2.55613253113857,2.552,4.32604423820055
Burkina Faso,BFA,2000,-10.324323038401,10.3363970535196,1.88847388906525,-0.304212168486803,7.50513534761595,2.687,15.392157567342018
Burkina Faso,BFA,2001,-10.324323038401,9.70866810828927,6.61340574539679,5.00743290822373,-3.11492703734363,2.748,3.1243969297011973
Burkina Faso,BFA,2002,-10.324323038401,8.85871385120771,4.35296382988099,2.17569480664608,-3.0185934063277,2.862,-5.281893583205087
Burkina Faso,BFA,2003,-10.324323038401,11.3534781382915,7.80249388870359,2.03456574053815,69.077923468095,2.78,-16.406750797983076
Burkina Faso,BFA,2004,-10.324323038401,12.9534294603704,4.47845213670386,-0.400228702115452,-4.34146677217646,3.48,-9.06356736704301
Burkina Faso,BFA,2005,-10.324323038401,13.2962037127745,8.66187322841225,6.41504018369684,-2.45619723414636,4.0,-0.01510788850253824
Burkina Faso,BFA,2006,-8.3076359009361,14.6778844337033,6.25316468817478,2.3331085637222,10.3118162970408,3.67,-0.9165786826336906
Burkina Faso,BFA,2007,-7.35321338684529,12.7845581771528,4.11137901761516,-0.230627306273049,7.95939947327497,3.3,-8.382419301809671
Burkina Faso,BFA,2008,-10.2315812376868,15.090956904862,5.79999174105387,10.6597978997424,26.9662042934324,3.501,-6.818089863676538
Burkina Faso,BFA,2009,-4.03746065696801,16.0831017980888,2.96195085866692,2.60817666368314,23.4535066009728,3.723,5.44694611026645
Burkina Faso,BFA,2010,-1.79655604009115,15.6345262986983,8.44628157707625,-0.764230734676768,17.9566507192134,3.725,5.209692006210174
Burkina Faso,BFA,2011,-1.32772267157687,15.3703421373421,6.62256261306693,2.75976724854534,14.3850829744993,3.827,-4.758672099031072
Burkina Faso,BFA,2012,-1.29204165999457,16.6424591713294,6.45267237953146,3.8181524025238,15.559898319978,3.849,8.34118352607313
Burkina Faso,BFA,2013,-10.0082857458856,20.8210379838201,5.79258484509867,0.533738507090536,10.853154429694,4.054,-3.2624635808936286
Burkina Faso,BFA,2014,-7.16454946786702,23.4056081561128,4.32684561452976,-0.258089517535291,11.0177403102591,4.255,-0.028810302752448124
Burkina Faso,BFA,2015,-7.56751200933841,25.0377705622704,3.9212287937935,0.724838981070517,19.4154039598334,4.472,19.737300534233693
Burkina Faso,BFA,2016,-6.0796386850131,25.8099456026525,5.95797670754024,0.441041448058809,11.6660945719734,4.598,0.23577291944129516
Burkina Faso,BFA,2017,-6.35349497520963,27.4216018903543,6.20348941121868,1.48299897161326,21.0775629087536,4.662,-2.0163267393092883
Burkina Faso,BFA,2018,-4.18372491409563,27.1497137139349,6.60456906812341,1.95594302672532,10.4418753036708,4.695,-4.3416857218186
Burkina Faso,BFA,2019,-3.26728197882863,28.3478578876958,5.88920497068135,-3.23338933983322,9.09412482713924,4.493,5.484696917502256
Burkina Faso,BFA,2020,4.1931251239965,28.6738905255504,2.01077262406221,1.88470066518847,17.8188029823361,4.59,-1.7622144723614281
Burkina Faso,BFA,2021,0.392208859644244,29.4819696538483,6.94252492572348,3.65326761825509,16.8623216574748,4.511,-3.6580683534393796
Burkina Faso,BFA,2022,-7.53912115376433,31.6493056662127,1.62673258211919,14.2902354303358,2.35938172904218,3.828,12.48425542445334
Burkina Faso,BFA,2023,-5.05911958154004,31.9206411572312,3.00027415814125,0.742910428668918,-2.88383144359408,3.601,-2.755861066393697
Burkina Faso,BFA,2024,-3.96877055984497,27.143359333582,4.83395810163883,4.19081721344523,6.84766703557504,3.441,-0.037003585621040364
Burundi,BDI,1990,-6.13410034398204,8.61454110316797,3.49982213611253,7.00216956651122,9.98691278304702,3.147,0.0
Burundi,BDI,1991,-2.85038738673382,10.7484733220701,4.99683644792125,8.99693873494331,18.0019678926224,3.147,5.9893969290505025
Burundi,BDI,1992,-5.50382096415844,10.7210108331389,1.00999837099629,1.82333333333308,5.66594917738053,3.131,14.7593532312502
Burundi,BDI,1993,-2.99542008499924,14.0311980046343,-6.24000000139047,9.67934658067928,5.95227483653791,3.094,16.551556389100295
Burundi,BDI,1994,-1.82525676729154,14.7361167419938,-3.82999999619828,14.8528149833969,33.0436633031291,3.106,4.070557706565612
Burundi,BDI,1995,1.04416596056391,12.2656637135311,-7.92000000374772,19.2632536382538,-7.97072608242821,3.095,-1.1497551080987487
Burundi,BDI,1996,-4.60400356055959,14.233409350057,-7.99999999794093,26.4367816091951,18.7420552399545,3.095,21.216246425699737
Burundi,BDI,1997,0.630045184343134,11.8717036172695,-1.58999999685828,31.1115898319695,8.437903680116,3.124,16.38471108957961
Burundi,BDI,1998,-5.44160419385012,13.5352073963018,4.74999999509613,12.5004107653378,-0.845966591382441,3.156,27.079544298887726
Burundi,BDI,1999,-2.61184612113877,15.3902064119455,-1.00999999649815,3.38542427340455,47.5856785347392,3.133,25.860987606989617
Burundi,BDI,2000,-5.76258887448882,17.0800144450383,-0.856864058424151,24.4320242102151,15.5448564631789,3.137,27.878156075560913
Burundi,BDI,2001,-4.18720201167941,16.3028323434215,2.05580710835243,9.29618771341889,16.4118746856755,3.154,15.21910065586814
Burundi,BDI,2002,-0.397990063033964,20.3102627332747,4.44651941224797,-1.3656800532806,30.1856007055163,3.168,12.090736473629669
Burundi,BDI,2003,-3.04630146043228,20.1327261579025,-1.22372796023444,10.6474645658306,24.9985706014912,3.145,16.31705284005096
Burundi,BDI,2004,-3.53655815425187,17.3507477479317,4.83365776809453,8.17642937482053,10.2271219694904,3.177,1.6884964253385493
Burundi,BDI,2005,-0.510079090142338,14.5436683318932,0.900000000901912,13.2520699188224,24.7314305878371,3.162,-1.7551851515423724
Burundi,BDI,2006,-10.4870448125811,15.8308802198641,5.41380714491444,2.74542000214241,22.6615055209248,3.185,-4.890415154536195
Burundi,BDI,2007,-8.2072761510864,14.7745242569166,3.44449364663615,8.41206285772544,4.95448646227501,2.404,5.1703100866044345
Burundi,BDI,2008,-16.090734369062,13.6629151516452,4.90874190813545,24.4069510353914,33.63700236915,1.634,9.596456256489097
Burundi,BDI,2009,-9.07806464648821,14.6793826690786,3.7870758305051,10.5554355299529,17.0835643101644,1.622,3.752102325719269
Burundi,BDI,2010,-14.8111210984709,18.3619180287296,5.09373697323055,6.49326591473993,24.9758564358511,1.615,0.04626697330619715
Burundi,BDI,2011,-12.6836763902514,21.5599867211629,4.02442793864228,9.5921660597967,6.99889250832732,1.602,2.463948085785217
Burundi,BDI,2012,-11.2209754829117,20.2564835755971,4.42303118490126,18.1610453065451,16.0691825327873,1.593,14.387132522031793
Burundi,BDI,2013,-10.5411437462372,19.3896785284403,4.92392485117456,7.93795807492418,12.4817056704414,1.584,7.804836694021904
Burundi,BDI,2014,-15.847519265777,19.2931031434152,4.24490803087248,4.40535234185293,12.1956672255391,1.572,-0.5404293103989181
Burundi,BDI,2015,-12.7716902710485,18.0993066345064,-0.404525595204191,5.54468891259779,-0.0640779326403089,1.449,1.6300435770222759
Burundi,BDI,2016,-12.518429325456,17.3430079433227,3.20017470408993,5.55768961400965,7.29602848930747,1.352,5.262956997855475
Burundi,BDI,2017,-13.1912710345622,14.8751095645513,3.83185757061784,16.0525353030392,26.3171279834636,1.25,4.498194960393681
Burundi,BDI,2018,-13.366968151704,16.5086011287819,5.34224473186408,-2.81469807668465,19.8701858450167,1.147,3.112791380262621
Burundi,BDI,2019,-13.689181364132,18.5772261218263,4.45934202358784,-0.686772170797359,22.5511384369432,1.043,3.519368980371685
Burundi,BDI,2020,-10.8615271645188,19.6440914154442,0.306443811651718,7.32110643415521,24.1067693908159,1.03,3.7615097583744936
Burundi,BDI,2021,-11.3663437249219,28.4642939494306,3.23707479372925,8.40453845076341,20.3412407497567,1.118,3.180325692556605
Burundi,BDI,2022,-15.3007531318327,35.069541056776,2.31770122350822,18.8008786664945,37.1604738485934,0.909,2.9532997741349565
Burundi,BDI,2023,-18.3607341751646,37.1799733333755,3.25476897326196,26.9414835762453,17.4083386550268,0.911,26.532141486774552
Burundi,BDI,2024,-15.6376698795971,38.2575729210921,4.11227376394912,20.2124925027847,26.126499814045,0.915,12.089646191000911
Cabo Verde,CPV,1990,-1.24948915241014,20.7416875330519,0.692171874476983,10.6535057862491,11.1519346281672,13.527,0.0
Cabo Verde,CPV,1991,-2.17717441897877,21.7359410811283,1.40414698106899,9.55090741310361,9.36647053175877,13.527,1.9662627204965544
Cabo Verde,CPV,1992,-3.40094791515281,24.1143924340297,10.9376469895221,3.11666432682861,29.8778499586145,13.428,-4.748395378690627
Cabo Verde,CPV,1993,-4.87949553365867,19.0186805047108,8.70831156568961,5.78839590443697,89.6265039300129,13.276,18.24383258128112
Cabo Verde,CPV,1994,-11.247287301649,22.7212275108098,19.1826416318144,3.45205833010708,12.2323442695576,12.936,1.8205867447477275
Cabo Verde,CPV,1995,-12.6500359682207,27.5923533957026,14.2116362469634,8.35152497972927,14.0138745842842,12.883,-6.151482156122371
Cabo Verde,CPV,1996,-6.98064533689196,26.9264694981134,11.3465247642174,5.96361961777576,11.7891678936687,12.844,7.466342817487817
Cabo Verde,CPV,1997,-6.05813023559706,32.2217799181466,11.1184260583756,8.55606258148634,9.91011515938985,13.01,12.816336150950214
Cabo Verde,CPV,1998,-11.2111308194649,32.1672799750008,12.5172857879884,4.39423509983477,1.96790972748531,13.055,5.345580080849953
Cabo Verde,CPV,1999,-12.6199897709133,41.3394062881171,11.2226484455351,4.35643374510453,16.7754025982276,13.071,4.62776659959759
Cabo Verde,CPV,2000,-11.1544820568204,40.131518853745,14.2848688450919,-2.47745668519835,12.9979001425292,13.024,12.830137861083731
Cabo Verde,CPV,2001,-9.8994707570664,31.0541342598617,2.23165454528898,3.34996472317894,9.71932696242447,13.242,6.331549955319243
Cabo Verde,CPV,2002,-11.5146928529663,33.9522942173167,5.25089116960211,1.88453410076765,14.2209312274713,13.379,-4.8351098365977805
Cabo Verde,CPV,2003,-11.1255219641803,35.6402585838284,4.17625932578332,1.18817038620528,8.59979566186541,13.604,-16.60329621127568
Cabo Verde,CPV,2004,-14.0635896425989,37.8395090284701,10.197072633926,-1.8908217230618,10.5826188273494,13.456,-9.244100828559167
Cabo Verde,CPV,2005,-4.18205952542758,39.1008095002529,6.91245795720201,0.41889161285517,15.7798653923107,13.439,-0.11465775255472666
Cabo Verde,CPV,2006,-7.46948939503442,44.8559642439518,7.98375044795048,5.36907687065549,18.029385720181,13.378,-0.8123347311926432
Cabo Verde,CPV,2007,-12.0126265488265,41.7784504486587,15.1706879735517,4.41099704193489,10.7394265422651,13.294,-8.314983459316162
Cabo Verde,CPV,2008,-10.4743154022798,47.7156988322521,7.03901129565128,6.77443546371143,7.57449057249651,13.307,-6.54843582494449
Cabo Verde,CPV,2009,-13.2225925658414,53.1262342898702,-1.50358672385678,0.991103480568085,3.46164227689795,13.517,6.237938899682381
Cabo Verde,CPV,2010,-12.2081961374489,56.4707434059343,1.83641914989978,2.07866470906424,5.40545455566545,10.67,4.052295521400758
Cabo Verde,CPV,2011,-14.8785945210366,59.9314092638016,3.92471821338283,4.47388342165023,4.5845954135798,10.956,-4.80532046046055
Cabo Verde,CPV,2012,-12.7312450215892,58.5656233941807,1.08364848376166,2.54039644167109,6.30448451136181,11.145,8.882883102190737
Cabo Verde,CPV,2013,-5.29145710856413,58.5403296940705,0.632136727385131,1.50654285701407,11.4127741622832,11.398,-3.7609980512014434
Cabo Verde,CPV,2014,-8.27455286476654,57.6507481205977,0.696666840118581,-0.238778144990624,7.43705292616453,11.689,-0.045743176141335475
Cabo Verde,CPV,2015,-2.89127851947954,56.4111670298392,0.936026507808833,0.131187999024545,6.23706658401735,11.923,19.69204793497704
Cabo Verde,CPV,2016,-3.4671600025876,55.1042370057682,4.28071482662371,-1.40781637091706,8.35622933514122,12.085,0.30428936300128634
Cabo Verde,CPV,2017,-6.99311648831083,55.424059542591,4.5513148102974,0.784415251101334,6.50545309524273,12.24,-1.8870613518814707
Cabo Verde,CPV,2018,-4.40170436068748,53.6607055362925,3.70696458310842,1.25699566690509,1.39443738345822,12.17,-4.491868330698152
Cabo Verde,CPV,2019,-0.968698566651977,51.6385591168306,6.94782634051859,1.10666674296063,8.44815168748445,12.123,5.4398940055018
Cabo Verde,CPV,2020,-15.6834304999368,68.4560324470727,-20.8052758990735,0.605795808395385,3.77482505766179,14.65,-1.7253999893939123
Cabo Verde,CPV,2021,-12.2149776787505,67.5616449738552,7.03353010694514,1.86215297494647,3.0366482045597,13.932,-3.6960823610297426
Cabo Verde,CPV,2022,-3.48336678220335,57.9177809708986,15.843675684642,7.93092925430087,5.80167504065324,12.239,12.492181650035183
Cabo Verde,CPV,2023,-2.76950698565635,56.3288782962361,4.7947613911073,3.72437517668748,6.27047595566525,11.882,-2.916425604173716
Cabo Verde,CPV,2024,3.94169322459825,54.6131421681783,6.98888280991075,1.04817001091965,7.73997798462454,11.883,0.11512054348661858
Cambodia,KHM,1990,-3.73271123420457,2.37198606084796,1.16231184838939,-0.798944337811878,35.5586276385511,0.768,0.0
Cambodia,KHM,1991,-3.73271123420457,2.37198606084796,7.59129793854025,-0.798944337811878,35.5586276385511,0.768,68.52394916911038
Cambodia,KHM,1992,-3.73271123420457,2.37198606084796,7.01753837770227,-0.798944337811878,35.5586276385511,0.748,76.32250580046366
Cambodia,KHM,1993,-4.10154589334762,2.37198606084796,4.09837080453724,-0.798944337811878,35.5586276385511,0.733,112.30344101585685
Cambodia,KHM,1994,-5.61001723936974,3.33696915676923,-34.808638773859,-0.798944337811878,35.5586276385511,0.996,-5.345853477129045
Cambodia,KHM,1995,-5.39636443070654,3.4789328471395,9.90346890117173,-0.798944337811878,43.5929086862841,0.973,-3.7095242772486063
Cambodia,KHM,1996,-5.27277000305394,4.72234025305317,5.89750560694478,7.15086140872796,40.4420849599295,0.963,7.069024141448497
Cambodia,KHM,1997,-6.09569564582159,6.27663241229457,4.00662107873787,7.96021397777456,16.5917083690756,0.638,12.27730318523944
Cambodia,KHM,1998,-5.56266216908929,5.58518113160291,4.68163210426384,14.8065035437763,15.7306013617833,0.712,27.090934804129663
Cambodia,KHM,1999,-5.33253322476226,5.70593470859969,12.7053811380498,4.00820702088782,17.2702787734327,0.727,1.6936327420824686
Cambodia,KHM,2000,-3.68398765175246,6.31057349779953,9.99358032292079,-0.791992529473567,26.8979821879053,0.745,0.8644460979560602
Cambodia,KHM,2001,-2.11975415828821,5.75443585640623,7.38971065070517,-0.600648300123686,20.5243208140847,0.778,1.96793161057944
Cambodia,KHM,2002,-2.38394601973682,6.00585571757566,6.26507280509637,0.211466568022607,31.0897433807585,0.862,-0.10851987403183258
Cambodia,KHM,2003,-4.62556314146541,6.65618936024257,10.2836813071691,0.94174611779921,15.4324374274091,0.909,1.5656619448290567
Cambodia,KHM,2004,-3.10902285879404,8.18815770495118,9.45769481103929,4.31933677434786,28.3486028690568,1.004,1.0801174496645183
Cambodia,KHM,2005,-4.34447481248578,7.99396282488354,13.3033338358455,6.61525912001587,15.8165215355577,1.061,1.8985371926548398
Cambodia,KHM,2006,-2.80064293867028,10.4471373960597,10.9433600681694,5.81068550464306,40.5459103866416,1.16,0.2626756261453879
Cambodia,KHM,2007,-4.17983206597176,15.5303740236918,10.398458101201,8.70882770568049,61.8364968451107,1.257,-1.1474644082941532
Cambodia,KHM,2008,-6.73529622284658,19.9475689912403,7.47636606631011,24.096851930605,5.44604393384399,0.825,-0.0493076385750092
Cambodia,KHM,2009,-5.92994303077878,20.4608476270489,4.07477850599065,-1.24171754189637,35.5827743504495,0.579,2.1007194244602694
Cambodia,KHM,2010,-7.10406918806883,22.4361253557847,5.07691843229247,3.99639528107218,21.2999071375215,0.771,1.101224029634549
Cambodia,KHM,2011,-6.39866172664644,22.6086429598106,7.28665813879552,5.4784474961745,3.93799032131575,0.577,-3.020769031641481
Cambodia,KHM,2012,-6.802614563021,30.5425881520531,7.65025657870362,2.93431609293951,39.4102698337822,0.505,-0.6283109523222865
Cambodia,KHM,2013,-6.54160754946617,39.9894575353834,7.8574997554252,2.94162509547349,21.8226518181842,0.438,-0.14257376642697744
Cambodia,KHM,2014,-6.5517639901962,47.4846013792973,8.00032074618566,3.85568861424207,31.4966979478657,0.692,0.2545161090073872
Cambodia,KHM,2015,-6.61221348694341,55.4895476723685,7.20703472529512,1.22393195511119,16.997185598626,0.393,0.7492260061919505
Cambodia,KHM,2016,-6.52773923371678,61.5608886370159,7.90550116130704,3.01913975139128,20.999978463086,0.716,-0.22261498732591262
Cambodia,KHM,2017,-6.15664205071232,65.4627205323548,8.07503915535979,2.91263557371478,23.1429712273213,0.141,-0.19993110534183423
Cambodia,KHM,2018,-8.73582304512042,73.8164269734727,8.77622376224463,2.45908515380146,26.5512517510905,0.129,0.014489637645973932
Cambodia,KHM,2019,-7.99991923360397,84.3236738579751,7.93695013588524,1.94257500833107,18.1523073296895,0.119,0.24639969415542395
Cambodia,KHM,2020,-1.00006150750614,103.732769960088,-3.55572193406549,2.9402951426397,15.2872472711995,0.172,0.7789484247514737
Cambodia,KHM,2021,-29.6073037218251,121.842231182128,3.08984284148661,2.92073477592949,16.4029214353518,0.396,0.14512315293206943
Cambodia,KHM,2022,-18.9571988645141,132.817046084495,5.12990110773977,5.34370264895437,8.19379553392677,0.245,0.08088055548587066
Cambodia,KHM,2023,1.3046836203044,130.129720395297,5.00733043811898,2.12746796594194,12.5425100044602,0.256,0.21001467749227606
Cambodia,KHM,2024,0.492323754520323,124.659765749466,6.0158145735202,0.808042016536654,17.5243345417279,0.254,-0.9306431255402471
Cameroon,CMR,1990,-4.4759603893945,26.3773860496436,-6.10569764600656,1.09938128383608,-0.709612544298484,8.986,0.0
Cameroon,CMR,1991,-2.83515953017038,26.4186571644135,-3.80859937279318,0.0600513305003455,1.47867114842476,8.986,3.614907725811254
Cameroon,CMR,1992,-3.0300754690908,12.5202643154533,-3.10000321081914,-0.0160550458717418,-16.7204650840889,9.055,-6.173229904852485
Cameroon,CMR,1993,-3.16558988216276,8.04895695623619,-7.93206657447536,-3.20655456915868,-9.22840906635552,9.154,6.978220971356866
Cameroon,CMR,1994,-0.629820264292087,7.47640961197704,1.87680922580404,35.0944618459464,26.5409334773772,8.878,96.07276379386906
Cameroon,CMR,1995,0.827012560749538,6.84825406635548,2.89400137739698,9.06969071921509,-6.15458747058943,8.598,-10.096504981497775
Cameroon,CMR,1996,-2.58405802001496,6.79991155329721,4.21507214953058,3.92406372749798,-10.1012265918325,8.06,2.4850332541484295
Cameroon,CMR,1997,-5.39597096870369,5.52816678239915,4.52731376625037,4.78623881860376,18.5776472727148,7.859,14.097663858709783
Cameroon,CMR,1998,-1.33456243682874,6.43348529599776,4.72553484802563,3.17075185386907,7.77365378940852,7.695,1.0763631794837631
Cameroon,CMR,1999,-4.40566906646215,6.76359969387726,4.51130422140731,1.87174500672008,13.2968993049171,7.595,4.32604423820055
Cameroon,CMR,2000,-2.0668977639693,7.24834770978704,3.83241779430614,1.22719012976132,19.1337001652521,7.533,15.392157567342018
Cameroon,CMR,2001,-3.17394469214094,7.84074915902624,4.32426119221549,4.41977245881146,1.37478435096477,7.46,3.1243969297011973
Cameroon,CMR,2002,-3.53790565581226,8.06333960214488,4.47702683369155,2.83442260128067,21.1735822369744,6.711,-5.281893583205087
Cameroon,CMR,2003,-3.74372948027079,8.23854970959904,5.45315368881347,0.623163557374316,1.94742014185132,5.908,-16.406750797983076
Cameroon,CMR,2004,-2.21065060210036,7.79541952361572,7.04886281858374,0.233647380067584,7.45071603479653,5.087,-9.06356736704301
Cameroon,CMR,2005,-2.54005821725892,8.40286242580155,2.22827020924117,2.01353950175986,5.65414369458343,4.4,-0.01510788850253824
Cameroon,CMR,2006,0.925460105397852,8.12353298418805,3.80958327566137,5.11757816019469,8.12791258010797,3.729,-0.9165786826336906
Cameroon,CMR,2007,1.19555212022134,8.28508670414223,4.32758900972871,0.921402245650095,14.8718532523588,3.063,-8.382419301809671
Cameroon,CMR,2008,-1.62929165447175,9.23971527903247,2.8476778892105,5.33780627627498,13.9513041127979,3.386,-6.818089863676538
Cameroon,CMR,2009,-4.02097111334699,9.64395738517045,2.57925177738754,3.04361847939999,8.23152231277215,3.743,5.44694611026645
Cameroon,CMR,2010,-3.11602303510797,10.7779374242217,2.89902472122014,1.27538046242338,13.8078332109737,4.11,5.209692006210174
Cameroon,CMR,2011,-2.44588511307823,12.3263650704915,3.37921128506045,2.93969946305091,10.1303731066654,3.988,-4.758672099031072
Cameroon,CMR,2012,-3.17006037197893,12.4120200108143,4.62597872209571,2.73529677529539,-0.0589025761589911,3.836,8.34118352607313
Cameroon,CMR,2013,-3.3445999054782,12.9611374928781,4.99552916130783,2.05034718001741,11.4452794400338,3.686,-3.2624635808936286
Cameroon,CMR,2014,-3.85300319903712,13.7278364272632,5.71981814509198,1.85489850366777,13.2432367021781,3.534,-0.028810302752448124
Cameroon,CMR,2015,-3.64384590025676,14.1903930856487,5.66695298703932,2.676235314199,8.80292225458133,3.518,19.737300534233693
Cameroon,CMR,2016,-3.06806029650276,14.3706640485152,4.53579423678801,0.874190383288856,5.00098743515312,3.529,0.23577291944129516
Cameroon,CMR,2017,-2.63102845264373,14.0633461453046,3.54117654926007,0.64040914988195,5.43228321376026,3.573,-2.0163267393092883
Cameroon,CMR,2018,-3.52725517847682,14.6820776289898,3.95551423892049,1.0688581131292,13.9378563463,3.608,-4.3416857218186
Cameroon,CMR,2019,-4.27316997253143,14.0910928751244,3.47505998194981,2.45280214062732,13.9378563463,3.632,5.484696917502256
Cameroon,CMR,2020,-3.70931267651989,14.0910928751244,0.259932915907115,2.43760882182236,13.9378563463,3.881,-1.7622144723614281
Cameroon,CMR,2021,-3.98670897608132,14.0910928751244,3.33885747179505,2.27185762503637,13.9378563463,3.976,-3.6580683534393796
Cameroon,CMR,2022,-3.39397488391441,14.0910928751244,3.7367840056412,6.24767713343861,13.9378563463,3.646,12.48425542445334
Cameroon,CMR,2023,-4.13580101370033,14.0910928751244,3.34756290750219,7.38281384280984,13.9378563463,3.607,-2.755861066393697
Cameroon,CMR,2024,-3.28354247246706,14.0910928751244,3.52472308052245,4.53331349711606,13.9378563463,3.603,-0.037003585621040364
Canada,CAN,1990,-3.39880313128256,73.0680473500398,0.202947848289654,4.78047693336304,8.09337217122333,10.316,0.0
Canada,CAN,1991,-3.73448630876752,74.9889209188726,-2.09105516498515,5.62586408593005,3.88294636022846,10.316,-1.803930258531031
Canada,CAN,1992,-3.65401317228271,76.528598232828,0.890466243956382,1.49013290374545,6.40097941786606,11.197,5.498442420066922
Canada,CAN,1993,-3.86026630874173,75.5320017616263,2.65770683842972,1.86507936507939,1.90509505055276,11.377,6.7314816588958255
Canada,CAN,1994,-2.39799048706512,74.7515063663867,4.49404933882288,0.165562913907291,4.63057345927796,10.395,5.858947045970284
Canada,CAN,1995,-0.835225571288648,73.950513515171,2.68232826962129,2.14876033057849,4.82998544492887,9.489,0.49587043269579345
Canada,CAN,1996,0.385035905172817,78.6330849908238,1.68896122145787,1.57053112507138,4.0452372668913,9.62,-0.6502103749114325
Canada,CAN,1997,-1.37185519267148,81.5311788782837,4.28016680422402,1.62121638084531,4.37212285001031,9.1,1.5457321648672542
Canada,CAN,1998,-1.41951458841967,79.8626247247143,3.89288658501088,0.99594245665802,2.42054087792694,8.278,7.143392617162457
Canada,CAN,1999,0.124606928737743,77.249880942932,5.14100348449622,1.73484295105918,5.36227033311612,7.583,0.14826488975327146
Canada,CAN,2000,2.48322832733607,73.987738492292,5.13853918994158,2.71943995691976,6.62329581424731,6.829,-0.020914259862486035
Canada,CAN,2001,2.13236979231819,121.35283176137,1.87509813099847,2.52512013979906,125.031003767194,7.219,4.271314946892938
Canada,CAN,2002,1.64502756776047,117.839258969464,2.99925533832644,2.25839440940855,2.65552561640498,7.665,1.3883215691365631
Canada,CAN,2003,1.16498628134968,113.240799876309,1.8063851195103,2.75856321360112,0.510667128492431,7.574,-10.782886576263273
Canada,CAN,2004,2.26314907015468,115.443226712085,3.09236381038156,1.85725871857256,5.46310787984703,7.185,-7.11862362014481
Canada,CAN,2005,1.86964040462905,121.660065982688,3.21045441502793,2.21355203439767,9.64519114148486,6.758,-6.906764929179683
Canada,CAN,2006,1.36362891052774,134.118118620557,2.63794375302722,2.00202539534161,12.4794920805704,6.484,-6.361241682069499
Canada,CAN,2007,0.752359497275173,123.533648061052,2.04990459443619,2.13838399266837,-25.5506861418317,6.156,-5.315765374794861
Canada,CAN,2008,0.2046335073484,124.097472125061,0.995406371264522,2.37027067444299,14.9217682589394,6.284,-0.6478964387510594
Canada,CAN,2009,-2.96627675991292,124.097472125061,-2.91508627059555,0.299466803009299,14.9217682589394,8.46,6.9767969506786045
Canada,CAN,2010,-3.59617272045212,124.097472125061,3.09080633744851,1.77687154092627,14.9217682589394,8.178,-9.760772216051722
Canada,CAN,2011,-2.77399195325843,124.097472125061,3.1371944343876,2.91213508872351,14.9217682589394,7.637,-3.966029653311351
Canada,CAN,2012,-3.53226120893674,124.097472125061,1.75566133205234,1.51567823124517,14.9217682589394,7.392,1.0216327121973268
Canada,CAN,2013,-3.14689861117208,124.097472125061,2.32581356612762,0.938291897815317,14.9217682589394,7.143,3.079218106739232
Canada,CAN,2014,-2.31891905245784,124.097472125061,2.87346675579731,1.90663590717861,14.9217682589394,7.023,7.2427009518939895
Canada,CAN,2015,-3.51398363580264,124.097472125061,0.64997101491096,1.12524136094277,14.9217682589394,6.945,15.753747273543073
Canada,CAN,2016,-3.09310839278901,124.097472125061,1.03855091989323,1.42875954701085,14.9217682589394,7.038,3.6619850910100062
Canada,CAN,2017,-2.80342092867237,124.097472125061,3.03383491841392,1.59688412852977,14.9217682589394,6.426,-2.088035656558596
Canada,CAN,2018,-2.38506947723022,124.097472125061,2.74296341402246,2.26822567248103,14.9217682589394,5.837,-0.16317588660687196
Canada,CAN,2019,-1.95169853023597,124.097472125061,1.90843193887251,1.94926902411593,14.9217682589394,5.69,2.390415648080534
Canada,CAN,2020,-2.01049081035402,124.097472125061,-5.03823342794087,0.716999632307827,14.9217682589394,9.657,1.082256662405264
Canada,CAN,2021,-0.0219632369341121,124.097472125061,5.95052804984759,3.39519318527528,14.9217682589394,7.527,-6.507519382736791
Canada,CAN,2022,-0.442142105058685,124.097472125061,4.69541985045903,6.80280115341613,14.9217682589394,5.279,3.8024364701096216
Canada,CAN,2023,-0.693744929649431,124.097472125061,1.95308552199025,3.87900159788426,14.9217682589394,5.415,3.7150849882500956
Canada,CAN,2024,-0.487852623579789,124.097472125061,2.04626605401701,2.38158383281173,14.9217682589394,6.351,1.4409216045598832
Central African Republic,CAF,1990,-6.18666446397518,7.28531185070936,-2.14752806574087,-0.0123304562272102,-3.54352199884586,5.697,0.0
Central African Republic,CAF,1991,-4.48468346818164,6.77283454333487,-0.552543005101867,-2.76236280675762,-4.24124828199531,5.697,3.614907725811254
Central African Republic,CAF,1992,-5.88243164608966,4.50761660374127,-6.42407819946331,-1.03360811667777,-3.34335213265341,5.825,-6.173229904852485
Central African Republic,CAF,1993,-1.01269528104564,4.39930075144365,0.335275684646064,-2.91535849298335,12.8192585863527,5.897,6.978220971356866
Central African Republic,CAF,1994,-2.89900460634816,3.956823875948,4.89994941000114,24.5710137275605,78.5212139981418,5.924,96.07276379386906
Central African Republic,CAF,1995,-2.89900460634816,4.15971405221421,7.20004555751903,19.1894039735098,4.27534283409519,5.871,-10.096504981497775
Central African Republic,CAF,1996,-2.89900460634816,4.50888198348133,-4.00009296364789,3.72494110325802,4.86532798748939,5.84,2.4850332541484295
Central African Republic,CAF,1997,-2.89900460634816,4.41670579594432,5.29993601826074,1.61131347760911,-7.72525720450237,5.797,14.097663858709783
Central African Republic,CAF,1998,-2.89900460634816,4.8979906533049,4.70014237879329,-1.8852009615791,-16.1474451550787,5.773,1.0763631794837631
Central African Republic,CAF,1999,-2.89900460634816,4.5126778832824,3.59997490432274,-1.41420220082551,11.0647502665464,5.767,4.32604423820055
Central African Republic,CAF,2000,-2.89900460634816,4.74625702323689,-2.48943244028874,3.20340091563112,2.37868872130482,5.722,15.392157567342018
Central African Republic,CAF,2001,-2.89900460634816,6.10947913877305,4.46473902640867,3.83486060237362,-1.9889283589087,5.77,3.1243969297011973
Central African Republic,CAF,2002,-2.89900460634816,5.84049758043086,3.61654219150596,2.33181703516235,-5.08150274128859,5.809,-5.281893583205087
Central African Republic,CAF,2003,-2.89900460634816,6.18348471191079,-5.39748521855877,4.13470905150996,-7.6397503488913,5.809,-16.406750797983076
Central African Republic,CAF,2004,-2.89900460634816,7.16059184539562,5.99488422798696,-2.06640601136303,13.0743643823255,5.729,-9.06356736704301
Central African Republic,CAF,2005,-2.89900460634816,6.89890787847171,0.908210514871953,2.88352073359022,18.2839802897152,5.691,-0.01510788850253824
Central African Republic,CAF,2006,-2.89900460634816,6.70566037241739,4.77108543044105,6.69526465773354,-4.5934538379464,5.61,-0.9165786826336906
Central African Republic,CAF,2007,-2.89900460634816,6.78526082643897,4.60753485452025,0.95991761945711,-6.31038821139883,5.562,-8.382419301809671
Central African Republic,CAF,2008,-2.89900460634816,7.02011112860774,2.05413096200485,9.25895099417076,18.4280510817571,5.51,-6.818089863676538
Central African Republic,CAF,2009,-2.89900460634816,6.96252915838712,8.58726042640994,3.52126227238643,11.7111708947536,5.575,5.44694611026645
Central African Republic,CAF,2010,-2.89900460634816,8.30898124968165,4.63081843223307,1.49102370047802,16.129182063649,5.658,5.209692006210174
Central African Republic,CAF,2011,-2.89900460634816,9.18046542071693,4.19461533741989,1.1944757244985,13.7941672141449,5.638,-4.758672099031072
Central African Republic,CAF,2012,-2.89900460634816,10.7719414058324,5.05376125356918,5.47829594346117,1.55529115271272,5.58,8.34118352607313
Central African Republic,CAF,2013,-2.89900460634816,13.5768259854235,-36.3919770983887,6.98879341970198,5.61622233537167,5.566,-3.2624635808936286
Central African Republic,CAF,2014,-2.89900460634816,12.7910233032414,0.0810705153264877,14.898684179755,14.5799204306108,5.633,-0.028810302752448124
Central African Republic,CAF,2015,-2.89900460634816,11.7154335961189,4.33712103020231,1.40297017136816,5.3125,5.775,19.737300534233693
Central African Republic,CAF,2016,-2.89900460634816,12.3148432385651,4.75031684122342,4.94543276106518,5.75008242664029,5.793,0.23577291944129516
Central African Republic,CAF,2017,-2.89900460634816,11.2150177342096,4.52727821346231,4.18072331871267,10.3030125188443,5.836,-2.0163267393092883
Central African Republic,CAF,2018,-2.89900460634816,12.3443319944716,3.78944359275462,1.61215686991555,14.048377549731,5.825,-4.3416857218186
Central African Republic,CAF,2019,-2.89900460634816,11.7050145625006,3.09999999999999,2.68537355266787,8.91638772582545,5.916,5.484696917502256
Central African Republic,CAF,2020,-2.89900460634816,11.7039071336529,0.899999996857062,1.71015659523153,11.4701347096995,6.519,-1.7622144723614281
Central African Republic,CAF,2021,-2.89900460634816,11.7946888020579,0.982919996264229,4.25936417542868,14.5690338384687,6.701,-3.6580683534393796
Central African Republic,CAF,2022,-2.89900460634816,13.0385826544527,0.453901876447787,5.58316735183247,2.49028411877901,6.287,12.48425542445334
Central African Republic,CAF,2023,-2.89900460634816,13.0385826544527,0.69996840076054,2.97913852618937,2.49028411877901,6.181,-2.755861066393697
Central African Republic,CAF,2024,-2.89900460634816,13.0385826544527,1.49999999847535,1.47733600718744,2.49028411877901,6.253,-0.037003585621040364
Chad,TCD,1990,-2.62378989206359,6.4810990406711,-4.17847237277633,-0.738282265310918,-0.99335876783948,0.668,0.0
Chad,TCD,1991,-3.49331969967201,5.94840642548766,8.53513716635477,3.19387473029496,3.36963192373014,0.668,3.614907725811254
Chad,TCD,1992,-4.55341511080141,6.08781622017682,8.00144334899822,-3.11303067214949,-8.20815154360192,0.658,-6.173229904852485
Chad,TCD,1993,-7.97127033243566,5.03453734492648,-15.7098370447417,-8.427933486518,-28.297459500925,0.7,6.978220971356866
Chad,TCD,1994,-3.19913740022973,3.62566869671399,10.1368876324308,41.7248972364414,31.43906020558,0.709,96.07276379386906
Chad,TCD,1995,-3.19913740022973,3.85047765587526,1.23654931570509,9.23032599768656,48.7495411526246,0.755,-10.096504981497775
Chad,TCD,1996,-3.19913740022973,3.64248250900514,2.21447303497622,11.3308789057282,27.9285852234931,0.7,2.4850332541484295
Chad,TCD,1997,-3.19913740022973,3.23429328606989,5.65339232904813,5.5722571112533,-4.09873188405797,0.732,14.097663858709783
Chad,TCD,1998,-3.19913740022973,3.30627847904118,6.95157991370925,4.2588511022514,-7.71787135423499,0.725,1.0763631794837631
Chad,TCD,1999,-3.19913740022973,3.58610460568817,-0.68285022143975,-8.02505962727454,-3.3737680060652,0.753,4.32604423820055
Chad,TCD,2000,-3.19913740022973,3.47936369672946,-0.879681024156014,3.82260088086306,19.4370341310318,0.796,15.392157567342018
Chad,TCD,2001,-3.19913740022973,4.338486053348,11.6581346550771,12.4312865279941,24.1751383665358,0.792,3.1243969297011973
Chad,TCD,2002,-3.19913740022973,4.21236731197982,8.4912098197177,5.19181895195446,21.43197238424,0.769,-5.281893583205087
Chad,TCD,2003,-3.19913740022973,4.19489744248441,14.7216670123589,-1.75256941248655,0.581069232738105,0.725,-16.406750797983076
Chad,TCD,2004,-3.19913740022973,3.13376265896053,33.6293718498522,-5.35540028884816,3.07373276879595,0.672,-9.06356736704301
Chad,TCD,2005,-3.19913740022973,1.95252225003226,17.3325337352162,7.89036567462993,32.929385253006,0.663,-0.01510788850253824
Chad,TCD,2006,-3.19913740022973,1.69490431367969,-0.54282957080251,8.03628897951331,49.8757206817383,0.716,-0.9165786826336906
Chad,TCD,2007,-3.19913740022973,1.90885958094899,4.20017418353298,-8.9747396200927,5.66450639906769,0.839,-8.382419301809671
Chad,TCD,2008,-3.19913740022973,2.37779871540522,3.08119033854541,10.2969758221254,26.3610458181746,0.922,-6.818089863676538
Chad,TCD,2009,-3.19913740022973,2.96502979878641,-1.40828262637592,9.95242290748864,-4.6447288912761,0.943,5.44694611026645
Chad,TCD,2010,-3.19913740022973,3.21497699838003,13.6738272725339,-2.07786574641866,25.346824579969,0.911,5.209692006210174
Chad,TCD,2011,-3.19913740022973,3.53708298939375,4.49542967058827,2.0292405367826,14.2173157369531,0.92,-4.758672099031072
Chad,TCD,2012,-3.19913740022973,4.02102215723731,9.06180392253447,7.51662364663833,13.4455325242648,0.886,8.34118352607313
Chad,TCD,2013,-3.19913740022973,4.41495267416436,2.83821524730293,0.222671564624551,8.6485363064098,0.955,-3.2624635808936286
Chad,TCD,2014,-3.19913740022973,5.99411802017464,2.06283074361411,1.6819731392567,26.4750408397018,0.984,-0.028810302752448124
Chad,TCD,2015,-3.19913740022973,6.28199600168377,3.30415979779805,4.37712665065654,-4.70080513385339,1.032,19.737300534233693
Chad,TCD,2016,-3.19913740022973,9.66896292279385,-4.12250332637034,-0.792440525236102,-7.69282448337371,1.091,0.23577291944129516
Chad,TCD,2017,-3.19913740022973,9.10617708639334,-1.61746922820204,-1.5370996298084,-4.36501030020917,1.132,-2.0163267393092883
Chad,TCD,2018,-3.19913740022973,8.24873656929464,5.74111580758154,4.27462198610545,0.65096282276539,1.135,-4.3416857218186
Chad,TCD,2019,-3.19913740022973,7.54147312123575,5.38282202874814,-0.971939175419401,22.7009979628714,1.077,5.484696917502256
Chad,TCD,2020,-3.19913740022973,7.22915564060594,-0.393646582380399,4.46414437232861,17.538418120975,1.695,-1.7622144723614281
Chad,TCD,2021,-3.19913740022973,8.32290954891334,0.293442648033434,-0.77284437035914,13.6320188435529,1.53,-3.6580683534393796
Chad,TCD,2022,-3.19913740022973,8.32290954891334,4.12969897668356,5.78802687843616,13.6320188435529,1.081,12.48425542445334
Chad,TCD,2023,-3.19913740022973,8.32290954891334,3.99861309461539,10.8363568399843,13.6320188435529,1.059,-2.755861066393697
Chad,TCD,2024,-3.19913740022973,8.32290954891334,4.95210484607125,8.89950732263754,13.6320188435529,1.053,-0.037003585621040364
Chile,CHL,1990,-1.44968764303319,73.0816959622537,3.59872304691744,26.0364811362364,24.2444285445799,5.23,0.0
Chile,CHL,1991,-0.25554288126347,73.0816959622537,7.75620189312957,21.7844124277757,26.9741137081853,5.23,14.533294705425778
Chile,CHL,1992,-2.0561295791378,73.0816959622537,11.5019314370192,15.4258064688928,26.0801784390471,4.35,3.82571427889628
Chile,CHL,1993,-5.11105015900292,73.0816959622537,6.6855844008042,12.7277669490964,24.5375002735213,4.49,11.47070382977356
Chile,CHL,1994,-2.76296605169419,73.0816959622537,5.07680374667352,11.4431196444973,11.6694985587633,5.87,3.96145146691041
Chile,CHL,1995,-1.82822028885922,73.0816959622537,9.25542757753573,8.23263034116114,24.3475256018565,4.7,-5.569879336469731
Chile,CHL,1996,-3.92274308347759,73.0816959622537,7.1148626270751,7.35911781788767,20.094079349474,7.414,3.9048323139997585
Chile,CHL,1997,-4.26887262850027,73.0816959622537,7.3917392684331,6.13386464357927,24.4673526760198,7.136,1.7048027166881512
Chile,CHL,1998,-4.77915592737757,73.0816959622537,4.18088662700669,5.11024954517559,13.2940124003087,7.307,9.776529650961734
Chile,CHL,1999,0.131436581248041,73.0816959622537,-0.2736313981937,3.33687917526023,12.9848172513259,11.158,10.534539101467445
Chile,CHL,2000,-1.14568457860136,73.0816959622537,4.9716214882971,3.84327295706565,9.09259869123507,10.491,6.055866031592049
Chile,CHL,2001,-1.53703377110132,73.0816959622537,3.15403492459967,3.56910053001467,82.588308363306,10.39,17.67106045513174
Chile,CHL,2002,-0.825565731667288,74.3460982791172,3.20279913520113,2.48939816650705,6.07916276465261,10.168,8.504500437050256
Chile,CHL,2003,0.214600395822681,75.8320621380067,4.72324526861041,2.8101787574361,-0.512352386177694,9.765,0.3571929688747031
Chile,CHL,2004,3.26056295397732,76.7499857822204,6.67425416822923,1.05473871403517,9.55333017615042,10.162,-11.840993543270404
Chile,CHL,2005,1.91109059952903,77.634565408211,5.83704571917758,3.05257621387849,11.1916460143186,9.34,-8.163951684018452
Chile,CHL,2006,5.49643732024025,78.1133233692663,6.04999082563968,3.39201733699405,19.1863915854218,9.024,-5.268705310687037
Chile,CHL,2007,5.05557874807609,84.0752473162029,5.16823098528431,4.40779938398044,18.7545814121829,8.427,-1.4729778574009702
Chile,CHL,2008,-4.18826982519764,100.172568090545,3.78939280635238,8.71626873039607,0.236514470150661,9.285,-0.0005992436482225566
Chile,CHL,2009,1.43974883336493,102.687075908392,-1.11803723642878,0.353045178360937,-4.69795098726649,11.313,7.349612004403204
Chile,CHL,2010,0.896881680744076,99.4755906592451,5.85165102224047,1.41071107954321,7.71445579506161,8.547,-9.023773787378122
Chile,CHL,2011,-4.91713901662886,101.863485350982,6.22389678509138,3.34121694259302,22.8766979282293,7.492,-5.209546316423898
Chile,CHL,2012,-5.32849119001729,104.266686517932,6.15534001855494,3.00744840213047,10.3007746397346,6.79,0.5796964631803893
Chile,CHL,2013,-4.77606541666959,104.149344550832,3.30850824710085,1.7895555398459,11.7428680339608,6.361,1.8092689523712302
Chile,CHL,2014,-3.46029991877659,107.29402770779,1.79264947139259,4.71867527854672,8.74251950539312,6.761,15.158378718180678
Chile,CHL,2015,-2.73506821605392,108.683157928885,2.15194249981184,4.34877353217044,9.15150410432211,6.605,14.688547409787448
Chile,CHL,2016,-2.62065852365988,109.658986217723,1.753038749071,3.78619355893118,4.90181744939997,6.926,3.4907217667264208
Chile,CHL,2017,-2.75779980852367,111.859731058874,1.35769537343957,2.18271846868519,0.556021107539523,7.257,-4.154460751230831
Chile,CHL,2018,-4.48367554777816,116.098274611163,3.99002947789977,2.43488981353057,4.1787397649643,7.623,-1.1647019033339776
Chile,CHL,2019,-5.21201190646601,123.238729784071,0.644223402631923,2.55754475703327,12.1600547005451,7.493,9.609049982718469
Chile,CHL,2020,-1.96248572878056,123.532570614359,-6.1396969411886,3.04549084804326,14.065633467554,10.934,12.779927861206048
Chile,CHL,2021,-7.29452522459608,109.258846092778,11.3374032409913,4.52456838259144,19.2852459032946,9.281,-4.260207948482696
Chile,CHL,2022,-8.87430060140152,112.669584808771,2.06391864254198,11.643866711056,3.79180342377034,8.249,15.06792284496373
Chile,CHL,2023,-3.10428872521174,109.505087480448,0.677024831595858,7.58168251407962,2.612362094973,9.013,-3.807067752891176
Chile,CHL,2024,-1.16817210444884,104.567816282613,2.80512637106611,4.29763891572524,-2.12013466218369,8.718,12.321124278402326
China,CHN,1990,3.31811936794009,86.033020264839,3.9225195692421,3.05229012075233,28.8665946932793,2.37,0.0
China,CHN,1991,3.45166169027996,88.101074265209,9.37563237902144,3.55668565220452,26.679108289799,2.37,11.293326480657315
China,CHN,1992,1.49380742683803,86.0530634974135,14.2976226152779,6.35398134024869,30.7996709482819,2.37,3.591695144229776
China,CHN,1993,-2.59966643215884,96.5063917341575,13.9261028311995,14.6100786356602,46.6697907289342,2.69,4.4856751255382274
China,CHN,1994,1.21849357261851,85.4875547969596,13.0827122987906,24.2569897243361,31.5001345261317,2.9,49.58009357350988
China,CHN,1995,0.219237328483813,83.7832971610429,11.0154136659719,16.7912268492666,29.4610222014778,3.0,-3.1016821169737923
China,CHN,1996,0.833943624966418,88.9638086375131,9.97328781228394,8.3131587270211,25.2731567986698,3.12,-0.4459323268507756
China,CHN,1997,3.81946407941415,96.1109753817389,9.29759460595947,2.78646505531882,20.7273116736513,3.23,-0.29297354618263566
China,CHN,1998,3.0345158579566,104.374364546684,7.92354535108497,-0.773186011549318,14.9043500655997,3.24,-0.13098399843993686
China,CHN,1999,1.91286225540032,109.399598813293,7.74123827728161,-1.40147268276465,14.6664777063988,3.25,-0.008555826769634295
China,CHN,2000,1.67667411710879,109.994877039067,8.57357328926101,0.347811226864587,12.3247819807429,3.26,0.0030702946475510318
China,CHN,2001,1.28417196444636,108.774792189184,8.32404695347056,0.719125609120114,15.042413505773,3.8,-0.017344115608609188
China,CHN,2002,2.37759984341841,115.979390472452,9.23604870383861,-0.731970902350244,13.1404362825777,4.24,-0.0013390409365628985
China,CHN,2003,2.55665409110255,123.908441331551,10.1138119025242,1.12760348729637,19.2397666568681,4.58,0.0009564706194189681
China,CHN,2004,3.47450259619584,116.911160094503,10.1404291872206,3.82463743108159,14.8869201406815,4.49,-0.0028492483824536594
China,CHN,2005,5.71199843031159,110.318412911549,11.4535130030645,1.77641407667571,16.741652395309,4.52,-0.9965706355343221
China,CHN,2006,8.30532573537484,107.618484093695,12.6752842281595,1.6494309945586,22.1161188523734,4.43,-2.695506438405555
China,CHN,2007,9.79958953536148,104.210464888538,14.1507710506103,4.81676767378834,16.7355345835518,4.35,-4.589059550428122
China,CHN,2008,9.01086996317632,100.407960956815,9.66877608164454,5.92525137041092,17.778107551017,4.59,-8.660856854702889
China,CHN,2009,4.68740638141982,122.30114770831,9.40610014336416,-0.728165250932898,28.4232778726154,4.72,-1.6872178606268315
China,CHN,2010,3.8402567341525,124.425608463989,10.5916903885704,3.17532475269199,18.9483146133247,4.53,-0.8950856249116435
China,CHN,2011,1.77399724587567,121.167093127879,9.46205248298186,5.55389892257493,17.3229697862854,4.55,-4.561232365358273
China,CHN,2012,2.48328422404794,126.819734509975,7.8578201481217,2.61952432645541,14.3916520166902,4.58,-2.3079686185761537
China,CHN,2013,1.52111320885029,131.939045697462,7.77842954757257,2.62105001748115,13.5889022146314,4.6,-1.8467733553913175
China,CHN,2014,2.21130586371267,137.623726308462,7.46100735778161,1.92164162788521,11.0119361361336,4.63,-0.8445173079857982
China,CHN,2015,2.59752794949746,149.628832038708,6.98162255562367,1.43702380935655,13.343101694296,4.65,1.3682018428631932
China,CHN,2016,1.67018709565352,153.192761827313,6.7736886867727,2.00000182191943,11.3331189514331,4.56,6.695944037139558
China,CHN,2017,1.50488723669316,152.089747458443,6.89123916636191,1.59313600071436,8.10977796183974,4.47,1.7198831845403912
China,CHN,2018,0.170563391928727,154.991560224764,6.757806142324,2.07479039965576,6.99106169351358,4.31,-2.112784191134133
China,CHN,2019,0.619961080716059,162.207566232758,6.06737806333672,2.89923416358227,8.8822790596896,4.56,4.420038170373359
China,CHN,2020,1.49179592498582,179.104100221958,2.33950385203023,2.41942189457782,10.0135623141248,5.0,-0.11026803614464763
China,CHN,2021,1.6339546037037,173.554518720488,8.57038414981781,0.981015135544882,9.0757457335677,4.55,-6.546983423223709
China,CHN,2022,2.20640460953834,181.785162429715,3.13385438394069,1.97357555739051,11.6633002240566,4.98,4.468662447498578
China,CHN,2023,1.40681103517507,189.606708989308,5.41600334492955,0.234836828893051,9.84883453512065,4.67,5.148169380621049
China,CHN,2024,2.46818591485776,194.312528264561,4.95830378788091,0.218128938439177,6.8107070839647,4.59,1.6020992337799893
Colombia,COL,1990,1.13284627622115,25.9105916549165,4.28199833053058,29.1520245976215,32.8410928222499,10.12,0.0
Colombia,COL,1991,4.77635581102987,23.4043091760028,2.00160759559029,30.3878204854436,32.8410928222499,10.12,24.866105204475776
Colombia,COL,1992,1.54179329402071,25.2421600275776,4.04492943933556,27.0106266231361,39.0322790153926,9.44,8.488100315845509
Colombia,COL,1993,-3.1640347587015,28.6713526450495,5.38540993901029,22.4424828533275,39.0100341947419,7.8,15.573638976904139
Colombia,COL,1994,-4.48814605215356,31.0736127250167,5.81466190724336,22.8462417553045,45.7348710917547,8.25,5.11140124796522
Colombia,COL,1995,-4.8816442586875,33.6634295845069,5.20243759278655,20.8917930194849,28.2328580125072,8.72,10.44777022285673
Colombia,COL,1996,-4.77689886981533,35.3234826301522,2.05585471287195,20.7975755127402,21.0279620938304,11.81,13.553311169411595
Colombia,COL,1997,-5.39146862906034,36.4758451431847,3.43029367788374,18.4700217119089,23.8811471536528,12.14,10.080252615264481
Colombia,COL,1998,-4.93441634428213,35.2185505194702,0.569784088434517,18.6769799276672,11.3581980959744,15.0,25.002482947989478
Colombia,COL,1999,0.778526882820605,31.654183439449,-4.20401524244947,10.8736870857471,11.8974582029556,20.06,23.15311773204388
Colombia,COL,2000,0.846461525527854,20.9474743929536,2.92486148176778,9.22534818585366,3.64844934326372,20.52,18.855534308686412
Colombia,COL,2001,-1.05937674050926,21.9066125992657,1.67789830787579,7.96556090304834,19.5857328904759,15.04,10.15245647379249
Colombia,COL,2002,-1.3162316381602,21.5233089569655,2.50398046659659,6.35150728778872,4.60750532418349,14.481,8.904217297034094
Colombia,COL,2003,-0.963598625978888,21.0762350135313,3.91827190322513,7.1297886294186,10.5253958714064,13.221,14.886627271538597
Colombia,COL,2004,-0.66148309595793,22.1991386566001,5.33302206759905,5.90402005546502,19.2887753120297,13.717,-8.659296182044175
Colombia,COL,2005,-1.33773107053946,22.7527186089507,4.82876110773741,5.05101962689696,17.6334785783414,11.062,-11.689254613603522
Colombia,COL,2006,-1.8486662357596,27.3293271996088,6.71686869844402,4.29342363628927,17.9495885478403,11.088,1.6139945499209754
Colombia,COL,2007,-2.9819266093631,30.566568223407,6.73819469090975,5.54438485815156,17.3922512072947,11.204,-11.904701482114243
Colombia,COL,2008,-2.67924104556952,31.3428821283831,3.28344618616541,6.99688495554511,18.4819792755539,11.273,-5.42270016824381
Colombia,COL,2009,-1.90692601755576,30.0588498093341,1.13964864548062,4.20251661216482,8.05588580513637,12.066,9.793759130510212
Colombia,COL,2010,-2.99583091222973,32.352958637797,4.49465897070922,2.27200227892008,11.4576625933083,11.153,-11.985587369907309
Colombia,COL,2011,-2.90611447190462,34.9599738877776,6.94789198173555,3.4150334477625,18.9238170418615,10.288,-2.6846182437486035
Colombia,COL,2012,-3.14008013112593,37.7448515262877,3.91263576716115,3.16930188840055,16.0716080723658,9.959,-2.705873864773948
Colombia,COL,2013,-3.23615067105022,39.4836916913459,5.13399351995672,2.01699224310383,13.734793833431,9.246,3.9423177639742732
Colombia,COL,2014,-5.19843119341791,42.3846056970013,4.49903000110972,2.89883787761738,9.19089669585043,8.799,7.074233704943297
Colombia,COL,2015,-6.3723044223088,46.9053935998568,2.95590137527523,4.9898311584953,11.4209959856794,8.572,37.01338343898345
Colombia,COL,2016,-4.4519506775159,47.0541978052353,2.08738250162794,7.51346024627675,7.18656806506316,8.922,11.433198242748352
Colombia,COL,2017,-3.18224191114871,49.8054213986162,1.35936086788746,4.31431325695011,6.78977108858741,9.086,-3.396380622841307
Colombia,COL,2018,-4.20138344687969,45.8707074728715,2.56432428277704,3.24056932930569,-19.2039180024237,9.36,0.1428791285099487
Colombia,COL,2019,-4.5842751726606,46.0415781067709,3.18685539245533,3.52301932741447,7.18880497771489,10.28,11.02675461243298
Colombia,COL,2020,-3.42772945914236,51.9987790610817,-7.18591413760859,2.52663500084706,19.9310694741128,15.983,12.544211831908866
Colombia,COL,2021,-5.6351694946032,47.9124060650503,10.8011981904878,3.49505757399448,16.6176002260878,13.898,1.3800305104029855
Colombia,COL,2022,-6.04054199360168,44.1883129591759,7.32827729427979,10.1772313546166,12.3881694594361,10.541,13.672986515079907
Colombia,COL,2023,-2.26762349420469,41.5886837999716,0.841819555752039,11.7359044948689,4.28916670582807,9.591,1.6390425483799012
Colombia,COL,2024,-1.66760721722233,39.3740826684054,1.49330728771066,6.60908593728228,11.3412408986204,9.619,-5.814226762260121
Comoros,COM,1990,-2.60861611827648,8.31336321229306,7.33881096130857,5.55459394816812,3.89000670690812,4.795,0.0
Comoros,COM,1991,-2.55855728076927,8.63117096868391,-6.16697445150861,5.55459394816812,2.97611362169141,4.795,3.6149077258111797
Comoros,COM,1992,-3.25051276345257,8.7294787582972,7.35801529393501,5.55459394816812,5.2535891166698,4.528,-6.173229904852476
Comoros,COM,1993,2.23823913081916,7.34713759680322,2.5473458344995,5.55459394816812,3.37721126928346,4.571,6.978220971356874
Comoros,COM,1994,-2.29252811329718,6.61819679885259,-3.98651752857747,5.55459394816812,7.30583083659829,4.566,47.05415887097923
Comoros,COM,1995,-4.82800364207232,6.47791727308587,5.63727928670581,5.55459394816812,-6.13187285223368,4.675,-10.096504981497812
Comoros,COM,1996,-4.82800364207232,4.50983517286263,-0.510368828932258,5.55459394816812,9.7586088548221,4.774,2.485033254148476
Comoros,COM,1997,-4.82800364207232,5.3254586896022,4.41042562590719,5.55459394816812,-4.24223473003961,4.561,14.097663858709844
Comoros,COM,1998,-4.82800364207232,4.35025617140196,0.0250407992332242,5.55459394816812,-14.1558724284315,4.614,1.0763631794839552
Comoros,COM,1999,-4.82800364207232,5.03598378982672,2.69768646408839,5.55459394816812,18.5443479363469,4.544,4.369708762179036
Comoros,COM,2000,-4.82800364207232,5.27762263671,-1.00701887109655,5.55459394816812,14.5309658787036,4.4,15.34518378281939
Comoros,COM,2001,-4.82800364207232,4.30621566405697,5.41959971808741,5.55459394816812,52.3103623488209,4.379,3.1243969296950223
Comoros,COM,2002,-4.82800364207232,4.48834426824497,4.59768263263243,3.53304214308078,11.2609118719366,4.372,-5.28189358320071
Comoros,COM,2003,-3.37217076421929,5.07380354246118,1.93442812313498,3.799081366719,-2.06748555968995,4.559,-16.406750797985655
Comoros,COM,2004,-3.33005782040402,4.16416657395075,3.10041210399676,4.47499289078107,-2.89289388118761,4.571,-9.063567367038392
Comoros,COM,2005,-4.09701964792287,5.16315796175395,5.66520240193151,3.0133239505812,7.05846153111262,4.527,-0.015107888500877995
Comoros,COM,2006,-3.27357312325321,4.98534469634907,-1.75444679449394,3.37436360121204,12.5041913599772,4.482,-0.9165786826360909
Comoros,COM,2007,-3.97385796874896,5.35040930549283,0.803599788247752,4.46616710098132,9.55829396183924,4.474,-8.382419301811197
Comoros,COM,2008,-7.53469626604503,6.35343539152692,3.96461118871815,1.7007817628453,11.531908640933,4.416,-6.818089863675694
Comoros,COM,2009,-4.35030280964664,8.78333732412975,3.24074074074075,4.36234829325719,13.3447341598715,4.303,5.446946110266607
Comoros,COM,2010,-4.33221929296756,10.4775902098787,3.77776673684423,3.35475770328919,19.4120667816831,4.19,5.209692006207681
Comoros,COM,2011,-5.42472388252804,10.6281810991574,4.14350668765977,1.8426630075619,9.57178617646536,4.12,-4.758672099029696
Comoros,COM,2012,-4.04970661419345,12.0894266472375,3.1684098843342,6.31474450315177,15.9911623205313,4.091,8.341183526073904
Comoros,COM,2013,-4.04970661419345,12.8050866853768,4.46624729869704,-4.29487331536756,2.8496315109187,3.98,-3.2624635808942912
Comoros,COM,2014,-3.78032970112087,13.6288665081147,2.10665760321017,7.54755379096711,8.0969416728441,3.984,-0.02881030275034985
Comoros,COM,2015,-0.256465657736018,15.8220261992571,1.14735632260047,-0.11717388419007,17.1103236713253,4.031,19.73730053423195
Comoros,COM,2016,-4.34858918733342,16.1429576955409,3.3204465548877,0.797517430888487,10.2596461134046,4.117,0.23577291943858406
Comoros,COM,2017,-2.13204216493526,16.4592204557401,3.81576287489548,-0.237362224154613,1.81679233571367,4.049,-2.0163267393075546
Comoros,COM,2018,-2.83225012492641,15.7748496415702,3.64245114733689,2.15155084413033,8.47150007896841,3.975,-4.341685721816113
Comoros,COM,2019,-3.33166140326131,15.4876028117551,1.76078023564568,3.58213544469211,5.90669993633771,3.926,5.491862428450582
Comoros,COM,2020,-1.79978941327918,14.9857749486743,-0.195556841918759,0.786641929499151,12.897024029852,4.468,-1.989290540168334
Comoros,COM,2021,-0.313759475099584,16.0506210630525,2.04245238320844,-0.00441793682346988,18.5415628211857,4.394,-3.4279884419804505
Comoros,COM,2022,-0.410149391838584,16.3013699146177,2.45381174550259,12.5320314570999,7.37831732181366,3.879,12.315829226580133
Comoros,COM,2023,-1.67952222045728,16.5944611248562,3.1866131800554,8.37373955490996,9.35729519316389,3.833,-2.609896246155406
Comoros,COM,2024,-1.67952222045728,15.3194009591458,3.30071498500033,5.05192609588218,5.05435409958778,3.815,-0.1027218553089555
"Congo, Dem. Rep.",COD,1990,-3.08174753918885,1.80967978766194,-6.56831069464245,81.295404814004,195.386505972634,3.272,0.0
"Congo, Dem. Rep.",COD,1991,-3.08174753918885,0.683666,-8.42105149945634,2154.43682711341,2388.56716173122,3.272,2069.150446567459
"Congo, Dem. Rep.",COD,1992,-3.08174753918885,0.926181883239175,-10.5000085643684,4129.16985661558,3794.44895462051,3.372,4041.560984048836
"Congo, Dem. Rep.",COD,1993,-3.08174753918885,1.2109955423477,-13.4690505375185,1986.90476190476,2853.12491592666,3.45,1068.7554720334504
"Congo, Dem. Rep.",COD,1994,-3.08174753918885,1.05685711120351,-3.89999680329032,23773.1317741016,6968.92251815981,3.403,47390.89967971674
"Congo, Dem. Rep.",COD,1995,-3.08174753918885,1.06312014122331,0.699998829765505,541.908883239027,357.632305919064,3.285,488.25549934644863
"Congo, Dem. Rep.",COD,1996,-3.08174753918885,1.06312014122331,-1.02317264257401,492.441850235414,357.632305919064,3.156,614.4297803654506
"Congo, Dem. Rep.",COD,1997,-3.08174753918885,1.06312014122331,-5.61704659890269,198.516707416463,357.632305919064,3.171,161.7215819872574
"Congo, Dem. Rep.",COD,1998,-3.08174753918885,1.06312014122331,-1.62415404433756,29.1488069236652,357.632305919064,3.195,22.323866065556032
"Congo, Dem. Rep.",COD,1999,-3.08174753918885,1.06312014122331,-4.27014083054951,284.894975914087,357.632305919064,3.23,150.1047903533284
"Congo, Dem. Rep.",COD,2000,-3.08174753918885,0.776252724448565,-6.91092731714194,513.906843747535,357.632305919064,3.245,442.9697221070079
"Congo, Dem. Rep.",COD,2001,-3.08174753918885,0.543904071106774,-2.10017302429294,359.936614264586,41.4272018618268,3.251,846.9902986784844
"Congo, Dem. Rep.",COD,2002,-3.08174753918885,0.491387511931795,2.94776518253177,31.5225826025495,38.4425016309916,3.179,67.69392718428952
"Congo, Dem. Rep.",COD,2003,-3.08174753918885,0.795986809436435,5.57782231227127,12.8739657187405,29.7357123256527,3.057,16.939602967453517
"Congo, Dem. Rep.",COD,2004,-3.08174753918885,1.09523594047334,6.73837393320788,3.99438400815971,81.8542355027574,2.976,-1.4073787286707373
"Congo, Dem. Rep.",COD,2005,-3.08174753918885,1.13960704796909,6.1351511550716,21.3168167229341,23.3407844403748,2.948,18.632472409936206
"Congo, Dem. Rep.",COD,2006,0.30870487289839,1.94439729755035,5.10894433184896,13.0526949745101,56.5303167340105,3.174,-1.187821947371187
"Congo, Dem. Rep.",COD,2007,2.86805721465824,2.41095421355526,8.58332298445387,16.945100654195,50.58676252824,3.404,10.350898669540747
"Congo, Dem. Rep.",COD,2008,-0.664510638477548,4.34458641170506,7.43333574200602,17.3013845700157,55.0502772933807,3.627,8.232728705458431
"Congo, Dem. Rep.",COD,2009,-6.03581629618423,5.31192894200943,0.541570197421564,2.79999999999982,56.2140459187766,3.882,44.78753447752395
"Congo, Dem. Rep.",COD,2010,-8.99566348265581,3.32382163504594,8.61867717510543,7.10000000000037,34.764283862489,4.098,11.87074668919663
"Congo, Dem. Rep.",COD,2011,-4.85216679390097,3.93873705237114,-0.403164081254445,15.316515913949,21.4968570515235,4.317,1.4988011869971627
"Congo, Dem. Rep.",COD,2012,-4.19742912084297,4.69547419556911,8.66859360586926,9.72182806273364,20.6706078857177,4.485,0.02868071363665293
"Congo, Dem. Rep.",COD,2013,-8.90999507535482,4.91397198759442,17.5159124688348,0.808223101487111,18.7403771509598,4.469,-0.020560835044022546
"Congo, Dem. Rep.",COD,2014,-4.49147540188532,5.35361763264241,7.30227750870263,1.24303889760803,14.6603098236125,4.436,0.6155486117790018
"Congo, Dem. Rep.",COD,2015,-3.69282012359848,5.93167471593023,6.35973756164829,0.74419899478147,9.38545948426573,4.441,0.08199926469012875
"Congo, Dem. Rep.",COD,2016,-3.89676371833081,7.1121281512558,0.393832798154563,2.88585107289988,22.6051119822049,4.528,9.105741390408518
"Congo, Dem. Rep.",COD,2017,-3.30715525146266,5.53598634132898,4.24121047272719,2.88585107289988,41.8654193599677,4.613,44.94842474164999
"Congo, Dem. Rep.",COD,2018,-3.58406179220142,5.91738564865962,6.07168870646615,2.88585107289988,27.6587336614004,4.632,10.796478694350958
"Congo, Dem. Rep.",COD,2019,-3.61447223411753,6.63540522970596,0.555384294580819,2.88585107289988,34.6858216818062,4.605,1.555393535331051
"Congo, Dem. Rep.",COD,2020,-2.25334502004381,7.77351785936603,0.775427992354622,2.88585107289988,45.6547035754826,5.355,12.341725666851787
"Congo, Dem. Rep.",COD,2021,-0.994470839405088,6.76403632346417,6.42961005647355,2.88585107289988,34.8119847815676,5.289,7.469485928404826
"Congo, Dem. Rep.",COD,2022,-4.47028471935159,8.54046311411877,9.31116944064918,2.88585107289988,34.8119847815676,4.54,0.8704545315849019
"Congo, Dem. Rep.",COD,2023,-5.55915292797555,11.2863136949009,8.5334898318451,2.88585107289988,34.8119847815676,4.469,16.610660268976634
"Congo, Dem. Rep.",COD,2024,-3.59163215084982,11.2863136949009,6.1025294442863,2.88585107289988,34.8119847815676,4.421,0.0
"Congo, Rep.",COG,1990,-8.97637795425953,15.6922572178478,1.00000356627487,2.88905374216947,18.3987878172736,19.911,0.0
"Congo, Rep.",COG,1991,-16.9376870155112,15.9967477559516,2.39536745255616,-1.67834968956537,-4.80126874491002,19.911,3.614907725811254
"Congo, Rep.",COG,1992,-10.7934054712732,15.7563111798042,2.61194805533871,-3.93546810070881,8.81327587315881,19.916,-6.173229904852485
"Congo, Rep.",COG,1993,-20.5893960957304,8.68569925009867,-0.979683208744774,4.92366412213743,-26.5599508192845,19.99,6.978220971356866
"Congo, Rep.",COG,1994,-44.8409951823334,7.69809438495053,-5.49307574541402,42.4396750333452,28.1938184159691,20.269,96.07276379386906
"Congo, Rep.",COG,1995,-29.5463927344917,8.11238401817837,3.9853243781107,9.41800743452228,-0.0514855463746641,20.226,-10.096504981497775
"Congo, Rep.",COG,1996,-25.6169885221692,7.54720320073863,4.29048155870402,10.0311203319503,15.6967321246843,20.049,2.4850332541484295
"Congo, Rep.",COG,1997,-6.70967027697312,7.85771188315999,-0.624812152260716,10.0311203319503,9.51605284162174,19.886,14.097663858709783
"Congo, Rep.",COG,1998,-12.3421441704289,9.73915311712025,3.73755276980884,10.0311203319503,-12.782909186461,19.898,1.0763631794837631
"Congo, Rep.",COG,1999,-9.79852342002057,10.9017456703236,-2.58219935813743,4.14267137284048,19.8714159030446,20.141,4.32604423820055
"Congo, Rep.",COG,2000,20.1289422019463,4.78054525627045,7.5759803952642,-0.881991517025431,58.5219539722961,19.872,15.392157567342018
"Congo, Rep.",COG,2001,-1.01723380328061,4.89742713469707,3.80260189913561,0.0559899218140583,-29.245243508436,19.88,3.1243969297011973
"Congo, Rep.",COG,2002,-1.14076678309812,2.86607439783363,4.58187006108889,4.37875971780873,12.6852388180231,19.644,-5.281893583205087
"Congo, Rep.",COG,2003,14.8882764007301,3.63584014174623,0.813264076303781,-0.631844987363156,-1.74807332978141,19.877,-16.406750797983076
"Congo, Rep.",COG,2004,14.5085104569995,2.93264923853734,3.47663162118089,2.42976607961799,19.9829681932919,19.896,-9.06356736704301
"Congo, Rep.",COG,2005,10.4641144260127,2.21035522374353,7.75575897806648,3.09449011456182,34.214538290403,19.796,-0.01510788850253824
"Congo, Rep.",COG,2006,1.53894345042081,2.01041976164635,7.98623836334291,6.53784395299604,47.099290948327,19.563,-0.9165786826336906
"Congo, Rep.",COG,2007,-24.0002254918381,2.17001792231507,-6.61399480441001,2.65464645060703,16.5648078439085,19.909,-8.382419301809671
"Congo, Rep.",COG,2008,7.46170443036968,3.2133016767847,6.30637595585259,4.95875092023152,32.9684463837467,19.962,-6.818089863676538
"Congo, Rep.",COG,2009,-14.1030536085047,4.87224031469532,11.6372888615758,4.41500374795223,4.90943225491063,19.844,5.44694611026645
"Congo, Rep.",COG,2010,6.85413566856583,5.97974007920069,9.93126543095578,0.391525011227612,31.9459150773916,19.3,5.209692006210174
"Congo, Rep.",COG,2011,13.2423472931453,7.16938539992393,2.20591936286718,1.75958704273803,38.0335483832186,19.435,-4.758672099031072
"Congo, Rep.",COG,2012,13.6849086384196,7.41275433322396,9.94715314257564,5.01018773134471,19.8605898123324,19.491,8.34118352607313
"Congo, Rep.",COG,2013,10.7855804840986,8.87867280525648,-0.712434451876447,4.63161619729461,1.05492197764717,19.845,-3.2624635808936286
"Congo, Rep.",COG,2014,3.79355485952657,11.1598525258918,6.64606540928447,0.912139545450097,13.8053756757571,19.696,-0.028810302752448124
"Congo, Rep.",COG,2015,-37.2388274641582,15.2272521698246,0.415193061293763,3.16909796750829,-11.5129053659153,20.02,19.737300534233693
"Congo, Rep.",COG,2016,-32.8963883802867,17.9395649927598,-8.68524343913786,3.19056179723773,-15.031902393003,20.298,0.23577291944129516
"Congo, Rep.",COG,2017,-32.8963883802867,15.7845144454442,-5.59477371915547,0.450063823285546,-11.5569234971099,20.737,-2.0163267393092883
"Congo, Rep.",COG,2018,-32.8963883802867,13.0035781117488,-2.30431780125842,1.15277896375523,-6.00980710632165,20.84,-4.3416857218186
"Congo, Rep.",COG,2019,11.6793050600101,12.6399762805673,1.12447391976529,2.20607305781525,13.999202619855,20.494,5.484696917502256
"Congo, Rep.",COG,2020,12.5614280869547,15.5564368746607,-6.26777227963225,1.79537147083108,14.1113794903799,22.286,-1.7622144723614281
"Congo, Rep.",COG,2021,11.5738751772006,13.902630970771,1.01507036990908,1.7156427545126,7.3305000364281,21.998,-3.6580683534393796
"Congo, Rep.",COG,2022,11.5738751772006,12.7664269281269,1.47535613247133,3.04344334698478,8.93634371659726,20.131,12.48425542445334
"Congo, Rep.",COG,2023,11.5738751772006,13.7900478506587,1.90686426346754,4.30174563591016,9.64001616784651,19.919,-2.755861066393697
"Congo, Rep.",COG,2024,11.5738751772006,13.7900478506587,2.09998918002519,3.09143630919166,9.64001616784651,19.895,-0.037003585621040364
Costa Rica,CRI,1990,-7.42337494326744,35.8602192345414,3.55306336572279,19.0397526635649,27.4027245103506,5.37,0.0
Costa Rica,CRI,1991,-1.04216822821118,35.8602192345414,2.26565496296189,28.7092913706618,33.6729270416937,5.37,33.6900673050635
Costa Rica,CRI,1992,-4.3171396155924,35.8602192345414,9.20110358278828,21.791168790061,24.1630942874231,3.93,9.861699209563351
Costa Rica,CRI,1993,-6.48418114808703,35.8602192345414,7.09719089594824,9.77860078293777,15.1311611285131,3.95,5.698864241832981
Costa Rica,CRI,1994,-2.22690316039824,35.8602192345414,4.51902842051615,13.5344687273427,21.9824604050188,4.05,10.476771039705502
Costa Rica,CRI,1995,-3.09313885352732,35.8602192345414,4.15395329584814,23.1864981102567,4.68747604813367,5.18,14.428586587436298
Costa Rica,CRI,1996,-2.25775313168151,35.8602192345414,1.35045951266757,17.5114524814591,47.5867724122026,6.16,15.55674046597888
Costa Rica,CRI,1997,-3.81205834112802,35.8602192345414,5.47616597492105,13.2480440791191,-45.4729740311039,5.68,11.993082611434371
Costa Rica,CRI,1998,-3.80546812405948,35.8602192345414,7.08853729218445,11.6592997742233,20.3105941149051,5.33,10.589824338897465
Costa Rica,CRI,1999,-4.67523747786552,35.8602192345414,4.147800457203,10.0452817292494,30.1475061123983,5.9,11.062325682351712
Costa Rica,CRI,2000,-4.55955829867216,35.8602192345414,3.80207210664838,10.9615496593622,24.0361773122231,5.08,7.876505896285944
Costa Rica,CRI,2001,-3.21894998675566,35.8602192345414,3.49117013515725,11.2556157091172,154.390782845104,6.051,6.711570909405327
Costa Rica,CRI,2002,-5.18779563788237,35.8602192345414,3.41687615891895,9.16752048509119,19.284339840734,6.396,9.40998422837347
Costa Rica,CRI,2003,-5.20903351864042,35.8602192345414,4.31718000096654,9.44758091616984,24.6767163542663,6.654,10.795665146481618
Costa Rica,CRI,2004,-3.62718274993895,35.8602192345414,4.42459978667458,12.3148150178852,22.7942064055102,6.445,9.851141038361694
Costa Rica,CRI,2005,-4.2915144063544,35.8602192345414,3.97666631433462,13.7982949108987,27.6764360492575,6.749,9.099921560837796
Costa Rica,CRI,2006,-4.13248458732498,37.8629840625737,7.3266951372695,11.4705968149052,22.755135370652,5.926,7.014651839972198
Costa Rica,CRI,2007,-5.57495108448861,43.7723776789672,8.21513209207497,9.35724456417157,20.4614322318379,4.557,1.039615371218415
Costa Rica,CRI,2008,-8.37792572781598,49.380606237469,4.73817511214847,13.4244635507284,22.5028952501692,4.934,1.8617497958300588
Costa Rica,CRI,2009,-1.82328162343744,47.6533512000771,-0.87345608994562,7.84270167700654,9.24120092384043,7.824,8.941327996796035
Costa Rica,CRI,2010,-3.22336387326463,44.3141331487755,5.36034347722267,5.66275708420021,0.941285851648117,7.171,-8.278345194414934
Costa Rica,CRI,2011,-5.29681752584546,46.0200426615857,4.40315921836142,4.87799830970702,5.43347065015869,9.518,-3.8348879769325785
Costa Rica,CRI,2012,-5.10481785109759,47.4513205210572,4.88259252932575,4.49545314354605,9.93291577389045,9.11,-0.5463660903188626
Costa Rica,CRI,2013,-4.77170631705961,49.7299244380898,2.49476596233289,5.23133614174428,9.6191707295475,8.218,-0.6233088692826098
Costa Rica,CRI,2014,-4.71600481576243,53.0984453508421,3.54210997703849,4.51920098516954,14.2685864882035,8.499,7.713670696371844
Costa Rica,CRI,2015,-3.40396455896803,55.1272483638858,3.65208093006359,0.801982005099623,4.02881858095715,8.415,-0.6968810039573989
Costa Rica,CRI,2016,-2.13651622982155,58.6380537945029,4.20432320775184,-0.0174788505908217,3.08607993849966,8.085,1.9031516477994246
Costa Rica,CRI,2017,-3.616766363232,59.6859060092739,4.15769914676933,1.62590692991732,1.54754789770178,7.729,4.1806640846622365
Costa Rica,CRI,2018,-2.98447393198414,60.1621977806261,2.85285959760458,2.22111461526581,2.15916074215409,9.01,1.666818105135966
Costa Rica,CRI,2019,-1.15966110290765,55.8867472957005,2.70813912948329,2.09604635327807,4.03912134162319,10.807,1.7890097735534616
Costa Rica,CRI,2020,-0.995397543119445,59.7420306125444,-4.14159340574358,0.724911478131376,17.7769648530842,16.432,-0.407587732188037
Costa Rica,CRI,2021,-3.32104567194296,56.0475527880024,8.21817953969082,1.72647755109241,8.76885327082765,15.139,6.135033783475944
Costa Rica,CRI,2022,-2.60681841454892,51.3585723021287,5.46119455235068,8.27477490232654,-2.35512487440564,11.325,4.244804481766929
Costa Rica,CRI,2023,-1.4230013588633,50.5269682662904,4.79187732359398,0.525193508693455,4.9731923970235,8.325,-15.929429235278821
Costa Rica,CRI,2024,-0.867937963911082,51.2276495671225,4.08292444182048,-0.412853001047069,11.136719312281,6.936,-5.319540911844443
Cote d'Ivoire,CIV,1990,0.165122856652972,36.4950145398956,-1.09590841238308,-0.80587969827806,-2.57195184379589,6.595,0.0
Cote d'Ivoire,CIV,1991,0.165122856652972,36.0103415445764,0.0409251717252914,1.6833484986348,0.115518092018689,6.595,3.614907725811254
Cote d'Ivoire,CIV,1992,0.165122856652972,32.0594486300766,-0.244560610691636,4.23138382869968,-1.18546482317214,6.7,-6.173229904852485
Cote d'Ivoire,CIV,1993,0.165122856652972,28.6558246270457,-0.192485098607804,2.16471453976754,-1.36228574653462,5.869,6.978220971356866
Cote d'Ivoire,CIV,1994,0.165122856652972,18.5220671351368,0.811206679935481,26.0815719947162,46.7837521949597,5.046,96.07276379386906
Cote d'Ivoire,CIV,1995,0.165122856652972,18.5046323094816,7.12574472834217,14.2950690851945,18.0817630059379,4.1,-10.096504981497775
Cote d'Ivoire,CIV,1996,0.165122856652972,11.2356453697633,7.72932741916973,2.48080669187551,3.92661506478793,4.039,2.4850332541484295
Cote d'Ivoire,CIV,1997,0.165122856652972,11.1012819475022,9.6488400474633,4.02083333333306,8.18789335818749,3.964,14.097663858709783
Cote d'Ivoire,CIV,1998,0.165122856652972,10.2523357926723,4.26390594437231,4.61144759515372,6.01708131520131,4.1,1.0763631794837631
Cote d'Ivoire,CIV,1999,0.165122856652972,9.47189015365766,1.16685998202273,0.702375805955961,-1.68265861398716,4.421,4.32604423820055
Cote d'Ivoire,CIV,2000,0.165122856652972,9.76197487157275,-0.265789462275947,2.53077516737997,-1.75846295093394,4.835,15.392157567342018
Cote d'Ivoire,CIV,2001,0.165122856652972,9.44431281617057,-2.15401249077306,4.36152914007256,4.55722942027382,5.195,3.1243969297011973
Cote d'Ivoire,CIV,2002,0.165122856652972,9.64154520466675,-2.73052647441901,3.07726485157427,29.7788097443809,5.508,-5.281893583205087
Cote d'Ivoire,CIV,2003,0.165122856652972,9.0256564857585,-4.72586658630681,3.29680746974208,-27.6793378368258,5.847,-16.406750797983076
Cote d'Ivoire,CIV,2004,0.165122856652972,9.4830301198372,3.18503822575397,1.45798835600741,7.56792481095225,5.915,-9.06356736704301
Cote d'Ivoire,CIV,2005,0.165122856652972,8.85463546639548,0.996065564854788,3.88583039886482,-0.176792556330689,6.023,-0.01510788850253824
Cote d'Ivoire,CIV,2006,1.89621807045563,10.149368807964,2.81557859252327,2.46719148596915,13.1657096490292,6.017,-0.9165786826336906
Cote d'Ivoire,CIV,2007,-0.484088679670276,12.1552083745954,1.10142976793477,1.89200629349598,32.1527289898297,6.284,-8.382419301809671
Cote d'Ivoire,CIV,2008,1.33044255664336,12.0323122094594,4.7826659787672,6.30852769152578,8.01690586409246,6.382,-6.818089863676538
Cote d'Ivoire,CIV,2009,4.79271756698353,12.6992828688009,3.60332156667053,1.01950457731138,21.1697848867048,6.573,5.44694611026645
Cote d'Ivoire,CIV,2010,1.33095270108223,13.0878719593805,6.84804939907013,1.2264561213548,19.1204121935271,6.607,5.209692006210174
Cote d'Ivoire,CIV,2011,7.26612761772172,13.168148828706,-5.37044724000579,4.9124339505245,11.0157964392722,7.144,-4.758672099031072
Cote d'Ivoire,CIV,2012,-0.882958574823465,13.6834555407143,7.62041176451649,1.30451119915606,4.85589316007314,7.223,8.34118352607313
Cote d'Ivoire,CIV,2013,-1.48012277771383,14.3175686042922,10.7602131311256,2.58117037252936,11.340164416661,4.255,-3.2624635808936286
Cote d'Ivoire,CIV,2014,1.04562413672806,14.6906998099912,9.37199994240375,0.448682076766141,14.1777925634701,3.274,-0.028810302752448124
Cote d'Ivoire,CIV,2015,-0.439534823506042,16.7417116291801,7.19494942728191,1.25149954781468,18.1546915307032,2.573,19.737300534233693
Cote d'Ivoire,CIV,2016,-0.855798630849984,17.6694307998743,7.17275963956332,0.723178457513308,11.0384683432857,1.896,0.23577291944129516
Cote d'Ivoire,CIV,2017,-1.99780015304642,19.2505134817876,7.41076242592504,0.685881065304603,9.19340465385153,3.272,-2.0163267393092883
Cote d'Ivoire,CIV,2018,-3.90363086723186,19.2748278273806,4.84314605889178,0.401297817263547,13.3967052428604,2.852,-4.3416857218186
Cote d'Ivoire,CIV,2019,-2.23379059024848,19.0476721988887,6.72137167584978,0.790855512053661,10.7609813744002,2.401,5.484696917502256
Cote d'Ivoire,CIV,2020,-3.13243536755176,20.5738024943085,0.699728593494228,2.41252617189053,21.1007351049792,2.588,-1.7622144723614281
Cote d'Ivoire,CIV,2021,-3.94825311453384,20.9963038205128,7.06253713446816,4.15919657911798,18.7449777034031,2.623,-3.6580683534393796
Cote d'Ivoire,CIV,2022,-7.60520680486661,20.8539472820397,6.39988362730921,5.23352856100843,8.98298280676063,2.31,12.48425542445334
Cote d'Ivoire,CIV,2023,-8.05003680066956,21.9036293631015,6.60000045209176,4.36972254867474,3.32639551187774,2.263,-2.755861066393697
Cote d'Ivoire,CIV,2024,-4.46811097764034,22.5184329531641,6.0195346193922,3.45053028131019,13.6451544091705,2.273,-0.037003585621040364
Cyprus,CYP,1990,-2.76044154525839,144.419255356415,7.40399951139527,4.5020546289584,18.3987878172736,3.0,0.0
Cyprus,CYP,1991,-7.28400581413836,144.419255356415,0.739501434263062,5.03527438848104,18.5750576280755,3.0,1.3859117377443875
Cyprus,CYP,1992,-9.23295527901852,144.419255356415,9.39999830664647,6.51021953065819,16.8624949702528,2.09,-3.203919799639136
Cyprus,CYP,1993,1.66562701377825,144.419255356415,0.700000765065823,4.85416666666694,17.7941110732386,2.7,10.64547528511488
Cyprus,CYP,1994,1.00140507465942,144.419255356415,5.89999928523103,4.6985893105498,19.6672925694495,2.7,-1.0482735234958387
Cyprus,CYP,1995,-2.06499778344603,144.419255356415,8.36246885710111,2.61581787956336,15.5931841953706,2.6,-8.080365820044044
Cyprus,CYP,1996,-4.67156754364255,144.419255356415,1.24854147527125,2.97892486481266,14.8461254667665,3.1,3.070394371603606
Cyprus,CYP,1997,-4.37875893634202,144.419255356415,2.64093066351474,3.6053444436463,16.4017000197281,3.4,10.204789898020469
Cyprus,CYP,1998,2.84348035393525,144.419255356415,6.11088294947106,2.22770732654316,11.3581980959744,3.3,0.764403655204795
Cyprus,CYP,1999,-1.62158738894853,144.419255356415,4.99795469482918,1.62999999999997,13.5583402571813,5.532,4.851472672507075
Cyprus,CYP,2000,-4.88747484293358,144.419255356415,5.96530445494226,4.14165764702055,12.3247819807429,4.766,14.635177448781588
Cyprus,CYP,2001,-3.09916834386668,144.419255356415,3.95256258200938,1.97304191729917,13.816160330387,4.043,3.325450887113352
Cyprus,CYP,2002,-3.32012511756836,149.493012840461,3.72297491128981,2.80115505180745,11.2609118719366,3.336,-5.045355620741976
Cyprus,CYP,2003,-2.00767143097125,147.195228621501,2.62329962315329,4.13906538686852,12.6429879971001,4.153,-15.264914940781207
Cyprus,CYP,2004,-4.77327486436682,147.338509151311,5.02627226665527,2.28621706801678,13.4716639858768,4.77,-9.439239629741486
Cyprus,CYP,2005,-5.26682635799638,156.676015413795,4.85298762175586,2.56016132330235,14.40286140937,5.481,-0.9667178296273649
Cyprus,CYP,2006,-6.36794765544158,162.937571285187,4.71378358593959,2.30468732978553,17.830628514143,4.593,-1.1107278237796556
Cyprus,CYP,2007,-7.63669144927275,180.680730068928,5.09822614854798,2.37265183669718,17.1656742541219,3.946,-7.145305613583615
Cyprus,CYP,2008,-14.3855413757168,212.209238098344,3.64698922103939,4.66900841902491,14.8922041933974,3.756,59.559443835196035
Cyprus,CYP,2009,-6.6707426714699,226.355979301383,-2.01508203683694,0.326276652249793,10.4560909446993,5.594,5.446946110266462
Cyprus,CYP,2010,-10.7622755690665,234.2515929319,2.28267100119788,2.43004084102251,12.4857998554167,6.359,5.209692006207694
Cyprus,CYP,2011,-2.09343635107951,242.541120297858,0.416711868408683,3.2894493956421,11.9424460401465,7.942,-4.758672099029562
Cyprus,CYP,2012,-3.86860122687543,249.218122126626,-3.44738151374587,2.38905410042326,10.3007746397346,12.097,8.341183526073815
Cyprus,CYP,2013,-1.50316994662797,254.66806457038,-6.58747751118347,-0.399357676464425,10.6763160454565,16.131,-3.2624635808943454
Cyprus,CYP,2014,-4.07615514734757,251.830384825679,-1.77605867728616,-1.35498885446315,9.26752299008154,16.277,-0.028810302750162588
Cyprus,CYP,2015,-0.244186380127821,243.416337343981,3.41892038889013,-2.0969976905312,9.19582460552392,15.026,19.737300534231938
Cyprus,CYP,2016,-3.87009444301685,216.242757371797,6.57359080924678,-1.42916666666665,8.47696815179376,13.006,0.23577291943845474
Cyprus,CYP,2017,-4.91227348737418,191.783932232274,5.75083236554525,0.531766496174467,8.29633161273095,11.155,-2.0163267393074893
Cyprus,CYP,2018,-3.74116240200316,135.318599181494,6.27166360056404,1.43549119531759,7.10415817034185,8.504,-4.341685721816104
Cyprus,CYP,2019,-5.52358914687599,106.68413611383,5.87559583386607,0.250370996758493,8.19219834569514,7.155,5.491862428450424
Cyprus,CYP,2020,-9.70522206715598,106.473520309929,-3.22063018637567,-0.638422797978861,13.1910292122895,7.755,-1.9892905401682457
Cyprus,CYP,2021,-5.56660011376225,87.3952443793853,11.3975590801512,2.44608867175474,10.8672085465442,7.513,-3.427988441980449
Cyprus,CYP,2022,-6.97566849406385,70.8069403957086,8.73854684881674,8.39548297993334,7.82033923932235,6.806,12.31582922658001
Cyprus,CYP,2023,-9.70177901040075,60.571861381716,3.62045368236082,3.54134188751646,7.5370802876684,5.835,-2.609896246155402
Cyprus,CYP,2024,-8.15906556815552,56.6577631532363,3.94076934447787,1.80023018624824,8.32354431836197,4.9,-0.1027218553088201
Czechia,CZE,1990,1.1330967168381,61.1618107629241,-11.6149423646776,11.086500072223,20.4062668052917,2.27,0.0
Czechia,CZE,1991,1.1330967168381,61.1618107629241,-11.6149423646776,11.086500072223,20.4062668052917,2.27,0.0
Czechia,CZE,1992,1.1330967168381,61.1618107629241,-0.506542343116848,11.086500072223,20.4062668052917,2.6,0.0
Czechia,CZE,1993,1.1330967168381,61.1618107629241,0.0619042423607254,20.8130295438428,20.4062668052917,4.349,0.0
Czechia,CZE,1994,-1.70139298961709,65.2863894334243,2.90930948412982,10.039429835143,20.4062668052917,4.284,-1.2614554331482977
Czechia,CZE,1995,-2.26757320329168,64.5758778196693,6.22140598863832,8.99052361478449,29.3035088367041,4.082,-7.797151881327208
Czechia,CZE,1996,-6.08746771318312,62.97091748363,4.16858426915319,8.75877472878111,6.44123124876803,3.852,2.2766948833237035
Czechia,CZE,1997,-5.79107713467814,64.1908462522882,-0.595838414214853,8.59615666715564,1.66441096857714,4.674,16.77477980837417
Czechia,CZE,1998,-1.94722596154938,56.4694884558141,-0.393150193750415,10.6983655274888,3.36261767489274,6.455,1.8384199000475845
Czechia,CZE,1999,-2.2348345525307,51.1442282034601,1.37836060943835,2.1354484441733,2.62410396113678,8.702,7.087982156778601
Czechia,CZE,2000,-4.32605955808122,44.6857940575905,4.010669619984,3.77538829151729,16.0008377494391,8.764,11.655348804694068
Czechia,CZE,2001,-4.80305110479948,36.9324742415227,2.9172195289956,4.66267556988258,11.1836501134686,8.128,-1.4588379057001133
Czechia,CZE,2002,-5.16274750389645,23.5469774809519,1.51345949139996,1.90298097019027,-11.0921984156473,7.28,-13.926026754863031
Czechia,CZE,2003,-5.76037419921864,24.2503786358661,3.300836832613,0.118739205526815,6.56493026178685,7.777,-13.835440832157314
Czechia,CZE,2004,-3.70977039606133,25.6084231471379,4.73633969683438,2.76010781671153,7.35915245544553,8.298,-8.89521074834272
Czechia,CZE,2005,-2.0469317715426,29.198511293775,6.37502886086791,1.85709789109228,10.997177074229,7.927,-6.779573082747119
Czechia,CZE,2006,-2.55771892805224,33.8468188673217,6.62317299177447,2.53399258343633,12.9505971665106,7.141,-5.684391402801772
Czechia,CZE,2007,-4.70721210136984,38.7111386653992,5.48882595164517,2.8531243721117,16.1173743136305,5.316,-10.187462889133657
Czechia,CZE,2008,-1.86377838067906,43.2837473288349,2.61226807205139,6.3586638015237,13.5862283105176,4.392,-15.876874558565031
Czechia,CZE,2009,-2.35286468331655,45.0769166431167,-4.79832416684926,1.0193773532923,0.213326566463229,6.662,11.66455140095652
Czechia,CZE,2010,-3.48120039690542,45.8702955056247,2.71466509907701,1.47272727272728,1.87646679713886,7.281,0.18491318260505343
Czechia,CZE,2011,-2.16915378247341,47.9331340018142,1.77238085338473,1.9172191363555,2.75445022953148,6.712,-7.342732100235881
Czechia,CZE,2012,-1.50144944031701,49.0549453111,-0.770668190622743,3.28762306610411,4.79031675688789,6.979,10.632867281058036
Czechia,CZE,2013,-0.519137991701547,50.2898649104068,-0.0418124160447491,1.4382978723404,5.81022899915709,6.953,-0.03532967266862918
Czechia,CZE,2014,0.217020094001343,49.0926941934326,2.24521219862635,0.343988589646794,5.91995715715869,6.108,6.064799635507557
Czechia,CZE,2015,0.446971205922034,49.2604496354432,4.95875848915604,0.309364548494975,7.95092278730706,5.048,18.50535950861134
Czechia,CZE,2016,1.74734921729713,50.5721831167678,2.58087013921376,0.683504209385703,6.52779079563308,3.952,-0.6456967664344665
Czechia,CZE,2017,1.35301705500194,50.2324425641548,5.17356529967881,2.4505339846014,10.3570967013429,2.893,-4.351828804653861
Czechia,CZE,2018,0.451859774047593,50.7185195587911,2.83030588267866,2.14949494949493,6.31137488253781,2.246,-7.043092016141406
Czechia,CZE,2019,0.356195094422181,49.4401047128065,3.56577658128261,2.84787595918041,6.3584150761505,2.015,5.53307843641047
Czechia,CZE,2020,1.78520080795831,51.9829906329751,-5.30487955463876,3.1612952849781,9.95628524375376,2.55,1.2122665678247826
Czechia,CZE,2021,-2.04624111898244,52.0361206166061,4.02901832055149,3.83984491500146,6.76941104340941,2.803,-6.600891129278216
Czechia,CZE,2022,-4.52048439437013,48.6347695390782,2.8471706583814,15.1001651468371,6.10585436585901,2.224,7.744351075198372
Czechia,CZE,2023,-0.125406557037842,47.7195252266584,0.0475803308973752,10.6612601372427,9.73024515792234,2.579,-4.961753079019987
Czechia,CZE,2024,1.69610102238123,48.0206642758804,1.25131096245923,2.43531202435314,7.34760573038885,2.6,4.589360192509123
Denmark,DNK,1990,0.992308259412132,50.3413528984755,1.66026774169177,2.64160306382001,6.52659225213395,9.099,0.0
Denmark,DNK,1991,1.42496597503467,41.8821018591166,1.45818005306188,2.39515331724416,3.93080210387903,9.099,3.359425391212541
Denmark,DNK,1992,2.74488364106854,39.3314977103696,2.0228112415746,2.09604442933214,-0.739939745221923,9.027,-5.6331954532130375
Denmark,DNK,1993,3.37618768805071,34.2610361447159,-0.078900412805325,1.2578566795326,19.706617288278,10.719,7.4187531753219
Denmark,DNK,1994,2.04424373399313,30.2917917682028,5.29469615156448,1.99201463809517,-9.95117259116915,8.036,-1.902971277619535
Denmark,DNK,1995,1.00340778021557,30.3717471131793,3.03802150461165,2.08360842382855,6.21268825171192,6.992,-11.9201138475672
Denmark,DNK,1996,1.64799093505224,31.0162483179942,2.89575069230459,2.12629802275577,8.14356187202248,6.844,3.5039655859724137
Denmark,DNK,1997,0.531779842222929,31.5660006191374,3.16848143784479,2.1821667790712,6.81873382122141,5.4,13.896070450617756
Denmark,DNK,1998,-1.13530538852639,34.3428442810392,2.32630274538961,1.84565122007883,3.32547137868865,5.039,1.4591278039294326
Denmark,DNK,1999,1.71298625187983,34.0955585310025,2.96730536257029,2.49779544404529,-0.89205197614667,5.141,4.1101396444617295
Denmark,DNK,2000,1.37879989622757,132.060935621086,3.72400899471576,2.90328203236461,-5.16516872218846,4.476,15.866773027686415
Denmark,DNK,2001,2.94033572239732,138.754103332937,0.95003224600012,2.33787000255263,3.565120984936,4.164,2.965100317296027
Denmark,DNK,2002,1.93547973055908,141.481850362666,0.456530018779986,2.42443661219695,4.24160848740917,4.274,-5.1437308739899645
Denmark,DNK,2003,3.18790770063056,139.886814789913,0.441091006625101,2.07507820646506,-2.17469051486778,5.398,-16.555898107773974
Denmark,DNK,2004,2.35760495195269,145.292998792918,2.77635180744053,1.15435693124934,2.72736882906374,5.204,-9.056561193582674
Denmark,DNK,2005,4.1513787487385,157.138147842747,2.35960882992528,1.81781458291254,14.4170411278428,4.83,0.09770118459898725
Denmark,DNK,2006,3.33878587946735,168.745502563994,3.81648769908172,1.92422138464584,11.4789443178639,3.897,-0.8359582963002617
Denmark,DNK,2007,1.51196754347491,184.0374247006,0.987173815945127,1.69326586220324,17.1656742541219,3.801,-8.459664574684265
Denmark,DNK,2008,2.93344197648405,190.31686614058,-0.417178439991005,3.41626794258374,7.00027064997117,3.683,-6.348071111549249
Denmark,DNK,2009,3.67030898793201,200.399182317735,-4.97447905669058,1.30470991024336,4.52866749848949,6.409,5.153571807445035
Denmark,DNK,2010,6.39689740721914,192.829946750657,1.58289703108802,2.31092436974786,7.87826550924501,7.746,4.909809359183159
Denmark,DNK,2011,6.33895025513779,187.071128261478,1.3108037609606,2.7586822605125,-5.9362000963831,7.769,-4.540541598614531
Denmark,DNK,2012,6.04077392997688,182.294825006608,-0.00543230161670749,2.3979148566464,2.04830211192183,7.798,7.8932160758105665
Denmark,DNK,2013,7.38438213074312,176.47778714251,1.39267343161971,0.789071780078062,-9.37354206731861,7.384,-3.041253255822753
Denmark,DNK,2014,8.33724641683406,173.406264223471,1.27799983192831,0.56402054044954,14.1032264295522,6.925,-0.06846164750817703
Denmark,DNK,2015,8.03310119340131,170.482608410684,2.10441456445301,0.452034153691575,9.91131631313502,6.278,19.874330323499233
Denmark,DNK,2016,7.15352413797132,167.059346282627,3.07304549209093,0.250000000000031,-7.20490658126743,5.989,0.056650991841319054
Denmark,DNK,2017,7.43235705188883,162.056089653455,3.05647723922718,1.14713216957602,5.16118020835127,5.833,-1.9136985047415807
Denmark,DNK,2018,6.32147869586373,161.960223775062,1.8600074900921,0.813609467455631,1.50090679785704,5.131,-4.365884145316308
Denmark,DNK,2019,7.51157692205497,161.898678914292,1.71140093932736,0.75813157251162,5.80775708036393,5.018,5.619148840505619
Denmark,DNK,2020,7.31174171634936,163.53675512979,-1.78010601831291,0.420711974110025,9.83954459835281,5.644,-1.9086202826338994
Denmark,DNK,2021,8.60686861056623,155.229321090433,6.50025445756295,1.85304543989689,-1.04652285023299,5.065,-3.8983978621627955
Denmark,DNK,2022,11.1530363234679,143.406000566119,0.443832614908331,7.6965669988926,9.82498632297056,4.434,12.550096835322819
Denmark,DNK,2023,11.0099443611464,147.482098497207,0.604587766175584,3.30517811237606,4.8138565827062,5.094,-2.634896484553223
Denmark,DNK,2024,12.1952284849278,144.062236896793,3.47783593140312,1.37220049768926,1.45427085046801,5.358,0.06936193215577378
Djibouti,DJI,1990,22.072933156977,45.444480657609,7.19298728463697,1.74665224985434,3.55791067373202,26.118,0.0
Djibouti,DJI,1991,22.072933156977,43.1383476450468,7.19298728463697,1.74665224985434,4.04426764585883,26.118,0.0
Djibouti,DJI,1992,14.6514283023976,41.177716834783,7.19298728463697,1.74665224985434,-5.28732251687009,26.457,0.0
Djibouti,DJI,1993,23.8256791900187,39.6068412804582,7.19298728463697,1.74665224985434,0.91603843566167,27.253,0.0
Djibouti,DJI,1994,16.3154371248577,38.3092917999394,7.19298728463697,1.74665224985434,3.65824472631543,27.118,0.0
Djibouti,DJI,1995,15.5987157456815,42.8472913086732,7.19298728463697,1.74665224985434,5.27886803654474,27.303,0.0
Djibouti,DJI,1996,13.8618372344667,44.3476279970386,7.19298728463697,1.74665224985434,-7.40769748899576,27.172,0.0
Djibouti,DJI,1997,10.6026685770574,43.176323094833,7.19298728463697,1.74665224985434,-4.54914566063272,27.176,0.0
Djibouti,DJI,1998,8.53208339077555,46.0609959713861,7.19298728463697,1.74665224985434,-4.10839935485014,27.027,0.0
Djibouti,DJI,1999,12.9648892075065,28.8550655119462,7.19298728463697,1.74665224985434,-3.84821544091825,26.742,0.0
Djibouti,DJI,2000,6.04193525666741,32.0654354143763,7.19298728463697,1.74665224985434,1.12839045769977,26.664,0.0
Djibouti,DJI,2001,12.0278460954718,26.4404220559006,7.19298728463697,1.74665224985434,7.52927311435523,26.597,0.0
Djibouti,DJI,2002,11.8252569135347,24.3962198776258,7.19298728463697,0.63761955366632,15.6854460923828,26.589,0.0
Djibouti,DJI,2003,12.7055171216025,22.5844501693345,7.19298728463697,1.98196734627545,17.7554005754705,26.484,0.0
Djibouti,DJI,2004,0.473072861668427,21.1118901795143,7.19298728463697,3.12226204699352,13.8805177005977,26.441,0.0
Djibouti,DJI,2005,2.8410579725105,20.0751157306315,7.19298728463697,3.10496640148299,11.3511100740185,26.448,0.0
Djibouti,DJI,2006,-2.15448790661934,20.1829119250613,7.19298728463697,3.48340699677866,11.6095322536969,26.382,0.0
Djibouti,DJI,2007,-20.2086361012124,22.5217826972719,7.19298728463697,4.96597654553301,8.22643082330746,26.292,0.0
Djibouti,DJI,2008,-22.5587851004156,24.3356079532783,7.19298728463697,11.9586206896552,21.0565733284375,26.183,0.0
Djibouti,DJI,2009,-6.77718840004505,29.3471303326915,7.19298728463697,1.67549587285963,17.0095712884247,26.325,0.0
Djibouti,DJI,2010,4.47357137871551,33.1101651364158,7.19298728463697,3.95007875923886,12.2001689445392,26.368,0.0
Djibouti,DJI,2011,-13.8678242864019,30.9088339588642,7.19298728463697,5.0687139477798,-4.46690088257579,26.31,0.0
Djibouti,DJI,2012,-10.9311673573902,28.9308988431593,7.19298728463697,3.73120950756887,15.0441791999458,26.179,0.0
Djibouti,DJI,2013,-30.7512096888003,22.1463874057357,7.19298728463697,2.70603242872186,6.93626054670204,26.149,0.0
Djibouti,DJI,2014,23.8932174835351,22.1377018857024,7.19298728463697,1.34186494340162,6.48767394886116,26.16,0.0
Djibouti,DJI,2015,29.4599511791353,21.7028460975101,7.30898563450799,-0.522166521445793,19.0250316086382,26.063,0.0
Djibouti,DJI,2016,-1.00034788975653,20.4371265619881,7.1234323372872,2.4025290543489,8.76586615499902,25.982,0.0
Djibouti,DJI,2017,-4.79510874009854,21.1727542584921,5.458091517212,0.577285724560661,21.9188084661777,26.064,0.0
Djibouti,DJI,2018,14.711779905443,21.6332373941692,4.77433934943193,0.138836400011405,-5.58225556253918,26.18,0.0
Djibouti,DJI,2019,18.2584391861665,22.3514833157846,5.54508081154978,3.31763203299603,8.78066001207737,26.257,0.0
Djibouti,DJI,2020,11.6521171854969,21.153639250123,1.2021151728969,1.77900535643955,19.379237787864,27.701,0.0
Djibouti,DJI,2021,-6.63481531701171,18.5968581486669,4.40715667561153,1.18086783934059,5.29558051534839,27.628,0.0
Djibouti,DJI,2022,18.418217152052,19.8343292529775,5.16653702854374,5.17222088647606,-1.68907589026452,26.272,0.0
Djibouti,DJI,2023,18.5034837806032,21.8231301046989,6.80733529403308,1.44905087029086,7.67589368499659,26.074,0.0
Djibouti,DJI,2024,14.6941756648345,23.1025276600186,6.98048467276334,2.1120116728497,3.54738319156792,26.007,0.0
Dominica,DMA,1990,-21.609347993969,38.8208362446218,5.41798351146888,3.19092323226821,18.822425009824,5.407,0.0
Dominica,DMA,1991,-15.5554806525549,39.5087299447216,1.3477691598669,5.55706153429132,14.3566339260451,5.407,0.0
Dominica,DMA,1992,-11.5877587189063,41.773213494525,2.02941338180298,5.47182559344178,14.0265866347053,5.722,0.0
Dominica,DMA,1993,-7.41115066674712,43.6814396910638,2.16142138921818,1.56902604224498,-1.11198469259795,5.897,0.0
Dominica,DMA,1994,-9.89338899707205,43.7766352390692,0.034477526872962,0.0151367351744227,5.05934485559181,6.335,0.0
Dominica,DMA,1995,-14.6584638631427,46.4959997841367,3.0308658627128,1.3175374577497,20.6854370722789,6.484,0.0
Dominica,DMA,1996,-17.5044667181976,45.4253202731984,3.10419572470771,1.67716450485913,6.34838425767459,6.74,0.0
Dominica,DMA,1997,-13.9450169300916,47.2265209578642,2.18562742404438,2.43629715479674,4.85393048979125,6.588,0.0
Dominica,DMA,1998,-7.15327796349266,47.0953808686862,3.77423043853915,0.999147457910748,3.16019809955537,6.455,0.0
Dominica,DMA,1999,-10.7831426179179,46.8628523583589,0.354077659205259,1.17947787394175,8.66734110377129,6.358,0.0
Dominica,DMA,2000,-19.9386602693652,50.4332663238446,2.3402193777688,0.856946805358483,-3.20319651904978,6.432,0.0
Dominica,DMA,2001,-11.6177894763262,43.1318255408919,-0.0638434428881567,1.3038940346596,5.2542211703752,6.293,0.0
Dominica,DMA,2002,-8.85156806005728,42.7761983732133,-3.08742052359268,0.170055330197681,9.44758965636662,6.396,0.0
Dominica,DMA,2003,-6.04714179505931,41.7298305488313,5.80495468629533,1.45336800437251,8.4085729277746,6.534,0.0
Dominica,DMA,2004,-8.40775392872237,42.0733437896781,4.09783662273917,2.39410982050298,6.55172991497894,6.41,0.0
Dominica,DMA,2005,-16.0912002305889,45.2101842127672,0.915286472779144,1.68190079877553,5.46574648244365,6.577,0.0
Dominica,DMA,2006,-6.98675382958055,47.2177383513182,4.40077479812059,2.2023913263167,11.1897322479905,6.061,0.0
Dominica,DMA,2007,-17.2068339558124,46.5457044101112,5.3579375575878,3.63222129317821,10.1667993045984,5.665,0.0
Dominica,DMA,2008,-24.5182774836174,46.7316610211341,7.12131217762231,6.35992183336295,5.60030580946311,5.609,0.0
Dominica,DMA,2009,-19.6705453623388,46.398284692243,-1.13575145648322,0.00626357107066859,10.0886427464697,6.121,0.0
Dominica,DMA,2010,-16.9329365473543,50.4433536142261,-0.105610857694984,2.99936630549,2.63746494079331,6.359,0.0
Dominica,DMA,2011,-13.3467421657827,52.3689632609876,0.0427388878891435,1.1312313652648,2.64586416053922,6.087,0.0
Dominica,DMA,2012,-16.518817887546,55.2126750939529,-0.15739179314221,1.3567714780886,11.3018458804814,5.962,0.0
Dominica,DMA,2013,-17.0836404533407,52.6516931770331,0.0045039972976042,-0.0464116468805992,3.04276880208974,5.663,0.0
Dominica,DMA,2014,-6.21279255214797,48.813726061265,2.33521742067693,0.799250372687492,4.96958397524299,5.877,0.0
Dominica,DMA,2015,-6.56710220155756,47.5724320136163,-3.37338262476895,-0.84382698463833,3.52084404608907,5.615,0.0
Dominica,DMA,2016,-8.45275386663789,44.1506480003869,1.44724556489263,0.141816225732312,6.11641035623905,5.255,0.0
Dominica,DMA,2017,-10.2099529307271,47.2243698473433,-7.5443637547282,0.296252889279487,17.206553352723,5.0,0.0
Dominica,DMA,2018,-41.1963949394605,41.653873816514,2.964010610466,0.98919111918989,1.56608313906501,4.9,0.0
Dominica,DMA,2019,-36.195148663409,38.3560218453579,3.94809757938053,1.50462353858141,-11.7841644855541,4.987,0.0
Dominica,DMA,2020,-35.2351867100795,50.7542625074397,-15.7064024545862,1.22026442242476,-11.760051050292,5.994,0.0
Dominica,DMA,2021,-33.0604505678155,49.3802060716119,5.37983838954712,2.22891330700344,1.83088088230405,5.413,0.0
Dominica,DMA,2022,-26.5615606888312,45.8489422030946,10.3968076616121,2.88490226829353,-1.25656217166176,5.02,0.0
Dominica,DMA,2023,-40.3731052052086,41.7730066174571,3.65221012208734,5.08677483158112,-0.449569901802602,4.899,0.0
Dominica,DMA,2024,-37.8042228948698,39.3862299594619,2.052738472526,2.73620751873313,3.31414620707533,4.9,0.0
Dominican Republic,DOM,1990,-3.95268341373003,23.6407582982231,-5.45431239511254,50.4624792378524,38.0416429086716,6.863,0.0
Dominican Republic,DOM,1991,-1.6011020076795,23.6407582982231,0.944138889056532,47.079157410536,35.4813293845609,6.863,47.51291994506821
Dominican Republic,DOM,1992,-6.0997558654875,23.6407582982231,11.2374641300752,4.25902638893392,26.8970573434607,6.669,-0.6036852200921639
Dominican Republic,DOM,1993,-4.07383436047879,23.6407582982231,7.36669526975602,5.25033880690971,19.592203259228,6.322,0.0
Dominican Republic,DOM,1994,-1.93243515666095,23.6407582982231,2.59378305986246,8.26076798575834,11.4481435881555,6.285,0.9342424242423988
Dominican Republic,DOM,1995,-1.09873129454882,23.6407582982231,5.69998859173715,12.5359594558963,16.6467980089514,6.439,2.0070072624541226
Dominican Republic,DOM,1996,-1.16601469767881,23.6407582982231,5.96119319380874,5.39929385038922,17.1300203587042,6.485,0.2047335380668265
Dominican Republic,DOM,1997,-0.814289530702647,23.6407582982231,8.89955230035797,8.29656754792046,24.1189129279194,6.323,8.603767070266127
Dominican Republic,DOM,1998,-1.56144626408778,23.6407582982231,6.70585570778992,4.83166558591895,17.7236248390297,6.304,4.97782180277893
Dominican Republic,DOM,1999,-1.93887227246899,23.6407582982231,5.95651024999543,6.47054186846928,21.8994482803002,6.312,7.6944197326312125
Dominican Republic,DOM,2000,-4.22327517754885,23.6407582982231,4.65172550299128,7.72413566181616,16.7982485218143,6.432,2.191602563127443
Dominican Republic,DOM,2001,-2.89354387031244,23.6407582982231,2.46937023763239,8.88306848812961,37.5664449845038,7.262,3.148689413334426
Dominican Republic,DOM,2002,-2.94021829945032,23.6407582982231,4.48650367045651,5.22336769759447,5.4843812442903,6.779,5.404614733498296
Dominican Republic,DOM,2003,4.8412459657921,23.6407582982231,-1.34935744782766,27.4497127394395,87.1990375729933,6.938,66.940980399469
Dominican Republic,DOM,2004,4.66562998909679,23.6407582982231,2.58556667449577,51.4608598338065,15.6564029448711,6.303,42.765798845646394
Dominican Republic,DOM,2005,-1.32180615715461,19.6494366342449,9.43178931977285,4.19020260472056,7.43751146680473,6.587,-27.778247109664317
Dominican Republic,DOM,2006,-3.39866888826109,18.6926214053015,9.17120650955299,7.57280523853074,5.96232391597341,5.654,9.963498124343657
Dominican Republic,DOM,2007,-4.92727717051081,20.7082666024064,7.41840577774235,6.14356655248047,17.1364713087271,5.158,-0.38487835041948876
Dominican Republic,DOM,2008,-9.39813947302595,20.7401125439887,3.26808671288212,10.6446210953712,5.4118994816359,4.764,4.09229373637339
Dominican Republic,DOM,2009,-4.77544466541589,21.5664624818529,1.00345293018719,1.44215131834353,13.5313743668962,5.467,4.177617389708234
Dominican Republic,DOM,2010,-7.47847811387321,22.7350961859087,8.40114541209596,6.32993220146146,12.3379520802011,5.212,2.3613629956242996
Dominican Republic,DOM,2011,-7.52170967420317,22.9374372388722,3.19196227475523,5.79676809206533,12.5686909059422,6.087,3.4390238243120272
Dominican Republic,DOM,2012,-6.55624631595726,22.5374088267045,2.77567100848816,3.69449707884777,9.95364367457718,6.722,3.2365296479854013
Dominican Republic,DOM,2013,-4.10500018404707,23.4371404845689,4.93473300709881,4.830950967408,11.950574689359,7.351,6.292430446727264
Dominican Republic,DOM,2014,-3.23841188766659,25.2661648516991,7.11122629673892,2.99864226125219,9.26752299008154,6.719,4.199521587708044
Dominican Republic,DOM,2015,-1.8040834790462,26.0392720542651,6.98771131236387,0.836746346724557,12.1113155236581,7.605,3.434759356542817
Dominican Republic,DOM,2016,-1.07831727382895,26.9063969746819,6.71974078681295,1.61416607245223,9.75223379825405,7.284,2.2620348009558375
Dominican Republic,DOM,2017,-0.168331272949704,27.5827678514226,3.93386176401576,3.27955694678546,9.71039798869414,5.832,3.1909953342500788
Dominican Republic,DOM,2018,-1.55480224260577,27.3911536580126,7.09751640210159,3.56443426013508,6.63694029296926,5.861,4.156224541284817
Dominican Republic,DOM,2019,-1.33253119353172,28.0978072005075,4.8940301149584,1.81060377042959,11.6688562177909,6.356,3.6050610658347098
Dominican Republic,DOM,2020,-1.69224227999815,30.6276284346111,-7.92905234231061,3.78103179915517,21.7508363792943,6.126,10.195320096247665
Dominican Republic,DOM,2021,-2.83108026347322,27.7700298032382,14.0124289062207,8.24300347981809,13.7042096284029,7.702,1.2323557440544401
Dominican Republic,DOM,2022,-5.77106930088549,27.965795472561,5.23795652902595,8.81109209279587,5.5682071599167,5.504,-3.635240137163817
Dominican Republic,DOM,2023,-3.66805408423949,30.842195690075,2.19229848237939,4.78561281021135,14.482607305691,5.555,1.8436526123411239
Dominican Republic,DOM,2024,-2.98151999182261,31.9220864876323,4.95352204492849,3.30223338951227,11.281806143582,5.312,6.067804417092785
Ecuador,ECU,1990,-2.36231747522136,19.0719396318142,3.67991405308877,48.5191129963729,50.3269841586276,4.371,0.0
Ecuador,ECU,1991,-4.16751643885901,19.0719396318142,4.29134246404705,48.718080675219,5.99120925658598,4.371,36.27459429654331
Ecuador,ECU,1992,-0.674247786490063,19.0719396318142,2.11431064978969,54.6078215093597,4.44176887599245,4.333,46.61530648526179
Ecuador,ECU,1993,-4.48229932324834,19.0719396318142,1.97321813678619,44.9550537592163,46.7638003933287,4.403,25.107754757017776
Ecuador,ECU,1994,-3.95584535777111,19.0719396318142,4.25825042741626,27.3108817940495,39.101536667076,4.409,14.466292012856504
Ecuador,ECU,1995,-4.09288556316314,19.0719396318142,2.25254865225104,22.9341344145802,6.77214905353615,4.408,16.741525465522173
Ecuador,ECU,1996,-0.217391362976912,19.0719396318142,1.73174762607862,24.4114592150674,12.4290550752946,4.422,24.370498015690522
Ecuador,ECU,1997,-1.62196981722165,19.0719396318142,4.32786475767577,30.6575675722173,9.08117135373454,4.424,25.358176857261448
Ecuador,ECU,1998,-7.49949156007604,19.0719396318142,3.26652934570988,36.0984331623886,-16.3709640663276,4.389,36.22335261946832
Ecuador,ECU,1999,4.67349075269474,19.0719396318142,-4.73938585363382,52.2420051858225,-50.8120267534888,4.656,116.40767291789487
Ecuador,ECU,2000,6.3435541480245,19.0719396318142,1.09180164720277,96.0963756926096,47.0031496856126,4.8,-99.99151593427734
Ecuador,ECU,2001,-2.38325088255005,19.0719396318142,4.20627185748789,37.6767454518094,31.7589466221808,4.252,0.0
Ecuador,ECU,2002,-4.50586234491735,19.0719396318142,4.92809549611376,12.4835980082095,36.1221621372832,4.825,0.0
Ecuador,ECU,2003,-1.24920361685129,18.0551202336506,2.88450036512064,7.92936487461556,17.8917816670234,5.662,0.0
Ecuador,ECU,2004,-1.36219189560774,20.5413980220229,6.83239736646514,2.74323198926704,24.3693924046431,5.002,0.0
Ecuador,ECU,2005,1.17661120468016,21.9843010481258,5.39862243994342,2.1682770118372,19.5599976030434,3.779,0.0
Ecuador,ECU,2006,3.8080496541111,22.3312165490477,4.34113198577639,3.29874846258215,12.9710023242866,3.55,0.0
Ecuador,ECU,2007,3.78442738247704,23.3804598593846,1.90242859700484,2.27618478002121,16.1067758524903,3.142,0.0
Ecuador,ECU,2008,2.89405288656368,23.9648755618427,6.56492068224719,8.40009593987462,23.9021771334509,3.917,0.0
Ecuador,ECU,2009,0.520924336749102,24.8896332211154,1.0910129698311,5.15996829181047,7.08888037387183,4.608,0.0
Ecuador,ECU,2010,-2.32172616604528,27.0843336858919,4.02913787986621,3.55437734567843,16.4379505271689,4.088,0.0
Ecuador,ECU,2011,-0.506587087684932,27.5915486903939,8.48147656332823,4.4745326579584,16.6188415782455,3.458,0.0
Ecuador,ECU,2012,-0.166909556494228,28.44437278344,5.783212336172,5.10172180958666,16.9591528897778,3.235,0.0
Ecuador,ECU,2013,-0.966037832420016,28.5522332055412,7.21123653679159,2.72177577710371,13.9567237377983,3.083,0.0
Ecuador,ECU,2014,-0.651047970913704,29.208430980274,4.22606520388456,3.58922016616663,14.9406602713678,3.48,0.0
Ecuador,ECU,2015,-2.28484408591192,29.9362613682185,0.119692109287612,3.96664623255358,-4.82660428444028,3.616,0.0
Ecuador,ECU,2016,0.911358774426504,31.5046558000332,-0.687954245877947,1.72826463324533,17.8334656509724,4.597,0.0
Ecuador,ECU,2017,-0.389582136613769,34.2208461040213,5.97039880954841,0.417335588666825,-20.0102446343362,3.836,0.0
Ecuador,ECU,2018,-1.54867529374696,38.3374947486699,1.04429460679607,-0.224103246005552,4.67651827876999,3.53,0.0
Ecuador,ECU,2019,-0.539776584287139,42.6915820194147,0.1654044646003,0.266012515466155,8.85497141291489,3.812,0.0
Ecuador,ECU,2020,2.12980050698282,49.0557050652741,-9.24509619165865,-0.338872392562139,9.95834870726081,6.116,0.0
Ecuador,ECU,2021,2.84541289869901,49.7533981232754,9.42189269033631,0.133251386096389,12.6046528073998,4.504,0.0
Ecuador,ECU,2022,1.97168538429875,52.3799487703168,5.86842354862311,3.46616972213077,10.1204247321074,3.713,0.0
Ecuador,ECU,2023,2.06198915921791,54.654544984531,1.8328406107788,2.21568764237058,5.21558916754545,3.51,0.0
Ecuador,ECU,2024,5.68853936869322,56.5769942262981,-1.94409022506859,1.54732515615369,12.4437691449418,3.453,0.0
"Egypt, Arab Rep.",EGY,1990,5.41428288100209,25.5256784968685,5.66702915715818,16.7563747077691,28.7303704743851,9.38,0.0
"Egypt, Arab Rep.",EGY,1991,9.010952,22.0586311111111,1.12540459520747,19.7485448195578,19.3388988677434,9.38,102.4521505376342
"Egypt, Arab Rep.",EGY,1992,7.81250251617541,22.2704529115744,4.47285918408184,13.6374241717218,19.4282371508746,8.92,5.85530631159362
"Egypt, Arab Rep.",EGY,1993,5.44885051546392,23.7657860824742,2.90079079959442,12.0897922868977,13.2490090880719,10.92,0.9262943359647349
"Egypt, Arab Rep.",EGY,1994,0.0597325714285714,27.9036571428571,3.97317218034541,8.15423128587096,11.214676771765,10.93,0.9728758562283472
"Egypt, Arab Rep.",EGY,1995,-0.422212745098039,32.7338235294118,4.64245877240639,15.7422305021596,9.89651519458344,11.04,0.2090021072532825
"Egypt, Arab Rep.",EGY,1996,-0.283898866608544,36.5343940714908,4.98873056512208,7.18710369719992,10.8359039924112,9.0,-0.021372508075807255
"Egypt, Arab Rep.",EGY,1997,-0.905827378713802,39.6936066190297,5.49235474302942,4.62560578826438,10.7719639585706,8.37,-0.0805940370243148
"Egypt, Arab Rep.",EGY,1998,-3.02491579679889,46.5550104384134,5.575497460986,3.8725754642749,10.776409714942,8.03,-0.022132054592402167
"Egypt, Arab Rep.",EGY,1999,-1.80221287386216,52.0018205461638,6.05343878467555,3.07949912638332,5.66364173921057,7.95,0.21399055489964516
"Egypt, Arab Rep.",EGY,2000,-0.972570273448986,51.9532784475154,6.37000382991766,2.68380535348546,11.5813216570176,8.98,2.2619836536337523
"Egypt, Arab Rep.",EGY,2001,-0.401718427655422,54.9311402286033,3.53525197391507,2.26975720475956,13.2152512344865,9.26,14.428075632551376
"Egypt, Arab Rep.",EGY,2002,0.730979150171549,54.6553972024281,2.39020402675627,2.73723855000334,12.6303720351456,10.01,13.256145649802919
"Egypt, Arab Rep.",EGY,2003,4.66231377245509,53.897628742515,3.19345473756772,4.50777636319304,21.2797596244131,10.91,30.029076227868646
"Egypt, Arab Rep.",EGY,2004,4.97788419534309,54.0429142798269,4.09207161019908,11.270619332052,16.239251112765,10.32,5.902820803156108
"Egypt, Arab Rep.",EGY,2005,2.34529559888579,51.1654340531105,4.4717444710621,4.86939696871988,11.4893543447633,11.049,-6.736476008978512
"Egypt, Arab Rep.",EGY,2006,2.45322162862231,49.2909797353084,6.84383819369884,7.64452644526434,15.0021125763594,10.49,-0.7902402445707628
"Egypt, Arab Rep.",EGY,2007,0.315552631578947,45.5152215665951,7.08782742675582,9.3189690579923,19.1142488177078,8.8,-1.704700718043897
"Egypt, Arab Rep.",EGY,2008,-0.868821887213847,42.7975137803462,7.15628356711522,18.3168316831684,10.482895270236,8.517,-3.6010244701680447
"Egypt, Arab Rep.",EGY,2009,-1.7707391095759,36.0927133507004,4.67359980000663,11.7634954386443,9.47259209811699,9.087,2.0626471906078256
"Egypt, Arab Rep.",EGY,2010,-2.05668307641306,33.0722952214189,5.14723485746742,11.2651882653185,12.4185133406482,8.757,1.3957771649571415
"Egypt, Arab Rep.",EGY,2011,-2.32378812632193,31.1549232899382,1.76457194806041,10.0649259874818,6.66488573646993,11.849,5.529845081329735
"Egypt, Arab Rep.",EGY,2012,-2.49788021735236,27.388449729504,2.22619979818487,7.11172943343083,12.3473047869843,12.597,2.0770986291285394
"Egypt, Arab Rep.",EGY,2013,-1.22513249838744,26.2224394958043,2.18546605363386,9.46971981064921,18.8907165816396,13.154,13.445489158927698
"Egypt, Arab Rep.",EGY,2014,-1.94849131455399,25.6066805392918,2.91591188052836,10.0702154687481,15.7663852078814,13.105,3.017085226769617
"Egypt, Arab Rep.",EGY,2015,-5.23529137853431,26.316393760305,4.37201907781687,10.370490343517,18.6049644446138,13.052,8.670298271973422
"Egypt, Arab Rep.",EGY,2016,-6.16465951871263,34.1348626252639,4.34664345601914,13.813606214829,39.5091419937945,12.45,30.34799188966484
"Egypt, Arab Rep.",EGY,2017,-3.19681566782461,27.0698246737254,4.18122099961562,29.5066083940039,20.4504936953442,11.767,77.37478919924301
"Egypt, Arab Rep.",EGY,2018,-2.93164483711978,24.2952790707642,5.33110861887155,14.4014657807422,13.3021398230359,9.855,-0.08571946871344145
"Egypt, Arab Rep.",EGY,2019,-3.20758543154938,22.8487308972762,5.55209307084222,9.15279959324804,13.2785108458676,7.851,-5.609795051871632
"Egypt, Arab Rep.",EGY,2020,-3.70903990583375,25.7894742547866,3.55016483883115,5.04493288977539,19.7057863957347,7.974,-6.030851736007124
"Egypt, Arab Rep.",EGY,2021,-4.38240299812001,28.2307543894278,3.29064601193245,5.21404940513043,18.3339089698408,7.441,-0.7274851260382598
"Egypt, Arab Rep.",EGY,2022,-2.2100904275198,30.847002116672,6.58784560870467,13.8956609775178,27.1369749604278,6.546,22.47375328827103
"Egypt, Arab Rep.",EGY,2023,-3.17338763053558,29.2578215393463,3.76028052279247,33.8847763115546,19.9230710751383,6.753,59.84191444282786
"Egypt, Arab Rep.",EGY,2024,-5.68596234093524,27.5692279729149,2.3991692678251,28.2705899322083,31.0763084593873,6.817,47.90912330330136
El Salvador,SLV,1990,-3.14984163467256,45.9128728950283,4.83290057793786,23.9991651130861,-17.5136457131032,7.53,0.0
El Salvador,SLV,1991,-3.18836063436411,45.9128728950283,1.49408756791307,14.4026748806266,18.8607408185417,7.53,17.060111949379504
El Salvador,SLV,1992,-1.87429806480166,45.9128728950283,7.02196331575217,11.2144813801987,15.5333633245184,7.88,4.2931392931392205
El Salvador,SLV,1993,-1.22473345675386,45.9128728950283,5.81831555719015,18.5066883302714,33.4708419946963,9.94,4.0866141732283525
El Salvador,SLV,1994,-0.23421850941335,45.9128728950283,4.6920617266787,10.5858066526451,40.4437832725355,7.68,0.3015414138261191
El Salvador,SLV,1995,-2.93184061861952,45.9128728950283,4.73408140229732,10.0296564501018,11.9498874152332,7.65,0.29595684758217816
El Salvador,SLV,1996,-1.76340996059416,45.9128728950283,0.811461899328009,9.78892040179966,13.8007474907625,7.68,0.004759411736765888
El Salvador,SLV,1997,-0.956383843468498,45.9128728950283,3.13797006665828,4.49013627855204,10.5538895488466,7.98,0.014277555682454176
El Salvador,SLV,1998,-0.829238100118753,45.9128728950283,2.65227730016461,2.54705977554151,8.97597040512853,7.1,-0.014275517487495941
El Salvador,SLV,1999,-2.12066485546114,45.9128728950283,2.16203373722973,0.514827130192979,8.8022676839017,7.3,0.0
El Salvador,SLV,2000,-3.65297107423069,45.9128728950283,1.12790697674419,2.27128756828723,1.56354098880501,6.96,0.0
El Salvador,SLV,2001,-1.22368889754147,45.9128728950283,0.879613659882722,3.7508205747202,26.4799343507998,6.96,-88.57795545402627
El Salvador,SLV,2002,-3.19917807931234,45.5604582375641,1.57291844759789,1.86552503610077,-2.10000983230452,6.2,0.0
El Salvador,SLV,2003,-5.30205130807915,47.4286524146364,1.56539303147618,2.1203909173333,1.97560628666993,6.9,0.0
El Salvador,SLV,2004,-4.67674940955736,48.1551897350887,0.889404485692197,4.45194392395045,3.60919285849896,6.8,0.0
El Salvador,SLV,2005,-4.22907878622942,49.9239191050969,2.68083009363194,4.69094870903769,3.852577855378,7.22,0.0
El Salvador,SLV,2006,-4.78478289538241,50.2764169762417,4.3369986028604,4.03712359429612,10.4934283089954,6.57,0.0
El Salvador,SLV,2007,-7.15129248901495,51.5342970603847,1.84760220587859,4.57808572377153,17.3618163931332,6.41,0.0
El Salvador,SLV,2008,-8.51825968802833,51.0548677298855,2.15440298282768,6.70792293515939,-1.15509941422637,5.88,0.0
El Salvador,SLV,2009,-1.77368032991474,54.5525792579328,-2.10876837627522,1.05595029731201,2.19449541066204,7.33,0.0
El Salvador,SLV,2010,-2.88821622788295,52.3104277458922,2.15419536693635,1.17933576873673,0.144602282446536,4.893,0.0
El Salvador,SLV,2011,-5.48105199392229,49.9977176790519,3.80688113429295,5.1289237668161,-2.07014231372084,4.297,0.0
El Salvador,SLV,2012,-5.79721503254672,49.2960792034564,2.82262371802327,1.72973481581383,1.28927190093738,3.843,0.0
El Salvador,SLV,2013,-6.90474689247511,51.504185703808,2.23562439198375,0.757669184522973,2.410596079057,3.693,0.0
El Salvador,SLV,2014,-5.37138698730118,53.2701980017235,1.70870628357073,1.14134467538233,0.313239755014357,4.154,0.0
El Salvador,SLV,2015,-3.2159293549397,54.0918954267897,2.40000008852115,-0.731384487387957,6.92461065055352,3.998,0.0
El Salvador,SLV,2016,-2.27403286613894,55.0597980078069,2.53906241135864,0.60404908699661,3.04746060516971,4.418,0.0
El Salvador,SLV,2017,-1.85990733613607,56.0486779897987,2.24761908134138,1.0123540331558,11.1211176560043,4.385,0.0
El Salvador,SLV,2018,-3.30179306522223,57.2770156356153,2.4124442237792,1.09033000581892,6.06867056311359,4.006,0.0
El Salvador,SLV,2019,-0.421693578525018,59.0743132128325,2.43747159065784,0.0753241350024612,11.3051698208539,4.17,0.0
El Salvador,SLV,2020,1.11030429654712,65.3332227111145,-7.893101359867,-0.371590212324095,8.87235395107724,5.008,0.0
El Salvador,SLV,2021,-4.30553038660689,61.139568580911,11.9047617015957,3.46692585313082,2.25799085747399,4.327,0.0
El Salvador,SLV,2022,-6.7264326245409,62.6134246432786,2.9546041089332,7.19861615609867,4.6496099734149,2.999,0.0
El Salvador,SLV,2023,-1.74191990334686,62.4327826178303,3.35508721646165,4.04554694222477,8.88359392512043,2.992,0.0
El Salvador,SLV,2024,-2.76497895911378,63.3568626329389,2.5904637107794,0.853782292567288,3.31440722870336,3.261,0.0
Equatorial Guinea,GNQ,1990,-16.9395648833006,25.7713318341911,-1.75856408496443,0.857871551124735,-51.9852847900545,6.677,0.0
Equatorial Guinea,GNQ,1991,-36.7145107351161,38.2326958401526,-1.02223887710288,-3.42528735632201,-11.8361955085865,6.677,3.614907725811254
Equatorial Guinea,GNQ,1992,-7.85003608180464,21.2194972986663,34.7453200290652,-4.27874315639129,30.266706622715,6.878,-6.173229904852485
Equatorial Guinea,GNQ,1993,2.08962404984017,5.1656544925775,11.0332130375277,5.4522847373328,-25.4658385093168,7.024,6.978220971356866
Equatorial Guinea,GNQ,1994,-0.37878435160704,4.02011693673264,16.6688355418416,31.8410168416385,139.537037037037,7.123,96.07276379386906
Equatorial Guinea,GNQ,1995,-86.9941852940511,4.79762403015508,17.4862637323938,19.8724349483472,48.9498775930937,7.16,-10.096504981497775
Equatorial Guinea,GNQ,1996,-147.997312487613,5.21035574316028,66.5799972215897,4.54072771540235,42.7854671280277,7.215,2.4850332541484295
Equatorial Guinea,GNQ,1997,-147.997312487613,4.65452142589506,149.972963487965,3.01650540694366,9.30570701563068,7.263,14.097663858709783
Equatorial Guinea,GNQ,1998,-147.997312487613,6.46172223470148,23.7744823299607,7.93571069814148,15.5581421128478,7.332,1.0763631794837631
Equatorial Guinea,GNQ,1999,-147.997312487613,5.56636788879989,25.6640154410418,0.372266170311928,68.6507746174877,7.417,4.32604423820055
Equatorial Guinea,GNQ,2000,-147.997312487613,3.63341617435826,18.2137799569674,4.80228886901398,36.2465161253626,7.444,15.392157567342018
Equatorial Guinea,GNQ,2001,-147.997312487613,3.47007757207302,63.3798754250602,8.82538925854966,28.2296950341286,7.551,3.1243969297011973
Equatorial Guinea,GNQ,2002,-147.997312487613,4.16905437079468,19.4628340359251,7.5924784983324,54.3976168384041,7.646,-5.281893583205087
Equatorial Guinea,GNQ,2003,-147.997312487613,3.58879170056066,13.9552503163825,7.32354399351809,60.4029605263158,7.701,-16.406750797983076
Equatorial Guinea,GNQ,2004,-147.997312487613,2.72215431812877,37.9987268556423,4.21968787094834,32.9382998442214,7.658,-9.06356736704301
Equatorial Guinea,GNQ,2005,-147.997312487613,2.14853263799982,16.7487006053541,5.63163351357613,36.9338099688011,7.667,-0.01510788850253824
Equatorial Guinea,GNQ,2006,-147.997312487613,2.37293393091507,7.70491760658767,4.41589984169561,12.7440873803936,7.612,-0.9165786826336906
Equatorial Guinea,GNQ,2007,-147.997312487613,2.80267296559979,15.2821139194857,2.80373831775704,40.367692331096,7.592,-8.382419301809671
Equatorial Guinea,GNQ,2008,-147.997312487613,4.10405482430278,17.7991091333811,6.55176691184535,30.6792351880572,7.571,-6.818089863676538
Equatorial Guinea,GNQ,2009,-147.997312487613,5.31752124002543,1.34335628806095,4.69106567747375,23.9622526211033,7.702,5.44694611026645
Equatorial Guinea,GNQ,2010,-147.997312487613,6.07828531496565,-8.92417588851806,7.78916547991184,27.887323943662,7.847,5.209692006210174
Equatorial Guinea,GNQ,2011,-147.997312487613,6.4064820440112,6.52392362989873,4.805389221557,0.0,7.837,-4.758672099031072
Equatorial Guinea,GNQ,2012,-147.997312487613,4.83204994072443,8.31287184445641,3.65662048278806,59.5814977973568,7.761,8.34118352607313
Equatorial Guinea,GNQ,2013,-147.997312487613,6.863157222794,-4.13319850131583,2.94887694639662,6.2111801242236,7.675,-3.2624635808936286
Equatorial Guinea,GNQ,2014,-147.997312487613,8.10847678929606,0.415066301596866,4.30999866149107,-15.8544509421702,7.669,-0.028810302752448124
Equatorial Guinea,GNQ,2015,-147.997312487613,12.5262525944721,-9.11004114881537,1.67663085315988,-7.02702702702703,7.778,19.737300534233693
Equatorial Guinea,GNQ,2016,-147.997312487613,14.9468582596128,-8.81641723219757,1.41193915479015,-21.0132890365449,7.798,0.23577291944129516
Equatorial Guinea,GNQ,2017,-147.997312487613,14.1214330973783,-5.66750850486686,0.74435474661241,-5.15247108307045,7.843,-2.0163267393092883
Equatorial Guinea,GNQ,2018,-147.997312487613,14.1882491471457,-6.23654406734575,1.06007410662171,-0.776053215077605,7.818,-4.3416857218186
Equatorial Guinea,GNQ,2019,-147.997312487613,15.2395082821309,-5.48182537893445,1.53027528964189,-7.26256983240224,7.917,5.484696917502256
Equatorial Guinea,GNQ,2020,-147.997312487613,12.8708903076884,-4.79108083383294,4.76669523944228,-5.06024096385542,8.625,-1.7622144723614281
Equatorial Guinea,GNQ,2021,-147.997312487613,10.4542771122938,0.860269956382069,-0.0971007664640198,-0.634517766497462,8.821,-3.6580683534393796
Equatorial Guinea,GNQ,2022,-147.997312487613,8.08192941445443,3.22350831658598,4.78671704710803,21.9841634738186,8.334,12.48425542445334
Equatorial Guinea,GNQ,2023,-147.997312487613,5.81219669046931,-7.4250553172124,2.85949506037322,8.72556368935942,8.218,-2.755861066393697
Equatorial Guinea,GNQ,2024,-147.997312487613,5.81219669046931,0.39622552095193,2.92140227309103,8.72556368935942,8.293,-0.037003585621040364
Eswatini,SWZ,1990,4.55259231829368,16.4000106377398,21.0180005361393,13.0922899124981,0.597270157087668,20.521,0.0
Eswatini,SWZ,1991,4.0814985358133,20.7935592136321,1.76037682932704,8.93430656934288,20.0927810107578,20.521,6.724877890095596
Eswatini,SWZ,1992,-3.15761879391608,18.6461085020651,3.22620638317446,7.55829536317337,21.21489207546,20.947,3.284636728032465
Eswatini,SWZ,1993,-4.69230198926611,16.866115575315,3.10611397305176,12.0234238724148,13.5643477853213,21.76,14.576625232985688
Eswatini,SWZ,1994,0.129989761643896,18.1224119117382,2.40069167481312,13.7693248804359,10.8737035178001,21.726,8.662152216799896
Eswatini,SWZ,1995,-1.74925944187271,15.0610497971303,4.82565106458388,12.2885912601426,3.86380021730227,21.65,2.148437041623128
Eswatini,SWZ,1996,-3.24211594984,14.3065631568365,3.84205383650107,6.42521330315218,16.3340326292849,22.074,18.534557824442217
Eswatini,SWZ,1997,-0.159647506239687,14.0077308373326,3.10280518683581,7.12532722513057,19.4081152002958,22.5,7.178121339683378
Eswatini,SWZ,1998,-5.91886464673935,13.4410388180233,2.60403956171793,8.10996563573863,12.8723950818865,23.214,19.972442623763136
Eswatini,SWZ,1999,-2.12921733088375,13.0976440233483,2.95087537020716,6.08886063431493,15.6285917972444,23.868,10.513207759912238
Eswatini,SWZ,2000,-2.70238391314617,11.2461789277072,1.76017328388222,12.2085358545844,-6.60688446501595,24.547,13.59106831305032
Eswatini,SWZ,2001,0.598910535464894,9.03799084370979,1.41221393287066,5.94210982281648,9.73003117486264,25.24,24.054665617329153
Eswatini,SWZ,2002,2.38216911954967,10.5186800452527,4.0886479398829,12.0197154699232,13.2411223182346,25.771,22.436116405577923
Eswatini,SWZ,2003,4.15889604093632,13.0335033638924,4.53865525672528,7.28999999999999,14.4423314696043,26.259,-28.233270318611396
Eswatini,SWZ,2004,2.63067140122666,15.6794075132557,3.61711931922247,3.44533507316614,7.00971028184112,26.716,-14.607974994544357
Eswatini,SWZ,2005,-3.31336100189478,17.6107810983513,5.99228289096037,4.77400404553712,9.71741517474791,27.221,-1.5536988280273356
Eswatini,SWZ,2006,-6.11526332672521,19.5207280679882,6.72880946564094,5.30463946338728,25.0837960791288,27.693,6.482144209674239
Eswatini,SWZ,2007,-1.93276556706589,21.6983255351644,4.31772144872362,8.07608827861589,21.4654314443834,28.24,4.04362172663833
Eswatini,SWZ,2008,-7.14591112347183,20.6739096803303,1.44055358727118,12.6574601863915,15.3832689951022,27.891,17.257563424085617
Eswatini,SWZ,2009,-11.7528556394377,20.9217751980064,1.43311134247756,7.44823423445754,26.8005527624997,27.488,2.5716630133739242
Eswatini,SWZ,2010,-8.90472208675336,19.468556789438,3.82443487429767,4.50923691774369,7.90204931705589,26.856,-13.600383677417193
Eswatini,SWZ,2011,-5.9649333225146,22.8407822139502,1.83973625916165,6.10742714590251,5.47506789611267,26.105,-0.8207622872844588
Eswatini,SWZ,2012,5.05366904415604,19.7488163303886,4.09048190124592,8.93964682788212,10.0181004222601,25.226,13.067335464694787
Eswatini,SWZ,2013,10.9113844873232,21.4745583840623,4.09458522119226,5.62130623468948,15.9362196406047,24.556,17.601619546524155
Eswatini,SWZ,2014,11.9504856315641,21.8445673382862,2.05738179246586,5.68134885776447,3.94497601036623,23.931,12.403858569773185
Eswatini,SWZ,2015,13.6462188835414,21.25805436914,1.70425806017289,4.95124493704919,13.5791646751224,23.431,17.5650586190588
Eswatini,SWZ,2016,7.9902465271262,21.5801659225305,2.94916821059911,7.8472745908568,26.3936615569867,22.718,15.28874184311185
Eswatini,SWZ,2017,6.1129365155531,20.6352761067432,3.52095345987983,6.22137528933118,3.80030978694787,24.543,-9.421115703278371
Eswatini,SWZ,2018,1.30781570062784,20.9890102465224,0.0653956557843571,4.81506167461513,4.06275095593522,26.471,-0.6745443740300806
Eswatini,SWZ,2019,3.81510661336773,20.2233785743064,6.43186888691574,2.59801620311077,1.77844168042498,28.222,9.202580654457842
Eswatini,SWZ,2020,6.55291656984156,20.9643539991261,-2.95183453409287,2.59801620311077,15.44578650851,32.978,13.966897832388273
Eswatini,SWZ,2021,2.60694672482633,20.823247149558,4.23621913615419,2.59801620311077,0.27339849476271,34.153,-10.241618221574631
Eswatini,SWZ,2022,-2.96992116038183,21.3428907072988,0.386070835562705,2.59801620311077,3.62127259285027,36.472,10.679844714324126
Eswatini,SWZ,2023,2.1357603698575,21.3095273182131,3.53257662836211,2.59801620311077,3.62127259285027,34.61,12.781281369283004
Eswatini,SWZ,2024,1.6121572847945,21.6231408755943,3.03162462475916,2.59801620311077,3.62127259285027,34.643,-0.7364726446630775
Ethiopia,ETH,1990,-2.3541103991641,1.58214336299026,2.72645178272684,5.15248124174767,19.8741342757366,3.284,0.0
Ethiopia,ETH,1991,0.747122815753611,1.43847572438619,-7.13747971659305,35.7225982298715,15.9265933642568,3.284,0.0
Ethiopia,ETH,1992,-1.11537579375337,2.07157691398828,-8.6724801143672,10.5274440119592,15.2181242399066,3.416,35.38647342995171
Ethiopia,ETH,1993,-0.552422468805537,3.49087755189805,13.1428339363255,3.54306596166032,8.78209797517962,3.252,78.4121320249777
Ethiopia,ETH,1994,1.76625983730632,4.84114685389972,3.18996458331273,7.59387600185337,23.1748855591273,3.1,9.299999999999997
Ethiopia,ETH,1995,0.501295996148241,7.54482335944397,6.12751141587474,10.0221733553239,9.03001010577566,3.005,12.68679475449826
Ethiopia,ETH,1996,0.908197347576536,11.6492618227706,12.4261737814951,-8.48424868948825,9.04520467012558,3.121,3.139512855209807
Ethiopia,ETH,1997,-0.457223674441712,13.996200855524,3.1339068517801,2.39520958083829,19.8250465310154,3.227,5.6310605732609025
Ethiopia,ETH,1998,-4.15073883771035,15.7643606067517,-3.4581391346848,0.894801693964107,-1.0934242347629,3.481,6.059710279572932
Ethiopia,ETH,1999,-5.89415732214506,18.9197318949242,5.16214582255112,7.94144864137325,13.7053564945609,3.714,11.612595721558046
Ethiopia,ETH,2000,0.163268897783398,17.6238640309735,6.07321748125295,0.662458109266482,13.073874936876,3.499,3.462599809038124
Ethiopia,ETH,2001,-4.53620596538169,17.778546785567,8.30130632267965,-8.23784453391137,9.67575065975062,3.16,2.9235217342362523
Ethiopia,ETH,2002,-1.74046524518375,17.978117689976,1.51472570667433,0.675089102170801,15.9341278120192,3.054,1.3036765234766885
Ethiopia,ETH,2003,-1.58150719828577,17.5006234628474,-2.16135972256865,13.6740452028272,12.4379238009675,3.008,0.37271551262967956
Ethiopia,ETH,2004,-6.59189372254429,16.5291865259117,13.5726031401471,3.32737047894847,19.2644717451456,2.776,0.4174572319523374
Ethiopia,ETH,2005,-12.6419842587598,18.8657892604975,11.8187659491625,9.96997123512892,18.5918964162895,2.497,0.357339303463459
Ethiopia,ETH,2006,-11.6871605564419,20.4493250657558,10.8347270679373,12.2994763114825,19.9936599770018,2.337,0.3712500228370589
Ethiopia,ETH,2007,-4.20144598076542,18.5250760306452,11.4561670019891,17.2404008340898,22.2125998151512,2.337,3.0732954735423315
Ethiopia,ETH,2008,-6.67139557726763,17.7101483486321,10.7885216870332,44.3566858766952,23.3896898185041,2.326,7.068873534501874
Ethiopia,ETH,2009,-6.75348362103612,17.7101483486321,8.8025531990487,8.48364404530282,23.3896898185041,2.326,22.6866313850459
Ethiopia,ETH,2010,-2.1222608717343,17.7101483486321,12.5505383347633,8.14926402965082,23.3896898185041,2.295,22.3474239972016
Ethiopia,ETH,2011,-3.30367964138339,17.7101483486321,11.1782962297008,33.2499598823344,23.3896898185041,2.27,17.277632359371868
Ethiopia,ETH,2012,-7.10674868080212,17.7101483486321,8.64781163513926,23.600417677317,23.3896898185041,2.252,4.7667013282295
Ethiopia,ETH,2013,-6.36626399169653,17.7101483486321,10.5822700502552,7.46402192944517,23.3896898185041,2.251,5.206890731732735
Ethiopia,ETH,2014,-10.3781721184148,17.7101483486321,10.2574929627477,6.89001951597192,23.3896898185041,2.361,5.149407079151218
Ethiopia,ETH,2015,-12.1838327178753,17.7101483486321,10.3924630141307,9.56889955968623,23.3896898185041,2.442,5.060091254811365
Ethiopia,ETH,2016,-11.5449209376397,17.7101483486321,9.43348265981905,6.62813337230924,23.3896898185041,2.556,5.611639013589001
Ethiopia,ETH,2017,-7.76343039992897,17.7101483486321,9.56418965754014,10.6871150284238,23.3896898185041,2.665,9.822389604213495
Ethiopia,ETH,2018,-5.53324917435327,17.7101483486321,6.81614778557282,13.8330356586661,23.3896898185041,2.811,14.930304789005861
Ethiopia,ETH,2019,-5.47194445069538,17.7101483486321,8.36408573111346,15.8096321719344,23.3896898185041,2.928,5.980313851357318
Ethiopia,ETH,2020,-2.75526110013781,17.7101483486321,6.05953089248577,20.3563468559061,23.3896898185041,3.998,20.14952107961163
Ethiopia,ETH,2021,-4.13241831248994,17.7101483486321,5.64153069324176,26.8395221557722,23.3896898185041,3.935,25.214221689404106
Ethiopia,ETH,2022,-4.19066632561125,17.7101483486321,5.32175988485454,33.8898797100898,23.3896898185041,3.386,18.34379974236282
Ethiopia,ETH,2023,-3.52359702026291,17.7101483486321,6.59424599054353,30.2188278135278,23.3896898185041,3.375,5.4964085615674785
Ethiopia,ETH,2024,-2.53176480495898,17.7101483486321,7.61277447616879,21.0377460577711,23.3896898185041,3.357,51.28187197065475
Fiji,FJI,1990,-7.03030144787266,35.433731039075,5.8000027238601,8.1913713204097,25.6939185702954,4.618,0.0
Fiji,FJI,1991,-4.93144143597924,35.433731039075,-2.70000339719263,6.49734555984547,14.5456921886137,4.618,-0.36132103607559835
Fiji,FJI,1992,-3.99878474352944,35.433731039075,6.10000158039144,4.88302271568615,14.5730556035951,4.64,1.8591842970084098
Fiji,FJI,1993,-8.4400396432111,35.433731039075,2.13003299416839,5.20658925195765,6.33548520623045,4.694,2.580465948728011
Fiji,FJI,1994,-6.17634955669447,35.433731039075,5.09999825114068,0.816666666667011,2.54093364640734,4.598,-5.036402847367483
Fiji,FJI,1995,-5.7201617680846,35.433731039075,2.49999899666315,2.16564721441537,4.4911869580823,4.651,-3.947181194684183
Fiji,FJI,1996,0.636047134440278,35.433731039075,4.80000119270963,3.05016181229798,0.86155560776001,4.623,-0.21569092201920737
Fiji,FJI,1997,-1.63374867444327,35.433731039075,-2.19999958040422,3.36814006437944,-8.73086589606647,4.725,2.877146725575433
Fiji,FJI,1998,-3.62307870193135,35.433731039075,1.29999962239084,5.71168160413118,-0.536055798467946,4.746,37.62215641793824
Fiji,FJI,1999,0.655462625521093,35.433731039075,8.79999882804397,1.96867366000919,13.6417336929282,4.698,-0.8652870169200321
Fiji,FJI,2000,-1.51980018386888,35.433731039075,-1.69999776168213,1.09216459977388,-1.54580513391334,4.697,8.07260265278924
Fiji,FJI,2001,-4.09110110593278,35.433731039075,2.00000027123612,4.27267024465105,11.5111712257494,4.692,6.951809079858119
Fiji,FJI,2002,0.858878837529479,55.2991212475252,3.19999861722759,0.762032085561206,21.0676764124056,4.772,-3.9453342609176727
Fiji,FJI,2003,-2.28236251772105,54.7425560184288,0.999998995078172,4.17274777763034,16.2834942768808,4.74,-13.307901224417112
Fiji,FJI,2004,-9.27687175758032,61.1134716967661,5.30000086613597,2.82748519391201,9.46226726601261,4.7,-8.580515689062885
Fiji,FJI,2005,-6.89584542628476,69.1915847943942,0.699999592969263,2.36576453830434,15.1677090889507,3.886,-2.4266009998519755
Fiji,FJI,2006,-16.4488939915362,79.0666889707575,1.85248357237371,2.49083638787079,22.2677005627211,3.957,2.3783334067491877
Fiji,FJI,2007,-11.4545752332219,78.7496782773846,-0.8506533546566,4.80370641306989,8.28845997808064,4.109,-6.9805108620366845
Fiji,FJI,2008,-14.9382363262539,85.9113508881267,1.03279368777636,7.73227857918422,-6.46703047654739,4.187,-1.0170917170344662
Fiji,FJI,2009,-4.31924967284107,89.605567220233,-1.38603752085589,3.13103559015967,7.08181916000513,4.309,22.838943886962536
Fiji,FJI,2010,-4.7591968754889,83.4615495494888,2.95467268842502,3.68901229670761,3.50639239938857,4.345,-2.021677009948007
Fiji,FJI,2011,-5.16119192694595,75.3880732634199,2.70514231228027,7.278117827085,11.0475710651202,4.406,-6.652294483410781
Fiji,FJI,2012,-1.43404429081021,76.8012555942269,1.41131415220703,3.42337523401979,6.28929856837647,4.375,-0.05533657917290379
Fiji,FJI,2013,-9.71178073518759,74.8887465351047,4.7342203729816,2.91354193603992,18.9859578290131,4.356,2.8819490839119277
Fiji,FJI,2014,-5.77781240557738,72.596975982596,5.60351397766961,0.519306474579107,10.3953857613077,4.323,2.4908674282814856
Fiji,FJI,2015,-3.47299248987542,78.765928937683,4.50120064471365,1.37488542621447,13.9356414797147,4.288,11.14181127925942
Fiji,FJI,2016,-3.60696936050467,84.4251449377182,2.44565202449249,3.86322538221278,5.34484451132641,4.319,-0.13986629685982546
Fiji,FJI,2017,-6.639070882176,86.2066812169131,5.35336434979577,3.34757834757831,8.07688104606604,4.418,-1.3281467181037858
Fiji,FJI,2018,-8.44729845329712,92.7963247404047,3.812350939512,4.08147637644543,2.4600166735855,4.523,0.9920523699512832
Fiji,FJI,2019,-11.7772709740163,104.113881166689,-0.581946590349759,1.79388647514555,3.17848666934833,4.661,3.497845789285179
Fiji,FJI,2020,-12.131158843021,130.050824259718,-17.1835352599354,-1.70014167847318,0.985935315732746,5.054,0.3893647349711602
Fiji,FJI,2021,-7.20401590434096,139.163957696995,-4.3459619989752,1.53454853751592,11.4211704340536,5.225,-4.526529325516999
Fiji,FJI,2022,-15.5083711760819,118.38185167337,17.7451269773594,6.07882431529725,5.08067211757045,5.403,6.3156354879426475
Fiji,FJI,2023,-6.61225780515817,113.600553281903,9.44245856738313,2.97544080604539,8.75673684503342,5.316,2.213039811816441
Fiji,FJI,2024,-7.78080984551748,115.346328808797,3.53085896076352,3.89084237884105,8.75673684503342,5.361,0.8077329037275631
Finland,FIN,1990,-4.92220571481103,52.6545661834749,0.691649917806032,6.14956531179858,18.3987878172736,6.503,0.0
Finland,FIN,1991,-5.32681492267676,52.6545661834749,-5.88059618513641,4.31021289843461,18.5750576280755,6.503,5.766284251404668
Finland,FIN,1992,-4.54594465904843,52.6545661834749,-3.31137361706595,2.91932319285019,16.8624949702528,11.595,10.768127514669358
Finland,FIN,1993,-1.27368110383661,52.6545661834749,-0.779815061561479,2.19065319556431,17.7941110732386,16.201,27.522450723007108
Finland,FIN,1994,1.07619185079872,52.6545661834749,3.96437283726799,1.08855677589402,19.6672925694495,16.426,-8.556621320981852
Finland,FIN,1995,3.90223701682603,52.6545661834749,4.23436710187066,0.79123940693846,15.5931841953706,17.005,-16.40363325125249
Finland,FIN,1996,3.79006406550444,52.6545661834749,3.66265716987186,0.629194238121054,14.8461254667665,15.572,5.195801526717473
Finland,FIN,1997,5.22832147413366,52.6545661834749,6.39770068404337,1.19255883425843,16.4017000197281,14.967,13.015750345593293
Finland,FIN,1998,5.47770810715809,52.6545661834749,5.45427021765444,1.39947378579837,11.3581980959744,13.214,2.9400509364622636
Finland,FIN,1999,5.94874529220919,52.6545661834749,4.38928070374669,1.16223155669441,13.5583402571813,11.693,-82.44252406954287
Finland,FIN,2000,8.35697521580217,52.6545661834749,5.75373770498848,3.04210080667792,12.3247819807429,11.134,15.392157567337462
Finland,FIN,2001,9.32832355563527,52.6545661834749,2.64026205699308,2.57844080098903,13.816160330387,10.29,3.124396929694833
Finland,FIN,2002,8.61479200191203,55.4363782525549,1.68732644358099,1.5712201278938,11.2609118719366,10.423,-5.281893583200162
Finland,FIN,2003,4.97591224324578,60.2844826449767,2.01179992738312,0.877440386254729,12.6429879971001,10.469,-16.406750797985868
Finland,FIN,2004,6.35919059517118,63.7327470533763,4.00537952277651,0.187120559084474,13.4716639858768,10.358,-9.063567367038319
Finland,FIN,2005,3.79909504985157,69.2547338248333,2.77730918518017,0.623874450025224,14.40286140937,9.602,-0.015107888500853414
Finland,FIN,2006,3.94307577889212,73.4138990286994,4.01957326515895,1.56666380704379,17.830628514143,8.935,-0.9165786826361264
Finland,FIN,2007,4.08024653201486,76.2828840098579,5.31280176694145,2.5106656524034,17.1656742541219,6.854,-8.382419301811138
Finland,FIN,2008,2.46705484055195,80.1053265586632,0.784431235717051,4.06595355358383,14.8922041933974,6.369,-6.8180898636756915
Finland,FIN,2009,2.10030839228353,86.308636201062,-8.07603116552393,-9.17360424903996e-07,10.4560909446993,8.249,5.446946110266462
Finland,FIN,2010,1.39274108679821,88.1332149861544,3.1682879121621,1.18413523154651,12.4857998554167,8.394,5.209692006207694
Finland,FIN,2011,-1.55989641961033,89.5337836128608,2.39039455396828,3.4168075425521,11.9424460401465,7.781,-4.758672099029562
Finland,FIN,2012,-2.25407429115713,92.0754773478126,-1.52284013040689,2.80833622561574,10.3007746397346,7.689,8.341183526073815
Finland,FIN,2013,-1.87586111811564,93.313414939778,-0.979741024949618,1.4782861568881,10.6763160454565,8.193,-3.2624635808943454
Finland,FIN,2014,-1.40306958808626,93.3662043671516,-0.4780684247837,1.0411962117843,9.26752299008154,8.663,-0.028810302750162588
Finland,FIN,2015,-0.91248550363006,94.9850612773084,0.466503766322674,-0.207928839905177,9.19582460552392,9.376,19.737300534231938
Finland,FIN,2016,-1.98213896057961,94.7843702628907,2.57193414898754,0.356684500891695,8.47696815179376,8.818,0.23577291943845474
Finland,FIN,2017,-0.613710516292876,94.0317570514361,3.30337003591039,0.754015047084438,8.29633161273095,8.64,-2.0163267393074893
Finland,FIN,2018,-1.63811271947478,94.8815247622949,1.19297759742292,1.08382098409296,7.10415817034185,7.361,-4.341685721816104
Finland,FIN,2019,-0.154995291001249,95.9193855390369,1.34973845741737,1.02409392963431,8.19219834569514,6.695,5.491862428450424
Finland,FIN,2020,0.529983303828097,101.738251257472,-2.49103605535707,0.290554555653239,13.1910292122895,7.759,-1.9892905401682457
Finland,FIN,2021,0.326640931588568,100.140293611616,2.67634641498897,2.19457432339998,10.8672085465442,7.617,-3.427988441980449
Finland,FIN,2022,-2.50692650482939,96.1977943524903,0.763041912763526,7.12350773301412,7.82033923932235,6.719,12.31582922658001
Finland,FIN,2023,-0.926076349882943,93.2129448178605,-1.28973484453397,6.25064322154763,7.5370802876684,7.149,-2.609896246155402
Finland,FIN,2024,-0.432631418354181,92.0244354023472,0.374566568538427,1.56568906231616,8.32354431836197,8.4,-0.1027218553088201
France,FRA,1990,-0.790699531946191,77.3883861486517,2.82962715326478,3.19428338029482,18.3987878172736,9.134,0.0
France,FRA,1991,-0.517748489885409,77.3883861486517,1.23666248297356,3.21340732409677,18.5750576280755,9.134,3.6149077258112836
France,FRA,1992,0.280170781675052,77.3883861486517,1.5160611169627,2.36376046269356,16.8624949702528,10.203,-6.173229904852611
France,FRA,1993,0.683954592617435,77.3883861486517,-0.35899781051468,2.10446277124642,17.7941110732386,11.32,6.978220971356751
France,FRA,1994,0.535080974263654,77.3883861486517,2.38366086110145,1.65551532926999,19.6672925694495,12.593,-1.9632789062072484
France,FRA,1995,0.679551477433415,77.3883861486517,2.30479278392259,1.79648142095589,15.5931841953706,11.834,-10.096504981497803
France,FRA,1996,1.2859310187773,77.3883861486517,1.39707987198881,1.98288365089739,14.8461254667665,12.367,2.4850332541484406
France,FRA,1997,2.60806895660173,77.3883861486517,2.5270616339357,1.20394294026964,16.4017000197281,12.566,14.097663858709847
France,FRA,1998,2.51843043289977,77.3883861486517,3.45259434279616,0.651126867833073,11.3581980959744,12.074,1.0763631794838107
France,FRA,1999,3.4092327167425,77.3883861486517,3.39930808809441,0.537141639134596,13.5583402571813,11.981,-84.09559147886068
France,FRA,2000,1.1848394944316,77.3883861486517,4.14099996402915,1.67595988720928,12.3247819807429,10.218,15.392157567337462
France,FRA,2001,1.5298994522382,77.3883861486517,1.89946701186636,1.63478079549599,13.816160330387,8.61,3.124396929694833
France,FRA,2002,1.18270439802011,76.5284393068992,1.06775027069419,1.92341228727064,11.2609118719366,8.702,-5.281893583200162
France,FRA,2003,0.871063406872808,75.9612449584322,0.967827182558352,2.09847219146919,12.6429879971001,8.306,-16.406750797985868
France,FRA,2004,0.434470120439983,76.9744161883116,2.86825052501032,2.14208964640239,13.4716639858768,8.914,-9.063567367038319
France,FRA,2005,-0.00650919177703098,80.324329471898,1.88856584109286,1.74586936380487,14.40286140937,8.882,-0.015107888500853414
France,FRA,2006,0.0221896585541475,84.3572835148986,2.71406448755236,1.67512449608726,17.830628514143,8.832,-0.9165786826361264
France,FRA,2007,-0.328279950461903,88.974306564356,2.53048188351066,1.4879980595386,17.1656742541219,8.008,-8.382419301811138
France,FRA,2008,-0.962244945077225,92.6357426084034,0.380171435849121,2.81286194914785,14.8922041933974,7.386,-6.8180898636756915
France,FRA,2009,-0.818480147786109,95.0966407247871,-2.82455153714783,0.0876204781574653,10.4560909446993,9.122,5.446946110266462
France,FRA,2010,-0.832545468638349,95.8471452301569,2.00032476039051,1.53112270420919,12.4857998554167,9.279,5.209692006207694
France,FRA,2011,-1.02802797917579,96.6491919516285,2.43757653729007,2.11159795175,11.9424460401465,9.228,-4.758672099029562
France,FRA,2012,-1.22530807843013,96.5785492959372,0.183835264973013,1.9541953161351,10.3007746397346,9.841,8.341183526073815
France,FRA,2013,-0.59799045690811,95.8769626871841,0.781756446231,0.863715497861804,10.6763160454565,9.913,-3.2624635808943454
France,FRA,2014,-0.96273369938115,93.9159081503646,0.997832947295251,0.50775882293799,9.26752299008154,10.273,-0.028810302750162588
France,FRA,2015,-0.334528437032909,94.9454202268228,1.06675474783462,0.0375143805125182,9.19582460552392,10.354,19.737300534231938
France,FRA,2016,-0.538632351885894,97.4904687619857,0.860031075424033,0.183334861123765,8.47696815179376,10.057,0.23577291943845474
France,FRA,2017,-0.47461518521567,101.617830234188,2.08361485997399,1.03228275064681,8.29633161273095,9.409,-2.0163267393074893
France,FRA,2018,-0.735670615255372,104.624051971951,1.64590872395887,1.85081508315493,7.10415817034185,9.018,-4.341685721816104
France,FRA,2019,0.587362764575748,106.913030586051,2.02744646419237,1.10825492288294,8.19219834569514,8.415,5.491862428450424
France,FRA,2020,-2.00313613657686,125.397439701102,-7.44064589948231,0.476498852725065,13.1910292122895,8.009,-1.9892905401682457
France,FRA,2021,0.244238511780543,120.721909947613,6.88233783360239,1.64233141038394,10.8672085465442,7.871,-3.427988441980449
France,FRA,2022,-1.43234855251881,119.290366998126,2.71676264185913,5.22236748369725,7.82033923932235,7.303,12.31582922658001
France,FRA,2023,-1.04301703799496,112.567354839828,1.43921494437743,4.8783572650844,7.5370802876684,7.335,-2.609896246155402
France,FRA,2024,0.0851279883251641,107.58266062477,1.19046798275883,1.99904942291463,8.32354431836197,7.4,-0.1027218553088201
Gabon,GAB,1990,2.81747500972778,12.9223127236826,5.19223727652398,7.72532188841208,3.67101790874138,17.224,0.0
Gabon,GAB,1991,1.38433185743214,14.6340279267629,6.11250348301178,-11.6861126920888,8.29172677901066,17.224,3.614907725811254
Gabon,GAB,1992,-3.00622863834277,10.9443611257482,-3.09014565154393,-9.54291330336575,-15.7911256656797,17.716,-6.173229904852485
Gabon,GAB,1993,-1.12108668936338,10.3152517572052,3.94655500790242,0.533746556474191,-1.7178971083998,17.78,6.978220971356866
Gabon,GAB,1994,7.57275373189422,6.75599656583784,3.71275484108966,36.1162456962985,37.3658927141713,17.804,96.07276379386906
Gabon,GAB,1995,10.3786091380141,7.92178409825469,4.97384776335103,9.64653104079616,10.1161717022053,17.388,-10.096504981497775
Gabon,GAB,1996,15.606083485232,6.5893298544356,3.62504902027987,0.689693377281638,17.2211388455538,17.325,2.4850332541484295
Gabon,GAB,1997,9.97513749355829,8.68058280531343,5.73836739483843,3.973450075453,11.2755687692055,17.166,14.097663858709783
Gabon,GAB,1998,-13.2831001987777,10.7795085066163,3.47783358718901,1.44873854294598,-1.84463780001794,17.152,1.0763631794837631
Gabon,GAB,1999,8.37209987870897,9.96367119470568,-8.93262280230105,-1.93660397603626,-2.99509339947997,17.599,4.32604423820055
Gabon,GAB,2000,19.7027587812577,8.69655229754448,-1.88296639760897,0.504920025834859,18.2780045758378,17.848,15.392157567342018
Gabon,GAB,2001,10.2998522952722,12.5213235669856,2.13523342197423,2.13762052701465,4.17328046090797,17.827,3.1243969297011973
Gabon,GAB,2002,6.33560263979825,12.3109535557091,-0.249033168543434,0.0366828893971394,4.70915488983512,17.376,-5.281893583205087
Gabon,GAB,2003,11.7614768617876,11.5183478998664,2.2473300115045,2.23535313551536,-1.77387639716889,17.126,-16.406750797983076
Gabon,GAB,2004,11.8977404655294,9.270946511217,0.689543058464849,0.40820530743925,9.71365256700261,17.108,-9.06356736704301
Gabon,GAB,2005,20.6930568792579,8.46361766400408,2.67620333310926,3.70833333333304,32.6723217252984,16.91,-0.01510788850253824
Gabon,GAB,2006,20.6930568792579,9.55302311116021,-2.80657835569052,-1.4094013660098,14.3233055278582,17.805,-0.9165786826336906
Gabon,GAB,2007,22.0639363873959,9.95222909903567,6.00810802487668,5.03031883679951,7.50213790668091,18.257,-8.382419301809671
Gabon,GAB,2008,24.5939589011604,8.66117230938388,-3.30843064878751,5.26430145575285,10.8300641631337,19.212,-6.818089863676538
Gabon,GAB,2009,6.63781868280595,10.091112978373,0.130331119816617,1.88570754577918,3.39316082898502,19.76,5.44694611026645
Gabon,GAB,2010,17.0685059551217,8.20999683204116,7.08988731455126,1.46154402720469,20.7219295200894,20.39,5.209692006210174
Gabon,GAB,2011,14.30205454341,9.52767161179321,7.09175334258654,1.26331707837421,27.0650207056367,19.895,-4.758672099031072
Gabon,GAB,2012,11.5176523304205,11.3020956739669,5.25107691750407,2.65241828695626,9.97419205948491,19.661,8.34118352607313
Gabon,GAB,2013,8.31242147608324,15.012821298493,5.63869900338696,0.505441058915615,10.8967977541029,19.736,-3.2624635808936286
Gabon,GAB,2014,6.10892058354702,14.5417251249117,4.31496444107469,4.69045751826284,-2.63554692998752,19.873,-0.028810302752448124
Gabon,GAB,2015,0.980288664808838,14.5161472286238,3.8788993950789,-0.338795188753406,0.35627928010349,19.943,19.737300534233693
Gabon,GAB,2016,0.980288664808838,13.8289895507558,2.09144220829562,2.10670712784054,-4.00335931702704,20.117,0.23577291944129516
Gabon,GAB,2017,0.980288664808838,10.2903622081637,0.472642030911146,2.65192583143902,-17.4100618891899,20.307,-2.0163267393092883
Gabon,GAB,2018,0.980288664808838,13.0826930691649,0.83791658082157,4.74906652083221,33.2329863986512,20.459,-4.3416857218186
Gabon,GAB,2019,0.980288664808838,13.3764779657931,3.92080879452831,2.46456756151187,1.3637975449945,20.371,5.484696917502256
Gabon,GAB,2020,0.980288664808838,13.3764779657931,-1.8377610635094,1.35276110675333,1.3637975449945,21.279,-1.7622144723614281
Gabon,GAB,2021,0.980288664808838,13.3764779657931,1.46795731508091,1.0869074651941,1.3637975449945,21.223,-3.6580683534393796
Gabon,GAB,2022,0.980288664808838,13.3764779657931,3.03761449525692,4.23124798274579,1.3637975449945,20.319,12.48425542445334
Gabon,GAB,2023,0.980288664808838,13.3764779657931,2.43893665041031,3.62901534185376,1.3637975449945,20.161,-2.755861066393697
Gabon,GAB,2024,0.980288664808838,13.3764779657931,3.39403899521831,1.17311998381218,1.3637975449945,20.091,-0.037003585621040364
"Gambia, The",GMB,1990,7.62398443950628,10.9926754590191,3.55887936756983,12.1677841130696,8.38128438825654,9.778,0.0
"Gambia, The",GMB,1991,1.73224760432552,5.17667166949984,3.10703922385581,8.64234325973438,25.7028812803968,9.778,10.840836485510975
"Gambia, The",GMB,1992,5.34341465610822,3.72721700831013,3.37868879121812,9.48654250617163,13.8083053303326,9.888,1.861576220506663
"Gambia, The",GMB,1993,-0.684127300754421,5.47708741592521,3.01210137437499,6.46380422753847,12.7627586954166,9.917,2.4585383035721167
"Gambia, The",GMB,1994,1.08503963991995,5.62665960139634,0.154345959845131,1.71020632305637,-3.78715993033451,10.044,5.1276056583000935
"Gambia, The",GMB,1995,-1.035486078866,4.83617845391854,0.881848240754678,6.98097441830556,14.2193703028638,10.153,-0.39143224107140473
"Gambia, The",GMB,1996,-5.55018808592489,4.37322208120126,2.22354563838627,1.09948870771018,5.77864731342631,10.192,2.649849464442012
"Gambia, The",GMB,1997,-2.85622127623816,5.44503379650279,4.89999910999681,2.78122790023229,22.9677925996342,9.999,4.113361863108712
"Gambia, The",GMB,1998,-2.85622127623816,5.70956380786422,3.49999870205306,1.11418841174713,10.2103237624678,9.898,4.342412705674408
"Gambia, The",GMB,1999,-2.85622127623816,6.60630718792009,6.39999905009302,3.8123720536602,12.1014349105659,9.737,7.065532285393345
"Gambia, The",GMB,2000,-2.85622127623816,6.74107428686038,5.50000021632955,0.8449695667737,34.8262259402843,9.722,12.22046710252613
"Gambia, The",GMB,2001,-2.85622127623816,8.32140200906951,5.80000024323377,4.49259609239754,19.4193759931395,9.64,22.674524915116738
"Gambia, The",GMB,2002,-2.85622127623816,10.6899415579653,-3.25000014970206,8.60912474386327,35.2810923047678,10.039,26.96898046650711
"Gambia, The",GMB,2003,0.541196571889132,11.7579441643718,6.86999962173842,17.0328665431988,42.7442203076249,9.991,43.24108346836716
"Gambia, The",GMB,2004,-3.15228070444893,5.03258038667537,7.05000000064635,14.2067432845569,22.450652829833,9.948,5.256040244638713
"Gambia, The",GMB,2005,-4.22219702002328,5.85223886598166,-2.35172936176019,4.83862177543157,8.04978008149842,9.92,-4.843975901942782
"Gambia, The",GMB,2006,-6.22324623229532,7.21291896424901,-0.555580977246521,2.0565034236599,26.6455638389301,10.241,-1.7837291472977401
"Gambia, The",GMB,2007,-6.19477968023257,7.54851230375493,3.04324950829739,5.36913473801957,6.77835240555647,10.425,-11.374342428947413
"Gambia, The",GMB,2008,-0.402650265042615,8.73270872952293,6.25590553394287,4.4436549094501,18.155838174947,10.065,-10.778903327914662
"Gambia, The",GMB,2009,1.93110412724461,9.16645259698903,6.6657243078367,4.56150687670983,14.8261746220985,9.778,20.06101744173689
"Gambia, The",GMB,2010,1.13391181749086,9.49108014230579,5.90833580968288,5.04968075857402,17.8406821455844,9.673,5.132765045369594
"Gambia, The",GMB,2011,-7.67135227929094,10.4075521213533,-8.13044422315659,4.7958826618311,11.1984279902887,10.276,5.174813634668148
"Gambia, The",GMB,2012,-6.55707152697875,10.0796538891506,5.24156924630741,4.25432199813899,7.26727641186162,10.346,8.87806814829401
"Gambia, The",GMB,2013,-7.05935659160072,9.98100085589005,2.872768790327,5.69912989637382,14.6116060993331,9.454,12.097255817858024
"Gambia, The",GMB,2014,-6.87758719722139,8.8311855558866,-1.40738249510954,5.94799935696626,9.00427062562937,8.191,16.061630728956562
"Gambia, The",GMB,2015,-3.90228061316891,8.8311855558866,4.0580738039996,6.8084549457961,9.00427062562937,7.226,1.852843439043119
"Gambia, The",GMB,2016,-5.1279664746384,8.8311855558866,1.94335965478776,7.22879272057922,9.00427062562937,6.244,2.038101302583262
"Gambia, The",GMB,2017,-6.32875593450885,6.09221630485146,4.8226112492757,8.03418974545911,9.00427062562937,5.097,7.461824252703904
"Gambia, The",GMB,2018,-8.08332529672772,7.05226804537001,7.23489033258579,6.52096823946573,18.248939791733,4.055,3.310249464324954
"Gambia, The",GMB,2019,-2.04445221575257,8.2021724578564,6.22205315994859,7.11567625631192,27.0109180481329,4.481,3.96803753714296
"Gambia, The",GMB,2020,-4.77621848558059,8.15222243350758,0.591487287873974,5.93127636562441,22.5080146369833,5.84,2.874806708281237
"Gambia, The",GMB,2021,-4.31333160293426,8.87544997363302,5.25596878816744,7.37034758876618,21.7399839252029,6.213,-0.03342899562187323
"Gambia, The",GMB,2022,-4.09350427164043,9.62022046623071,5.49299823010114,11.5131198380505,7.73723811461925,6.067,6.679733180003396
"Gambia, The",GMB,2023,-5.03989672361149,8.72531335926186,5.91679576551141,16.9742129632327,9.26685101463361,6.479,11.239031230160514
"Gambia, The",GMB,2024,-4.14959872463031,9.40397496213459,5.55126065805138,11.5610532897511,7.82526915277484,6.48,10.745170664021284
Georgia,GEO,1990,-14.6474016992689,34.4363345628058,-14.788785046729,162.717152150377,40.2318587354247,2.7,0.0
Georgia,GEO,1991,-14.6474016992689,34.4363345628058,-21.0998508379398,162.717152150377,40.2318587354247,2.7,0.0
Georgia,GEO,1992,-14.6474016992689,34.4363345628058,-44.899774806083,162.717152150377,40.2318587354247,5.4,0.0
Georgia,GEO,1993,-14.6474016992689,34.4363345628058,-29.3001665068873,162.717152150377,40.2318587354247,5.4,0.0
Georgia,GEO,1994,-14.6474016992689,34.4363345628058,-10.3982300884956,162.717152150377,40.2318587354247,8.4,0.0
Georgia,GEO,1995,-14.6474016992689,34.4363345628058,2.59657506969336,162.717152150377,40.2318587354247,7.6,0.0
Georgia,GEO,1996,-14.6474016992689,34.4363345628058,11.2025463861501,39.3574999987146,40.2318587354247,11.5,0.0
Georgia,GEO,1997,-14.6474016992689,34.4363345628058,10.5208042446244,7.08761762948726,42.7771542524938,11.5,2.7478618942033717
Georgia,GEO,1998,-7.6297275422632,34.4363345628058,3.10150969616576,3.56680781278783,-0.786577680613259,14.53,7.114964675658568
Georgia,GEO,1999,-7.08564878719989,34.4363345628058,2.86729567454968,19.1926758218895,20.5749554637543,13.8,45.667893846910154
Georgia,GEO,2000,-5.75310242328276,34.4363345628058,1.84038117927339,4.06396201382596,39.1728881655466,10.82,-2.388224349844821
Georgia,GEO,2001,-6.12197073672488,34.4363345628058,4.80729867243699,4.64604442058634,19.4305880922207,11.16,4.900902420511076
Georgia,GEO,2002,-6.38774221286113,34.4363345628058,5.47402488700408,5.58783730000794,18.813775755611,12.59,5.916900491232424
Georgia,GEO,2003,-9.57586165079388,34.4363345628058,11.0570310020104,0.837734531536568,23.061612640618,11.51,-2.2783426508932427
Georgia,GEO,2004,-6.94983213970616,34.4363345628058,5.79268292682926,5.65632636191132,40.0300399394426,12.62,-10.67275650735208
Georgia,GEO,2005,-10.8511554489972,34.4363345628058,9.59113832853026,8.24709043114158,27.8512951394182,13.81,-5.424829781128528
Georgia,GEO,2006,-15.3810743163939,34.4363345628058,9.42148081189909,9.16096508394497,42.7363255414779,13.57,-1.7786788402041211
Georgia,GEO,2007,-19.5819311413511,34.4363345628058,12.5755698246405,9.24489745592404,46.3992779433106,13.28,-6.174994851440294
Georgia,GEO,2008,-21.9709187774567,34.4363345628058,2.42161440960641,9.99948761552747,7.87637229959679,17.87,-10.75731196903105
Georgia,GEO,2009,-10.5986282901093,32.7152366113766,-3.65075229596822,1.7275146113791,7.73251383130446,20.71,12.05369161402071
Georgia,GEO,2010,-9.6468391223966,31.8520769230266,6.24640865303363,7.11017897486099,30.13266881192,20.203,6.695925404540856
Georgia,GEO,2011,-11.9098234516365,32.879102622471,7.9343365253078,8.5429333333333,14.4985834869174,19.632,-5.377545638507766
Georgia,GEO,2012,-11.1441786727056,35.5362693389369,6.57883101954195,-0.943658853270964,11.3551280520306,19.653,-2.0893680555039067
Georgia,GEO,2013,-5.45445307967912,39.9045930084725,5.13288531209382,-0.512058410947092,24.4552563872383,19.416,0.7322698346212851
Georgia,GEO,2014,-9.9308784427995,44.9483510774207,4.09049059581743,3.06881210379543,13.7569357948646,17.439,6.15124096952956
Georgia,GEO,2015,-11.6071164150782,48.2300744379273,3.35102350265353,4.00357820695097,17.2526398939741,16.506,28.526052482537235
Georgia,GEO,2016,-12.2417329389245,54.014570070671,3.45021517996871,2.13492713939121,21.0834931737485,16.604,4.2912592124733635
Georgia,GEO,2017,-7.95124743463903,55.071079573885,5.15990261658827,6.03531725272117,14.589485788411,13.939,6.03435830807
Georgia,GEO,2018,-6.65935234039704,59.5296426505116,6.062036412677,2.6152447139767,13.9210015695667,12.667,0.9790300353647603
Georgia,GEO,2019,-5.9937484904192,65.0283258328935,5.38071926589951,4.85289821696723,16.2733151964788,11.565,11.208435042797865
Georgia,GEO,2020,-12.4222857463116,79.0645249082047,-6.2904717853839,5.2024648897534,25.9859163428126,11.734,10.321387532106048
Georgia,GEO,2021,-10.2864489440196,72.9083897422509,10.6442336580969,9.56691433824769,11.4110987014637,11.785,3.6198476474338688
Georgia,GEO,2022,-2.58183727549166,63.0726082732066,10.9585321385624,11.8981654203198,11.0371862631102,11.621,-9.478590847596962
Georgia,GEO,2023,-5.52924307584786,66.4033160272702,7.83220126555726,2.48776056578715,15.3994287729997,11.549,-9.88415289303443
Georgia,GEO,2024,-5.29948694239513,68.2889275931946,9.67979379712661,1.10971758022096,14.0613202341767,11.557,3.5258676729402847
Ghana,GHA,1990,-3.79004857894482,4.92869864550594,3.32881788321653,37.2590664855671,13.3013555787278,3.489,0.0
Ghana,GHA,1991,-3.81712748889921,3.65734044783811,5.28182639834429,18.0314390089849,39.0778235900456,3.489,12.71686780831384
Ghana,GHA,1992,-5.87583998572894,4.9419292690541,3.87941908037517,10.0561167448841,52.2838288895183,4.7,18.828175089544978
Ghana,GHA,1993,-9.36182299010873,4.83817566695075,4.85000055379412,24.9598424742497,33.5006446907483,5.231,48.49705626649182
Ghana,GHA,1994,-4.67466144092219,5.25003266090298,3.29999973947747,24.8702554369576,52.5695180526964,5.9,47.32000816619672
Ghana,GHA,1995,-2.22295003676613,5.07356450843041,4.11241897162861,59.4615536991446,43.1718945131123,6.484,25.474607879601713
Ghana,GHA,1996,-4.42593921260815,6.00507906550134,4.60246115564627,46.5610196762282,39.1983548906241,7.091,36.387194857394114
Ghana,GHA,1997,-5.85456469341193,8.19509402411892,4.19635744019571,27.8852086407527,44.0871618701727,7.639,25.221537575114635
Ghana,GHA,1998,-6.9730710672988,9.3588471656594,4.70039078427911,14.6241666666675,17.4893122804785,8.2,12.876026339321815
Ghana,GHA,1999,-12.4939914333473,12.5620832397761,4.39999682545296,4.86539785077528,25.4171404865604,10.1,15.347017763207296
Ghana,GHA,2000,-7.75495051706689,13.971491324036,3.70000008164408,40.240933123914,54.2441562068798,10.456,104.36284929970662
Ghana,GHA,2001,-8.04286187367619,11.8843912608955,4.00000012807919,41.509496287803,56.5342181125258,9.615,31.451633477017726
Ghana,GHA,2002,-1.70668468981884,12.1495373048323,4.49999955900331,9.36093239560313,39.2141694378057,8.711,10.625628710671167
Ghana,GHA,2003,1.33224533437262,12.493048761649,5.200000133101,29.7729797160384,23.2408348630501,7.728,9.382337115638908
Ghana,GHA,2004,-6.64520344576759,13.1724893671741,5.59999999077445,18.0427388232565,27.2751758721829,6.758,3.776173808736109
Ghana,GHA,2005,-10.280631865678,15.5440688136274,5.90000381855104,15.4389920155908,19.467508436325,5.816,0.6353156775508586
Ghana,GHA,2006,-5.05660776463669,10.8575870160572,6.39991260618034,11.6791839392492,39.3405151334715,4.897,1.0933726930868997
Ghana,GHA,2007,-9.58130961421888,14.4884302260337,4.34681910440079,10.7342665456292,36.8344989637411,5.104,1.9136996741014778
Ghana,GHA,2008,-11.6021635051277,12.6134904703492,9.14979893831817,16.494639613412,39.1781719013763,5.144,12.83008173555768
Ghana,GHA,2009,-7.28314283327412,17.7369732584538,4.84448705175076,19.2469482220857,24.7390650635889,5.362,33.51706223816682
Ghana,GHA,2010,-8.5327330566748,16.6607748086712,7.89971194051621,10.7333898354915,31.9177315237162,5.384,1.7805879143035397
Ghana,GHA,2011,-9.00258173366364,17.1952826473503,14.0471235803149,8.7284593709302,33.9949504391736,4.213,6.338651965640861
Ghana,GHA,2012,-11.9009237632839,18.0717128637123,9.2927894063005,11.1863409441067,25.1392334638315,3.126,20.00767228387473
Ghana,GHA,2013,-9.07624953901069,15.2923716479322,7.31252501678145,11.6661923071729,19.5005541805707,2.173,8.57505571183263
Ghana,GHA,2014,-6.75690272053076,16.5048906269026,2.85624016330883,15.4896160333318,37.2926416981227,4.403,46.19199030963736
Ghana,GHA,2015,-5.7116156025854,17.9335670472186,2.12075933817334,17.1499695007878,25.5740170073904,6.806,28.242550828708744
Ghana,GHA,2016,-5.04424020618629,17.4356386560413,3.37346574966936,17.4546347070868,22.4990133892161,5.256,5.254208010193887
Ghana,GHA,2017,-3.31643027470143,16.0995201444141,8.12889488100956,12.3719215507048,16.06563109197,3.369,11.272054529410838
Ghana,GHA,2018,-3.03986602950099,13.7141432192203,6.20007768127284,7.80876516610703,15.760909546432,3.204,5.396847896043474
Ghana,GHA,2019,-2.72699375813964,13.9372113856401,6.5077747939152,7.14364003330857,21.3545895341093,3.067,13.784010221013112
Ghana,GHA,2020,-3.04816313374944,13.058528858537,0.513941670628171,9.88728956269944,28.3611516144566,3.178,7.251582854696689
Ghana,GHA,2021,-2.8205574143058,13.0544311231372,5.07646643533542,9.9710886750444,21.3034532185182,3.2,3.7527271644192206
Ghana,GHA,2022,-2.33126484632356,13.2885237876886,3.80484978178042,31.2558951049016,32.0270997817716,2.87,42.487555333551505
Ghana,GHA,2023,-0.911884130701339,9.44619497401401,3.14009100080186,38.1069656296501,37.4107089233848,2.829,33.21899730831804
Ghana,GHA,2024,1.91923157284388,8.92435396216065,5.84746854280382,22.8483281157842,32.9760030585704,2.82,28.68798721160583
Greece,GRC,1990,-3.66416152795676,51.6965910004471,0.0,20.433499109463,18.3987878172736,7.572,0.0
Greece,GRC,1991,-1.51783071981205,51.6965910004471,3.09999970633838,19.4558456445745,18.5750576280755,7.572,14.98448874362763
Greece,GRC,1992,-1.86723149235441,51.6965910004471,0.700000337119789,15.8770737923919,16.8624949702528,8.927,4.585503729202066
Greece,GRC,1993,-0.696206808420449,51.6965910004471,-1.60000002186294,14.4112644439348,17.7941110732386,10.177,20.26268606084116
Greece,GRC,1994,-0.126978535177172,51.6965910004471,1.99999984724822,10.8740756809132,19.6672925694495,9.808,5.824638295281867
Greece,GRC,1995,-2.12188049067422,51.6965910004471,2.09971953235275,8.93451415961517,15.5931841953706,10.116,-4.509461917797801
Greece,GRC,1996,-3.19572255088179,51.6965910004471,1.38247057325857,8.19455217632728,14.8461254667665,10.402,3.9060259882180945
Greece,GRC,1997,-3.50229712684898,51.6965910004471,3.60288326516122,5.5360026677348,16.4017000197281,10.472,13.437789686937428
Greece,GRC,1998,-3.50229712684898,51.6965910004471,3.43693579661333,4.76622572397641,11.3581980959744,12.227,8.229483749451225
Greece,GRC,1999,-5.31917093747904,51.6965910004471,2.65878562321184,2.6366330602198,13.5583402571813,12.138,3.423520389528794
Greece,GRC,2000,-7.80647954386926,51.6965910004471,4.13782699405849,3.1511816249383,12.3247819807429,11.345,19.549360553040437
Greece,GRC,2001,-7.1208377005018,51.6965910004471,4.65041459442163,3.37396832213867,13.816160330387,10.764,-99.6944341863038
Greece,GRC,2002,-6.38625728965696,54.8718327415203,4.68313727063017,3.62935871878874,11.2609118719366,10.346,-5.281893583200162
Greece,GRC,2003,-6.50626060536124,58.7319609377145,5.79682274294369,3.53065027765552,12.6429879971001,9.839,-16.406750797985868
Greece,GRC,2004,-5.74201400267069,63.8775428098327,5.37786634595851,2.8988481075817,13.4716639858768,10.628,-9.063567367038319
Greece,GRC,2005,-7.51860335220304,73.6573957197981,1.18350635493289,3.54507273335078,14.40286140937,10.074,-0.015107888500853414
Greece,GRC,2006,-10.9919390863757,77.5454374177186,6.44339762487436,3.19594684144545,17.830628514143,8.906,-0.9165786826361264
Greece,GRC,2007,-14.1869570945958,85.7984237428537,3.50686976639459,2.89500321516578,17.1656742541219,8.351,-8.382419301811138
Greece,GRC,2008,-14.6094922064777,90.5073136555285,0.0574740238200775,4.15279708110293,14.8922041933974,7.664,-6.8180898636756915
Greece,GRC,2009,-10.9982860428605,89.22442515662,-4.11927606715011,1.21007269197809,10.4560909446993,9.546,5.446946110266462
Greece,GRC,2010,-10.2094499511211,112.814277336853,-5.6937412158003,4.71298907760388,12.4857998554167,12.719,5.209692006207694
Greece,GRC,2011,-10.0976272377955,119.201382534538,-9.87677875300243,3.3298532335065,11.9424460401465,17.973,-4.758672099029562
Greece,GRC,2012,-2.58418506053025,120.147931380692,-8.33113421099992,1.50152696177758,10.3007746397346,24.731,8.341183526073815
Greece,GRC,2013,-2.13029886404193,119.790203680738,-2.27211699888024,-0.921269454256994,10.6763160454565,27.686,-3.2624635808943454
Greece,GRC,2014,-1.43786972023485,117.895057189809,0.792225060962835,-1.31226096405506,9.26752299008154,26.708,-0.028810302750162588
Greece,GRC,2015,-1.50311562368341,113.433357315224,-0.228301892172851,-1.73588804765284,9.19582460552392,24.981,19.737300534231938
Greece,GRC,2016,-2.30350655253684,108.627097496027,-0.0317947678412054,-0.825653978390973,8.47696815179376,23.514,0.23577291943845474
Greece,GRC,2017,-2.38344142611836,100.647509860794,1.47312472702352,1.12125452031419,8.29633161273095,21.413,-2.0163267393074893
Greece,GRC,2018,-3.55679128954824,91.2069328032117,2.06467207892409,0.62562141345364,7.10415817034185,19.179,-4.341685721816104
Greece,GRC,2019,-2.11808020939794,80.2122396702063,2.27718065334808,0.253007522038157,8.19219834569514,17.045,5.491862428450424
Greece,GRC,2020,-7.12181074881185,81.2709751259998,-9.19623149726978,-1.24798355581405,13.1910292122895,15.899,-1.9892905401682457
Greece,GRC,2021,-7.1523233874729,56.1973361608804,8.65449786002131,1.22382501019854,10.8672085465442,14.656,-3.427988441980449
Greece,GRC,2022,-10.8779875356728,52.4567421241532,5.52198580589408,9.64525981280632,7.82033923932235,12.426,12.31582922658001
Greece,GRC,2023,-6.77841375377557,49.2157408211615,2.13591131996631,3.46480128513405,7.5370802876684,11.023,-2.609896246155402
Greece,GRC,2024,-7.10950344070576,48.5410004453358,2.0865743380603,2.74101875679486,8.32354431836197,10.02,-0.1027218553088201
Grenada,GRD,1990,-16.626121074546,36.0575338369665,4.01261191599704,2.72423736530525,9.52667262883109,5.407,0.0
Grenada,GRD,1991,-15.9830787973543,35.4070943984352,1.38554578702994,2.64460367880678,5.37782718678536,5.407,0.0
Grenada,GRD,1992,-10.4438180860276,37.6173287612672,-0.851148756391396,3.77833753148618,6.62745221229208,5.722,0.0
Grenada,GRD,1993,-14.0981471570171,49.4494334620174,-1.95881558143746,2.80859916782245,23.2402613185243,5.897,0.0
Grenada,GRD,1994,-8.65343308097191,47.2317273407588,1.69355604419043,3.77065767284965,12.4530609724272,6.335,0.0
Grenada,GRD,1995,-12.2182247681427,47.3321991137674,2.12947514959858,1.86882475298978,10.4956523818719,6.484,0.0
Grenada,GRD,1996,-15.4008298904297,49.993292356648,4.43823471603358,2.03235172127782,9.94259127649685,6.74,0.0
Grenada,GRD,1997,-17.6170958451229,55.5239298806533,5.01549460936745,1.24452782989343,10.0555027603077,6.588,0.0
Grenada,GRD,1998,-18.2799852849773,56.8697086739477,11.7535029919192,1.37769330389496,12.2774750668796,6.455,0.0
Grenada,GRD,1999,-11.5657809941147,59.002157096531,6.89836243368677,0.577427638677119,13.8243554466195,6.358,0.0
Grenada,GRD,2000,-21.9966277175389,62.5581236017041,4.88795213650562,2.18181818181821,13.8047030730675,6.432,0.0
Grenada,GRD,2001,-25.1924121595876,63.0805181869931,-2.02390004072058,3.14099305202543,11.0296138689852,6.293,0.0
Grenada,GRD,2002,-24.5623129443556,61.4322462863877,3.43732352954147,1.06721547992874,10.5380830503149,6.396,0.0
Grenada,GRD,2003,-26.355141755599,58.4647454422207,9.46397343076491,2.15492809908679,6.09572110433122,6.534,0.0
Grenada,GRD,2004,-21.9094311537963,61.6179867190086,-0.647450316084857,2.3129167822611,20.2224729269876,6.41,0.0
Grenada,GRD,2005,-36.197096036622,57.9510649627263,13.2761883306272,3.475806937554,-6.24777772647958,6.577,0.0
Grenada,GRD,2006,-35.3579767652674,64.8766668373539,-3.99532824427482,4.25195321977967,2.28917618878619,6.061,0.0
Grenada,GRD,2007,-29.2906558652577,68.7935247685599,6.12345094741467,3.85882922469653,12.1740121418444,5.665,0.0
Grenada,GRD,2008,-26.310483241865,70.0770486884809,0.947542624907697,8.0332732765034,5.09340075440767,5.609,0.0
Grenada,GRD,2009,-16.922787751426,79.377116503493,-6.61328134799545,-0.308654779585642,3.33747135358313,6.121,0.0
Grenada,GRD,2010,-19.4482994535287,83.9799398580034,-0.511146187173722,3.43650905943351,3.15472051596851,6.359,0.0
Grenada,GRD,2011,-18.6656495604378,84.8760208716829,0.764773550338731,3.0334728033474,0.361960011872599,6.087,0.0
Grenada,GRD,2012,-14.9830707473176,82.8048136761002,-1.15483816409801,2.41077704021862,-4.99294656724075,5.962,0.0
Grenada,GRD,2013,-17.0640979875269,74.2566602346301,2.35109801677905,-0.0439997864828058,3.76671386175374,5.663,0.0
Grenada,GRD,2014,-9.08236900654943,65.2063355329454,7.34212396037948,-0.98360305555498,6.16586562216214,5.877,0.0
Grenada,GRD,2015,-10.6165101004821,57.3214285714286,6.44522314693144,-0.515448031435329,7.32287990569378,5.615,0.0
Grenada,GRD,2016,-8.84957467526885,53.7227840903144,3.7396039558691,1.65038994431573,4.48198505962144,5.255,0.0
Grenada,GRD,2017,-11.4635306675494,51.0669057528748,4.43867566948151,0.908458255874249,3.0912914956685,5.0,0.0
Grenada,GRD,2018,-12.7578936321221,50.6457030915135,4.36144039364797,0.804102313277033,9.2462199780474,4.9,0.0
Grenada,GRD,2019,-10.3282132272823,49.5470652329837,0.676511738873756,0.598149764736022,-2.02960034005418,4.987,0.0
Grenada,GRD,2020,-16.1060034218251,59.3971695400769,-13.7566222572107,-0.740732597045498,-1.20666486809981,5.994,0.0
Grenada,GRD,2021,-14.3794506270627,57.3161056105611,4.6977240232674,1.21951193916838,8.49567505876393,5.413,0.0
Grenada,GRD,2022,-12.127765960022,53.6300615464685,7.31023806981959,2.5805392590792,9.88630030468946,5.02,0.0
Grenada,GRD,2023,-20.295039117819,50.9869662697148,4.52657497450693,2.69612269814564,1.361279609864,4.899,0.0
Grenada,GRD,2024,-21.8875634999164,55.6895157643151,2.3996478454327,1.08615365134737,-91.3453414426218,4.9,0.0
Guatemala,GTM,1990,-2.78293492713394,22.7667131917867,3.10256317557587,41.2218671380973,22.1518563195282,2.197,0.0
Guatemala,GTM,1991,-1.95298065782809,22.7667131917867,3.65824875006811,33.1664219167535,48.5324372514058,2.197,12.107688963776173
Guatemala,GTM,1992,-6.76098809347935,22.7667131917867,4.83833884688683,10.0459179984088,20.6196038598273,2.163,2.8187190786019958
Guatemala,GTM,1993,-6.15525381623952,22.7667131917867,3.92713194504024,11.8196901746257,6.28133971291866,2.133,8.987927970092624
Guatemala,GTM,1994,-4.81621168651736,22.7667131917867,4.03374149641458,10.8553211494391,3.82554202982064,2.12,2.0555613473548497
Guatemala,GTM,1995,-3.90367937373989,22.7667131917867,4.94854750210382,8.41141312270566,15.5569893368299,2.117,1.0283359663583842
Guatemala,GTM,1996,-2.87722315607179,22.7667131917867,2.95777988740716,11.0569165321987,5.72569267253024,2.156,4.1162805807058644
Guatemala,GTM,1997,-3.56098407112146,22.7667131917867,4.36408994678341,9.23290294884935,25.3620061100953,2.145,0.26046175897099105
Guatemala,GTM,1998,-5.35743048114144,22.7667131917867,4.99352780305848,6.61346070518058,19.4763662718275,2.145,5.430660332057326
Guatemala,GTM,1999,-5.60037620030961,22.7667131917867,3.8470621889051,5.21361058601122,8.70747112927564,2.113,15.496644071401185
Guatemala,GTM,2000,-5.44146333041507,22.7667131917867,3.6088687174876,5.97757734737136,21.4460344087972,2.143,5.111956448643645
Guatemala,GTM,2001,-6.80733057120201,22.7667131917867,2.33257486608854,7.28587366610138,36.8853741437708,2.251,1.229310533050781
Guatemala,GTM,2002,-6.04021558283228,21.5615722204279,3.83928708556792,8.13263054281054,8.29013825870172,2.254,-0.47015416564734885
Guatemala,GTM,2003,-4.81631890533671,26.6544081298562,2.56037766801896,5.60347675434469,45.1474519644689,2.807,1.5239974029333951
Guatemala,GTM,2004,-4.93864901451057,26.6308452510315,3.13791683609193,7.57862247309729,10.8106099995315,2.971,0.07114060885186939
Guatemala,GTM,2005,-4.63346885034308,25.7664440515198,3.27602692588886,9.1086498571922,13.7192541902102,3.059,-3.933201164664213
Guatemala,GTM,2006,-5.12367991314268,28.8284931279669,5.35139778711536,6.56085282795384,12.993920434554,2.96,-0.41018551681408544
Guatemala,GTM,2007,-5.31937540284176,28.6410259515017,6.33771869016203,6.82161753590326,10.2857483628549,2.847,0.9295904915371708
Guatemala,GTM,2008,-4.03483780515023,27.7613592965688,3.29352400028485,11.355761126315,8.51728748023266,2.898,-1.4762328049683924
Guatemala,GTM,2009,0.194641494950958,25.7563600648175,0.476898106596394,1.85910254733028,11.345669298285,3.22,7.956677631499281
Guatemala,GTM,2010,-1.88548550474234,24.2180601037473,2.88417542800377,3.8595090983316,9.06434847178285,3.497,-1.2716275027846038
Guatemala,GTM,2011,-3.37024214653633,23.9639376614018,4.16390688293349,6.214123930671,7.23498304695296,3.169,-3.379998086732927
Guatemala,GTM,2012,-3.72480170275581,32.1720830379679,2.97470856847661,3.78180754679678,9.36068286662642,2.765,0.6189401939651278
Guatemala,GTM,2013,-4.22440069065832,33.1309585321585,3.69476814623695,4.34337131279521,9.54657549201375,3.017,0.29626630521817643
Guatemala,GTM,2014,-3.30031992366676,33.4961486193578,4.44397825774911,3.4183616966296,7.8747146513905,2.717,-1.585635355893093
Guatemala,GTM,2015,-1.24431005683082,35.2622053205775,4.09217170075418,2.3887203283955,9.09003340512221,2.506,-1.001241555910922
Guatemala,GTM,2016,0.964776364019979,35.7028467505685,2.6778031930216,4.44844199942827,6.34958771505942,2.583,-0.7169071580001602
Guatemala,GTM,2017,1.19614067972898,35.1676232731098,3.0798512212244,4.42453655182546,7.30329268170074,2.462,-3.315794993697551
Guatemala,GTM,2018,0.885829296285522,35.0489070448464,3.40687328176345,3.75186186704508,9.6506428847317,2.283,2.3302566768582564
Guatemala,GTM,2019,2.36029015844232,34.0772266375074,4.01789830861587,3.69998398008605,8.75010633227027,2.193,2.3610834426142797
Guatemala,GTM,2020,5.04131108756311,35.850727668634,-1.78555117570465,3.21444062197345,18.0658483465903,2.965,0.32418662634350415
Guatemala,GTM,2021,2.16690668305723,35.6614893229197,8.04170398855833,4.26105127422813,8.02431661031368,2.174,0.1649690588582689
Guatemala,GTM,2022,1.16732918749078,36.6069814585529,4.15492196609047,6.88512823344287,7.00837483299302,3.051,0.17914043191957377
Guatemala,GTM,2023,3.07969665980261,37.1572608143257,3.52430434049013,6.20657592272126,6.05939459972489,2.344,1.0806373594876806
Guatemala,GTM,2024,2.88674747767197,36.7782896823167,3.71558453779777,2.86992752918294,8.21236793409021,2.613,-0.9376520543086078
Guinea,GIN,1990,-5.22024846869827,2.40144002428,4.3240627548313,31.3733025877534,23.2779291030461,4.56,0.0
Guinea,GIN,1991,-6.5697966368861,2.40144002428,2.61342300409642,31.3733025877534,23.2779291030461,4.56,14.192085331986762
Guinea,GIN,1992,-5.4852351143333,2.47534470382151,3.2709473025656,31.3733025877534,23.2779291030461,4.58,19.651344633058166
Guinea,GIN,1993,-1.18778554469804,2.85362924409658,5.04414454071403,31.3733025877534,22.7872672317549,4.561,5.930035580139564
Guinea,GIN,1994,-5.02716468421529,3.00025790157888,3.97009910590064,31.3733025877534,-3.44877838605028,4.527,2.2131132671498155
Guinea,GIN,1995,-4.01956723410899,3.39956423274014,4.60767320245354,31.3733025877534,11.2589496065782,4.494,1.5128540244036326
Guinea,GIN,1996,-3.14235704551243,3.32684097662802,4.46157508517599,31.3733025877534,3.56853203568532,4.509,1.2714279926478518
Guinea,GIN,1997,-1.65086793613531,3.10173118542823,5.18160345773762,31.3733025877534,18.2020360219264,4.477,9.094363398214476
Guinea,GIN,1998,-2.95227188360417,2.50563486232653,3.64412124205991,31.3733025877534,6.63675005299979,4.501,12.919104868826677
Guinea,GIN,1999,-3.98363958959634,2.50563486232653,3.81200403347202,31.3733025877534,6.63675005299979,4.517,12.173812916213542
Guinea,GIN,2000,-3.20759051700664,2.73537209310413,2.50306056299607,31.3733025877534,6.63675005299979,4.586,25.90948809813316
Guinea,GIN,2001,-1.44260287136746,2.77157599765352,3.65834646929586,31.3733025877534,12.8506079604204,4.584,11.660193739859736
Guinea,GIN,2002,-4.64074253447312,2.84531440721058,5.16460946696631,31.3733025877534,19.6819229598272,4.549,1.2963168665383873
Guinea,GIN,2003,-3.68667076245062,2.89892952671017,1.24860125923698,31.3733025877534,33.16729858394,4.628,0.4599300931564093
Guinea,GIN,2004,-3.06276375818202,2.59622910971066,2.34011731288737,31.3733025877534,36.4625555790041,4.709,13.048310867189983
Guinea,GIN,2005,-3.74410214282105,3.87915654280266,2.99727256275818,31.3733025877534,33.3524199063847,4.814,62.40842197519776
Guinea,GIN,2006,-5.2452359968981,4.60476073585137,1.18960211693242,34.6952705997072,94.3786259770291,4.863,41.280984176346976
Guinea,GIN,2007,-7.23648388311734,3.26263943860801,6.81747111070281,18.1755656108597,-12.2890140686598,4.787,-18.470463623856855
Guinea,GIN,2008,-6.29234168357033,3.23943146683863,4.13301615965833,23.065612938798,38.4209308822744,4.803,9.62274568862218
Guinea,GIN,2009,-6.005146411906,2.65986866597769,-1.12264204848687,4.68438868976504,18.6378765331714,4.914,4.3330209080268025
Guinea,GIN,2010,-4.7697025907998,3.94270199195746,4.81336016967553,15.0502688559001,85.2590105514896,5.018,19.26623092281537
Guinea,GIN,2011,-17.1165293375314,6.8178937916267,5.61211177430975,21.3169268542577,18.2371789343724,5.024,16.275736610831782
Guinea,GIN,2012,-13.5979829951241,5.91283320690499,5.91528626133322,15.2262941038638,-9.29511443424662,4.874,4.923343782589213
Guinea,GIN,2013,-14.2034724942303,7.33649327524321,3.94568708624053,11.8875884481828,13.4165340399531,4.944,-1.1158440399770975
Guinea,GIN,2014,-11.1827727004958,9.93053864137195,3.69655311664086,6.1505055670642,14.1545562961394,5.044,1.5379644325090123
Guinea,GIN,2015,-11.6007986964145,11.815500678211,3.82591056949435,11.7800825029834,13.6048474133019,5.15,6.720701194077719
Guinea,GIN,2016,-31.9328390727135,10.7669946764946,10.82062719659,8.17268112275132,12.8822611262695,4.997,19.80371414661479
Guinea,GIN,2017,5.03018582642409,9.11146864248885,10.3000053427355,8.91435947913097,16.8991307698844,4.86,1.3424776492933095
Guinea,GIN,2018,-1.60638873400794,9.6479967391794,6.35849192736715,9.82761701259191,9.90412318144886,4.835,-0.8492804309060902
Guinea,GIN,2019,-2.34042432173531,10.2885469655835,5.61691446889876,9.47001039253012,23.3278336581445,5.018,1.916980518323372
Guinea,GIN,2020,19.0560604764664,10.019831655421,4.70459096113575,10.6016203387167,22.7943341068091,6.007,4.150821779141508
Guinea,GIN,2021,27.1761588078073,9.00671851271095,5.5823328114905,12.5972882566934,8.69393179703784,5.815,0.0
Guinea,GIN,2022,16.8265386883899,10.4563455290297,3.97240784200721,10.4930409984424,15.790519161629,5.174,0.0
Guinea,GIN,2023,8.48425837744304,10.2490766052461,5.54172668627702,7.80497591927973,5.12102152638011,5.141,0.0
Guinea,GIN,2024,-1.56673613616474,10.6668743226753,5.35004659049265,8.12313914948596,35.7910722560266,5.132,0.0
Guinea-Bissau,GNB,1990,-7.14173907253505,8.4647871092902,6.09999998628119,33.0019778318026,574.601322799926,3.009,0.0
Guinea-Bissau,GNB,1991,-11.2790251661435,5.12897477290728,5.10000003451967,57.5952847505664,-67.3380348624878,3.009,3.614907725811254
Guinea-Bissau,GNB,1992,-16.4850368222139,3.90717895730324,1.09999996776526,69.5836363993793,110.889685649963,3.083,-6.173229904852485
Guinea-Bissau,GNB,1993,-10.0651285252334,4.57288193967242,2.09999998911347,48.1081660687067,40.4633876324527,3.143,6.978220971356866
Guinea-Bissau,GNB,1994,-7.50038263382946,5.49587903007217,3.20000001913081,15.1763474313441,48.4996903676181,3.173,96.07276379386906
Guinea-Bissau,GNB,1995,-5.32872538837755,3.3391278988497,4.4000000061065,45.3653083621856,42.9941618015019,3.126,-10.096504981497775
Guinea-Bissau,GNB,1996,-6.32606042473747,2.57459727352046,11.6000000043869,50.7340549612119,48.3019168058531,2.994,2.4850332541484295
Guinea-Bissau,GNB,1997,-0.913899727016268,2.72443831532961,6.49999999321456,49.1009235769531,119.366575494297,2.951,14.097663858709783
Guinea-Bissau,GNB,1998,-0.913899727016268,3.60191030647951,-22.4457270657526,8.01375518965603,-11.1458363681148,3.349,1.0763631794837631
Guinea-Bissau,GNB,1999,-0.913899727016268,2.76380311816524,16.8150212692905,-2.08630513223527,21.5390301772961,3.269,4.32604423820055
Guinea-Bissau,GNB,2000,-0.913899727016268,4.36120784367581,1.10027815777423,8.63632094930278,60.7351671637106,3.358,15.392157567342018
Guinea-Bissau,GNB,2001,-2.69821108512442,0.383077011985722,4.7859716500482,3.34812265527108,-13.3913040824672,2.958,3.1243969297011973
Guinea-Bissau,GNB,2002,-0.271719275957978,1.30037297900797,3.65393603642713,3.30012175283752,25.7283443412265,3.146,-5.281893583205087
Guinea-Bissau,GNB,2003,-0.0519018620590297,0.636901086326267,-0.285931052286514,-3.50258551103421,-57.5672271085933,3.169,-16.406750797983076
Guinea-Bissau,GNB,2004,2.38148745518108,1.1406146620526,1.17189152277038,0.883302696930943,41.9466430033019,3.226,-9.06356736704301
Guinea-Bissau,GNB,2005,-1.63867591635847,1.46468772744116,6.55977111846077,3.32919922802856,18.5502832086042,3.184,-0.01510788850253824
Guinea-Bissau,GNB,2006,-6.3132458528375,2.17916798609808,2.66650493269572,1.95473717628916,4.31657607207522,3.143,-0.9165786826336906
Guinea-Bissau,GNB,2007,-4.06952969493394,3.21439572960089,2.55982647078751,4.61743772241997,26.6046215842444,3.125,-8.382419301809671
Guinea-Bissau,GNB,2008,-3.02102465076755,5.1219328734522,4.52457514610252,10.4600731354706,29.7291330766737,3.157,-6.818089863676538
Guinea-Bissau,GNB,2009,-5.34847492021888,4.43143825383553,2.44795106098685,-1.65139733620775,7.2318290816366,3.163,5.44694611026645
Guinea-Bissau,GNB,2010,-7.52999517168867,6.3595348790892,5.60536311358261,2.51785140171701,19.545882748001,3.121,5.209692006210174
Guinea-Bissau,GNB,2011,-1.21431910534762,8.68660543992672,8.08504167173554,5.046102263202,45.5221155996302,3.072,-4.758672099031072
Guinea-Bissau,GNB,2012,-7.93224654147768,12.2237244144012,-1.71286958446419,2.13054580274503,-5.38959729717715,3.135,8.34118352607313
Guinea-Bissau,GNB,2013,-4.73187653933365,11.9864956964581,3.25607190852087,1.20712555668405,4.99495646829284,3.173,-3.2624635808936286
Guinea-Bissau,GNB,2014,0.555849591467734,13.4338996126926,0.964525745841428,-1.50924460570494,48.7791200277643,3.285,-0.028810302752448124
Guinea-Bissau,GNB,2015,1.81726336561494,7.77995634782975,6.1340893623123,1.47672048910485,27.1926089489466,3.168,19.737300534233693
Guinea-Bissau,GNB,2016,1.36293739261607,7.00586280603824,5.4326782650304,1.50312055861088,9.33870072431292,3.139,0.23577291944129516
Guinea-Bissau,GNB,2017,0.263885195365577,11.7090574410238,4.66367943913264,1.69111461822298,2.81607554967406,3.089,-2.0163267393092883
Guinea-Bissau,GNB,2018,-3.48324795461302,13.8535174051652,3.76145359637003,0.381324702790992,6.05553233666753,3.127,-4.3416857218186
Guinea-Bissau,GNB,2019,-7.98200773254712,13.3473119187432,5.32749571119344,0.24660026814783,0.253175206696849,2.413,5.484696917502256
Guinea-Bissau,GNB,2020,-2.26872986569478,13.6099811917675,2.89149979806913,1.14000939393222,9.09282091290147,2.887,-1.7622144723614281
Guinea-Bissau,GNB,2021,-0.740601759118056,13.2906544264519,5.0173096003907,2.24248879577658,20.8935240576511,3.016,-3.6580683534393796
Guinea-Bissau,GNB,2022,-7.89982582823182,14.5846321020116,5.45776090019501,9.39075933985203,3.50619469539229,2.666,12.48425542445334
Guinea-Bissau,GNB,2023,-7.71246538828742,12.5831948252192,4.63052364601562,7.10220928557059,-1.09571560543555,2.632,-2.755861066393697
Guinea-Bissau,GNB,2024,-7.35889637109665,10.7253688584545,4.40920107183611,3.76555825770114,6.2326274433492,2.647,-0.037003585621040364
Guyana,GUY,1990,-37.0872486840416,29.6097936652331,-3.06748466406728,12.2105263157895,51.9506802098124,12.092,0.0
Guyana,GUY,1991,-37.0872486840416,18.7304932505261,6.05786618530573,12.2105263157895,71.5632644243538,12.092,182.8263069139977
Guyana,GUY,1992,-37.0872486840416,21.4720995420893,7.75788577607526,12.2105263157895,61.558167629314,11.9,11.79836747835593
Guyana,GUY,1993,-30.8796681550639,20.8984828496042,8.17510549304023,12.2105263157895,21.1720281627402,11.617,1.3823256868198694
Guyana,GUY,1994,-22.9139838487243,21.6759892324829,8.53242316667276,12.2105263157895,15.236710139579,11.534,9.121564649061337
Guyana,GUY,1995,-21.679406848842,28.007134836745,5.03144655812085,12.2105263157895,24.0737549400727,11.566,2.6747555077237317
Guyana,GUY,1996,-4.63562826712069,42.0479779750932,7.95551754125103,7.09471197276044,21.0880571368752,11.542,-1.1368238187187887
Guyana,GUY,1997,-8.42301407676256,48.2401143440241,6.18066561019938,3.55567090578808,10.8501836794621,11.565,1.443158207182901
Guyana,GUY,1998,-7.74879755028687,56.0694917643882,-1.67910449189729,4.58646616541351,7.79196405930312,11.687,5.701043416178988
Guyana,GUY,1999,-7.12481390368902,57.0751594333098,2.96015180311224,7.53821939851392,10.2193840442432,11.771,18.254042951340384
Guyana,GUY,2000,-11.5341241520002,57.1228498035524,-1.36380390261873,6.14854333024872,9.95213554058817,11.917,2.4916430236804414
Guyana,GUY,2001,-12.7638520939434,60.7208595242414,2.2795216592191,2.62741314203333,16.8544189706711,11.796,2.680936980394127
Guyana,GUY,2002,-8.57971395005412,62.1191015534008,1.13262696199476,5.34101521377408,8.12363177586379,11.81,1.7852614720734843
Guyana,GUY,2003,-6.00217518033652,57.5479803998431,-0.632225388266377,5.98097814066473,9.47614364547061,11.529,1.685329417215009
Guyana,GUY,2004,-2.52795588989275,53.2010488620779,1.56335211034042,4.66846622369881,9.6709016256206,11.281,2.284508325668343
Guyana,GUY,2005,-11.6705382324577,57.122427428263,-1.95095759501714,6.92554303890158,6.01053346726188,11.085,0.7904390908059431
Guyana,GUY,2006,-7.59053846582146,22.6581605785108,5.12960934773,6.67715790410028,16.9889613002792,10.7,0.1567646445693516
Guyana,GUY,2007,-6.06659550320194,22.3572794646428,7.19123624057457,12.2001544446648,13.0423040882671,10.84,1.0781514074250167
Guyana,GUY,2008,-10.6229329472303,21.8393974995755,1.75522349592019,8.10202206969276,12.2380633905504,11.018,0.6358724301525464
Guyana,GUY,2009,-7.28409727303008,23.3480398713209,3.61150847218585,2.95230096381001,10.4560909446993,11.307,0.1555082664922128
Guyana,GUY,2010,-7.1762463185401,24.51380230878,4.13844160137342,4.3005534033896,15.8102695482092,11.632,-0.15404102312673587
Guyana,GUY,2011,-10.0853362607878,26.4371988905893,5.19625156051602,4.4073041447003,13.3235185341131,11.811,0.1874260833270187
Guyana,GUY,2012,-9.02441909942374,28.7678132325111,5.27633062046809,2.39057526653742,12.89387149343,12.029,0.16706083219968626
Guyana,GUY,2013,-10.9417365700277,31.9733407856098,3.65338433338232,1.9111250917408,5.66508302693849,12.296,0.5068711005997559
Guyana,GUY,2014,-9.33174702245427,36.6598740543025,1.68649445019584,0.683700250354637,3.60606736843934,12.637,0.5136465251772024
Guyana,GUY,2015,-0.907095962415786,36.502241062669,0.687404590619494,-0.865401289233742,3.67214647189225,13.009,0.024622687586372496
Guyana,GUY,2016,3.37225553747118,34.9527284059029,3.80745626378814,0.826177341246544,5.42913269692574,13.263,0.0
Guyana,GUY,2017,-2.56042552466991,34.0693866275831,3.73449154571284,1.94571617739331,-0.691578508084901,13.466,0.0
Guyana,GUY,2018,-26.677311081907,36.5704424077752,4.44091288475967,1.25128567037044,5.98235487245442,13.627,0.5891848264731281
Guyana,GUY,2019,-57.1070048116683,37.0927471310292,5.35284003535665,2.11238986774464,14.379729597693,13.172,0.3771162641416942
Guyana,GUY,2020,-11.6095974967976,39.1757180392318,43.479651716849,0.722434045501787,14.50249374384,15.308,0.0
Guyana,GUY,2021,-16.9076142307927,30.828624719599,20.0599975568418,4.50619858925893,13.7707621436391,14.576,0.0
Guyana,GUY,2022,28.8207770246115,20.187564075104,63.3346343654855,6.93346066500816,15.4975256440201,11.907,0.0
Guyana,GUY,2023,13.902228797549,19.9285784055441,33.795011115873,2.82159393090811,22.0858566066482,11.917,0.0
Guyana,GUY,2024,13.902228797549,14.9511065098031,43.8192726391966,2.90379501424778,22.5664507888384,11.874,0.0
Haiti,HTI,1990,-0.707298134690105,11.6306942586576,1.03812280198248,21.2760320067832,2.51965799142017,7.329,0.0
Haiti,HTI,1991,-2.63475888609836,10.3014880787741,1.88054472396281,15.4199073669492,11.8792391467146,7.329,20.683333333333405
Haiti,HTI,1992,0.321647431484345,10.1478546579049,-5.30993292251178,19.358494654122,30.4652986287747,7.387,62.43612760668411
Haiti,HTI,1993,-0.629840344573008,10.8639150332441,-5.42629599215383,29.7059715065172,29.1604978085284,7.534,30.819588505356194
Haiti,HTI,1994,-1.07908903948809,10.1792922181545,-11.9506292939561,39.3316195372753,31.4497457781006,7.858,17.293819457984007
Haiti,HTI,1995,-3.09492727510262,12.4541321384602,9.89770748815705,27.6081851727601,27.1123550590125,7.51,0.46365248226929306
Haiti,HTI,1996,-4.73668671245739,12.7900707440993,4.14077332856783,20.5835962145112,1.12824461207063,7.304,3.9141436425088063
Haiti,HTI,1997,-1.42859318409066,15.6887662481946,2.70471393077787,20.5590073395833,20.1372435582685,7.003,6.071848240415502
Haiti,HTI,1998,0.770965151911996,14.13565725352,2.18184032957123,5.26903547042201,9.24490399270528,7.165,0.6674872657041717
Haiti,HTI,1999,-1.44015280913738,14.4624281629942,2.71024801048499,3.00439421550734,23.6741584878933,7.2,1.0272481460126883
Haiti,HTI,2000,-1.67621475073065,9.01797134417478,0.870059259424892,9.33322197565603,20.3032303048234,8.443,24.989975631559762
Haiti,HTI,2001,-2.08307988263304,8.34335061835139,-0.342747883252144,13.31672224251,15.3967871242822,9.728,15.391185917621517
Haiti,HTI,2002,-1.43332565140445,9.82698046540635,1.05182013450109,7.03287406224601,23.0840638819296,11.008,19.736311568519792
Haiti,HTI,2003,-0.882895522214382,9.67396425603749,3.48077973188326,28.6995777887374,38.8954707089767,12.151,44.841224845857646
Haiti,HTI,2004,-1.02474624447533,8.28137380723943,-1.3178567596495,21.0318339277222,5.43020768441831,13.415,-9.47612033097511
Haiti,HTI,2005,0.100253910234458,8.86270292207163,3.07217337664731,13.973008326384,17.8188303234953,14.559,5.466507208222849
Haiti,HTI,2006,-1.11312873282486,8.47020352088079,1.76875060288195,11.3452152244299,2.44273103852282,15.866,-0.09897346958889142
Haiti,HTI,2007,-0.929422111465849,8.0621651109807,4.70652994008303,6.55722772638066,11.4671475806001,16.8,-8.778099996246436
Haiti,HTI,2008,-1.96314882897523,8.68209202650164,2.6580323082747,15.2817744823772,12.8450044265266,16.204,6.093566669756314
Haiti,HTI,2009,-1.05359702519352,8.21108523727506,5.89037894844316,0.393886040173341,13.592012137969,15.398,5.344273522340222
Haiti,HTI,2010,-0.85860185595704,7.79703967463653,-5.65151153448299,4.82734190074673,26.1159789975388,15.244,-3.398761214495981
Haiti,HTI,2011,-2.48774144631427,8.51878003547406,5.09821354410036,6.33279483849042,6.84309007417117,14.506,1.8227872659382243
Haiti,HTI,2012,-3.14501833525929,10.814964045335,0.502424403581585,5.01804155429246,7.16539632999037,14.1,3.5212281491053523
Haiti,HTI,2013,-3.76338389441216,10.7615276089025,4.32478411472874,4.76502404779142,7.56611653699525,13.704,3.60684236875081
Haiti,HTI,2014,-4.95582102756805,11.4152315549394,2.88877250863379,3.43816659958601,7.73931489182376,13.808,4.033790347939603
Haiti,HTI,2015,-1.82345284080223,10.7679267730686,1.40000000859727,6.73184069658997,23.7660972757231,13.785,12.14271076996601
Haiti,HTI,2016,-1.6908478904356,10.4552757071217,1.81246807847532,11.5029073942666,19.1185070387828,13.902,24.90688562449671
Haiti,HTI,2017,-2.15252938271163,9.82631897315958,2.51027134544685,10.6800887242584,8.49823099519149,13.932,2.26390366778936
Haiti,HTI,2018,-2.89019632961826,11.2063306533874,1.66781095484656,12.4814111170435,19.1564176067039,13.934,5.03642087151729
Haiti,HTI,2019,-1.12265260280797,10.3687008659048,-1.72309699839232,18.7037825672506,13.7316262348661,14.095,30.549281738872352
Haiti,HTI,2020,0.355302483558182,8.60933596942957,-3.30550546965893,22.7963113642528,4.22344437635192,15.573,5.286092241874961
Haiti,HTI,2021,0.422336531055296,8.38813682861213,-1.79823988931486,16.8415240198785,35.4931594110694,15.296,-4.580450788660144
Haiti,HTI,2022,-2.44594832666715,8.29662296755948,-1.68198396897978,33.98393194707,31.522481918824,14.54,29.59214876005542
Haiti,HTI,2023,-3.48716065487916,5.241596890693,-1.86388420254838,36.8135162780854,-9.64122301791283,14.459,21.970976367144583
Haiti,HTI,2024,-0.598367468302653,4.28122614544525,-4.18495104762965,26.9490564091987,-9.64122301791283,14.609,-6.540831238495476
Honduras,HND,1990,-1.37637030235542,36.6835662057379,21.1713674322465,23.3225664366467,20.5763067585581,4.58,0.0
Honduras,HND,1991,-4.66023885908941,36.6835662057379,26.0469005554795,33.9722602535864,18.5750576280755,4.58,0.0
Honduras,HND,1992,-6.25781179688534,36.6835662057379,9.03523510162955,8.75988625255482,24.7128602884291,3.06,0.0
Honduras,HND,1993,-7.36618170832189,36.6835662057379,13.6371743358989,10.7486467163721,11.3983044107589,3.098,0.0
Honduras,HND,1994,-8.36157282346432,36.6835662057379,29.0190203167888,21.729346883819,28.2730063539659,3.138,0.0
Honduras,HND,1995,-4.29976700485183,36.6835662057379,24.6744628782887,29.4645292281585,28.8870831292578,3.24,0.0
Honduras,HND,1996,-6.98919712345692,36.6835662057379,22.957391093437,23.8378353073358,38.846329898866,4.37,0.0
Honduras,HND,1997,-4.88761475093091,36.6835662057379,22.4277452884418,20.1998667554962,61.1574400806141,3.32,0.0
Honduras,HND,1998,-2.39628501520551,36.6835662057379,11.5761659693973,13.6681077485868,20.2741008943354,4.02,0.0
Honduras,HND,1999,-3.76754124016949,36.6835662057379,11.5758601448677,11.66374097913,19.4079008629963,3.85,0.0
Honduras,HND,2000,-7.07233719340069,36.6835662057379,9.61221879337278,11.0480349344976,15.4162655524301,3.883,0.0
Honduras,HND,2001,-6.25613323410572,36.6835662057379,2.72319327321379,9.67415556864781,24.3232656574381,4.0,4.286881448726051
Honduras,HND,2002,-3.58312677859623,36.0320656003149,3.75433786119939,7.6905097203429,12.7744672507582,4.02,6.204330237844656
Honduras,HND,2003,-6.71681853158575,37.1910463818441,4.54703805165397,7.67416639397743,12.1421667278715,5.3,5.569325817119965
Honduras,HND,2004,-7.70512924930615,37.8143681852083,6.23230296069102,8.11379097093383,18.0710395954433,5.99,4.940116669123672
Honduras,HND,2005,-3.1191412568269,38.8417580655353,6.05059922215973,8.80906074819817,17.3260374911011,4.909,3.419143708467323
Honduras,HND,2006,-3.50496253709121,44.7293531580234,6.56724355177587,5.57775207654292,21.5858111735122,3.574,0.33382288713397157
Honduras,HND,2007,-9.02947363444767,52.270420067944,6.18832716678008,6.93621470895786,16.6249511008291,3.211,-0.0005733375964439098
Honduras,HND,2008,-15.3428520557686,51.291832674053,4.23160011009342,11.4034270813932,4.85861121428566,3.156,0.04582316755826122
Honduras,HND,2009,-3.81596304131541,50.3382201748979,-2.43162787988011,5.49634273772203,0.566549354699872,3.292,-0.04580217954878125
Honduras,HND,2010,-5.07642907628295,47.4622470777193,3.73114034433009,4.69889064976232,9.87654111132027,4.119,0.0
Honduras,HND,2011,-7.95391811894249,47.3092310306697,3.83569066207505,6.7622795731476,12.3991874798555,4.474,0.11665281827935307
Honduras,HND,2012,-8.53140502862293,51.2756482307446,4.12868774866939,5.19618615531848,7.00123047574487,3.755,3.0930034558328665
Honduras,HND,2013,-9.52729388609889,54.7226868179144,2.79155975746801,5.16189898581494,8.27796395098632,5.646,4.366315044703894
Honduras,HND,2014,-6.94516636573267,55.0869372049161,3.0580805621437,6.12924930313031,13.2751326305464,7.078,3.111850440550532
Honduras,HND,2015,-4.67090141649466,54.5936002238152,3.84007997093951,3.15783117980915,7.85240429816961,6.147,4.5647755234452445
Honduras,HND,2016,-3.14341400861299,57.8354023642267,3.89297219726413,2.72461223295289,17.8439848274995,6.727,4.05484754815581
Honduras,HND,2017,-1.24589511291671,57.7901974979755,4.84291391050387,3.93436084442037,12.4367074686025,5.528,2.8555508118293877
Honduras,HND,2018,-6.57234650779592,62.8149597149301,3.84499476966735,4.34734937777536,8.21091107138619,5.648,1.7696720039348242
Honduras,HND,2019,-2.65600856407128,64.4630328325205,2.55963434592314,4.36587159819274,10.2715257613191,5.698,2.534483155792695
Honduras,HND,2020,2.85135257343249,71.2304636812084,-8.96508223267296,3.46841177951171,18.9203637086252,10.982,0.29924918268968137
Honduras,HND,2021,-5.4643429246452,67.7270471861986,12.5652843771279,4.48087963413446,9.5357464265145,8.506,-2.299357010620339
Honduras,HND,2022,-6.86234245630112,70.0841626239484,4.14356194013767,9.08963911525032,12.3997684262867,8.774,1.9537208595855857
Honduras,HND,2023,-4.21839287405186,75.6308247756834,3.57584760454412,6.66325180347463,10.9410191017942,6.07,0.4728158604814283
Honduras,HND,2024,-4.36882938701959,78.4633014261956,3.63240745450875,4.60621098127101,9.6929201482132,4.91,0.8033430415725447
"Hong Kong SAR, China",HKG,1990,1.69913927220226,160.538234076922,3.83055083915474,10.4265402843602,8.4827156680565,1.8,0.0
"Hong Kong SAR, China",HKG,1991,1.69913927220226,137.255378455512,5.70193577048867,11.1587982832617,8.4827156680565,1.8,-0.23856135733918804
"Hong Kong SAR, China",HKG,1992,1.69913927220226,129.521018918885,6.23502387210803,9.65250965250966,8.4827156680565,1.96,-0.39354880219624466
"Hong Kong SAR, China",HKG,1993,1.69913927220226,134.908862418234,6.20118510679872,8.80281690140857,14.4552054824331,1.96,-0.06459461496226462
"Hong Kong SAR, China",HKG,1994,1.69913927220226,143.518640256857,6.03603037436426,8.73786407766985,11.7376612531419,1.9,-0.09264545875652984
"Hong Kong SAR, China",HKG,1995,1.69913927220226,149.412246225668,2.37382875928816,9.07738095238091,10.6482708864874,3.22,0.09596618539796589
"Hong Kong SAR, China",HKG,1996,1.69913927220226,156.667889040809,4.25847572892732,6.27557980900412,12.4904806998724,2.83,-0.02041365937727636
"Hong Kong SAR, China",HKG,1997,1.69913927220226,169.280007108092,5.09969994681332,5.77663671373521,8.71754718796747,2.22,0.10122717068702632
"Hong Kong SAR, China",HKG,1998,1.69913927220226,166.804706767354,-5.88263751764842,2.91262135922399,11.1277760322782,4.58,0.041978364996507235
"Hong Kong SAR, China",HKG,1999,6.43398804532035,152.79265225756,2.50671604844752,-4.00943396226445,8.30268218576874,6.25,0.15708383542782745
"Hong Kong SAR, China",HKG,2000,4.39495330629626,150.351364223279,7.66344398397743,-3.68550368550369,9.3282140845857,4.92,0.4339886131700886
"Hong Kong SAR, China",HKG,2001,6.1342321083476,148.976631278091,0.560867137855524,-1.65816326530609,-0.276964461460178,5.09,0.09733244914108068
"Hong Kong SAR, China",HKG,2002,7.89242487198891,145.707823001046,1.6567016736435,-2.98313878080415,0.549648674758419,7.28,0.0021370946199010723
"Hong Kong SAR, China",HKG,2003,10.7870611277598,146.231464371286,3.05635886663597,-2.67379679144394,6.27654816632185,7.86,-0.15600457328479364
"Hong Kong SAR, China",HKG,2004,9.94811890844344,144.761964130729,8.70006555836002,-0.274725274725253,8.22522262904773,6.74,0.016052910392662403
"Hong Kong SAR, China",HKG,2005,11.8823196567725,143.12769981411,7.38815395153696,0.826446280991827,5.13279903566574,5.58,-0.13696284882729753
"Hong Kong SAR, China",HKG,2006,12.6877195301892,136.800320417521,7.03264766297669,2.00025160397534,14.3855831565468,4.77,-0.12214983713355136
"Hong Kong SAR, China",HKG,2007,13.0222250225228,136.679742857212,6.46482809096842,2.03502713369511,15.2406551328921,4.01,0.43233848992636276
"Hong Kong SAR, China",HKG,2008,14.9909891618182,140.285752688015,2.12793685154209,4.30315484104921,2.88116624961548,3.56,-0.18693186066628734
"Hong Kong SAR, China",HKG,2009,9.88359042348121,155.426161115447,-2.45909150468412,0.579441418472608,6.14631923610611,5.26,-0.4505468632948358
"Hong Kong SAR, China",HKG,2010,7.00327306349559,185.58191267173,6.76770683250318,2.29289088604673,6.90869887628619,4.329,0.22468044850091012
"Hong Kong SAR, China",HKG,2011,5.55641787886821,202.292745511598,4.81466801092733,5.3052489299392,11.8637122029514,3.422,0.19092566770348782
"Hong Kong SAR, China",HKG,2012,1.57916253447198,198.531505076682,1.70032214482865,4.05390950903844,9.34046817095475,3.285,-0.3543593696472188
"Hong Kong SAR, China",HKG,2013,1.52003210528648,218.160392086255,3.10155262780289,4.33799342105267,10.4840971242343,3.4,-0.005371896386777452
"Hong Kong SAR, China",HKG,2014,1.39201098734822,233.211001170351,2.76241378329884,4.42364532019699,8.513625953004,3.296,-0.024712050885377736
"Hong Kong SAR, China",HKG,2015,3.31756278823981,207.899328185199,2.38780116013344,2.99084819322581,6.76725074879927,3.314,-0.0300916721296947
"Hong Kong SAR, China",HKG,2016,3.95440937584328,214.300178832553,2.17544820327555,2.40930743862224,6.5340454932775,3.392,0.13545328474214866
"Hong Kong SAR, China",HKG,2017,4.57729182218876,223.371866412043,3.79610937243891,1.49387243939522,12.7976244190127,3.124,0.39936873973396503
"Hong Kong SAR, China",HKG,2018,3.73603565842398,219.908123250485,2.84690922660509,2.40613432046534,3.90523947143358,2.805,0.5806306739806915
"Hong Kong SAR, China",HKG,2019,5.85365354996684,236.740071570624,-1.67242865968056,2.88320853773996,4.81219363571778,2.917,-0.03295698581781444
"Hong Kong SAR, China",HKG,2020,6.9941218948511,258.902841699638,-6.54479640529367,0.2509620210808,6.03556177466453,5.808,-1.0039242377514275
"Hong Kong SAR, China",HKG,2021,11.8330568374943,259.183988203515,6.45443038333934,1.56875834445922,3.19733962828616,5.174,0.206258661252377
"Hong Kong SAR, China",HKG,2022,10.1833824243169,264.446535396853,-3.68528359281325,1.88136707196853,3.26959719122442,4.318,0.7482927561400906
"Hong Kong SAR, China",HKG,2023,8.49295855308808,248.791238456868,3.15034461759902,2.09660511249089,3.87224458935109,2.949,-0.023409983293733894
"Hong Kong SAR, China",HKG,2024,13.3384324463252,230.186144398167,2.62936861207362,1.72972119105914,6.99616359629291,2.988,-0.3288808472139721
Hungary,HUN,1990,1.09803288439459,44.672166927177,-3.49665976104178,28.3695996532777,29.1909062262874,8.5,0.0
Hungary,HUN,1991,1.15628180527935,37.5541835491527,-11.8920408609388,34.8175429072704,29.3872193814771,8.5,18.24121284100199
Hungary,HUN,1992,0.905662683648787,32.040691978884,-3.06418034558638,23.6557207806552,41.2910043070108,9.942,5.6907560296629685
Hungary,HUN,1993,-10.5883858606661,27.2416249049833,-0.576108518425613,22.4642346133809,17.686634450335,12.098,16.388220336595786
Hungary,HUN,1994,-9.35987499538881,25.4192252496153,2.94715455541068,18.8680749869283,14.1837038166775,10.847,14.387922315318894
Hungary,HUN,1995,-3.67533531615297,21.6358948996377,1.48952547593046,28.3054683706654,20.8895743235396,10.168,19.513957044215754
Hungary,HUN,1996,-3.95886426279274,21.2806370663392,0.101234227633242,23.4690301919185,22.2415531997985,10.022,21.455232280081947
Hungary,HUN,1997,-4.51433363272402,23.466037313888,2.97787906543104,18.3050744143799,19.722036464114,8.991,22.367013145826924
Hungary,HUN,1998,-7.62873647734146,23.339682608884,3.84810814449837,14.153789654534,15.5987416668332,8.925,14.782709561136198
Hungary,HUN,1999,-8.35837228319572,25.4651515473829,3.08605811588221,9.99774409303368,15.6730008086139,6.929,10.6082042272678
Hungary,HUN,2000,-8.82808863842537,31.845911288806,4.40937501806403,9.80361016908125,12.6071364747875,6.563,18.98972151453954
Hungary,HUN,2001,-6.11450861059176,32.6125638339276,4.06202617226026,9.11680911680911,16.351253642184,5.671,1.527693693427517
Hungary,HUN,2002,-6.44836058797406,34.3443107470108,4.73006530805553,5.26544821583985,13.8213670591371,5.608,-9.984059943918815
Hungary,HUN,2003,-8.26371787576549,36.5100138543135,3.93877761242727,4.66101694915254,10.9522648352945,5.79,-13.021223793397594
Hungary,HUN,2004,-9.08123363089425,38.9490966515471,4.96312536156307,6.74434679569469,11.5374961722861,5.832,-9.612212447245133
Hungary,HUN,2005,-9.8868101970247,43.2545318007203,4.30028318461673,3.56151711378352,14.7001207705754,7.189,-1.5602457921451691
Hungary,HUN,2006,-7.28544270320023,47.2791787368685,3.93393162712054,3.93032603841001,13.802586238336,7.494,5.415053925068569
Hungary,HUN,2007,-7.2863644008897,53.1980228492073,0.332354337878925,7.9587451654491,11.0115510911465,7.406,-12.72121615412662
Hungary,HUN,2008,-7.26832036226062,59.3602856793598,0.993437085479655,6.0425125388106,8.70968343367451,7.817,-6.269542684172076
Hungary,HUN,2009,-1.21974951373382,59.902839903581,-6.7401660845502,4.21171171171171,3.64840284210126,10.03,17.56303985745869
Hungary,HUN,2010,-0.188218208390541,60.3209175671504,1.06795068152046,4.85555795691956,4.26720050740063,11.172,2.768831596721708
Hungary,HUN,2011,0.428842717780173,58.4470053209195,1.91670916599742,3.9299209893507,6.66657429838231,11.029,-3.312988662822304
Hungary,HUN,2012,1.0790451227521,50.4166616959194,-1.33948446518181,5.65214517088646,-4.6368980672588,11.003,11.961486492087731
Hungary,HUN,2013,2.99109062228033,46.096882400305,2.03216990678146,1.73319984983101,7.80915596675156,10.177,-0.6260064784823336
Hungary,HUN,2014,0.747477578049872,42.5320276713183,4.33435364113967,-0.227566270988219,2.49536992372764,7.725,3.981611867349296
Hungary,HUN,2015,2.11856059497338,35.0976712570947,3.65981615406955,-0.0616446800641672,5.68164520375055,6.813,20.090498061779257
Hungary,HUN,2016,4.40234047330024,33.3191543197899,2.43864141309342,0.394769306686392,7.23837066916986,5.115,0.7843102157224979
Hungary,HUN,2017,1.71954655139942,32.3908602743309,4.12418389451805,2.34824281150154,7.78736534613451,4.156,-2.5184413370117475
Hungary,HUN,2018,0.340906702488933,32.2649787904592,5.60613813768876,2.85024792594646,11.8157497769553,3.667,-1.5383213895297032
Hungary,HUN,2019,-0.606737568975121,33.1721052698328,5.07718495088933,3.33858635382008,8.14996704366379,3.411,7.567524224835967
Hungary,HUN,2020,-1.03428088875148,37.6296063212563,-4.33872540024058,3.32674385766738,21.0901442114129,4.248,5.96458634372359
Hungary,HUN,2021,-4.28505680487642,38.4125853084098,7.22291580811137,5.11096534382855,18.4989667582386,4.021,-1.5765863266920728
Hungary,HUN,2022,-8.78389100676721,36.0420465985177,4.15238057779229,14.6081439492433,8.45817898973613,3.583,22.91179292353118
Hungary,HUN,2023,-0.00798002024458191,32.9059997220089,-0.817107370513455,17.1249659678737,3.4455394818152,4.096,-5.235565794035094
Hungary,HUN,2024,1.84213300452467,32.3662527124233,0.709070599066038,3.70370370370369,9.50241825681963,4.5,3.569220166813774
Iceland,ISL,1990,-1.99525178695941,40.4393074318453,1.16937035968014,15.510721994253,14.1055879433224,2.548,0.0
Iceland,ISL,1991,-3.76360087161611,41.6135910271595,-0.223525498840075,6.80877887943631,15.9103319168313,2.548,1.2225815274777638
Iceland,ISL,1992,-2.18758967163882,44.5919057345878,-3.37389416853765,3.94771176824033,3.89894094860667,4.305,-2.458471648171516
Iceland,ISL,1993,0.572651482701134,44.5822538138588,1.31344949985998,4.04285291076951,6.5331634809388,5.257,17.476905405421007
Iceland,ISL,1994,1.74850331751241,42.5205729759265,3.60885792911003,1.55265627495772,2.03603916386739,5.326,3.463145681826819
Iceland,ISL,1995,0.246166665235896,43.9031163075413,0.116583656161382,1.65123150116656,2.5205731635972,5.196,-7.509841093495602
Iceland,ISL,1996,-2.29207429851173,46.4060150359465,4.49765336794034,2.26041898267295,6.18932035653498,3.6,2.795311091073135
Iceland,ISL,1997,-2.2351221013021,63.7892202629417,4.14087045329792,1.81543080282254,9.35241240884181,3.72,6.6229937343357985
Iceland,ISL,1998,-7.0075015498706,61.4058696781698,7.01048323038307,1.65924170953419,15.1908727867105,3.069,0.07621894156888936
Iceland,ISL,1999,-6.90314554092756,69.9889269290053,3.89798762511016,3.23183260906471,17.2579002249137,2.178,1.9405190839693192
Iceland,ISL,2000,-9.90092821228739,92.35794974827,4.90518213950493,5.13647123245144,10.7392598551511,1.936,8.682695602534006
Iceland,ISL,2001,-4.46418784541978,94.0889120657084,3.84093935332692,6.40508550386868,15.1603124991338,1.874,23.924734693351336
Iceland,ISL,2002,1.35331007867555,99.5112168130595,0.542286728290463,5.1970223021663,14.7418457087843,2.988,-5.915278553353712
Iceland,ISL,2003,-4.81453736951882,123.680399918824,2.28136971847135,2.05566329753744,22.3690230594541,3.997,-16.31290888593926
Iceland,ISL,2004,-9.96753224056791,156.23107602552,7.62260520494142,3.15819324298459,16.3541968104545,4.031,-8.496157322036305
Iceland,ISL,2005,-15.5493858867543,235.46190863153,7.02934061160924,3.98704782806593,26.2064498972744,2.547,-10.271874628992052
Iceland,ISL,2006,-22.6640150645584,301.018943583666,5.67161248703039,6.68707906136667,60.1191912133415,2.83,11.429251898700636
Iceland,ISL,2007,-13.6329211934758,243.15494776409,8.74132941862472,5.05155736492143,5.85446809601873,2.251,-8.72755770874893
Iceland,ISL,2008,-22.9534270277154,190.991584963168,1.69961072411662,12.6943942775877,32.090653097549,2.946,37.30062706528248
Iceland,ISL,2009,-8.86751863700181,171.82627024193,-8.32146414938261,12.0031298461743,2.47097439205013,7.22,40.581364629304986
Iceland,ISL,2010,-5.89839823423039,157.617941924993,-2.22181843777449,5.39673113167484,-10.0211566188311,7.564,-1.129560409896837
Iceland,ISL,2011,-4.48003338933172,134.860191549767,1.37999669197329,4.0010266434312,5.69272887874957,7.028,-5.143715870119026
Iceland,ISL,2012,-2.8528256872604,116.320244870751,1.16931174934061,5.18589988750698,-4.56844477394372,6.0,7.872728945192203
Iceland,ISL,2013,6.81968727360494,106.388456955791,3.59695697128252,3.8722792374824,4.65403968803136,5.376,-2.3213951037015024
Iceland,ISL,2014,4.94536463319528,93.2716453077666,1.91381613095174,2.04461481539342,5.78693781264403,4.897,-4.429372838068391
Iceland,ISL,2015,6.302353095712,86.3304492544149,3.76859020213645,1.63305558181335,5.57257934414828,3.979,12.975678217623212
Iceland,ISL,2016,9.09605366960114,83.0289019358564,6.21808764670307,1.69692761997734,-4.63526518926591,2.978,-8.419700661310092
Iceland,ISL,2017,4.93029350539423,85.6751270718392,3.48506704155555,1.76041559180605,5.03419043062263,2.742,-11.565099756601118
Iceland,ISL,2018,4.44167966704129,89.4921756721559,4.66077036232377,2.68291768267392,6.99179531051719,2.704,1.3671004713820902
Iceland,ISL,2019,7.36415870134103,87.7115547810861,1.13821227336888,3.01397179156061,6.59399516121035,3.507,13.210132968551495
Iceland,ISL,2020,1.89912365465565,98.409254247691,-6.64587810456635,2.84792401518657,7.36536446591487,5.478,10.45206365914736
Iceland,ISL,2021,-2.57256903046464,99.5228207903758,5.18057190719905,4.44423970189746,10.8672085465442,6.029,-6.2271044452146525
Iceland,ISL,2022,-1.87532680194109,93.0314826719705,8.85729897856851,8.30875511558912,8.86771419409841,3.789,6.528952054115283
Iceland,ISL,2023,-1.20461319981755,88.2870435093308,5.0322597376242,8.73630299937298,8.32048338318917,3.518,1.968548460775658
Iceland,ISL,2024,-3.24001683583074,91.0796731043812,-1.2828764442695,5.85683849970072,11.6551833464402,3.6,0.010927378254189051
India,IND,1990,-2.19193586906134,24.9164565697186,5.53345456306495,8.97123250273255,15.0666135109567,7.641,0.0
India,IND,1991,-1.58891131223691,23.8217444526828,1.05683143296179,13.8702461773683,18.3169522756133,7.641,29.930775749611794
India,IND,1992,-1.55624498023457,24.6982402507395,5.48239602167003,11.7878170418134,16.8624949702528,7.649,13.963545384325654
India,IND,1993,-0.671618869530872,23.8320553867162,4.7507762195799,6.32689048779867,17.0076625114277,7.662,17.65257204590131
India,IND,1994,-0.512193818555588,23.6473414046455,6.65892406747307,10.2479355556119,20.2777282522801,7.593,2.8873591049396317
India,IND,1995,-1.54413181166043,22.5107747023582,7.57449184027195,10.2248861637545,11.0111211014187,7.57,3.3573749343633494
India,IND,1996,-1.51595497295368,23.4024420368578,7.54952224888829,8.97715233826453,18.7362743385538,7.537,9.27032892162218
India,IND,1997,-0.713014326393888,23.5553253462263,4.04982084902483,7.16425211462721,17.6567542931141,7.574,2.483865872583442
India,IND,1998,-1.63832533358649,23.6777468578745,6.18441582080355,13.2308389767977,18.1730148042763,7.596,13.620577298809216
India,IND,1999,-0.703547232193242,25.4228622073471,8.84575556114116,4.6698203803759,17.1491804784346,7.583,4.353104642626953
India,IND,2000,-0.982342580017138,28.3395511575183,3.84099115686554,4.0094359104519,15.1717076348441,7.589,4.38081036394272
India,IND,2001,0.290495460210208,28.6194154254102,4.82396626397303,3.77929312235637,14.3205506885788,7.611,4.994946590507166
India,IND,2002,1.37093793900847,32.3064890735537,3.80397532120038,4.29715203929562,16.7611647429304,7.681,3.0176164583531095
India,IND,2003,1.44355773291234,31.6262656186491,7.86038147545045,3.80585899528853,13.0336110878156,7.633,-4.169968506172628
India,IND,2004,0.110018010197154,36.1918038545968,7.92293661307978,3.76725173477517,16.7323329477412,7.598,-2.7194679865585556
India,IND,2005,-1.25350400207393,40.0679804780573,7.92343062131789,4.24634362031924,15.5999038993872,7.551,-2.6844362681996405
India,IND,2006,-0.988988302952292,43.6277524334268,8.06073257305057,5.79652337561634,21.6331411155837,7.553,2.7370385886461377
India,IND,2007,-0.663717648772609,45.6277647457138,7.66081506510766,6.37288135593231,22.2715028743619,7.562,-8.737003712266008
India,IND,2008,-2.58337749259838,49.559366687116,3.08669805950082,8.34926704907575,20.4952098768781,7.629,5.215783550565278
India,IND,2009,-1.95146209111802,48.1244479112046,7.8618888330338,10.8823529411764,17.9958392170653,7.636,11.26321729479737
India,IND,2010,-3.25348368945179,50.5553749785224,8.49758470165625,11.9893899204245,17.8021770638972,7.631,-5.535460766916206
India,IND,2011,-3.42928468606061,51.2892331325447,5.24131620024293,8.9117933648336,16.1375893445465,7.609,2.0659109190897755
India,IND,2012,-5.00488971805303,51.8885076473464,5.45638755164772,9.47899691419793,11.0456966601662,7.645,14.499033650116921
India,IND,2013,-2.64566711733892,52.385709516972,6.38610640091713,10.0178784746104,14.8315300046496,7.678,9.657333962524381
India,IND,2014,-1.33950896483453,51.8821873589628,7.41022760516977,6.66565671867899,10.5873816012219,7.656,4.149758454132462
India,IND,2015,-1.06754907167965,51.8675240772049,7.99625378567987,4.90697344127249,10.6177245568846,7.629,5.116262238167855
India,IND,2016,-0.52788060603752,38.2036507912231,8.25630550176662,4.94821634062134,6.80095412358039,7.611,4.7440001539670655
India,IND,2017,-1.43948820320989,38.1707138624147,6.79538341902422,3.32817337461305,10.4310437100352,7.626,-3.086144071190997
India,IND,2018,-2.42697545810527,38.8975254010362,6.45385134495295,3.93882646691643,10.5196199752058,7.652,5.018150693340044
India,IND,2019,-1.04961203910072,38.73794497616,3.87143694070524,3.72950573539123,10.5102484286107,6.51,2.9695705036495017
India,IND,2020,1.22362111042791,40.7867848551821,-5.77772470687303,6.6234367762853,12.4791379043168,7.859,5.224664237134109
India,IND,2021,-1.05524166809383,36.8920885102897,9.68959249191741,5.13140747176364,11.2971056705459,6.38,-0.24501366985759046
India,IND,2022,-2.43238270956779,38.1859763563586,7.6093649776932,6.69903414079858,11.2971056705459,4.822,6.340102485246864
India,IND,2023,-0.912777939495827,40.8940758962907,7.210224629335,5.64914318907925,11.2971056705459,4.172,5.082134409190095
India,IND,2024,-0.851289719084462,41.6079694330613,7.09927893176518,4.95303550973661,11.2971056705459,4.173,1.2954170797865368
Indonesia,IDN,1990,-2.81513051122,27.6587104878441,7.24213163856464,7.81919756505635,44.5574285244908,2.617,0.0
Indonesia,IDN,1991,-3.6528272008554,27.6587104878441,6.91198283591309,9.41906784347004,17.5259362533464,2.617,5.8336981137538
Indonesia,IDN,1992,-2.17141753355818,27.6587104878441,6.49750651682714,7.52351006242677,19.6221806853583,2.734,4.081557660910586
Indonesia,IDN,1993,-1.33285487006627,27.6587104878441,6.49640812045304,9.6719108926401,20.0565018833961,2.782,2.8170080524490158
Indonesia,IDN,1994,-1.57836291535994,27.6587104878441,7.53997109551439,8.53199829189143,20.2022726168412,4.366,3.5288041725952346
Indonesia,IDN,1995,-3.1815838591366,27.6587104878441,8.22000739903493,9.42030300572996,27.5237198773438,4.611,4.065910011699967
Indonesia,IDN,1996,-3.37028227381292,27.6587104878441,7.81818707670867,7.97328096513346,27.0806823379176,4.861,4.166502907945539
Indonesia,IDN,1997,-2.2660591852136,27.6587104878441,4.69987885390397,6.22615154887214,25.2548720561877,4.684,24.210588145952247
Indonesia,IDN,1998,4.29246398762731,27.6587104878441,-13.1267254923818,58.4510413515526,62.7628704083026,5.459,244.18407014552926
Indonesia,IDN,1999,4.13060184583257,27.6587104878441,0.79112608199847,20.4778324428892,12.2333155048434,6.358,-21.555361209192778
Indonesia,IDN,2000,4.84306452849134,27.6587104878441,4.9200677470169,3.68862037056682,16.6231305374338,6.077,7.213420494834599
Indonesia,IDN,2001,4.30104853135351,27.6587104878441,3.64346644721492,11.5001160550887,11.8708383967112,6.082,21.837142407627855
Indonesia,IDN,2002,3.99852690784087,27.6587104878441,4.49947539085764,11.9001200338414,4.75790231642729,6.604,-9.255162421566741
Indonesia,IDN,2003,3.45304287667862,27.6587104878441,4.78036912167654,6.75731256333564,7.93771986383966,6.657,-7.8836131787642145
Indonesia,IDN,2004,0.608561329917371,27.6587104878441,5.03087394501685,6.06406189133648,9.14397251295485,7.303,4.2172209829235054
Indonesia,IDN,2005,0.0970882462390686,27.6587104878441,5.69257130383384,10.4532001873347,16.3351639133099,7.945,8.568123043418998
Indonesia,IDN,2006,2.97870868013903,27.6587104878441,5.50095178520348,13.108670985346,14.943188750138,7.551,-5.620190817375258
Indonesia,IDN,2007,2.42726412696792,27.6587104878441,6.34502222667214,6.40656087966005,19.3251210206586,8.06,-0.19997852823812542
Indonesia,IDN,2008,0.0246933252771075,27.6587104878441,6.01370360009123,10.2266663272483,14.9228673286607,7.208,6.103954709550374
Indonesia,IDN,2009,1.9697705622352,27.6587104878441,4.62887118256153,4.38641311792074,12.9517964413527,6.106,7.124215605535132
Indonesia,IDN,2010,0.681277286848337,27.2530411349395,6.22385418062366,5.13420639015885,15.4022877708819,5.614,-12.507333818578498
Indonesia,IDN,2011,0.188703954012605,30.0821993577662,6.16978420771008,5.35604849112582,16.4297838459004,5.153,-3.5201842229743368
Indonesia,IDN,2012,-2.66027359471414,33.4341714348422,6.03005065305615,4.2795142691943,14.9549924820176,4.468,7.025831106786881
Indonesia,IDN,2013,-3.18996482895809,36.0581396070456,5.5572636889101,6.41249457900391,12.7796979445433,4.336,11.448314557364586
Indonesia,IDN,2014,-3.08816907525921,36.4235451552096,5.006668425755,6.39492882396559,11.8795193618472,4.049,13.420696746239456
Indonesia,IDN,2015,-2.03504192745969,39.1187982955119,4.87632230022123,6.36312061196646,8.99699007638042,4.514,12.845971320269506
Indonesia,IDN,2016,-1.81915089251384,39.4024246939414,5.03306918280177,3.52580452815451,10.028498820515,4.301,-0.6055988775475676
Indonesia,IDN,2017,-1.59465689989364,38.7323495613041,5.06978590134916,3.80879857691949,8.27552807924628,3.783,0.5448248898103993
Indonesia,IDN,2018,-2.93907291477017,38.8054496665639,5.17429153955024,3.19834755924996,6.29028912373828,4.387,6.397993595476689
Indonesia,IDN,2019,-2.7056619813955,38.3726939516609,5.01928768046282,3.03058460941661,6.5404048812978,3.59,-0.6270126911177781
Indonesia,IDN,2020,-0.418606247736126,38.6795390891453,-2.06551182934165,1.91983527270793,12.533660872002,4.255,3.071403739869941
Indonesia,IDN,2021,0.295885914526078,36.9908270556254,3.70288562827751,1.56007882983334,13.9664354665972,3.827,-1.879411209923372
Indonesia,IDN,2022,1.00182875104005,35.2884329632689,5.30719722664799,4.20946463714784,8.35491255424404,3.462,3.786025907775207
Indonesia,IDN,2023,-0.148899596516736,36.0129512588691,5.04883117855516,3.66938654859761,3.5003275285658,3.308,2.606293149431909
Indonesia,IDN,2024,-0.614730078804115,36.3924067095141,5.03257477088519,2.18151273615189,4.75950395133225,3.301,4.0596463013276765
"Iran, Islamic Rep.",IRN,1990,0.26199138594219,22.9786641273571,13.594926443584,7.62767493763934,17.9880924139767,11.1,0.0
"Iran, Islamic Rep.",IRN,1991,-7.17727711366915,22.4203805177573,12.7161484424098,17.1285679434012,25.5752255786583,11.1,-0.867159190896228
"Iran, Islamic Rep.",IRN,1992,-5.43046762382498,23.190952257926,3.29798191958058,25.8077226162332,24.3817192753629,10.653,-2.8937184053132037
"Iran, Islamic Rep.",IRN,1993,-6.61242613187891,20.852018065325,-1.47101148218381,21.2026307547761,30.2513594634986,10.573,1833.9949836262278
"Iran, Islamic Rep.",IRN,1994,6.89852338622874,19.7057013069403,-1.69828611909162,31.4470284237728,33.2957303771625,10.458,37.93888751863097
"Iran, Islamic Rep.",IRN,1995,3.48270790819986,16.6882373800448,2.40104455220023,49.6559858462746,30.0937445749667,9.904,-0.04707883534570693
"Iran, Islamic Rep.",IRN,1996,4.34537304394513,15.1769848938656,6.35052601873645,28.9373440168137,32.4576596312524,9.1,0.1622163645666953
"Iran, Islamic Rep.",IRN,1997,1.94260555778366,16.6054130388434,1.3503992743003,17.3492257538708,23.6821696884599,9.68,0.12329479610918886
"Iran, Islamic Rep.",IRN,1998,-1.93966255925986,18.0219203287981,2.08001178027133,17.8661342130398,20.384428393127,10.358,-0.060426362224457096
"Iran, Islamic Rep.",IRN,1999,5.7576541401425,18.0432796682098,2.00269623253435,20.0707078146866,21.4992937833198,11.176,0.06100346525042902
"Iran, Islamic Rep.",IRN,2000,11.3886353724179,26.249781183445,5.84552747578209,14.4767513188567,35.3701697231687,11.698,0.6559493000558468
"Iran, Islamic Rep.",IRN,2001,11.3886353724179,30.0795827822114,2.39217271207868,11.2742471332117,29.3118175038997,12.362,-0.6159360427857075
"Iran, Islamic Rep.",IRN,2002,11.3886353724179,29.1008806293968,8.07882927975243,14.3359337378404,28.4132434126088,12.8,293.7908111812147
"Iran, Islamic Rep.",IRN,2003,11.3886353724179,32.4332547623977,8.6392983972006,16.4680116244792,27.2630757220921,11.529,18.631050298347965
"Iran, Islamic Rep.",IRN,2004,11.3886353724179,35.071095896488,4.33666597851041,14.7615086970672,28.6814130292837,10.3,5.127015724839421
"Iran, Islamic Rep.",IRN,2005,11.3886353724179,38.348153226962,3.18980408728824,13.433118008508,32.8478907539097,11.813,4.0628037581940655
"Iran, Islamic Rep.",IRN,2006,11.3886353724179,44.7948027977428,4.99979526181222,10.0158982511924,36.3507004721611,11.519,2.3090687160490138
"Iran, Islamic Rep.",IRN,2007,11.3886353724179,47.0472761389845,8.15577352358517,17.3410404624277,33.8961602848014,10.772,1.201718866919647
"Iran, Islamic Rep.",IRN,2008,11.3886353724179,45.3150694425274,0.250856553493634,25.4105090311987,11.8769180990585,10.63,1.5879110182216838
"Iran, Islamic Rep.",IRN,2009,11.3886353724179,49.2122294086103,1.00738545790475,13.5515548281506,27.0335927586022,12.113,4.621868688086903
"Iran, Islamic Rep.",IRN,2010,11.3886353724179,52.0229498170448,5.79793830169604,10.0893629287979,24.5812622090235,13.679,3.952372869234632
"Iran, Islamic Rep.",IRN,2011,11.3886353724179,49.2475078971103,2.6457179180628,26.2933856738608,20.1654888444675,12.491,3.531538341161331
"Iran, Islamic Rep.",IRN,2012,11.3886353724179,49.6173234830957,-3.74717139864109,27.2568127242908,33.9789194975165,12.275,14.687222502275826
"Iran, Islamic Rep.",IRN,2013,11.3886353724179,44.5964991335657,-1.52197920494184,36.6030355191029,26.0394302110046,10.595,51.241235190055924
"Iran, Islamic Rep.",IRN,2014,11.3886353724179,48.9844792976358,4.98477506709476,16.6065532357449,35.0985423671399,10.68,40.87668623277139
"Iran, Islamic Rep.",IRN,2015,11.3886353724179,56.3719593551977,-1.42488493937503,12.4846815611533,24.3681300934198,11.166,11.833578660739237
"Iran, Islamic Rep.",IRN,2016,11.3886353724179,57.8313383703997,8.8150866425182,7.24542548952979,27.9590145407971,12.618,6.560714285613374
"Iran, Islamic Rep.",IRN,2017,11.3886353724179,57.8313383703997,3.02685468694025,8.04492437660278,27.9590145407971,12.232,7.47681303308492
"Iran, Islamic Rep.",IRN,2018,11.3886353724179,57.8313383703997,-3.74796015711334,18.0141183371874,27.9590145407971,12.195,22.98790801890661
"Iran, Islamic Rep.",IRN,2019,11.3886353724179,57.8313383703997,-2.36143538770575,39.9073455697784,27.9590145407971,10.74,2.779125505648911
"Iran, Islamic Rep.",IRN,2020,11.3886353724179,57.8313383703997,4.44180865358672,30.5941390387295,27.9590145407971,9.687,0.0
"Iran, Islamic Rep.",IRN,2021,11.3886353724179,57.8313383703997,4.13089685034471,43.3890162681514,27.9590145407971,9.282,0.0
"Iran, Islamic Rep.",IRN,2022,11.3886353724179,57.8313383703997,4.35281087521344,43.4884641742179,27.9590145407971,9.085,0.0
"Iran, Islamic Rep.",IRN,2023,11.3886353724179,57.8313383703997,5.33235116079808,44.5791857572797,27.9590145407971,8.129,0.0
"Iran, Islamic Rep.",IRN,2024,11.3886353724179,57.8313383703997,3.66312057949303,32.455871402917,27.9590145407971,8.146,0.0
Iraq,IRQ,1990,-6.66212529091974,1.26692713974143,57.8178283456035,180.952380952381,3.70658378091696,8.639,0.0
Iraq,IRQ,1991,-6.66212529091974,1.26692713974143,-64.047106973488,180.952380952381,3.70658378091696,8.639,0.0
Iraq,IRQ,1992,-6.66212529091974,1.26692713974143,32.5922111964051,83.6158192090389,3.70658378091696,8.346,0.0
Iraq,IRQ,1993,-6.66212529091974,1.26692713974143,30.289829491298,207.692307692309,3.70658378091696,8.36,3.538604577481381e-05
Iraq,IRQ,1994,-6.66212529091974,1.26692713974143,3.85453244895318,448.499999999999,3.70658378091696,8.221,5.4687505754920576e-05
Iraq,IRQ,1995,-6.66212529091974,1.26692713974143,2.12002149763362,387.310847766639,3.70658378091696,8.431,-8.042275477889781e-06
Iraq,IRQ,1996,-6.66212529091974,1.26692713974143,11.0207856442117,-16.1173257510572,3.70658378091696,8.516,-8.042280678078961e-07
Iraq,IRQ,1997,-6.66212529091974,1.26692713974143,21.2379361287918,23.0631996788727,3.70658378091696,8.269,0.0
Iraq,IRQ,1998,-6.66212529091974,1.26692713974143,35.0009676191703,14.7687735575529,3.70658378091696,8.064,1.6084556375705883e-06
Iraq,IRQ,1999,-6.66212529091974,1.26692713974143,17.5801703743879,12.5777623393436,3.70658378091696,7.979,0.00012626373979334743
Iraq,IRQ,2000,-6.66212529091974,1.26692713974143,16.7961344439661,4.97896213183731,3.70658378091696,8.038,0.0006809118796357134
Iraq,IRQ,2001,-6.66212529091974,1.26692713974143,1.76660876568174,16.3740814963262,3.70658378091696,8.249,7.506064085971876e-05
Iraq,IRQ,2002,-6.66212529091974,1.26692713974143,-8.20370481187175,19.316694601979,3.70658378091696,8.619,-0.0016084410986669058
Iraq,IRQ,2003,-6.66212529091974,1.26692713974143,-36.6567804383165,33.6162105992383,3.70658378091696,8.959,0.0
Iraq,IRQ,2004,-6.66212529091974,1.26692713974143,53.3855472887501,26.9619068193271,3.70658378091696,8.715,-27.415277656063264
Iraq,IRQ,2005,-6.66212529091974,1.55617716768862,1.67522863586828,36.9594809201871,3.70658378091696,8.57,1.2785964107560368
Iraq,IRQ,2006,4.11591917217398,2.26399132037921,5.63829915220637,53.230962911428,33.8005437245099,8.411,-0.311367753622967
Iraq,IRQ,2007,17.4694327663084,2.47580446081963,1.88853936243953,-10.0674925768978,37.1052731582911,8.646,-14.50504501650038
Iraq,IRQ,2008,21.6088001159731,2.68222036334891,8.22810710383277,12.6628528269228,35.2150693048346,8.466,-4.900804384396111
Iraq,IRQ,2009,-1.01067925411065,3.77873014813253,3.37929909442771,6.87361547212555,26.703991944018,8.415,-1.9347628693159296
Iraq,IRQ,2010,4.68412757383414,5.39309563014871,6.40256484471193,2.42986826837753,31.2062745410482,8.267,0.0
Iraq,IRQ,2011,14.065166727563,5.41445203995753,7.546471200426,5.6040514426601,20.6944948754136,8.193,0.0
Iraq,IRQ,2012,13.5507635163078,5.90755944993835,13.9364301737537,6.0890964159516,4.16942629075962,7.965,-0.3276353276350491
Iraq,IRQ,2013,6.85843921497559,6.33564916159929,7.62828592298754,1.87949800749416,15.967066704939,9.222,-0.014291839360005021
Iraq,IRQ,2014,6.94151191976759,6.81429545062197,2.26368817563613,2.23597407904726,3.88416860986254,10.59,0.0
Iraq,IRQ,2015,-1.65602101285884,9.8758223889244,2.60676642939541,1.39333028780268,-9.0995870094509,10.865,0.11435105774700466
Iraq,IRQ,2016,1.29416694062961,10.0766837568499,13.7873730187089,0.556521397155548,7.02624979285344,10.82,1.256424900057393
Iraq,IRQ,2017,7.95462137277485,9.54983973287939,-1.81975035118309,0.184058898847553,2.64261400614412,13.02,0.1692047377326565
Iraq,IRQ,2018,15.1162785714327,8.58001733266219,2.63385099105624,0.367441488936828,2.72857964057294,13.458,-0.10557432432432433
Iraq,IRQ,2019,6.74664580876131,8.80896032816847,5.5137905789381,-0.198965380023882,8.43940152240707,14.096,-0.06341154090044387
Iraq,IRQ,2020,-3.48598226553262,13.3148576834755,-12.0367930960454,0.574162679425856,15.9173902884236,15.766,0.8460236886632826
Iraq,IRQ,2021,11.7148037882244,11.1956027502836,1.5021807095434,6.04186489058043,16.6627815658499,16.173,21.644295302013422
Iraq,IRQ,2022,20.1861883343541,9.54125684121782,7.95904804990212,4.9947659638103,20.3061051345809,15.41,0.0
Iraq,IRQ,2023,10.5528397110428,12.5518993190744,0.517705525140073,4.35835351089595,7.5370802876684,15.239,-9.482758620689655
Iraq,IRQ,2024,2.99186896502489,13.9914475902598,-1.54525198319173,2.6116961151764,-3.84168509750698,15.293,-0.9523809523809524
Israel,ISR,1990,0.2636399848875,48.7805932111216,7.3151991296676,17.2553348050036,19.4229200367392,13.387,0.0
Israel,ISR,1991,-1.80170678702012,46.6680302681927,7.72611507495277,19.1088798242862,17.7258869312022,13.387,13.041195994064509
Israel,ISR,1992,-1.10189503695802,48.1847189542093,7.75926624282712,12.0653319283457,26.4682679988334,14.08,7.8967286182827365
Israel,ISR,1993,-3.10726187862662,53.9268474609125,4.11675642426739,10.8838740009403,21.966326310612,12.741,15.086922633772767
Israel,ISR,1994,-3.80121729321793,56.5022761956147,7.42784534825054,12.253550985796,24.5933859804722,9.934,6.394577603721924
Israel,ISR,1995,-5.07586309660035,58.3085213978824,6.60292461082722,9.93389990557126,21.6736510538743,8.782,0.007853005573774729
Israel,ISR,1996,-5.27300893243401,59.8680626776843,5.83892253875895,11.4585122831129,24.9848522282654,8.455,5.989401004552203
Israel,ISR,1997,-3.56430592245336,61.8923687857725,3.61026597240067,8.95499383477184,14.954413919339,9.751,8.074193598922182
Israel,ISR,1998,-1.67470943283548,66.2818216563544,4.1019344139424,5.48875371339656,19.6525355504825,10.749,10.167857712322617
Israel,ISR,1999,-2.45653891755964,69.162919047453,3.28835789304527,5.18975459299983,15.5386374741912,11.183,8.937762193290137
Israel,ISR,2000,-2.36500425391523,70.2893651241693,8.59152200608253,1.03263640999489,8.0206429051523,11.102,-1.5069469327612615
Israel,ISR,2001,-2.59539018083479,74.3776691826904,0.270471415054473,1.12302839116721,8.61029384742376,11.812,3.1470732504906054
Israel,ISR,2002,-2.28341493296423,77.2270371360088,-0.152880392675172,5.80234589468429,11.0448692179368,12.888,12.653810944800437
Israel,ISR,2003,-0.548526889573223,73.9174860762692,1.43455918035305,0.70763061681807,-0.066776477301302,13.505,-3.877130680569036
Israel,ISR,2004,0.838946900869193,72.0759094489656,4.64944459908543,-0.421595034547416,7.23100695429588,13.029,-1.584275090760037
Israel,ISR,2005,2.2211659659088,74.6806623304965,4.35256427740218,1.34070328119492,10.0320185054859,11.342,0.12754770023694703
Israel,ISR,2006,3.28688457879505,72.700765431812,5.59106550120008,2.05407914587443,6.94490270974854,10.707,-0.7106461364766012
Israel,ISR,2007,2.15414696320513,65.8227995645504,6.31307137087018,0.466226972936065,-20.429637232885,9.379,-7.803867632193236
Israel,ISR,2008,0.42592870301179,69.0993725533633,3.2158134842205,4.52744765138651,12.5188497490296,7.704,-12.659475512577345
Israel,ISR,2009,2.83178873308842,65.1635225549607,1.22017480850096,3.3676231727125,5.78903719000599,9.534,9.596216555262325
Israel,ISR,2010,2.69529305304405,67.0209708441445,5.54470607068944,2.70270270270273,3.1326536554845,8.48,-4.917191806308228
Israel,ISR,2011,0.959067083330991,67.4637001049575,5.51341969081251,3.48837209302323,11.5563053625351,7.139,-4.301865986798518
Israel,ISR,2012,-0.314623011758788,66.3710636674816,2.40993765217618,1.67553715750052,6.30058361221068,6.762,7.763624380310255
Israel,ISR,2013,2.24341717352294,64.7680421108357,4.09013743330735,1.58976347421476,8.52673540447931,6.137,-6.358103280225841
Israel,ISR,2014,3.46609589435316,65.0728810341114,3.718144149431,0.467557251908503,11.8254626739357,5.789,-0.9093196027610997
Israel,ISR,2015,4.58765202586123,65.8537521095593,2.23599889603805,-0.617342577642765,4.21600383270357,5.176,8.633728581044322
Israel,ISR,2016,3.17038576605097,64.9008451275146,4.53601939236572,-0.535168195718695,5.75749223132971,4.723,-1.1903434672611024
Israel,ISR,2017,3.15479466919919,64.8424704014193,4.34394518932547,0.249807840123008,5.20634778573727,4.14,-6.275405153883441
Israel,ISR,2018,2.42234792973375,65.6306954870958,4.05349952888294,0.805060379528526,4.20704569714053,3.917,-0.24995922715065377
Israel,ISR,2019,2.90102068119121,64.6830724126458,3.57898762923605,0.817645940292794,7.51590183555772,3.731,-0.7249786626049884
Israel,ISR,2020,3.74007474912289,67.9389454861554,-1.80206927953466,-0.575254620897756,22.0785099821588,4.169,-3.4260220990900954
Israel,ISR,2021,3.021613608537,69.2009240511496,9.33534690236249,1.47965474722561,15.504386056178,4.812,-6.164512222013677
Israel,ISR,2022,2.68995260709171,70.1452401316966,6.36407234798706,4.41162725488371,5.74107886125669,3.695,4.006443758241925
Israel,ISR,2023,3.06182357194891,69.3907873036217,2.06272504731618,4.22522603168918,4.64781206290124,3.371,9.160584449685642
Israel,ISR,2024,2.85372348964758,69.5099804468565,0.953618469238535,3.07480889805025,8.10936848880166,3.595,0.8819642439319431
Italy,ITA,1990,-1.38838935215218,60.1430295695027,1.98577491758405,6.456609061464,18.3987878172736,10.097,0.0
Italy,ITA,1991,-1.94553731555977,60.1430295695027,1.53844759206665,6.24999929790291,18.5750576280755,10.097,3.54825202646908
Italy,ITA,1992,-2.21274668808672,60.1430295695027,0.834275417393798,5.2705899859293,16.8624949702528,9.321,-0.661567934140103
Italy,ITA,1993,0.724434293633528,60.1430295695027,-0.852805731913904,4.62673468331298,17.7941110732386,10.212,27.690556479298884
Italy,ITA,1994,1.1980637161955,60.1430295695027,2.15102367074849,4.05184218065716,19.6672925694495,11.086,2.4642535298043735
Italy,ITA,1995,2.13154267228955,60.1430295695027,2.88683671925843,5.23542258044301,15.5931841953706,11.661,1.0225573691150052
Italy,ITA,1996,3.04033411855202,60.1430295695027,1.34558477192847,4.0069766898104,14.8461254667665,11.864,-5.278681401183964
Italy,ITA,1997,2.59252960256439,60.1430295695027,1.92572122608527,2.04310779750136,16.4017000197281,11.985,10.379484527108696
Italy,ITA,1998,1.57984290749103,60.1430295695027,1.8043732818638,1.95508557719381,11.3581980959744,12.117,1.9441333513077796
Italy,ITA,1999,0.79555262294696,60.1430295695027,1.67799157943422,1.66345995007714,13.5583402571813,11.681,-99.94595789181625
Italy,ITA,2000,-0.270230356072508,60.1430295695027,3.88209885062652,2.53768532095002,12.3247819807429,10.834,15.392157567337462
Italy,ITA,2001,0.15478537448926,60.1430295695027,2.00643329837733,2.78516542713554,13.816160330387,9.599,3.124396929694833
Italy,ITA,2002,-0.489738960441859,61.8212741982326,0.26992966378873,2.46532319171165,11.2609118719366,9.211,-5.281893583200162
Italy,ITA,2003,-0.766212290849885,65.1142715448061,0.0665538088732092,2.6725555277285,12.6429879971001,8.869,-16.406750797985868
Italy,ITA,2004,-0.4953081424742,67.4938632024209,1.4740217064723,2.20673661423657,13.4716639858768,7.866,-9.063567367038319
Italy,ITA,2005,-0.896244191801554,70.5936221522486,0.762410677306491,1.9852929852798,14.40286140937,7.73,-0.015107888500853414
Italy,ITA,2006,-1.44603855867144,75.4232323557397,1.79947992234244,2.09084391012754,17.830628514143,6.777,-0.9165786826361264
Italy,ITA,2007,-1.35566295251184,81.4531164394226,1.46229205289291,1.82974112202403,17.1656742541219,6.076,-8.382419301811138
Italy,ITA,2008,-2.68669173430211,83.3822670885069,-1.02313851177097,3.34783258401022,14.8922041933974,6.723,-6.8180898636756915
Italy,ITA,2009,-1.77411764067094,87.1861669932861,-5.30515401233991,0.774768131387381,10.4560909446993,7.749,5.446946110266462
Italy,ITA,2010,-3.24412215335914,92.6676294931465,1.52910573247101,1.52551602118248,12.4857998554167,8.363,5.209692006207694
Italy,ITA,2011,-2.74163808728921,93.5718818734975,0.695463154440176,2.78063272879323,11.9424460401465,8.359,-4.758672099029562
Italy,ITA,2012,-0.215238993496647,93.2686875516145,-3.12523877282996,3.04136333226775,10.3007746397346,10.655,8.341183526073815
Italy,ITA,2013,1.03825599780866,90.3656642019387,-1.81802510749792,1.21999342274306,10.6763160454565,12.149,-3.2624635808943454
Italy,ITA,2014,1.70979552518119,88.187471051349,-0.00138761730454462,0.241047429826756,9.26752299008154,12.683,-0.028810302750162588
Italy,ITA,2015,1.23326652485505,86.9158529570859,0.885667635240807,0.0387903996579733,9.19582460552392,11.896,19.737300534231938
Italy,ITA,2016,2.46140246001819,84.4917347012215,1.23622108511661,-0.09401665691575,8.47696815179376,11.688,0.23577291943845474
Italy,ITA,2017,2.47968309636806,80.4167170633531,1.60369995294101,1.22653316645812,8.29633161273095,11.211,-2.0163267393074893
Italy,ITA,2018,2.57144669559437,76.4482228153834,0.826646712344115,1.13748763600391,7.10415817034185,10.538,-4.341685721816104
Italy,ITA,2019,3.23388196417885,73.4404069738438,0.429162533780342,0.611246943765304,8.19219834569514,9.884,5.491862428450424
Italy,ITA,2020,3.9369545603398,82.6528242104143,-8.86822122185345,-0.13770757391651,13.1910292122895,9.192,-1.9892905401682457
Italy,ITA,2021,2.03966459401319,76.0051221503914,8.93106210800055,1.87378325762481,10.8672085465442,9.497,-3.427988441980449
Italy,ITA,2022,-1.83039811478156,69.5868608578087,4.82117669913565,8.20128991161718,7.82033923932235,8.069,12.31582922658001
Italy,ITA,2023,0.251900586596722,63.1228344360625,0.922796543670316,5.62219442195901,7.5370802876684,7.627,-2.609896246155402
Italy,ITA,2024,1.09768567168063,60.3040047752275,0.783039135276795,0.982373023061417,8.32354431836197,6.5,-0.1027218553088201
Jamaica,JAM,1990,-6.7962794459024,31.5584641107562,4.2005351147029,21.9601751165083,21.601589761744,6.233,0.0
Jamaica,JAM,1991,-5.8472444776442,28.8834407116503,4.83823875455573,51.0710977304313,47.3202448663897,6.233,68.6502343741844
Jamaica,JAM,1992,0.806118560980681,23.1853587868682,1.95554250017773,77.2965929559651,54.4088998364214,6.383,89.50632950571045
Jamaica,JAM,1993,-3.38248971095327,20.8580038608332,9.41710256580915,22.0699494185292,29.8476570850727,6.235,8.659275664351819
Jamaica,JAM,1994,1.49654503129105,19.5796982311824,1.38338980682033,35.0633942484772,28.5832168272353,6.335,32.616658416354056
Jamaica,JAM,1995,-1.50360607545815,21.3340353366674,2.34995703773234,19.9087488364168,27.9871707443605,6.325,6.214675320226933
Jamaica,JAM,1996,-1.92861894016571,19.9013557629947,-0.113731205844019,26.4066566074043,22.3947376110589,6.611,5.626985094333432
Jamaica,JAM,1997,-3.95474226120464,18.4648845490402,-1.14045987350366,9.65755261268595,16.4017000197281,6.693,-4.620452784661644
Jamaica,JAM,1998,-3.79870910291059,23.3673847657953,-2.33455353946911,8.63189613012144,8.48152968416026,6.846,3.23556161463609
Jamaica,JAM,1999,-2.43387631839692,23.8585266670894,1.04767386709968,5.95423949113006,9.16212782632645,6.813,6.822207022343914
Jamaica,JAM,2000,-4.07992636835457,25.5643601342327,0.87870355044231,8.17108356120225,-6.96707890797617,6.752,10.096896155614315
Jamaica,JAM,2001,-8.25255531148696,12.9520593583229,1.34492956615135,6.8019093078759,26.2213799886903,6.641,7.003608176672713
Jamaica,JAM,2002,-11.0508689241364,14.7238341957901,1.99729094191295,7.07635009310985,14.3711842175249,6.616,5.260628130916528
Jamaica,JAM,2003,-8.20081771864531,18.3521623110687,3.66631759041991,10.0869565217391,11.0055901241209,6.534,19.26004485781449
Jamaica,JAM,2004,-4.92950870317959,20.0058261236853,1.32372510450574,13.5545023696682,16.2864997495251,6.539,5.985926477255644
Jamaica,JAM,2005,-9.52805454519088,20.9780756444602,0.893797935409893,15.0528658875905,7.28042847854556,6.577,1.7705302596911228
Jamaica,JAM,2006,-9.91484107251583,23.4390781501805,2.89912534481287,8.56106408706157,15.4767980852107,6.605,5.560537637867746
Jamaica,JAM,2007,-15.9234659804591,27.3066857340295,1.43195403769627,9.24482067275562,14.616282163115,6.607,5.245059293411907
Jamaica,JAM,2008,-20.3748078735041,30.1913240242059,-0.811736702186792,22.0228384991843,5.15424837487751,6.666,5.1509325066232465
Jamaica,JAM,2009,-9.3024726659181,28.6034758668077,-4.34530185828071,9.59224598930482,9.90714738696561,7.314,20.806358352697362
Jamaica,JAM,2010,-7.06479945013375,26.40566482272,-1.45714720850386,12.6105519975603,5.58487492260461,7.63,-0.7941071394373441
Jamaica,JAM,2011,-14.283409237551,26.795738299769,1.73037627006349,7.555856465809,4.83257696772664,8.034,-1.4939686931616651
Jamaica,JAM,2012,-9.72634702774032,28.9883287447322,-0.613636042132399,6.87397708674309,8.69960741798332,8.695,3.325444194329572
Jamaica,JAM,2013,-9.51223858387759,29.7697687864501,0.517686011311724,9.34150076569673,12.8163984045426,9.698,13.124627325994261
Jamaica,JAM,2014,-8.01738727219535,29.3229510546383,0.689822359762587,8.27407886231419,6.74721431283641,9.046,10.49488721414825
Jamaica,JAM,2015,-2.87431658057775,28.4748645365791,0.92148712399856,3.69154228855725,13.3969688240833,8.825,5.440370057853462
Jamaica,JAM,2016,-0.291717768383903,30.2517787133858,2.76043761369557,2.35102197485846,13.4310372958956,8.634,6.94645932488361
Jamaica,JAM,2017,-2.5183339037553,38.2460519475779,2.29303371291363,4.37839864991561,11.2524472126355,7.399,2.2938636894155295
Jamaica,JAM,2018,-1.39317798037996,40.2619240422802,2.51584458612513,3.73663882152163,9.89112228594527,5.47,0.7087704576916941
Jamaica,JAM,2019,-1.77745675976269,44.9080839791819,1.80943147301357,3.90510000865872,9.67137663065789,4.987,3.445756910083421
Jamaica,JAM,2020,-1.04604876207358,52.3597017235396,-8.30441923583135,5.2267777929352,18.477046191301,6.501,6.819120820664713
Jamaica,JAM,2021,0.934998829682957,50.0226967195616,5.70467978309095,5.86278242801063,13.4725293981021,5.188,5.889821869894536
Jamaica,JAM,2022,-0.725013690307513,46.1904521881868,6.43930323656186,10.3495688391272,8.52108911828472,4.083,1.748596511782576
Jamaica,JAM,2023,2.65622781756862,44.5663594942298,2.74634433906714,6.47413734662063,11.943552063286,3.022,0.47707602417672595
Jamaica,JAM,2024,3.08347028977771,45.1288088227477,-0.535039063867487,5.41194447981659,8.18859176839435,3.151,1.4794882898668307
Japan,JPN,1990,1.37399041718279,183.131254703793,4.89271306574565,3.0785162869516,6.8522407852742,2.059,0.0
Japan,JPN,1991,1.37399041718279,182.807241098565,3.41749676183089,3.25143848753308,5.54868699680879,2.059,-6.965715305235423
Japan,JPN,1992,1.37399041718279,186.447378576269,0.848069581218368,1.7602830605927,3.29045898544087,2.158,-5.979906958329683
Japan,JPN,1993,1.37399041718279,189.810312869705,-0.517919847117952,1.24304589707924,4.41934542095333,2.539,-12.20164612031986
Japan,JPN,1994,1.37399041718279,191.553133358291,0.99306636322622,0.695458057869004,4.18713198933369,2.89,-8.084675367074743
Japan,JPN,1995,1.37399041718279,190.332712994983,2.34205546196849,-0.127899045020446,4.07282908116519,3.15,-7.972215625050554
Japan,JPN,1996,1.37399041718279,189.725204443054,3.07546731409349,0.136600358575909,3.8039488483568,3.383,15.64909989010101
Japan,JPN,1997,2.08428927046609,202.643347425556,1.36297109407448,1.74780458692133,5.81007844267697,3.374,11.226247227675259
Japan,JPN,1998,2.76325572295153,211.895476565606,-1.77264091037956,0.661974191385911,3.13639065679036,4.078,8.194369361295347
Japan,JPN,1999,2.43392694084621,215.299459602765,-0.347600398675738,-0.341296928327554,2.8022420246442,4.677,-12.985337935208142
Japan,JPN,2000,2.59184009101983,205.749576550972,2.97832688768516,-0.676578683595175,1.3355646309312,4.748,-5.391518677630371
Japan,JPN,2001,1.94241825757612,177.60004048631,0.284608556379041,-0.740055504162738,-17.2393876963163,5.02,12.771665681065034
Japan,JPN,2002,2.56388731159672,175.273915326861,0.0849888050363319,-0.923494026942321,0.923447004818944,5.386,3.175434121707498
Japan,JPN,2003,3.047625783072,175.44585013008,1.38010935830795,-0.256541816316025,0.540504186193794,5.251,-7.540237945248111
Japan,JPN,2004,3.68297677752484,169.100287467634,2.11294823723127,-0.00857338820310272,0.621880971246173,4.734,-6.67701517904409
Japan,JPN,2005,3.48923328988267,169.163944224739,1.8482813374834,-0.282946068764391,0.213876313762708,4.446,1.872256584349679
Japan,JPN,2006,3.7579723483952,167.236285670945,1.54630843078741,0.249355116079085,-0.71340541685522,4.192,5.517327770106692
Japan,JPN,2007,4.57839452711194,161.085063089099,1.72837912865577,0.060039454498669,0.672846842102966,3.888,1.2504093783186145
Japan,JPN,2008,2.75407955979761,159.059175176627,-1.16662209355141,1.3800788616492,0.859827138738371,4.002,-12.223867344170927
Japan,JPN,2009,2.72970030740046,166.282155800094,-5.9359411383964,-1.35283672951719,2.10540872769038,5.068,-9.471219822549761
Japan,JPN,2010,3.80082624691884,158.187641186844,4.13645589222239,-0.728243207517779,1.80296678517956,5.102,-6.18810363818199
Japan,JPN,2011,2.06383124200042,157.598125880489,-0.20035785332982,-0.27245561610124,2.91871687410843,4.55,-9.082782548745719
Japan,JPN,2012,0.949145258884222,157.756791908458,1.64893452981225,-0.0440645104432602,2.18022060742254,4.358,-0.020755586685895167
Japan,JPN,2013,0.879664701194644,160.852179939377,1.99727653399265,0.335037912184741,3.55325057477692,4.038,22.31495329557552
Japan,JPN,2014,0.72910539728354,160.379549562716,0.905915486065865,2.75922671353253,2.86309798968837,3.589,8.554809613184888
Japan,JPN,2015,3.00967361767901,159.181728459752,1.79997735783475,0.795279630579839,2.99485194460402,3.385,14.251994768045028
Japan,JPN,2016,3.85588282294837,160.034919112629,0.704986495111257,-0.127258844489754,3.85264245657811,3.132,-10.12121463074842
Japan,JPN,2017,4.03254042163651,165.066755851422,1.62345062245441,0.484199796126385,3.48679482913745,2.822,3.100607699201748
Japan,JPN,2018,3.43924007536728,164.337775310176,0.834143845965585,0.989094598021848,2.32259329464308,2.467,-1.5539107648704749
Japan,JPN,2019,3.36672218972423,172.484602282465,-0.308496921143259,0.46877615938395,2.06668456825313,2.351,-1.2800876126117875
Japan,JPN,2020,2.8911777788158,190.118294582821,-4.28327942675573,-0.024995834027731,7.35689680384515,2.809,-2.0503536268597173
Japan,JPN,2021,3.76057343034324,188.29266863888,3.56419531474475,-0.233352779398264,2.94448247498499,2.808,2.7906843687350755
Japan,JPN,2022,2.0281112293848,186.792764445788,1.33164750653741,2.49770278172255,2.27007776448937,2.614,19.8113530690241
Japan,JPN,2023,3.61127531871255,186.110890163352,0.720785304749811,3.26813365933163,2.13454290639148,2.6,6.838849270588663
Japan,JPN,2024,4.62202410018024,187.06798522924,-0.240084236041696,2.73853681635241,0.0729489283133112,2.5,7.740839978892865
Jordan,JOR,1990,-5.4598359035703,62.2752526167107,-0.275903907591626,16.1921375615233,8.26946491370582,21.439,0.0
Jordan,JOR,1991,-9.05843749915752,62.3619337390128,1.60853107260195,8.15549597855212,15.8036984271614,21.439,2.5845811559737397
Jordan,JOR,1992,-15.7267736071471,55.8956902282296,14.3497760596895,3.9958356055719,3.34153495056612,19.947,-0.15384822511532198
Jordan,JOR,1993,-11.2209373919821,60.6579909381114,4.48698977985747,3.31666666666706,4.50664325470732,19.7,1.9170562723864966
Jordan,JOR,1994,-6.38176192342058,64.5012966745462,4.9714766996471,3.51669624132886,3.33309687068679,16.894,0.8534785626055625
Jordan,JOR,1995,-3.84422611567063,68.8625151123083,6.20087444373824,2.35312451301273,5.728396140909,14.6,0.23088381034607838
Jordan,JOR,1996,-3.20262236338464,69.3631810408014,2.08702078168048,6.50121802679586,-0.909828667515851,13.7,1.2311217878929546
Jordan,JOR,1997,0.404881941876083,69.9910264146536,3.30847538304697,3.0378842030025,7.64187129894661,13.74,0.0
Jordan,JOR,1998,0.178259474491069,69.1263146636244,3.0121726904659,3.09166666666703,6.31501640206804,13.841,0.0
Jordan,JOR,1999,4.96858937749857,71.3878649429763,3.38953079405096,0.606256567779427,15.5008009862598,13.763,0.0
Jordan,JOR,2000,0.325990723323388,72.0874022704919,4.24571192079151,0.66688092559796,7.62309543363157,13.7,0.0
Jordan,JOR,2001,-0.267729842032371,75.7083929160708,5.26995757513606,1.77220437351017,8.10277080861376,14.7,-0.002373192289557766
Jordan,JOR,2002,5.23147049546403,72.7396231969385,5.78380792679309,1.83299389002049,8.59077544816281,15.3,0.002349740766130798
Jordan,JOR,2003,11.7553354258968,70.8022327666109,4.16166755544363,1.62999999999998,16.614721334807,14.5,2.3507292819580964e-05
Jordan,JOR,2004,0.343467252781521,74.6988592122014,8.56721424236906,3.36186821476601,10.461572851306,14.626,0.0
Jordan,JOR,2005,-18.0414274312333,88.0918929819844,8.1465948107994,3.49368534619531,21.4143478001091,14.8,0.0
Jordan,JOR,2006,-11.4627147425135,91.7685988347041,8.09297527811921,6.25172466656443,12.8359407017306,14.0,0.0
Jordan,JOR,2007,-16.800812979254,91.6320592187152,8.17616995204655,4.74390639021648,12.4250781293736,13.1,-3.2910202114029955e-05
Jordan,JOR,2008,-8.00749721112248,69.2832048993247,7.22038637280149,13.9712310012729,21.0942090736807,12.7,0.09404563508784865
Jordan,JOR,2009,-4.52688493361161,65.5115709325132,5.11667226950634,-0.739069743144777,24.2896335283102,12.9,0.04698685601004547
Jordan,JOR,2010,-6.23104500049183,64.0144083027316,2.6377158262256,4.84551875852116,9.22337747832293,12.5,0.0
Jordan,JOR,2011,-9.05634436432946,64.9687824263859,2.90729315392207,4.1624416292779,2.69780011899613,12.9,0.0
Jordan,JOR,2012,-13.5170565963848,64.7040806138676,2.40465716535539,4.5152295667099,-2.04208016363462,12.2,0.0
Jordan,JOR,2013,-9.25155039516621,64.1605568285298,2.72311205964112,4.82462314269537,14.1554418331357,12.6,0.0
Jordan,JOR,2014,-6.43399981653877,60.5995603657342,3.32287328047509,2.89947905006057,-4.16142494926554,11.9,0.0
Jordan,JOR,2015,-8.18461267567615,60.720435831105,2.52261671092148,-0.876851359704049,7.54007364619577,13.075,0.0
Jordan,JOR,2016,-8.81657895710529,64.7882043978307,2.11166806967252,-0.778430463054142,4.34340525561813,15.275,0.0
Jordan,JOR,2017,-9.64699161865138,68.0683900951146,2.50770398070352,3.32389447576097,-0.0445764347295129,18.12,0.0
Jordan,JOR,2018,-6.24582575623598,69.1408952155216,1.85383415616927,4.46231108475481,0.156451378577314,18.257,0.0
Jordan,JOR,2019,-1.58889950651918,70.3588331315482,1.85633006592765,0.761514047265601,5.13043334204516,16.801,0.0
Jordan,JOR,2020,-5.22619044169868,75.7972888196971,-1.15257534158022,0.333294350628378,5.73527582553463,19.213,0.0
Jordan,JOR,2021,-7.33213017137509,74.8391598670023,3.75201276755828,1.34609377243118,7.03569292231948,19.837,0.0
Jordan,JOR,2022,-7.39189539188183,76.7539131295227,2.7468615450031,4.22915568897117,5.37842889123462,18.2,0.0
Jordan,JOR,2023,-3.25589967062863,74.475322197422,3.12900102017251,2.08486986327134,2.08648850573889,16.62,0.0
Jordan,JOR,2024,-5.33366328480029,72.9559938224227,2.55605891810194,1.55659611283953,6.09455816362011,16.693,0.0
Kazakhstan,KAZ,1990,-1.04592536802769,37.7291069327005,-11.0000000016926,1877.37239517572,575.981946816297,0.9,0.0
Kazakhstan,KAZ,1991,-1.04592536802769,37.7291069327005,-11.0000000016926,1877.37239517572,575.981946816297,0.9,0.0
Kazakhstan,KAZ,1992,-1.04592536802769,37.7291069327005,-5.29999999893468,1877.37239517572,575.981946816297,1.0,0.0
Kazakhstan,KAZ,1993,-1.04592536802769,37.7291069327005,-9.20000000203308,1877.37239517572,575.981946816297,1.11,0.0
Kazakhstan,KAZ,1994,-1.04592536802769,37.7291069327005,-12.5999999983168,1877.37239517572,575.981946816297,7.54,0.0
Kazakhstan,KAZ,1995,-1.04592536802769,37.7291069327005,-8.2000000011824,176.15529894237,108.210476929462,10.98,71.50494770904675
Kazakhstan,KAZ,1996,-3.57017932498944,37.7291069327005,0.500000002073506,39.1825423654111,20.8590445815711,12.96,10.423844681432808
Kazakhstan,KAZ,1997,-3.60598416402908,37.7291069327005,1.69999999949513,17.4080410607357,24.0562896193672,13.01,12.085830320439857
Kazakhstan,KAZ,1998,-5.53370867105319,37.7291069327005,-1.89999999942479,7.14632665452334,-14.1329182541929,13.13,3.7989505661419045
Kazakhstan,KAZ,1999,-1.01358457125999,37.7291069327005,2.69999999784199,8.29602765342564,84.3701008015709,13.46,52.64143714614071
Kazakhstan,KAZ,2000,2.00256762828012,37.7291069327005,9.80000000214156,13.1808905865731,44.9593636284703,12.75,18.9168084334998
Kazakhstan,KAZ,2001,-6.27245039510067,37.7291069327005,13.4999999984358,8.35413777161344,40.2028019177367,10.43,3.2381566604127596
Kazakhstan,KAZ,2002,-4.15780223333077,37.7291069327005,9.79999999960842,5.83692452105643,30.0557638157462,9.33,4.45926068956164
Kazakhstan,KAZ,2003,-0.884199244172019,37.7291069327005,9.30000000033759,6.4382181011894,34.2335302269178,8.78,-2.416070894609939
Kazakhstan,KAZ,2004,0.777323158524582,37.7291069327005,9.60000000136854,6.88205438981899,69.8087292143526,8.4,-9.052821589940248
Kazakhstan,KAZ,2005,0.627462667764142,37.7291069327005,9.69999999922682,7.57999929125766,25.1638742558176,8.13,-2.3192560738045365
Kazakhstan,KAZ,2006,-1.01568463503606,37.7291069327005,10.7,8.72169386091726,78.0600771688442,7.79,-5.110302110509481
Kazakhstan,KAZ,2007,-4.54619329218056,37.7291069327005,8.89999999999405,10.8468362075557,25.8940235699693,7.26,-2.8037749661581346
Kazakhstan,KAZ,2008,0.964821810457097,37.7291069327005,3.30000000021091,17.139899777207,35.3656981779187,6.63,-1.8400027198857563
Kazakhstan,KAZ,2009,-0.116464485829439,37.7291069327005,1.19999999942873,7.31607858288578,19.4680963933521,6.55,22.608219785396074
Kazakhstan,KAZ,2010,1.80897140296935,37.7291069327005,7.30000000329814,7.40046356341396,13.2961415076374,5.77,-0.09604736830234852
Kazakhstan,KAZ,2011,7.30301403639311,37.7291069327005,7.40000000144188,8.4529046617679,14.9644323697406,5.39,-0.4982298983183426
Kazakhstan,KAZ,2012,1.26375902394522,37.7291069327005,4.79999999528297,5.19568369035073,7.90153979653577,5.29,1.699394697206755
Kazakhstan,KAZ,2013,1.91316832797548,37.7291069327005,5.99999999671084,5.94283871648418,10.2188044428142,5.2,2.0230810070698246
Kazakhstan,KAZ,2014,-1.28837366004242,37.7291069327005,4.20000000566705,6.84944977003358,10.3756254134942,5.06,17.789159431404194
Kazakhstan,KAZ,2015,-5.4122312771503,37.7291069327005,1.20000000053288,6.67828585615236,33.7802674427028,4.93,23.738083058177516
Kazakhstan,KAZ,2016,-5.07331546745494,33.0302298204433,1.09999999910173,14.3610942386248,15.6063093614479,4.96,54.31496500973437
Kazakhstan,KAZ,2017,-2.05429721551443,29.1875977429896,4.10000000257358,7.44266321306792,-1.72871508547001,4.9,-4.722637734605752
Kazakhstan,KAZ,2018,-0.984581633983154,25.9325339763811,4.09999999309841,6.16366247577762,6.97480461387484,4.85,5.737653964879775
Kazakhstan,KAZ,2019,-3.8684220835049,24.2664786023711,4.50000000091883,5.33356098916669,2.44409670955516,4.8,11.03592501028018
Kazakhstan,KAZ,2020,-6.46182057750936,25.6352310952022,-2.49999999628,6.71815454861458,16.8638143050986,4.89,7.891896792022468
Kazakhstan,KAZ,2021,-1.35935671668035,26.0102223624021,4.29999999729456,8.04147134028401,20.7944085922016,5.568,3.1369565568346047
Kazakhstan,KAZ,2022,2.85432700775768,25.0218936908866,3.19999999970734,15.0278644440851,13.9427338944718,4.86,8.043413182439847
Kazakhstan,KAZ,2023,-3.16389675969422,26.0459503517965,5.09999999973641,14.5275597825952,11.6795618517392,4.835,-0.8692534199689241
Kazakhstan,KAZ,2024,-2.32054721716038,27.2796795779653,4.99999999996936,8.69082156104494,19.2118258063417,4.833,2.8054541668036688
Kenya,KEN,1990,-6.148642371178,18.6565323520756,4.19205097155167,17.78181442992,20.0572811300831,2.78,0.0
Kenya,KEN,1991,-2.61695502722967,19.9580725902224,1.43834679171559,20.0844955754632,19.5727307777043,2.78,20.044280034853767
Kenya,KEN,1992,-2.19456227261349,22.1524502405053,-0.799493958641349,27.3323644475784,39.0214305866637,2.894,17.11861818922075
Kenya,KEN,1993,-4.55283291776749,18.496196443499,0.353197256227247,45.9788813036218,28.0334398779034,2.979,80.03424710684382
Kenya,KEN,1994,-6.28016452471493,19.8341558860689,2.632784517837,28.8143894306731,23.177872414758,2.955,-3.3632991195604096
Kenya,KEN,1995,-17.4462157792244,25.8141177808766,4.40621652482287,1.55432816055009,29.0004780909347,2.848,-8.243879151403357
Kenya,KEN,1996,-7.97941568440555,21.6816261093782,4.14683926876013,8.86408741577522,25.3250564596369,2.773,11.05396025004956
Kenya,KEN,1997,-13.65280225011,24.3551778303105,0.474901921293579,11.3618450505783,20.1946630476641,2.818,2.831093013727896
Kenya,KEN,1998,-18.6798241248733,23.9634167841824,3.29021372249065,6.72243650753928,2.93125162562463,2.843,2.783597937575254
Kenya,KEN,1999,-18.3407041847877,26.5694419300027,2.30538859522412,5.74200109520484,6.48769519649102,2.884,16.49836195562569
Kenya,KEN,2000,-1.5693516563302,25.7583827680558,0.599695390807426,9.98002515350979,4.90789773108046,2.884,8.317417425886466
Kenya,KEN,2001,-2.46632258412886,25.2226866951229,3.77990649795343,5.73859814341467,5.64036301414031,2.876,3.134409393216159
Kenya,KEN,2002,-0.894975876340372,25.8546018348267,0.546859530175595,1.96130821739162,9.88881025957129,2.916,0.23668419629154455
Kenya,KEN,2003,0.888450320310784,25.1556752227903,2.93247554570904,9.81569062979654,11.7872992352311,2.869,-3.572829065403195
Kenya,KEN,2004,-0.818703017571569,27.2875160327278,5.10429977629738,11.6240355442426,13.4716639858768,2.844,4.264545118263971
Kenya,KEN,2005,-1.34655849731384,26.2768754700489,5.90666607980057,10.3127783574683,9.90837157352701,2.739,-4.571920427195719
Kenya,KEN,2006,-1.97646990538246,22.8883109960388,6.47249430015484,14.4537342081708,16.9719063758045,2.673,-4.570597759197726
Kenya,KEN,2007,-3.2293696026957,23.0449642815856,6.85072976998784,9.75888023027529,20.4230451768644,2.642,-6.634038138936278
Kenya,KEN,2008,-5.52329630288282,25.380611749054,0.232282744812977,26.2398166445063,15.5488382042457,2.751,2.759576455297706
Kenya,KEN,2009,-3.98728888063669,21.8748215770177,3.30693981631089,9.23412592394652,16.457322945514,2.816,11.820245288457704
Kenya,KEN,2010,-5.21669389712653,23.9866365463318,8.05847360290906,3.96138889115385,22.3616746976769,2.793,2.431920451829394
Kenya,KEN,2011,-8.14880935200664,27.3659528452877,5.1211061197056,14.0224913014704,19.1520541858486,2.699,12.08789258089143
Kenya,KEN,2012,-7.47587166159349,26.4022341140294,4.56867961444982,9.37777003547598,14.3923227362879,2.678,-4.8205507227202915
Kenya,KEN,2013,-7.85152228564967,28.3321722043471,3.7978483925754,5.71749357037733,15.2783251317678,2.762,1.8848747749765637
Kenya,KEN,2014,-9.34004850596924,34.5220651778387,5.02011100232484,6.87815499275949,26.5212626467094,2.767,2.0892066472054958
Kenya,KEN,2015,-6.30459656347733,36.6993293508397,4.96772112759767,6.58215429284779,16.0698098990173,2.762,11.665192339713236
Kenya,KEN,2016,-5.3970086381703,35.5710732134397,4.21351706814744,6.29724953814625,3.89041034386153,2.757,3.387623311813019
Kenya,KEN,2017,-6.99683322084959,33.1505993031106,3.83795817364721,8.00564967709945,9.00832756301999,3.542,1.87739210620523
Kenya,KEN,2018,-5.41106679141752,31.1986897673001,5.64794640709219,4.6898064677633,10.1229810507049,4.284,-2.038903759653465
Kenya,KEN,2019,-5.23852935907811,30.8320287701597,5.11415885767801,5.23963795764792,6.01749758930089,5.014,0.6808624118695934
Kenya,KEN,2020,-3.2691100706529,32.1498074208935,-0.272766327438816,5.40516207933392,13.2732844936515,5.613,4.37241396039788
Kenya,KEN,2021,-4.59900811539261,31.1231240199267,7.59048947333467,6.10793603659176,6.21881571634949,5.693,2.993840373085329
Kenya,KEN,2022,-4.19995258299621,31.2584163915549,4.85998104287999,7.65986268272224,7.52712261006402,5.565,7.5049359048828315
Kenya,KEN,2023,-2.54552534327702,31.7980848696513,5.71999241214208,7.67139634029402,19.8736767831777,5.409,18.64863198180441
Kenya,KEN,2024,-1.28724447407872,31.7980848696513,4.66019594571891,4.48978854243448,1.00930817517245,5.487,-3.5924421820735915
"Korea, Rep.",KOR,1990,-0.960131298063108,49.2618253555903,10.0248996213899,8.57327225728677,17.1741698553492,2.407,0.0
"Korea, Rep.",KOR,1991,-2.35688840135155,48.8550592503187,10.8749739277708,9.33279048161495,21.8874213149947,2.407,3.611834893603082
"Korea, Rep.",KOR,1992,-0.79068728488668,47.3970228748062,6.35159199606441,6.21328146355184,14.9415254257527,2.513,6.455718498400468
"Korea, Rep.",KOR,1993,0.416090198515083,47.1889261957243,6.99471791742556,4.80099660215354,16.5807350400535,2.878,2.8011165610772735
"Korea, Rep.",KOR,1994,-1.00035102707401,47.7351228556304,9.3718357757101,6.26585950039679,18.6773909254307,2.476,0.15367905582919583
"Korea, Rep.",KOR,1995,-1.74482962406712,46.9730560646246,9.7358937505409,4.48074108557248,15.5931841953706,2.063,-4.045614115119762
"Korea, Rep.",KOR,1996,-3.87535195507046,50.146287165566,7.99042982526839,4.92454354292754,15.8277442341608,2.048,4.305109102598001
"Korea, Rep.",KOR,1997,-1.83493782106041,54.8017848286001,6.2821926537929,4.4389318457463,14.1437236837087,2.608,18.07833229225907
"Korea, Rep.",KOR,1998,10.0964211010999,59.6086940982268,-4.9389297463141,7.51358008079307,27.0261851359618,6.963,47.720613263991616
"Korea, Rep.",KOR,1999,4.22430160551507,64.4881255675337,11.6172629559591,0.81295725444637,27.3766401341697,6.342,-15.232803981422755
"Korea, Rep.",KOR,2000,1.7039361599544,69.1866723612269,9.2018583880479,2.25916580080157,25.4257746478018,4.063,-4.96676655034227
"Korea, Rep.",KOR,2001,0.381489475071825,99.6082410940777,4.72593560322356,4.06657587897792,85.2030807974552,3.699,14.192570967278199
"Korea, Rep.",KOR,2002,0.625539996245813,108.70538205029,7.74399895319569,2.76226210296599,13.9998911970542,3.046,-3.035931483819986
"Korea, Rep.",KOR,2003,1.55223664563709,107.180625832699,3.07472661826947,3.51487451459939,2.98069024193587,3.348,-4.790392050724562
"Korea, Rep.",KOR,2004,3.55783305096389,101.992541192444,5.1836368597334,3.59066298882578,6.30831998688382,3.42,-3.80957709050804
"Korea, Rep.",KOR,2005,1.25636444462509,106.121988835135,4.35823667337156,2.75379162735039,6.98905937684345,3.482,-10.636503552529483
"Korea, Rep.",KOR,2006,0.191275272898578,117.535674488688,5.24500550580342,2.24234028518921,12.5129608596578,3.254,-6.734901081521441
"Korea, Rep.",KOR,2007,0.857760495298849,124.027715958864,5.8419633918717,2.53457382137932,10.8199645314506,3.013,-2.717878174368826
"Korea, Rep.",KOR,2008,0.160592800145373,136.196660706156,3.00440451679569,4.67389655533408,11.9562036963622,2.959,18.372545731857358
"Korea, Rep.",KOR,2009,3.36575830090763,132.599106034348,0.81986175641795,2.7564965449393,9.88594854042114,3.363,16.09997644208886
"Korea, Rep.",KOR,2010,2.34320897623578,124.679568065827,6.98166138853071,2.93928652655686,5.97887647571808,3.324,-9.456741230316295
"Korea, Rep.",KOR,2011,1.27290610804572,127.08181388669,3.6880320602952,4.0259650043609,5.4758619616047,2.992,-4.170197556912482
"Korea, Rep.",KOR,2012,3.65378622367594,125.135860183943,2.54766550568242,2.18707104433314,4.8064654842376,2.812,1.675940686378333
"Korea, Rep.",KOR,2013,5.38513504027402,122.756788077341,3.2913959543442,1.30134754547413,4.63889133228525,3.067,-2.824279231575058
"Korea, Rep.",KOR,2014,5.33522703805369,125.488630227146,3.21468019683108,1.27477446401322,8.14449306578048,3.082,-3.84869164575691
"Korea, Rep.",KOR,2015,6.82937629347486,125.858810840683,2.92029267301234,0.70633177245575,8.19074818640474,3.546,7.41921849473806
"Korea, Rep.",KOR,2016,6.20103649558332,128.040688171137,3.17152748983935,0.971685739912168,7.1231560157317,3.65,2.636273406708047
"Korea, Rep.",KOR,2017,4.39896168114518,129.53913562367,3.433191763972,1.94433230786366,5.10474089994852,3.653,-2.5643952528538088
"Korea, Rep.",KOR,2018,4.24648147146115,133.504139589217,3.17611568177327,1.47583935002645,6.71877383152575,3.824,-2.726567398638832
"Korea, Rep.",KOR,2019,3.40802631398853,142.652478447088,2.31380210595475,0.383000303608136,7.89698535417928,3.746,5.925862523443816
"Korea, Rep.",KOR,2020,4.38648608581777,154.747902042613,-0.700242317542106,0.537288023411737,9.82376218361547,3.931,1.2792926920133858
"Korea, Rep.",KOR,2021,4.31851487245382,159.926120236306,4.61296795454287,2.49833333333339,12.9335375506965,3.639,-3.0767786070787775
"Korea, Rep.",KOR,2022,1.29147917850335,162.769501736717,2.72756456708991,5.08951365062842,4.00000977288601,2.857,12.893464321773454
"Korea, Rep.",KOR,2023,1.76334472698699,163.515631501207,1.58301467403629,3.5974562502901,3.8932411347225,2.675,1.1007681308297652
"Korea, Rep.",KOR,2024,5.33081628105267,160.347182678236,2.00361101838986,2.32174328643542,6.55140863593743,2.784,4.4201698371516445
Kuwait,KWT,1990,-2.26688110960002,26.730143355171,-26.2288925207873,9.83363531543402,0.694732993169013,0.884,0.0
Kuwait,KWT,1991,-2.26688110960002,26.730143355171,-41.007790668086,9.05818836232758,0.694732993169013,0.884,0.0
Kuwait,KWT,1992,-2.26688110960002,17.7241908912007,82.8093290262528,-0.54547121378821,0.694732993169013,0.878,0.0
Kuwait,KWT,1993,10.4366799041399,17.1624962404742,33.9904675559008,0.382541365165916,5.57893868119171,0.8,2.938358562548478
Kuwait,KWT,1994,13.0515355244685,23.078591724062,8.43616564472201,2.53443526170792,5.41546158055186,0.7,-1.6460071707197215
Kuwait,KWT,1995,18.4498379359756,30.0262512478586,4.85829125202741,2.68672756582484,9.37133874149105,0.694,0.5313450869390528
Kuwait,KWT,1996,22.5684646842298,33.65220434612,0.605127158807079,3.55398569684287,-0.595270380213701,0.7,0.3219466703639469
Kuwait,KWT,1997,26.1440180437648,46.967968979113,2.47332525804084,0.682191434707604,3.88901771951602,0.7,1.3160183605972122
Kuwait,KWT,1998,8.53728953848278,60.7297792955164,3.66205472795443,0.129658287674027,-0.78125,0.7,0.4637581680509869
Kuwait,KWT,1999,16.630878544242,54.6920837104813,-1.78900912450079,2.99081035923166,1.60788724938794,0.7,-0.11188417491895951
Kuwait,KWT,2000,38.8987849354702,45.3894886044441,4.69458187079211,1.81294613887089,6.31935399843709,0.8,0.7676754514673033
Kuwait,KWT,2001,23.8570352760579,56.6305420560748,0.213332576499354,1.29999999999999,12.8052957173657,0.8,-0.022792601722295955
Kuwait,KWT,2002,11.1829070467622,58.3370664365833,3.01428315192251,0.888450148074907,4.7541516950728,1.1,-0.9023737969338431
Kuwait,KWT,2003,19.6850434098774,59.4645690815297,17.3260204175143,0.961350293542112,7.82617579428567,1.3,-1.942235532214569
Kuwait,KWT,2004,26.0905307506551,56.3645435498696,10.2402980586354,1.24856443679889,12.3444045805243,1.7,-1.111205724964905
Kuwait,KWT,2005,37.2166556465422,50.9326670396555,10.6090449840228,4.14297583631023,11.9897677561514,1.455,-0.9161859518154175
Kuwait,KWT,2006,44.6169422787984,49.9541424184326,7.51477300024021,3.05701339166722,21.6588474534929,1.3,-0.6245804794520453
Kuwait,KWT,2007,36.0539760535066,59.5793877338048,5.99157551059315,5.48494983277596,19.0908074443096,1.5,-2.05470543517719
Kuwait,KWT,2008,40.8735629968814,57.2649281419896,2.47975694278544,10.5827097865144,15.7714440139076,1.75,-5.4133835498049105
Kuwait,KWT,2009,27.3403414829886,79.0719269941829,-7.07605643073411,4.60959548447787,13.4192559991528,1.64,7.051729783972453
Kuwait,KWT,2010,32.0485537270105,74.6393830657528,-2.37054804425912,4.49640287769787,2.96607203054577,1.82,-0.4096194357775228
Kuwait,KWT,2011,42.9408981326277,60.8062581893838,9.62863419534361,4.8394034987095,8.24077034386225,2.051,-3.7080958816827705
Kuwait,KWT,2012,45.4600006397631,55.7433682729455,6.62587485078971,3.25514600287211,6.46581258937254,2.227,1.4336651286400957
Kuwait,KWT,2013,39.89983649926,59.751887354111,1.14946552780648,2.68229684085039,9.75954774289345,2.465,1.3052587370780306
Kuwait,KWT,2014,33.1790758712171,67.6407157377814,0.500914669444924,2.90892672858625,3.69083893379848,2.9,0.3447589565584819
Kuwait,KWT,2015,7.49155631840309,98.5107903934076,0.592770817217982,3.27170166092133,1.84090756870143,2.2,5.722685773893248
Kuwait,KWT,2016,0.586532843484052,105.186812834562,2.92607584256388,3.19839776658374,3.43868923114566,2.16,0.4272586094429576
Kuwait,KWT,2017,6.42748123295125,98.699107218372,-4.71222270495362,2.17183298510006,3.79591414381591,2.23,0.4012469126991729
Kuwait,KWT,2018,17.3456575415954,90.6280713315415,2.74333045031415,0.543133148199567,4.05732497438653,2.202,-0.4592931989828697
Kuwait,KWT,2019,21.4792265638837,91.9570581282983,2.26381706595791,1.09184802655856,-1.46790284590183,2.213,0.5479827548220995
Kuwait,KWT,2020,19.8384588490022,91.9570581282983,-4.81731593381585,2.101729548274,-7.34957156629614,3.489,0.8635910138298227
Kuwait,KWT,2021,23.5545486012366,91.9570581282983,1.67213054307859,3.42362947609188,3.79278681727044,2.97,-1.4988617039320538
Kuwait,KWT,2022,34.3743300781264,91.9570581282983,6.75866711966617,3.98064961990313,6.45275483009101,2.133,1.5273160510924502
Kuwait,KWT,2023,31.0620887768465,91.9570581282983,-1.64087799968877,3.64216403030709,1.00812084910375,2.08,0.305370240516284
Kuwait,KWT,2024,29.025293802042,91.9570581282983,-1.47401818168846,2.89855072463762,4.31584033687327,2.151,-0.16104369945361557
Kyrgyz Republic,KGZ,1990,-4.32345348579752,12.5391604883215,5.70279663301396,31.9473377218567,14.800728199212,1.0,0.0
Kyrgyz Republic,KGZ,1991,-4.32345348579752,12.5391604883215,-7.94392523772915,31.9473377218567,14.800728199212,1.0,0.0
Kyrgyz Republic,KGZ,1992,-4.32345348579752,12.5391604883215,-13.8378377984379,31.9473377218567,14.800728199212,1.1,0.0
Kyrgyz Republic,KGZ,1993,-4.32345348579752,12.5391604883215,-15.4593282242512,31.9473377218567,14.800728199212,1.258,0.0
Kyrgyz Republic,KGZ,1994,-4.9931594909811,12.5391604883215,-20.0851588393243,31.9473377218567,14.800728199212,1.41,0.0
Kyrgyz Republic,KGZ,1995,-14.1298148219336,12.5391604883215,-5.4238219222602,31.9473377218567,14.800728199212,1.539,-0.1826284663666937
Kyrgyz Republic,KGZ,1996,-23.2415099703837,8.65931886851316,7.08450239536558,31.9473377218567,14.800728199212,1.647,18.367181929208307
Kyrgyz Republic,KGZ,1997,-7.83516136995408,3.47455003470672,9.91525389550945,23.4354278497005,32.1807085054592,1.739,35.54324992990321
Kyrgyz Republic,KGZ,1998,-22.1096826975893,5.34869841492742,2.12183528473682,10.4573825846721,17.5289606438968,1.861,20.014840419889776
Kyrgyz Republic,KGZ,1999,-14.7114078976096,5.1013806827507,3.655789399748,37.0309258369344,33.6756799318402,2.001,87.19908114671054
Kyrgyz Republic,KGZ,2000,-5.55490834350205,4.16148977090687,5.44333663288322,18.7007342838023,11.7224458356303,2.143,22.29327176149689
Kyrgyz Republic,KGZ,2001,-1.2453482434873,3.8290010624835,5.32162141190466,6.9196798942304,11.312403519224,2.273,1.4131463928475287
Kyrgyz Republic,KGZ,2002,-1.82590999500267,4.1782986673177,-0.0173246130360667,2.13420986310243,33.8784066067525,2.416,-2.9784052827086622
Kyrgyz Republic,KGZ,2003,-2.19733510264456,4.78399072866317,7.03029319731168,2.97461295184355,33.3643759704226,2.548,-7.0065981967344175
Kyrgyz Republic,KGZ,2004,1.32375512838834,7.0766512596091,7.02681242497607,4.11065084723381,32.0700233976348,2.68,-2.2874467453445924
Kyrgyz Republic,KGZ,2005,-1.52182901572015,7.94670492927595,-0.175515404044219,4.3386739184431,9.89951564297463,2.816,-3.8408520544640785
Kyrgyz Republic,KGZ,2006,-10.0953913600934,10.5575505645426,3.10289874199981,5.55212333162542,50.178065370903,2.962,-2.0943243921347148
Kyrgyz Republic,KGZ,2007,-5.98595362572478,6.3510543411204,8.54287477507607,10.2301032660484,35.4005795240882,3.094,-7.0646034127565605
Kyrgyz Republic,KGZ,2008,-13.8763673181829,13.7738524922404,8.40161604861429,24.5201024234102,7.7490346389849,3.207,-1.9875121525545931
Kyrgyz Republic,KGZ,2009,-4.31423765842018,13.7282828488358,2.88629457537731,6.83656248105368,22.2231811290706,3.343,17.30577534358418
Kyrgyz Republic,KGZ,2010,-9.89833859355209,13.6444808173144,-0.471566596791618,7.96772225579684,21.1451258810398,3.503,7.132540883277359
Kyrgyz Republic,KGZ,2011,-7.69730261933363,11.4882726388139,5.95627429693504,16.6363262731495,14.9081758946153,3.644,0.39082519965657264
Kyrgyz Republic,KGZ,2012,-15.5252325924145,13.3711059406232,-0.0881501998439376,2.76844236540957,23.8293793587303,3.786,1.864987139116555
Kyrgyz Republic,KGZ,2013,-13.7754189892496,15.6624944687285,10.9154694528045,6.61375202358082,22.7643015185903,3.881,3.049879272520261
Kyrgyz Republic,KGZ,2014,-17.4244156605429,20.0519633598482,4.02403863083252,7.5342472977589,3.02214259411503,4.02,10.768390416169929
Kyrgyz Republic,KGZ,2015,-15.7592478411185,22.8152642735408,3.87582544512439,6.50331838993384,14.9029746661774,4.138,20.14395611354622
Kyrgyz Republic,KGZ,2016,-11.628233310749,20.6133934551959,4.33585592190116,0.388838296895799,14.5829421335259,4.294,8.457615952802545
Kyrgyz Republic,KGZ,2017,-6.95269622627314,21.4014706830143,4.73993722377884,3.1753098637994,17.908652291789,4.425,-1.4981219499577167
Kyrgyz Republic,KGZ,2018,-11.6275560440076,23.3748120920843,3.75791013557165,1.54266145238436,5.52274835434654,4.559,-0.038258757365648995
Kyrgyz Republic,KGZ,2019,-11.3840798908834,23.30019174134,4.60062565707598,1.13362257718804,12.833498873342,5.45,1.3785944756342583
Kyrgyz Republic,KGZ,2020,4.52522127933728,26.6168221726631,-7.14897757727955,6.32542296338078,23.8805918338776,5.945,10.827961016818504
Kyrgyz Republic,KGZ,2021,-7.97583742281609,24.1631715005894,5.50700762671923,11.9050398185147,19.1167360707711,5.149,9.431255233887812
Kyrgyz Republic,KGZ,2022,-42.3794795657648,20.7968569789079,8.96750520041391,13.9229093174176,30.5917038421641,4.767,-0.6197948267604596
Kyrgyz Republic,KGZ,2023,-44.9281659368624,19.9450057285295,9.0132928339342,10.7532770416742,30.5917038421641,3.498,4.44611384295441
Kyrgyz Republic,KGZ,2024,-22.6410105179248,22.2913984931237,11.5397119406559,4.99760701207323,30.5917038421641,3.491,-0.8033736304432995
Lao PDR,LAO,1990,-6.34271542692465,0.962944843883038,6.70457869081514,35.642982971227,7.84404339154546,2.497,0.0
Lao PDR,LAO,1991,-2.87913104687604,2.9512330138204,4.29656364110154,13.4415584415586,15.7333273190645,2.497,-0.8006593665371249
Lao PDR,LAO,1992,-4.29151462766678,4.66604756620202,5.55985776817542,9.86452966991032,49.0051641820131,2.71,1.9940652818991236
Lao PDR,LAO,1993,-2.68876183212059,6.930809864242,5.91255655432118,6.26722241519029,64.5889461431822,2.732,0.02327475852442772
Lao PDR,LAO,1994,-10.384772031231,8.92282027988151,8.15901853271809,6.7844807862023,31.9313775348039,2.634,0.19778941244902493
Lao PDR,LAO,1995,-13.4218955056777,9.0800505514668,7.03125432419004,19.5939189878584,16.4021610161835,2.6,12.125988142129982
Lao PDR,LAO,1996,-14.1486911060263,9.02190386502356,6.9283237283322,13.0244156963462,26.7315513333954,2.45,14.45658925058651
Lao PDR,LAO,1997,-11.791562783936,12.9736053061966,6.87209127120695,27.5088624491449,65.7623229588983,2.354,36.802337259529125
Lao PDR,LAO,1998,-5.97573225268029,12.6187666809631,3.96760809197698,90.9807345622878,113.283743842365,2.293,161.7768150928412
Lao PDR,LAO,1999,6.16736181031808,8.44134971360577,7.30637607138169,125.27212839928,78.3631971101657,2.154,115.32162708438626
Lao PDR,LAO,2000,-0.489256566266576,8.93172925786583,5.79878232861959,25.0846414281315,46.0406059162035,2.045,11.061891972125277
Lao PDR,LAO,2001,-3.80683721990308,9.5868626526895,5.75141287983195,7.81180794783471,13.7163765077454,1.881,13.5267272480627
Lao PDR,LAO,2002,0.47045153495805,8.51205452492641,5.91874368370564,10.6313446323333,37.5989769940624,1.775,12.303755060257442
Lao PDR,LAO,2003,-1.46818009608596,6.91911765450705,6.06700230344272,15.4893529233525,20.0748002493342,1.639,5.098321124333283
Lao PDR,LAO,2004,-7.53199402235116,6.71332919412939,6.35769548008234,10.4622667314208,21.6363215917242,1.498,0.15457888194643682
Lao PDR,LAO,2005,-6.35287280117623,7.3547831441171,7.10756836811267,7.16541759946639,7.86618427306323,1.35,0.6593216269305586
Lao PDR,LAO,2006,2.17967841617852,5.87385055148659,8.61926620832807,6.54559439052787,26.7210278508149,1.199,-4.707036566667801
Lao PDR,LAO,2007,3.30099767237269,6.54326011608132,7.59682880054878,4.66197269469701,38.7179043218112,1.068,-5.425602259175389
Lao PDR,LAO,2008,1.42375423290882,9.56628324453861,7.82490276337012,7.62880887577516,18.3105983796166,0.944,-8.982315667836865
Lao PDR,LAO,2009,-1.04359478297296,17.2418186461681,7.50177491225853,0.141187674980385,32.4064874026609,0.835,-2.6181406245102634
Lao PDR,LAO,2010,0.410966616116085,20.9192615607493,8.52690551739717,5.98254521550082,39.128963871411,0.708,-3.0217074633205367
Lao PDR,LAO,2011,-2.35798203498442,20.9192615607493,8.03865268023725,7.5689885610998,39.128963871411,0.96,-2.7246914540138842
Lao PDR,LAO,2012,-7.33751463250306,20.9192615607493,8.02609843461283,4.2551267783209,39.128963871411,1.208,-0.282473303442557
Lao PDR,LAO,2013,-7.82702813174138,20.9192615607493,8.02630022699017,6.37142717782947,39.128963871411,1.469,-2.1651191652148025
Lao PDR,LAO,2014,-14.4922715355557,20.9192615607493,7.61196343979319,4.12924306873771,39.128963871411,1.733,2.6705660431966924
Lao PDR,LAO,2015,-15.7184889292205,20.9192615607493,7.27006584373785,1.27735427102992,39.128963871411,2.006,1.0592459957563558
Lao PDR,LAO,2016,-8.70356040600567,20.9192615607493,7.02283625501138,1.59691227583204,39.128963871411,2.634,-0.03991138926109959
Lao PDR,LAO,2017,-7.3797065798585,20.9192615607493,6.8925308726989,0.825478607568026,39.128963871411,3.268,1.482902442292262
Lao PDR,LAO,2018,-9.08923603390856,20.9192615607493,6.24796000755872,2.04039266890201,39.128963871411,2.897,1.8980540119218494
Lao PDR,LAO,2019,-7.04124343564556,20.9192615607493,5.4577350924848,3.32255881256925,39.128963871411,2.531,3.3098827114685134
Lao PDR,LAO,2020,-1.60378619154945,20.9192615607493,0.503031829018681,5.10407262959919,39.128963871411,2.349,4.221240602882564
Lao PDR,LAO,2021,2.29262780940358,20.9192615607493,2.52835100486102,3.75562036658877,39.128963871411,2.08,7.209189156641467
Lao PDR,LAO,2022,-2.96567805589965,20.9192615607493,2.70742652643155,22.9562225132056,39.128963871411,1.209,44.72415514151224
Lao PDR,LAO,2023,2.55329592767602,20.9192615607493,3.74568140158232,31.2301341732646,39.128963871411,1.186,26.031976385300315
Lao PDR,LAO,2024,3.21986797869176,20.9192615607493,4.13019264438475,23.1305695942588,39.128963871411,1.174,14.011394092857207
Lebanon,LBN,1990,-23.7091629307817,79.3774983631573,26.5331600932491,1.19509671165543,55.0509592508534,8.594,0.0
Lebanon,LBN,1991,-23.7091629307817,45.7358572448559,49.4473791849141,1.19509671165543,43.8784100981497,8.594,33.5407807391617
Lebanon,LBN,1992,-23.7091629307817,48.9483582085637,16.4383457045728,1.19509671165543,114.124795731393,8.225,84.52274182065605
Lebanon,LBN,1993,-23.7091629307817,42.9685919135774,10.7656697971889,1.19509671165543,33.14145096495,8.226,1.668183846149732
Lebanon,LBN,1994,-23.7091629307817,48.8163958634207,8.10524197734502,1.19509671165543,25.3396268089868,8.321,-3.519656054930145
Lebanon,LBN,1995,-23.7091629307817,54.9446325522654,6.44886256985258,1.19509671165543,16.4468018996381,8.421,-3.4915142592982167
Lebanon,LBN,1996,-23.7091629307817,60.5485359783992,11.2859357161668,1.19509671165543,26.3585868773679,8.413,-3.0818277881021516
Lebanon,LBN,1997,-23.7091629307817,66.14,1.05496666740667,1.19509671165543,19.555587987713,8.62,-2.0359722187607656
Lebanon,LBN,1998,-23.7091629307817,73.8913151554553,3.66572378505683,1.19509671165543,16.1101222838467,8.571,-1.5147184600558625
Lebanon,LBN,1999,-23.7091629307817,82.2674751172635,-0.525584634783087,1.19509671165543,11.6753203947206,8.787,-0.5693217057887487
Lebanon,LBN,2000,-23.7091629307817,87.9016141429669,1.34187161970405,1.19509671165543,9.83756868361699,8.641,0.0
Lebanon,LBN,2001,-23.7091629307817,86.022851129402,3.83966927702973,1.19509671165543,7.46545126617758,8.499,0.0
Lebanon,LBN,2002,-23.7091629307817,82.5745670545858,3.42314982843781,1.19509671165543,8.06469049563035,8.248,0.0
Lebanon,LBN,2003,-25.5858580911917,78.6428703550784,3.22709826879041,1.19509671165543,13.0440176950847,8.061,0.0
Lebanon,LBN,2004,-20.8205658199381,78.1256871956206,6.67944461641103,1.19509671165543,10.0936296843271,7.85,0.0
Lebanon,LBN,2005,-12.7829830371367,69.6695264463214,2.68577931016345,1.19509671165543,4.49401857391758,8.249,0.0
Lebanon,LBN,2006,-5.06914682104357,71.8110942239205,1.54951500083213,1.19509671165543,7.79653141597133,8.679,0.0
Lebanon,LBN,2007,-6.4637503869807,74.1064201249241,9.31062252641144,1.19509671165543,12.4193283758827,8.98,0.0
Lebanon,LBN,2008,-14.0893224912248,76.2752727111609,9.06912826789082,1.19509671165543,14.7755757558829,7.666,0.0
Lebanon,LBN,2009,-19.0424176351022,72.0446936132977,10.232155577776,1.19509671165543,19.6226761570625,6.355,0.0
Lebanon,LBN,2010,-19.6443379596193,82.528480012555,7.97513555844932,3.98347941855833,12.1049993205142,6.768,0.0
Lebanon,LBN,2011,-13.8340690487529,89.987856569182,0.86733987855277,4.97148571692384,5.47099631786173,7.352,0.0
Lebanon,LBN,2012,-23.4382140171445,89.9553302724696,2.56479133680038,6.58147447683677,6.97016428412871,7.952,0.0
Lebanon,LBN,2013,-25.5114319532074,93.3172929302942,3.8278734986016,4.82101956297399,6.88234482055033,8.477,0.0
Lebanon,LBN,2014,-26.2298655609816,98.2255475847967,2.48406010500743,1.8546042134091,5.90480315852934,8.84,0.0
Lebanon,LBN,2015,-17.1077378092157,100.566123866429,0.462320792597581,-3.74914524799629,5.06488060236029,9.312,0.0
Lebanon,LBN,2016,-20.4780237123596,103.999348177296,1.55454940856943,-0.783359624361508,7.43270119558414,9.794,0.0
Lebanon,LBN,2017,-22.8822040339123,106.567725062094,0.903028464073813,4.32135218303191,4.2062236758971,10.258,0.0
Lebanon,LBN,2018,-24.3470417876755,106.567725062094,-1.88470575631651,6.07698907889607,4.2062236758971,10.755,0.0
Lebanon,LBN,2019,-21.828092491848,106.567725062094,-6.91492472851026,3.00538949390383,4.2062236758971,11.301,0.0
Lebanon,LBN,2020,-8.76184199911137,106.567725062094,-21.3998996914321,84.8643330472041,4.2062236758971,13.252,0.0
Lebanon,LBN,2021,-19.6978128626341,106.567725062094,-7.00123862514116,154.756096023393,4.2062236758971,12.715,0.0
Lebanon,LBN,2022,-34.606227109401,106.567725062094,-0.621678970663112,171.205491336641,4.2062236758971,11.105,0.0
Lebanon,LBN,2023,-28.103669636709,106.567725062094,-0.760584470257314,221.341644023365,4.2062236758971,10.985,820.4394693200663
Lebanon,LBN,2024,-28.103669636709,106.567725062094,-7.07989192861814,45.2430422716718,4.2062236758971,10.985,545.0159902707085
Lesotho,LSO,1990,17.0400317464732,15.5959595226455,6.04547332978933,11.6347569955818,9.73827468122077,15.495,0.0
Lesotho,LSO,1991,-16.9228867531248,16.1635964094563,6.96660729603671,17.6781002638523,10.2376066168205,15.495,6.724877890095596
Lesotho,LSO,1992,-19.6848326440849,15.5944739752032,6.95636495400254,17.2085201793721,10.5847841558036,15.448,3.284636728032465
Lesotho,LSO,1993,-12.434524999111,17.9790516390129,3.50976615760111,13.1356607683724,22.3235074060703,15.568,14.576625232985688
Lesotho,LSO,1994,-2.87970519198184,22.0208378300317,5.97987353536386,8.21473862195302,10.8893220826521,15.62,8.662152216800195
Lesotho,LSO,1995,-15.3062508116221,18.2510530469739,3.29093812272822,9.27083333333323,9.81059317825241,15.797,2.148437041622847
Lesotho,LSO,1996,-22.8460765028951,16.3440092133384,5.59703605867827,9.33031458531928,17.148525500568,15.709,18.534557824442217
Lesotho,LSO,1997,-22.9236378981082,21.3702776812483,3.70360343607432,9.33031458531928,14.7656504671728,15.822,7.178121339683378
Lesotho,LSO,1998,-21.8944421361771,16.2417731234373,1.53765589433743,9.33031458531928,15.534720285863,15.913,19.972442623763136
Lesotho,LSO,1999,-18.2545264654225,14.7490497843462,0.476025052201194,9.33031458531928,-5.14414818056807,16.167,10.513207759912238
Lesotho,LSO,2000,-8.6703357592323,13.7714836972673,3.87554677576694,6.13197538722696,1.37420485706946,16.169,13.59106831305032
Lesotho,LSO,2001,3.45948826928833,12.471608660492,3.56158183392093,-9.61615353858472,17.1562702098889,16.081,24.05466561732931
Lesotho,LSO,2002,8.18759668831339,12.4969555860172,0.723836067167127,33.812578338126,8.80549161418791,16.079,22.43611640557777
Lesotho,LSO,2003,-1.48520681497293,5.34978026544429,4.55977716384528,6.62916357146762,5.98064089726909,16.056,-28.233270318611396
Lesotho,LSO,2004,1.75904831470622,5.25596010229191,1.69237417358596,5.02342068616285,3.38133472593947,16.154,-14.607974994544357
Lesotho,LSO,2005,5.68794455057766,7.23312264139718,3.46612222755311,3.43788423057443,9.13561839205101,16.031,-1.5536988280273356
Lesotho,LSO,2006,11.9989367597937,7.36080443565175,4.23009522805209,6.07271879734293,35.3060998569373,16.054,6.482144209674239
Lesotho,LSO,2007,18.1419183617744,9.9923700762125,4.18791409957151,8.01243669043409,16.3503334184744,15.942,4.04362172663833
Lesotho,LSO,2008,15.7113939585122,10.0237879220093,5.52341966978646,10.7156661309681,19.6522664204801,15.851,17.257563424085617
Lesotho,LSO,2009,-2.94530645950599,12.6072342040108,-1.25375779920832,-16.8596910540644,7.98932977131218,16.115,2.5716630133739242
Lesotho,LSO,2010,-11.0020417569816,13.4113788716402,5.26967078056286,-2.40524254598706,22.3661896538084,16.068,-13.600383677417193
Lesotho,LSO,2011,-11.8566683946226,14.3488582863768,4.61641394528752,5.0366305210156,3.19828591308576,16.115,-0.8207622872844588
Lesotho,LSO,2012,-18.7652520307529,18.5687326980566,6.33408374679448,6.05143662139967,7.34328076539692,15.761,13.06733546469491
Lesotho,LSO,2013,-10.7579867652524,19.9473003777666,1.79252555575545,4.86511899496385,21.1637995594778,15.926,17.601619546524027
Lesotho,LSO,2014,-8.42016664486879,19.3315018437025,1.71054990545476,5.37028961008587,3.95104601103941,16.066,12.403858569773185
Lesotho,LSO,2015,-5.73228396984584,18.2736366996778,3.12406678044546,3.21844513655931,12.5582473479474,16.223,17.5650586190588
Lesotho,LSO,2016,-10.5017567713342,18.2128934613148,3.60890731687714,6.59650490696543,-4.8385947108094,16.138,15.28874184311185
Lesotho,LSO,2017,-9.01074725417763,20.0038403177699,-3.13817493733471,4.447699373763,25.5260736314313,16.379,-9.421115703278371
Lesotho,LSO,2018,-5.62372777156264,20.1314045454092,-1.48063315848241,4.7518030162474,10.694077631779,16.614,-0.6745443740300806
Lesotho,LSO,2019,-7.45753439541607,21.3224677858948,-1.41799383085205,5.18708359197982,-8.99494282387538,16.876,9.177174936386786
Lesotho,LSO,2020,-5.89018411717255,21.9341136983369,-8.15595785459911,4.97809676252309,17.1188280297078,18.385,13.916243808888428
Lesotho,LSO,2021,-8.12794759731639,22.3287794465889,2.26670961833291,6.04774591950676,17.1188280297078,18.214,-10.209711503539802
Lesotho,LSO,2022,-11.417455276866,21.6960639454113,2.38778020186284,8.27180389943028,17.1188280297078,16.623,10.671964351305201
Lesotho,LSO,2023,-7.11569496022506,24.7276903033486,1.69433177608774,6.34221743124953,17.1188280297078,16.348,12.805144629014919
Lesotho,LSO,2024,3.73488863491482,24.30197856093,5.22503380336101,6.10544624245032,17.1188280297078,16.34,-0.6589973922496037
Liberia,LBR,1990,-17.8067908816868,0.666042626156598,-51.0308649467486,14.1596470116325,19.6202424536444,2.735,0.0
Liberia,LBR,1991,-17.8067908816868,0.666042626156598,-14.2252140499536,14.1596470116325,19.6202424536444,2.735,0.0
Liberia,LBR,1992,-17.8067908816868,1.58844893323169,-35.0856779208949,14.1596470116325,19.6202424536444,2.724,0.0
Liberia,LBR,1993,-17.8067908816868,1.94735454747913,-32.9753952616656,14.1596470116325,65.638616943014,2.706,0.0
Liberia,LBR,1994,-17.8067908816868,3.87970754615254,-21.7623463097001,14.1596470116325,11.7209030862089,2.652,0.0
Liberia,LBR,1995,-17.8067908816868,2.84971854098777,-4.26620499022189,14.1596470116325,20.6701393946679,2.588,7.32062522159878
Liberia,LBR,1996,-17.8067908816868,1.01593947680101,12.1212036605122,14.1596470116325,-6.23259970346752,2.397,-6.021135003176884
Liberia,LBR,1997,-17.8067908816868,0.68777945613985,106.279814466616,14.1596470116325,-4.13374882862544,2.195,7.96904190018682
Liberia,LBR,1998,-17.8067908816868,7.86282576081343,30.2081273744464,14.1596470116325,150.987272606763,2.061,-17.92070397468855
Liberia,LBR,1999,-17.8067908816868,4.99954503773918,21.7414468042611,14.1596470116325,10.541362179973,2.006,0.9516352466421806
Liberia,LBR,2000,-17.8067908816868,1.9918355267179,28.6159342546183,14.1596470116325,21.2202399560819,2.018,-2.386492452717618
Liberia,LBR,2001,-17.8067908816868,2.02950329253814,2.92027476569781,14.1596470116325,-5.11230481515389,2.104,18.799361881997427
Liberia,LBR,2002,-17.8067908816868,2.05491749658983,3.76301761700071,14.1596470116325,-17.4427104731167,2.222,27.08734426253236
Liberia,LBR,2003,-17.8067908816868,2.55816937305228,-30.145132727942,10.3302881236823,13.8578253962093,2.42,-3.8464341137576143
Liberia,LBR,2004,-17.8067908816868,3.35211576211892,2.61984689477413,7.82908704883235,57.5849570768514,2.424,-7.532987343974988
Liberia,LBR,2005,-19.34103075285,3.80967005163199,5.28121245309295,10.8343588481414,28.9157167070817,2.413,3.9886472293472273
Liberia,LBR,2006,-15.4436442263208,4.74413233794056,8.04390997190059,7.34144608278558,32.431955680718,2.28,1.6069473837845683
Liberia,LBR,2007,-16.2534531227223,5.25937488093712,9.53527536282282,11.3918966807102,24.7289260738203,2.232,5.61748257105648
Liberia,LBR,2008,-20.5275176083252,6.12664985588776,7.14569112811476,17.489448642993,37.6924107719349,2.221,3.15849125034006
Liberia,LBR,2009,-15.6782479232001,7.9469631760414,5.30054050291531,7.42764305914919,25.6616194622587,2.241,8.035702514205752
Liberia,LBR,2010,-42.7136316998038,9.36698515953382,6.09982524004147,7.28992796890218,28.4239953425014,2.266,4.564092551010482
Liberia,LBR,2011,-52.4853470186805,10.3742636363462,8.20076822497064,8.488167518494,30.1396985768538,2.211,1.1530740861772222
Liberia,LBR,2012,-59.9955509929,10.0467756206278,7.99381444555367,6.83178703418548,2.20217953181111,2.146,1.7834208230183655
Liberia,LBR,2013,-32.8209688370027,11.8207741493068,8.68728781639683,7.577306817414,22.6450071982966,2.08,5.448194705523614
Liberia,LBR,2014,-19.9198359881725,11.4404481833926,0.701393100287518,9.86111285574904,-7.95318685794188,2.079,8.220459236326112
Liberia,LBR,2015,5.3024253714189,12.7449494275786,-0.0185649695590939,7.74869687621322,8.71028974407627,2.557,2.736676784813784
Liberia,LBR,2016,-8.12261279894881,13.0206645953549,-1.5549586174878,8.83424868336488,-8.12962832170041,3.081,9.5591520593325
Liberia,LBR,2017,-16.6798323783013,16.7523537949631,2.45515592012239,12.4196323907138,10.6387058684654,3.067,19.358208904563284
Liberia,LBR,2018,-19.6944373252366,16.9764079051885,1.15757512207355,23.5635148953742,3.03253415810346,3.058,27.8146005571527
Liberia,LBR,2019,-19.6832166735006,14.3078715677321,-2.46729763532686,26.9662760197878,-7.39979860973077,3.071,29.415153501759068
Liberia,LBR,2020,-10.3043027389936,13.418605423168,-2.98249127649473,16.9557241496255,2.40361281526271,4.102,2.7292925303543027
Liberia,LBR,2021,-2.83280554425972,12.8996951357409,4.98671283481617,7.81559385858648,13.3398463906724,3.844,-13.243800844117212
Liberia,LBR,2022,-8.71094478928875,14.787430409394,4.80810517290655,7.59298486560313,33.4090732190279,2.956,-7.956454687769396
Liberia,LBR,2023,-11.5068290648574,14.787430409394,4.68375688761311,10.0944535665552,26.2598597169664,2.905,14.399846311582204
Liberia,LBR,2024,2.50632277204121,14.787430409394,4.02185464964835,8.21497439118964,1.82432792339866,2.914,9.345598603155471
Libya,LBY,1990,7.61514456264139,30.4337202199145,3.72013163404128,8.4514624080388,18.982461582509,18.601,0.0
Libya,LBY,1991,-0.684778203729511,28.4244516200868,15.6551316776498,11.8960953011251,-1.08775151698697,18.601,-0.8647844930830734
Libya,LBY,1992,4.15259932620101,28.7565244733256,-2.71227407954309,9.35975158953134,16.4938016023291,18.828,0.2938915653686958
Libya,LBY,1993,-4.45456173563349,32.2272824689241,-3.76319264327812,11.0735532720389,5.94488188976378,19.006,8.103922163057204
Libya,LBY,1994,0.092304549528502,32.4099528443865,1.93478674200678,5.11259890444314,14.0007020914393,19.328,14.455419299011222
Libya,LBY,1995,6.54681750805331,32.5346441947566,-2.2204069560875,7.23798494499129,9.55713058031832,19.331,20.029590008926874
Libya,LBY,1996,4.43842599053249,23.6847290640394,2.13412320029278,4.02807775377965,1.02667231160034,19.212,4.4613322636808395
Libya,LBY,1997,5.1028328459201,22.0192239734257,5.21267102136972,3.55029585798822,-3.70409172923578,19.151,5.509697530266446
Libya,LBY,1998,-0.767539699344716,24.5628629728457,-3.55224474739784,3.70927318295734,3.80547127159315,19.192,1.455590228524661
Libya,LBY,1999,5.93731567943484,23.9494186743378,0.749659257603952,2.64862252295822,7.40180037498108,19.233,-0.8049346865775896
Libya,LBY,2000,16.3831818181818,20.467299255178,3.6792704082,-2.90000000000024,3.10538128747547,19.275,10.430729073476384
Libya,LBY,2001,9.76779674418605,19.6148255813953,-1.76283887062603,-8.81393752145546,4.31586585481276,19.239,18.13286288941014
Libya,LBY,2002,3.38835921882208,17.2066738428418,-0.958897332849631,-9.79764705882356,6.10615454407984,19.281,110.0073118456537
Libya,LBY,2003,12.9522903033908,12.7840571088638,13.0160372478013,-2.19115191986647,6.50058906244062,19.074,1.7522089420257767
Libya,LBY,2004,13.9362270373209,10.3399986065631,4.46163899648637,-2.19756774055898,13.769693293129,18.938,0.9298171454116859
Libya,LBY,2005,31.5730378883291,7.38438933023316,11.8707565226151,2.65020576131657,29.0059515874821,18.66,0.26197458556814446
Libya,LBY,2006,36.8920600318477,6.00761862776023,6.50052541959279,1.45926876202722,14.0785314855337,18.805,0.3964277772059593
Libya,LBY,2007,41.906588061326,6.15367601264239,6.22998278561838,6.25098782993553,38.0430728572799,18.771,-3.876968423435275
Libya,LBY,2008,41.1733179906877,7.29914417131654,-0.162048238799883,10.3607288954998,49.1921476598143,19.041,-3.0952863516977964
Libya,LBY,2009,15.426446023908,11.1782655695724,-4.4001817631021,2.45990025609954,17.4128786898818,19.29,2.4495763655556
Libya,LBY,2010,22.2877634810811,9.26018623627628,5.0272476723775,2.79989500109265,-0.573334861051129,19.321,1.0574038056194273
Libya,LBY,2011,6.62746278785412,14.1819194729211,-50.3385151384986,15.5184815317562,24.0004281680902,19.504,-3.3657461194956633
Libya,LBY,2012,25.7575733312092,9.33808515595023,86.8267484395784,6.05980392156855,12.5826398452525,19.03,3.0639273927656823
Libya,LBY,2013,0.0127403569483039,13.7369369068516,-17.9979615745681,2.60581802719517,6.29444895989434,19.311,0.7951576319818564
Libya,LBY,2014,-33.1750366593745,19.3187188616,-23.0428058282215,2.43294141599233,-0.33870126393882,19.295,0.055850486678121126
Libya,LBY,2015,-19.1840709119308,21.5199787186929,-0.842656252118843,10.4022933588151,12.5070449184154,19.69,8.55136872518128
Libya,LBY,2016,-9.42697758493981,18.8829258302328,-1.4909411172622,25.853874212446,22.073680607261,19.559,0.663101208951184
Libya,LBY,2017,6.59107791644499,14.7896283143846,32.4918021862688,25.8036184788337,24.7479730501131,19.053,0.24823142074119348
Libya,LBY,2018,14.7041123833162,12.8465423346937,7.9413678529104,13.1702038536722,-0.62871572645486,18.865,-2.0700911116768044
Libya,LBY,2019,6.95550505080755,14.6289531807933,-11.1960828853386,-2.16217883470591,-1.85373740169165,19.087,2.439343869394355
Libya,LBY,2020,-10.2022684905863,21.8337391546377,-29.4552967282824,1.44703656998741,15.1802009417618,19.651,-0.6862953971448758
Libya,LBY,2021,16.1147728474926,11.0391738497626,28.2996823429147,2.86833027751015,-20.2637679595475,19.779,225.0906105658666
Libya,LBY,2022,22.2155432064068,10.7185706773584,-8.29981811198795,4.51030149235695,-20.2637679595475,19.238,6.617675562225534
Libya,LBY,2023,4.23506448409627,12.2180075415622,10.2000497852517,2.3731753143518,-20.2637679595475,18.713,-0.006059756120655529
Libya,LBY,2024,4.23506448409627,13.041851907924,1.89995052025442,2.12615766885021,-20.2637679595475,19.085,0.4015264584983457
"Macao SAR, China",MAC,1990,31.5286028134011,62.6428571428571,7.97943699762126,7.96969384363221,26.3657563507379,3.01,0.0
"Macao SAR, China",MAC,1991,31.5286028134011,65.5942663746765,3.65938964930415,9.5688776593484,36.890189583413,3.01,-0.20872315247807025
"Macao SAR, China",MAC,1992,31.5286028134011,66.0616656882514,13.2989545353826,7.71392168356611,21.0997701253762,2.196,-0.3986423878980581
"Macao SAR, China",MAC,1993,31.5286028134011,79.7436919873286,5.18623877678014,6.70588552770043,6.91163653286313,2.057,-0.06010362910943523
"Macao SAR, China",MAC,1994,31.5286028134011,79.0368040765143,4.25357492985363,6.25206890210272,12.7036933038529,2.48,-0.09120327662418011
"Macao SAR, China",MAC,1995,31.5286028134011,74.2661465569449,3.29612425723712,8.55866604308447,13.4452410908536,3.581,0.09390369270774857
"Macao SAR, China",MAC,1996,31.5286028134011,77.8194633924511,-0.419861406496466,4.82248676783487,7.04042696899225,4.261,-0.017047873147042522
"Macao SAR, China",MAC,1997,31.5286028134011,84.3506840806749,-0.278986192547762,3.49093715138855,5.17969044726581,3.225,0.11161461471517409
"Macao SAR, China",MAC,1998,31.5286028134011,78.9365860854493,-4.57110341884395,0.172630384568516,3.12693696526968,4.607,0.043572074166565194
"Macao SAR, China",MAC,1999,31.5286028134011,80.4818056723492,-2.35859213250518,-3.20416248186587,6.78272477846512,6.34,0.16397688865861473
"Macao SAR, China",MAC,2000,31.5286028134011,71.9693931980797,5.74714593475937,-1.60971883961897,-1.3688780865204,6.874,0.4260590476547944
"Macao SAR, China",MAC,2001,31.5286028134011,63.4037886485702,2.88824010651439,-1.98465008641646,7.81015841544913,6.371,0.09469343002030989
"Macao SAR, China",MAC,2002,31.5286028134011,54.5793752110773,8.90480904902596,-2.63751699816198,8.09321310250065,6.278,-0.0008298583017446458
"Macao SAR, China",MAC,2003,30.617129055985,48.2194022404644,11.6433551416587,-1.56245203671305,12.2582706744352,5.995,-0.15176782031750383
"Macao SAR, China",MAC,2004,32.9551337944107,40.7207561312689,26.6368742306114,0.980728452039451,8.8729704909835,4.904,0.011593176758286274
"Macao SAR, China",MAC,2005,23.653693256275,43.901689678181,8.07794929953978,4.39589284335674,12.1646307768459,4.158,-0.1384475584555277
"Macao SAR, China",MAC,2006,14.892658924156,40.9151570403482,13.3921711919351,5.14997337750692,24.5113664591837,3.822,-0.12031380556725901
"Macao SAR, China",MAC,2007,21.6848309836138,47.3115190206572,14.4817728129028,5.57149689143952,9.8446034536047,3.269,0.4302701703781553
"Macao SAR, China",MAC,2008,15.5618056929659,53.2820474504711,3.39251560752048,8.61101858637,2.290485102274,2.999,-0.19592192893584212
"Macao SAR, China",MAC,2009,27.5527295031962,57.4558050087889,1.29837946885112,1.16906695453767,11.8251379532775,3.58,-0.44670938061444176
"Macao SAR, China",MAC,2010,38.9247784777541,56.8660267414696,25.1031075246958,2.80947242060843,14.5220033646556,2.84,0.2246079276579478
"Macao SAR, China",MAC,2011,40.3854988094331,56.1253216995756,21.6223064381087,5.80624616691043,22.5917234314209,2.56,0.19984046087223006
"Macao SAR, China",MAC,2012,38.8390175409661,57.5709317925641,9.21747479596735,6.10738928336549,25.8310178822169,1.97,-0.35350582268478586
"Macao SAR, China",MAC,2013,39.3290989724554,62.51508476181,10.7816711590297,5.50057779178484,17.7311371013272,1.82,-0.007611727868322239
"Macao SAR, China",MAC,2014,32.7008474687683,77.347359124031,-2.03874227961819,6.04823452094076,10.4350165346757,1.67,-0.026614912712300216
"Macao SAR, China",MAC,2015,22.9503506116244,108.511704087234,-21.7540078753246,4.56056338028173,-3.00382200164796,1.81,-0.02715097419022848
"Macao SAR, China",MAC,2016,26.1339016036355,117.673690461951,-0.701510212552961,2.36895749705898,12.6147668321256,1.939,0.1265357973752883
"Macao SAR, China",MAC,2017,30.3687980221857,113.628459884464,9.91855844513513,1.22812404052809,11.0785130410729,1.981,0.3869481098916797
"Macao SAR, China",MAC,2018,32.4260725744085,113.85829727128,6.35917030567686,3.00446293166953,10.141996585668,1.803,0.5794469333690587
"Macao SAR, China",MAC,2019,32.7637118471264,119.791555781742,-2.4609094006739,2.75193081051975,5.53663493399623,1.73,-0.025234827646436368
"Macao SAR, China",MAC,2020,13.0367103387984,269.837324968806,-54.4020925789353,0.811410511491512,0.703661849387327,2.542,-1.0087196074611542
"Macao SAR, China",MAC,2021,6.72919312514395,232.523915658475,22.4622020023362,0.0264543647055504,-0.69592945327697,2.221,0.20615478394252962
"Macao SAR, China",MAC,2022,11.9781877490401,287.359828906794,-18.956941494497,1.04502802369954,4.38820009428687,2.446,0.7454137363621106
"Macao SAR, China",MAC,2023,29.2837170303891,146.669253120379,75.3084184293413,0.476384495788075,1.09638172541453,2.206,-0.022516473618108334
"Macao SAR, China",MAC,2024,33.733852567417,129.630265117215,7.84960207010525,0.672498598854365,7.83609099304374,2.262,-0.3293817247937263
Madagascar,MDG,1990,-6.7402215427995,12.8914568282164,3.12890505042525,11.7844838321357,4.48110425105195,6.169,0.0
Madagascar,MDG,1991,-7.05909513228602,14.2582237752474,-6.30635159237733,8.59264760490192,31.1071919216903,6.169,22.836669314034456
Madagascar,MDG,1992,-5.3204716566007,13.2640938398225,1.18088494825233,14.5123786075771,22.260055570935,6.275,1.5586406299946531
Madagascar,MDG,1993,-6.35407434246971,13.6516215397369,2.09992318110865,10.008361204014,24.2204423035476,6.317,2.6725710402544816
Madagascar,MDG,1994,-7.86534184287846,12.3895146763265,-0.042101302622072,38.9417908989239,52.5501720502845,6.106,60.27609372190047
Madagascar,MDG,1995,-7.1905412321657,9.46985784394134,1.67859232120303,49.0802100590784,16.2157569256178,6.092,39.06633960035361
Madagascar,MDG,1996,-3.09508028987331,7.8565252901951,2.15420447175147,19.7563545439776,15.953739308184,6.092,-4.791318519062524
Madagascar,MDG,1997,-4.7343894787497,8.28318409822561,3.69349261691789,4.48638261737399,20.8179161394416,5.971,25.352631434233846
Madagascar,MDG,1998,-6.57345320506215,7.56390697960282,3.91707460516817,6.2080160866332,6.19267545053022,5.901,6.885098418529951
Madagascar,MDG,1999,-5.24790671715345,7.20753790204277,4.69922703680521,9.92953399348781,19.1798182026678,5.822,15.4808858874814
Madagascar,MDG,2000,-5.62675808214078,7.35204250409011,4.45685893956946,11.859684500028,17.15346754211,5.8,7.697694989609738
Madagascar,MDG,2001,-2.57548758488006,6.97945716931924,5.98023576982733,7.91694484529586,23.8280964985064,5.35,-2.644804929259615
Madagascar,MDG,2002,-8.91359828774943,6.65848108549773,-12.4079711055149,16.4985255315846,7.9569049970753,5.515,3.6952550993890583
Madagascar,MDG,2003,-5.14632639531453,7.53867241554107,9.78489212474175,-1.70400479616298,8.81394210428174,5.01,-9.372389336533303
Madagascar,MDG,2004,-7.87799247937727,8.60727448499636,5.25700362208742,13.9558018033211,25.2238503099194,3.951,50.917877686115254
Madagascar,MDG,2005,-12.5308217712467,8.4956383039294,4.75584509499119,18.3638246468932,2.2465588742141,2.62,7.1791442669930285
Madagascar,MDG,2006,-9.15517433304637,8.781580280411,5.3985084485368,10.7656371554865,30.9157141743712,2.945,6.953271945652566
Madagascar,MDG,2007,-9.88570197659671,8.77598082046617,5.71056419885052,10.2879663187671,21.3081472791885,3.202,-12.5297479891176
Madagascar,MDG,2008,-15.636461385028,9.70217947833008,6.71263253913001,9.29650839381057,12.2368189414952,3.431,-8.832269288445149
Madagascar,MDG,2009,-18.1718557648058,10.1415792882143,-3.9787086116544,8.95421802392949,10.113180169964,3.885,14.507096185693516
Madagascar,MDG,2010,-8.94853617133511,10.8686616139204,0.619239744622121,9.24732173644116,11.7567798931075,4.28,6.836916871818791
Madagascar,MDG,2011,-6.72775114409969,10.1802537806207,1.57842705366555,9.48254048582992,16.9384526431736,2.516,-3.1021077059259676
Madagascar,MDG,2012,-7.4627101782413,10.1166938504563,3.01114811621208,5.71384434191053,7.57098889581591,0.599,8.38712650829741
Madagascar,MDG,2013,-6.50549854289755,11.0832879408739,2.30037622800727,5.8264294445198,3.64769583749525,0.995,0.544313505140558
Madagascar,MDG,2014,-0.64912376658814,11.6677588601475,3.33920311195367,6.08040811088302,10.7783279189559,1.385,9.42028027823162
Madagascar,MDG,2015,-2.25941841339224,12.3105923900588,3.13229807490305,7.40419174202129,16.527246306641,1.785,21.47979794145406
Madagascar,MDG,2016,0.378142575318559,11.8878140256576,3.99314606199499,6.03575858154679,18.4792345768785,1.949,8.284647790899077
Madagascar,MDG,2017,-0.228589799383037,12.706122619847,3.93330759462793,8.60905075422949,18.0989182312679,2.123,-1.9023586203749492
Madagascar,MDG,2018,0.712560880258364,12.9668768989013,3.19435651744398,8.59422958870476,11.9569357670256,2.303,7.016512732283515
Madagascar,MDG,2019,-2.13564971662682,14.2116915537463,4.41123212909589,5.61051441492365,6.97820163710416,2.479,8.503468371358718
Madagascar,MDG,2020,-4.77842292738284,16.4151092014314,-7.13767162064489,4.20179312190557,11.0483857928981,3.292,4.682618259425559
Madagascar,MDG,2021,-5.02937129931559,17.8524446782585,4.65068343174309,5.81225118787715,10.9393963176884,3.498,1.1147447934979162
Madagascar,MDG,2022,-5.49417886108313,18.6192064556124,4.13753534956307,8.16059031991844,13.7441824282863,3.186,6.948821765696738
Madagascar,MDG,2023,-2.8303389682458,16.9316263532811,4.23086580696344,9.87432675044888,8.2270422160532,3.044,8.140956347091768
Madagascar,MDG,2024,-4.25750009236745,16.4779381826938,4.32283728087992,7.61335784313723,13.9493332398254,3.051,2.1637609842094596
Malawi,MWI,1990,-3.1489362981872,6.92152715329888,5.69229463403222,11.8235380454151,11.0747625590701,4.9,0.0
Malawi,MWI,1991,-7.10041357757525,7.31974307965094,8.73023176233838,12.6153153828849,25.4383603106785,4.9,2.72752146941744
Malawi,MWI,1992,-10.8791557554642,9.37198153332509,-7.33297833747964,23.7513530230399,15.7941117431136,5.064,28.536344651788554
Malawi,MWI,1993,-5.49395887067223,5.7653257514233,9.69184059512781,22.7727102336625,39.8589859417529,4.988,22.188226660904736
Malawi,MWI,1994,-10.5056125795652,7.84039192315968,-10.2401817116217,34.6496361508324,36.5449596830187,5.368,98.42936297421299
Malawi,MWI,1995,-3.83729133204213,4.03006263735794,16.7288173003423,83.3257747543458,56.2258253697596,4.895,74.94314499690319
Malawi,MWI,1996,-4.44111037598452,2.76840191139189,7.3166817822397,37.6020450235016,39.95849689016,4.94,0.16177321325657093
Malawi,MWI,1997,-7.12655435902359,2.51565170739601,3.79241909354917,9.13735243003495,2.07446163429444,4.69,7.418824876865301
Malawi,MWI,1998,-0.171765166275472,4.39459725713747,3.89525350328424,29.7486512828264,67.762266770941,4.921,88.95860286899948
Malawi,MWI,1999,-6.09583135502045,3.26220906306362,3.04227813671855,44.8041642861674,27.9897394337676,5.002,41.88713988331686
Malawi,MWI,2000,-2.89662420047882,3.85060511736743,1.57607762616895,29.5814884631684,45.5321791176164,5.045,35.05628970148252
Malawi,MWI,2001,-2.39994803963789,3.57862302426844,-4.97496361892476,22.7,23.7278562536624,5.221,21.250782162208953
Malawi,MWI,2002,-3.94494805532032,1.88751912737453,1.70000003078317,14.7446346101603,22.6271299783303,5.248,6.21806207062139
Malawi,MWI,2003,-5.33174689192046,2.15559037291252,5.70563940467414,9.57679786919214,27.4750528540346,5.165,27.05278942118631
Malawi,MWI,2004,-7.49180677650099,2.52782872375663,5.42049754993828,11.4298060822124,29.7014720516323,4.964,11.767158058268556
Malawi,MWI,2005,-9.52389293471596,2.7779338413945,3.26872602317066,15.4103446604296,16.2463410265215,4.935,8.744453213308482
Malawi,MWI,2006,-5.26911371178685,3.50616786561297,4.69999976404691,13.9742943548388,16.4175304145881,4.954,14.856020942408366
Malawi,MWI,2007,-6.47983259735383,3.76433782428077,9.59999987683469,7.9522099086403,36.5917041196843,4.876,2.900468706920336
Malawi,MWI,2008,-8.95428978540152,6.26229916413705,7.63973639944591,8.71260186609043,62.6402181751147,4.796,0.4030985596820304
Malawi,MWI,2009,-6.03374203830182,7.47258448999146,8.3281098524038,8.42204427696655,24.6262635044181,4.732,0.46019000628564055
Malawi,MWI,2010,-9.57007930375056,9.50299344202592,6.87406585416142,7.41159092883827,33.1424072258056,4.78,6.6002762659236724
Malawi,MWI,2011,-9.75872117783752,9.57361410198919,4.93266999813729,7.6228226284852,35.6565385847959,4.829,4.007021701932085
Malawi,MWI,2012,-8.48798044395289,10.0146736585562,1.90000000072909,21.2712650013779,22.9391851848612,4.949,59.15748672924519
Malawi,MWI,2013,-15.3915920767632,8.55708608442318,5.41034999817167,27.2833333333334,35.0710152954133,4.978,46.28505860943071
Malawi,MWI,2014,-12.8223513014995,7.83598581016284,5.62527000105139,23.7920649469687,18.0454978269629,4.967,16.59985318566517
Malawi,MWI,2015,-11.5453760878876,9.1724038585019,2.80000000003355,21.8673475542553,28.0164784013677,4.953,17.582902509629893
Malawi,MWI,2016,-12.7134008077219,8.00930921941906,2.49999999914311,21.7111132136499,16.398726935028,5.011,43.71429476904302
Malawi,MWI,2017,-17.4208707671145,7.47835094183135,4.00000000089172,11.5433939188771,17.3328715602903,5.046,1.7085535616047298
Malawi,MWI,2018,-17.2587081882279,6.81764864429292,4.35356471619211,12.420178108921,11.237109365779,5.021,0.28220059407043174
Malawi,MWI,2019,-11.9532181402648,7.22074169557393,5.71682519194337,9.3708360560567,10.1935453487984,4.964,1.8034594279525251
Malawi,MWI,2020,-13.9233232374397,7.85314893803138,0.793596429787286,8.62551469650552,16.7275001409348,5.72,0.534756342156346
Malawi,MWI,2021,-15.4922606345826,8.23959919600957,4.55829212016083,9.33014410835212,30.0415309688778,5.652,7.52102580769314
Malawi,MWI,2022,-18.342633331864,8.6470490751732,0.921115069005936,20.953969729969,38.7993756372287,5.02,17.76143797931122
Malawi,MWI,2023,-15.740915952882,7.74778352972302,1.94575281675984,28.7897428247298,32.2340911811314,5.009,22.344218338336646
Malawi,MWI,2024,-18.7878927787052,7.91033846538175,1.6734340852915,32.1796504225025,45.1257918151589,5.051,0.0
Malaysia,MYS,1990,-1.97596593915066,69.4126686877,9.00852713774628,2.61780104712051,-43.7382575357264,3.7,0.0
Malaysia,MYS,1991,-8.51147688277302,73.7605458689796,9.54546741443052,4.358333333333,16.8771825011186,3.7,1.6707488023169386
Malaysia,MYS,1992,-3.66302477841909,108.529220477562,8.88511797832156,4.76722829992821,71.9121062599959,3.71,-7.3701243606218085
Malaysia,MYS,1993,-4.47111978350001,106.459806961915,9.89494333377064,3.53658536585389,26.3624955122874,4.11,1.0485923463947995
Malaysia,MYS,1994,-6.06906128911756,109.217183990668,9.21204179334867,3.72497055359284,11.5083208186672,3.64,1.9487107766679161
Malaysia,MYS,1995,-9.74414011928346,124.414153627631,9.82908519730812,3.45057509584895,18.5254741222616,3.15,-4.567102811335773
Malaysia,MYS,1996,-4.4241026644928,141.633739142087,10.0027006861844,3.48855945858916,18.4846986454946,2.52,0.46072169528001833
Malaysia,MYS,1997,-5.93493554436093,158.385047580688,7.32274185035924,2.66251459711946,16.0355965133424,2.45,11.81462480428985
Malaysia,MYS,1998,13.2035212438437,158.505378770173,-7.35941518817556,5.27034200348766,0.229557897177802,3.2,39.49902690597554
Malaysia,MYS,1999,15.9240800095756,149.152981074863,6.13761201057692,2.74456130240604,12.0988672196889,3.43,-3.1692944736423025
Malaysia,MYS,2000,9.04991849068886,134.999853925775,8.85886816969386,1.53474023697699,10.0477651051237,3.0,0.0
Malaysia,MYS,2001,7.85355934414699,129.101375578239,0.517675319192861,1.41678473206098,11.6359105759612,3.53,0.0
Malaysia,MYS,2002,7.1294554203537,121.827344934405,5.39098830692797,1.80787246281536,4.48402432914587,3.48,0.0
Malaysia,MYS,2003,12.1423505560345,118.974148880103,5.7884992858875,1.08967632577286,8.6271799396196,3.61,0.0
Malaysia,MYS,2004,12.0877738119347,111.937605148211,6.78343772370305,1.42127115937402,12.6871027279104,3.54,0.0
Malaysia,MYS,2005,13.9199700905602,106.524431907379,5.33213916141486,2.97507092684449,8.79316995043841,3.53,-0.33969298245604596
Malaysia,MYS,2006,16.1037222225662,103.663830374316,5.5848470671515,3.60923564224389,13.6310078113537,3.32,-3.14000079216479
Malaysia,MYS,2007,15.3811208611024,101.580075160148,6.29878592740947,2.02735317779569,7.92253576816132,3.31,-6.2867080484480935
Malaysia,MYS,2008,16.8597967039906,96.7482535065206,4.83176988913097,5.44078221100769,10.535425110552,3.34,-2.9595344156277523
Malaysia,MYS,2009,15.7230105263055,111.606889987937,-1.51352871598714,0.583308405623702,7.73992812591865,3.62,5.655845437115475
Malaysia,MYS,2010,10.0556778509323,107.122752573885,7.42484738326097,1.62285235577035,7.34773605081976,3.32,-8.608759977555938
Malaysia,MYS,2011,10.905001967915,108.425936705379,5.29391283414003,3.1744709215131,14.6279382858505,3.05,-5.00091765499861
Malaysia,MYS,2012,5.18877994987763,114.124529817132,5.47345419253853,1.66357102479206,8.84601972895075,3.04,0.94110548265117
Malaysia,MYS,2013,3.46614353655813,119.899693910412,4.69372252557893,2.10501231233612,7.39740068231736,3.14,2.010737699102148
Malaysia,MYS,2014,4.39159166153878,120.578651022847,6.00672194558203,3.14299050879095,6.30404808616764,2.88,3.87035023055386
Malaysia,MYS,2015,3.00891850128321,123.10362963114,5.09153242155011,2.10438980238359,3.04353513238196,3.1,19.329900014420012
Malaysia,MYS,2016,2.36768591329055,121.979820601963,4.44978139761541,2.09056659525742,2.80113360263019,3.44,6.216883459198197
Malaysia,MYS,2017,2.807870911226,117.167568374282,5.81272240983328,3.87120115774237,4.64463909345224,3.41,3.6675310469629565
Malaysia,MYS,2018,2.23708206947011,120.276311883907,4.84308697634881,0.884709160571235,7.68802391999255,3.3,-6.169384676916007
Malaysia,MYS,2019,3.50388669683419,120.706946299114,4.41318742129586,0.662891865764326,2.6747203213164,3.33,2.660127306507245
Malaysia,MYS,2020,4.18956779359845,133.816995520751,-5.45684658426701,-1.1387021539305,4.59324770584526,4.54,1.472846314259426
Malaysia,MYS,2021,3.87747951420626,127.260894609567,3.31534954399166,2.47710241465447,5.55903409397077,4.64,-1.4317737313666066
Malaysia,MYS,2022,3.1234711057235,113.070470558095,9.03173723044451,3.37869862549928,3.99701491521236,3.93,6.2215841637085445
Malaysia,MYS,2023,1.56447203150546,117.099430029325,3.5370638041057,2.48886560125754,5.83120097060203,3.858,3.625183352590139
Malaysia,MYS,2024,1.69342393177115,116.107410807392,5.10545921024041,1.834100204499,3.27622539832493,3.846,0.3465420574853873
Maldives,MDV,1990,4.58227775785015,23.0814489921507,16.9522974545621,3.64991197717477,18.5930504562284,0.788,0.0
Maldives,MDV,1991,-3.67599589121679,23.0814489921507,1.44269605394094,14.7136770282735,24.757450953681,0.788,7.338190504524356
Maldives,MDV,1992,-6.89375110912518,23.0814489921507,6.67082544437399,16.8559977535548,12.5603741890899,0.789,3.0870017556407943
Maldives,MDV,1993,-16.688220023314,23.0814489921507,5.55676907924001,20.1273593149248,35.9038418094112,0.796,3.6693999842308602
Maldives,MDV,1994,-3.12051376186332,23.0814489921507,7.74948623307952,3.38610098291493,23.9935855440065,0.793,5.738421205942002
Maldives,MDV,1995,-4.55205734073564,23.0814489921507,12.9857843069314,5.48886133171504,15.4068781691862,0.79,1.5903156895323882
Maldives,MDV,1996,-1.65325346284258,23.0814489921507,7.85864699857959,6.24124591476026,26.1336303504073,1.019,0.0
Maldives,MDV,1997,-6.8289803723186,23.0814489921507,8.39794100450224,7.57283467072592,23.3193743939238,1.25,0.0
Maldives,MDV,1998,-4.04791854699075,23.0814489921507,7.4946829140504,-1.40425233816792,22.9983218675593,1.489,0.0
Maldives,MDV,1999,-13.3953146587577,23.0814489921507,6.17565592929535,2.95370836069129,3.52767638381919,1.726,0.0
Maldives,MDV,2000,-8.24543127431548,23.0814489921507,3.84581040832157,-1.17475681175946,4.17197089659598,1.97,0.0
Maldives,MDV,2001,-6.74959538197381,23.0814489921507,-3.94363452271253,0.67257737006247,7.77368944945621,3.038,4.010903426790995
Maldives,MDV,2002,-3.96704001433817,23.0814489921507,7.26838656139654,4.1786723990479,21.5846497246587,4.094,4.557367005888453
Maldives,MDV,2003,-2.97459860769224,23.0814489921507,13.7500496410836,-1.26065113450354,17.1792847688474,5.126,0.0
Maldives,MDV,2004,-9.9708472282721,23.0814489921507,5.92489251113133,-1.68541212459466,31.3678986704677,6.151,0.0
Maldives,MDV,2005,-23.4672692200603,38.8425780859539,-11.1773097061784,1.30027500930997,10.6126605634446,7.313,0.0
Maldives,MDV,2006,-19.1705839350464,42.6367076619964,23.6302719852686,2.73842131602099,18.8719324428492,8.345,0.0
Maldives,MDV,2007,-14.3948746476646,54.630228766986,7.13338024717898,6.79477353930168,24.1010320976589,9.421,0.0
Maldives,MDV,2008,-26.9277527694823,57.7343406855571,8.97645459033633,12.0414583505108,21.8481944739517,10.361,0.0
Maldives,MDV,2009,-9.41593217957294,53.7810073138324,-8.34069861571051,4.53017659132801,14.4092796795532,11.697,0.0
Maldives,MDV,2010,-7.57604640472633,47.6844927907076,6.7854678229144,6.14988536750173,14.6420382448308,10.875,0.0
Maldives,MDV,2011,-13.8208553363039,42.428163613364,8.84342600490342,11.2734146055937,20.0092857301265,10.043,14.078190653878123
Maldives,MDV,2012,-6.3922910977274,35.1187463614201,2.38928797963442,10.884695658563,4.9279228655525,9.134,5.224123227254782
Maldives,MDV,2013,-3.86626742586717,31.2161620904851,6.97496226412528,3.8056300091943,18.3741041687707,8.295,0.012201327810553837
Maldives,MDV,2014,-3.18665825232612,28.954899775636,7.86068643108074,2.12000175718134,14.8683012129305,7.461,0.08904630710303223
Maldives,MDV,2015,-7.30588031911147,29.1014786368811,3.86813536494475,0.953206658777607,12.1147985984118,6.611,-0.09143002013934318
Maldives,MDV,2016,-23.4109557277276,30.3476225372342,6.37528306716864,0.502509413611612,-0.182480036459652,5.771,0.013513053881952529
Maldives,MDV,2017,-21.267761433937,31.1989633144231,7.07442863215275,2.81747338234509,5.15697892600808,5.377,0.12077261713171267
Maldives,MDV,2018,-27.8019976962882,31.0378663786162,8.5689555834747,-0.133373386117595,3.38203822808532,4.962,0.025143091688850344
Maldives,MDV,2019,-25.8168822522057,31.539334008471,6.92305989050099,0.220029731065383,9.5293851137932,4.562,-0.05714664347390764
Maldives,MDV,2020,-35.7483018974442,53.3551626912335,-32.9088287752921,-1.36977425569811,14.1923749544135,5.42,-0.00502140623775658
Maldives,MDV,2021,-8.63308174559145,39.3089828252313,37.507870124321,0.543149688737013,26.1851119380587,5.016,-0.05572436759248262
Maldives,MDV,2022,-16.868196658323,35.2169697593796,13.8260895184139,2.3305404647725,6.03778693061646,4.303,0.09059299107889172
Maldives,MDV,2023,-21.1388087335441,35.8362090976748,4.94286301229583,2.90372427754586,6.98328227162328,4.019,0.001100662677489614
Maldives,MDV,2024,-18.6788603634035,35.7299049882319,3.49440422654285,1.41093527910134,-0.0711460440484925,4.278,0.01561062272366023
Mali,MLI,1990,-6.80777618515457,9.54314314222953,-5.28752137337739,0.606339703737523,-4.89475374460881,1.399,0.0
Mali,MLI,1991,-4.82371658694384,8.56060532035443,12.6572078863462,1.80042722001858,13.0910903157344,1.399,3.614907725811254
Mali,MLI,1992,-6.53514286941461,9.50146340272741,-5.05918121761043,-6.24250599520425,2.96426770735796,1.483,-6.173229904852485
Mali,MLI,1993,-5.19115126305831,9.26455240722076,4.34822770038828,-0.263767884261804,8.37032420538519,1.419,6.978220971356866
Mali,MLI,1994,-6.12345153471987,5.89430870572006,5.5916880903075,23.1767911524285,39.2095441528567,1.512,96.07276379386906
Mali,MLI,1995,-8.41376338872915,7.82683702263408,0.728693728467363,13.4417696811974,7.30578920700333,1.464,-10.096504981497775
Mali,MLI,1996,-6.96743484197166,9.04491718942953,6.36569576896082,6.80545996788233,24.4657644134693,1.421,2.4850332541484295
Mali,MLI,1997,-5.22446619584809,10.0550855530352,4.12133954313308,-0.362999795946695,8.90320552516111,1.411,14.097663858709783
Mali,MLI,1998,-5.3457892384856,11.0944027366893,6.65326037352882,4.03658945954986,4.17649878594701,1.342,1.0763631794837631
Mali,MLI,1999,-6.18523088130451,11.5836224075542,4.70587926200665,-1.20190368637502,1.00663980550464,1.358,4.32604423820055
Mali,MLI,2000,-7.24552346571527,11.3752727251233,-0.736019992224286,-0.677661659046769,12.5000654140766,1.412,15.392157567342018
Mali,MLI,2001,-7.52403238228264,11.3511945889545,15.806031742271,5.18701191944068,20.3815393534528,1.332,3.1243969297011973
Mali,MLI,2002,-3.21727063108565,12.3280236917423,3.03627540738884,5.03282275711194,25.6425848399093,1.36,-5.281893583205087
Mali,MLI,2003,-4.84483163511997,12.5151014115466,9.79712256086644,-1.34672619047621,21.5935473375726,1.272,-16.406750797983076
Mali,MLI,2004,-6.31694830603582,14.302163640912,1.47732490290102,-3.09978128063957,-3.59772975644394,1.413,-9.06356736704301
Mali,MLI,2005,-5.89425017180064,12.4831174133627,2.53837834888921,6.39788293897883,11.754519407503,1.367,-0.01510788850253824
Mali,MLI,2006,-2.66376814254957,13.0338404026459,3.68960265255278,1.54352596927582,9.83481250826343,1.395,-0.9165786826336906
Mali,MLI,2007,-5.9996237076332,13.6593665961313,1.76004607852802,1.41200201714577,-1.25016683398442,1.372,-8.382419301809671
Mali,MLI,2008,-9.31503755773017,10.2485311516035,3.63871070923719,9.17098813667678,-13.0495967482678,1.383,-6.818089863676538
Mali,MLI,2009,-5.40923592964099,13.8659811805124,5.45473562683669,2.46375188572299,42.1301379860938,1.406,5.44694611026645
Mali,MLI,2010,-9.37082497916749,15.1441549131727,5.57678859793515,1.10892690670186,16.331685400489,1.375,5.209692006210174
Mali,MLI,2011,-4.25352174180244,15.483210171708,2.93537897118415,2.95564395229392,12.9186274084265,1.403,-4.758672099031072
Mali,MLI,2012,-1.84284683487062,16.4474522498028,-1.07239924147837,5.32312847064058,15.4859404605927,1.462,8.34118352607313
Mali,MLI,2013,-2.38005150095352,17.5824705336812,3.29068742053545,-0.606736356351563,8.19728454213352,1.517,-3.2624635808936286
Mali,MLI,2014,-3.96176216529395,18.5594792554442,6.50263878386326,0.883814547137841,5.79240603376782,1.476,-0.028810302752448124
Mali,MLI,2015,-4.47729474332982,21.0168582324221,6.23887890181064,1.45069057605961,10.3929516451567,1.404,19.737300534233693
Mali,MLI,2016,-6.06695219310337,22.1370457826586,6.00506308559498,-1.79964707083386,10.7445147717845,1.367,0.23577291944129516
Mali,MLI,2017,-6.62494382399692,21.7776424964418,5.37554769647939,1.75985742927165,4.32651865724179,1.498,-2.0163267393092883
Mali,MLI,2018,-4.10572622720131,21.4473604453662,4.86784999935264,0.299546507387843,12.5069146912225,1.62,-4.3416857218186
Mali,MLI,2019,-6.29353963446871,20.6750806962891,4.99999911699705,-1.65826694846365,4.36573761212251,3.29,5.484696917502256
Mali,MLI,2020,-1.83434524248166,21.9275348579908,-1.16910834857605,0.438088940320669,12.2607920919744,3.528,-1.7622144723614281
Mali,MLI,2021,-6.38508311257971,23.7454169625775,3.10094124463507,3.92560283104277,36.4125142854465,4.006,-3.6580683534393796
Mali,MLI,2022,-6.54582121437752,24.7511049833223,3.70319027585386,9.62147608489064,10.720510250541,2.387,12.48425542445334
Mali,MLI,2023,-6.49904215184635,23.2297872891936,4.76394100040932,2.05880228274223,-1.12911768488397,2.947,-2.755861066393697
Mali,MLI,2024,-4.32974251221221,22.3956105371061,5.01653579205785,3.2063986409966,1.80254671500145,2.924,-0.037003585621040364
Mauritius,MUS,1990,-4.43571320618406,32.6203792918349,7.18673677096,13.4880887926371,21.0370024194451,9.493,0.0
Mauritius,MUS,1991,-0.573710994688892,33.780545402826,4.43544626177224,7.00101377541879,21.7308241464327,9.493,5.30725223366419
Mauritius,MUS,1992,-0.0039327073973784,37.2207166889427,6.51269858283476,4.64351929883709,15.7944644703846,9.428,-0.5692451113440693
Mauritius,MUS,1993,-2.78237744784667,41.4639344620175,5.08206295574259,10.5178384472896,16.9713553629871,9.5,13.395802600685089
Mauritius,MUS,1994,-6.43547581135828,44.7793615455663,4.1361428614553,7.32347154412294,12.2462470666868,9.513,1.769839212414423
Mauritius,MUS,1995,-0.533764277492421,46.3909975745696,4.28773657145267,6.02933188484532,18.5818071972339,9.59,-3.1962042348801267
Mauritius,MUS,1996,0.758385031201646,42.8271208453019,5.5878439266625,6.55097336065573,7.54453837878652,9.503,3.2309891207549164
Mauritius,MUS,1997,-2.09597267957948,48.4460648545389,5.68747741886639,6.83334334996102,16.3997477931904,9.381,17.32326787286241
Mauritius,MUS,1998,0.0779181257579553,55.6593829923809,6.07194017756207,6.81079323797193,11.2112166334581,9.253,13.940046800964693
Mauritius,MUS,1999,-2.82125117014598,55.6873318982316,2.61093234412995,6.90914624866773,15.1344854640907,9.278,4.973016041718181
Mauritius,MUS,2000,-0.781626205334806,55.7510629779706,8.20279174865273,4.19928825622807,9.23699095475319,9.125,4.223608732033962
Mauritius,MUS,2001,5.90451835820638,56.0974091737554,3.3475407273143,5.38934426229508,11.1414186876563,9.14,10.970470296801832
Mauritius,MUS,2002,5.08279804408041,56.9289992866373,1.61491865862438,6.41933372221149,12.6385103509588,8.205,2.8587808763870006
Mauritius,MUS,2003,1.58063931123062,69.7058771432375,5.9254454894774,3.92105357558188,25.050382478463,8.318,-6.87712769508043
Mauritius,MUS,2004,-1.67663771284404,69.9657945285893,4.33001985464323,4.71037060105883,18.8526872973132,8.337,-1.4442187494865495
Mauritius,MUS,2005,-4.92618819781318,71.9303142550398,1.77754302034465,4.93717004981795,6.56960896608828,9.524,7.264816102201631
Mauritius,MUS,2006,-8.46784533621496,67.6399087092862,4.86554460775534,8.91350105650142,9.54466381793479,9.04,7.498697573814739
Mauritius,MUS,2007,-5.24235909190976,70.6431233275209,5.76380219453068,8.82729272393294,15.3224794470355,8.475,-1.243880369033425
Mauritius,MUS,2008,-9.63456717189681,80.6884454073722,5.4630565042284,9.73228317146887,14.6228864964711,7.17,-9.136009947736461
Mauritius,MUS,2009,-7.06970588594895,78.9046235737407,3.36352090607312,2.51609128145113,2.37424150558442,7.257,12.325528165688219
Mauritius,MUS,2010,-9.91425993466699,84.1683992828525,4.39672657214976,2.93236301369857,6.90990143436713,7.654,-3.6777451673665036
Mauritius,MUS,2011,-13.3613354439672,88.0871510697159,4.14555262561014,6.52249254869341,6.43013466928476,7.447,-6.751633944465378
Mauritius,MUS,2012,-6.99365644865861,97.4805970130776,3.51062090167264,3.85216033315983,8.16198202530313,7.472,4.682031657780699
Mauritius,MUS,2013,-6.03377414727121,103.699492267184,3.39755085220649,3.54329573934839,5.78430196041544,7.322,2.167678139241503
Mauritius,MUS,2014,-5.21545878552884,95.5827424187746,3.85773905280689,3.21769191994684,8.73825114234485,7.467,-0.25973335056000385
Mauritius,MUS,2015,-3.4285246337473,98.7466842871377,3.71766362108832,1.28654970760232,10.1726501326301,7.41,14.483504844344584
Mauritius,MUS,2016,-3.8514172228531,92.3062681730232,3.88576121076034,0.977675134718965,9.08457920471175,6.814,1.3839960216828833
Mauritius,MUS,2017,-4.40548405285013,97.6771763770364,3.95441730960265,3.66699702675925,9.27061617481887,6.752,-2.983733276186372
Mauritius,MUS,2018,-3.71313154895019,74.1953036771568,4.11669369456492,3.2160538314457,6.28440588475142,6.426,-1.5862412812314108
Mauritius,MUS,2019,-4.90600168637665,76.9690468712456,2.86394938684734,0.405655190309553,8.48462028173344,6.331,4.535410671652845
Mauritius,MUS,2020,-8.66939843609858,90.5603073567218,-14.1974358137792,2.5808007718283,16.8810646905944,8.626,10.919178673667624
Mauritius,MUS,2021,-12.8775923599067,85.4118917320828,3.33809084057279,4.02852888157376,8.84810654987261,7.719,5.960312027705694
Mauritius,MUS,2022,-11.1067938800962,72.3686561202455,8.3424438025047,10.7737512242899,5.25662705352603,6.322,5.97388875919046
Mauritius,MUS,2023,-4.95170152620904,69.8939504735845,4.69918189687444,7.05298238454736,7.26565641246502,5.571,2.4544633061187393
Mauritius,MUS,2024,-7.029117202833,69.8649496913996,4.94844235250574,3.6045220384796,12.6631359672791,5.548,2.5348361866670626
Mexico,MEX,1990,-2.85201728941809,20.3129090763085,5.25004329944582,26.6516725646771,83.7854952672977,3.145,0.0
Mexico,MEX,1991,-4.75442816258017,20.3129090763085,3.97590497138043,22.662359455061,49.2084217398401,3.145,7.318171596319887
Mexico,MEX,1992,-6.73040694268406,20.3129090763085,3.56861354412243,15.5078962533573,23.5725224239772,3.235,2.533381040253709
Mexico,MEX,1993,-4.41375552546445,20.3129090763085,2.86699945461075,9.75146045357553,16.8996029755523,3.365,0.6694350218291525
Mexico,MEX,1994,-5.35786349392844,20.3129090763085,4.39412788764169,6.96581237191123,20.1081987626414,4.436,8.329009238406515
Mexico,MEX,1995,-0.414680790187327,20.3129090763085,-5.91029962358286,34.9992712889592,31.8557435232858,7.095,90.19861041840511
Mexico,MEX,1996,-0.580284830782933,20.3129090763085,6.21829715869302,34.3783832235168,27.0111848582944,5.465,18.382073420386863
Mexico,MEX,1997,-1.46431251799993,20.3129090763085,7.19887615284711,20.6256287259247,56.8495331731946,4.235,4.1978254978834
Mexico,MEX,1998,-2.8688383681894,17.9317776437342,6.18507893082885,15.9283950119353,17.4488953641526,3.733,15.376496818825894
Mexico,MEX,1999,-2.21778204046026,15.5385350011939,2.75503039300564,16.5856169707538,18.7479247860382,2.598,4.644853445421264
Mexico,MEX,2000,-2.52707170138346,14.3477809518427,5.02928399378261,9.49156149435403,-4.48743089482922,2.646,-1.0965984067782737
Mexico,MEX,2001,-2.23003398954777,12.240977233378,-0.450845253215945,6.36773806235037,18.8441357070664,2.627,-1.1973556999541997
Mexico,MEX,2002,-1.52936520808688,14.1782625366026,-0.236588001922641,5.03072733151295,5.07161043787901,3.003,3.3569385262973253
Mexico,MEX,2003,-0.526761129534337,14.6412754593329,1.18554486709559,4.54690012118718,9.34288539528672,3.455,11.73431775717103
Mexico,MEX,2004,-0.464775659455355,14.1054932641584,3.56544102622887,4.68840884843143,13.0461064261901,3.937,4.60604891254016
Mexico,MEX,2005,-0.62353440164571,15.3135908147147,2.11324711473297,3.98805714597437,9.96849552544639,3.558,-3.4385623443863866
Mexico,MEX,2006,-0.316555541136009,18.3518916727969,4.80501351664901,3.62946762439132,6.69259611037929,3.566,0.012387717196066843
Mexico,MEX,2007,-0.844640815368309,20.4394698066311,2.0778639395329,3.96684905458235,10.1477843745367,3.628,0.26561480959302164
Mexico,MEX,2008,-1.40680860932702,19.7553753175775,0.943331872912935,5.12498274575896,8.8989406727473,3.874,1.844083688746914
Mexico,MEX,2009,-0.750921220817888,21.6119225665134,-6.29525056697287,5.29735584228856,11.5244357450916,5.356,21.417960624933173
Mexico,MEX,2010,-0.339592498675246,22.3237750273616,4.9713345832195,4.15672722680174,12.7638038623407,5.303,-6.493271839158313
Mexico,MEX,2011,-0.857892612318961,23.5848328387345,3.44404505297089,3.40737824605742,9.97857565555475,5.175,-1.683152841647392
Mexico,MEX,2012,-1.40984864759126,24.9270563825252,3.55321076010608,4.11150981070289,10.0839506428319,4.892,6.005906899588469
Mexico,MEX,2013,-2.39396960169622,27.8590593255176,0.852101550164704,3.80639069747204,8.27958230523868,4.921,-3.018094264823091
Mexico,MEX,2014,-1.82131927652883,28.1836821060935,2.50376350783593,4.01861608078679,12.1926385335167,4.819,4.0749974390574595
Mexico,MEX,2015,-2.59917628224106,30.8304978690131,2.70232343024026,2.72064064964023,12.188904831945,4.311,19.227581571995373
Mexico,MEX,2016,-2.27311198277187,32.9508423866166,1.7724932254128,2.8217078474766,12.3347318971308,3.853,17.767190102807852
Mexico,MEX,2017,-1.79746290782777,34.3431256738601,1.87172854648381,6.04145724018986,11.2247047973686,3.419,1.4062232803069314
Mexico,MEX,2018,-2.06414074440499,33.6152178109833,1.97208211101069,4.89935015356551,4.528957051035,3.275,1.6792577609368087
Mexico,MEX,2019,-0.296844402020911,35.5851864842603,-0.392690513290532,3.63596142127046,4.7000535891428,3.477,0.10024591644002749
Mexico,MEX,2020,2.39710320563074,36.9325897654775,-8.35403459379062,3.39683415570006,13.4400145872099,4.44,11.534558208991404
Mexico,MEX,2021,-0.340708629738092,35.0570605465604,6.04848347173572,5.68920847683753,9.50769005668138,4.019,-5.646570398092067
Mexico,MEX,2022,-1.27426718190487,34.2487696122269,3.70975708309098,7.8962761916855,7.32427833539717,3.256,-0.7155456369472607
Mexico,MEX,2023,-0.699077082003633,33.2256099210698,3.1067964131456,5.52796087314389,11.0177388297609,2.765,-11.768232446563008
Mexico,MEX,2024,-0.912091864173097,35.0748199517549,1.35057631384696,4.72225588452932,13.8172872591046,2.678,3.0753442206311754
Moldova,MDA,1990,-4.81849923728046,29.497046030424,-16.0000002715149,1026.82626424702,357.959405596262,1.9,0.0
Moldova,MDA,1991,-4.81849923728046,29.497046030424,-16.0000002715149,1026.82626424702,357.959405596262,1.9,0.0
Moldova,MDA,1992,-4.81849923728046,29.497046030424,-29.0999999176414,1026.82626424702,357.959405596262,3.7,0.0
Moldova,MDA,1993,-4.81849923728046,29.497046030424,-1.1999999330268,1613.60398876194,318.784314187738,3.7,0.0
Moldova,MDA,1994,-4.81849923728046,29.497046030424,-30.9000002261447,486.425623795891,115.66760278499,5.8,0.0
Moldova,MDA,1995,-4.82658473389648,29.497046030424,-1.39999905491376,29.8656104095718,65.3222302073551,5.3,0.0
Moldova,MDA,1996,-11.3165884413615,29.497046030424,-5.87706028626823,23.5056772963368,14.8461254667665,7.9,2.4174414638849524
Moldova,MDA,1997,-14.2424061971689,29.497046030424,1.64706456037401,11.7728324494467,34.457790919836,7.9,0.41481309882737694
Moldova,MDA,1998,-19.703688169616,29.497046030424,-6.54219207711182,7.69576517517204,-8.26475975746088,10.0,16.15882342339104
Moldova,MDA,1999,-5.79782952702232,29.497046030424,-3.36825447657218,39.2559806891747,42.86331282052,11.14,95.7995854047573
Moldova,MDA,2000,-7.62090655684757,29.497046030424,2.10771608200733,31.2993015817784,41.7238136040126,8.539,18.243089570702573
Moldova,MDA,2001,-1.80863629279978,29.497046030424,6.10000039929173,9.76466285757623,34.1134712181679,7.366,3.4656385002137844
Moldova,MDA,2002,-1.19146609275515,29.497046030424,7.79999965773833,5.30124390261601,36.5035627408429,6.845,5.482689982037754
Moldova,MDA,2003,-6.56921155001991,29.497046030424,6.59999995777716,11.7460792058232,30.3658582084063,6.378,2.758821725830608
Moldova,MDA,2004,-1.7754260708042,29.497046030424,7.39999973358189,12.5242768428228,38.1210711033793,6.374,-11.58250397696601
Moldova,MDA,2005,-7.55636173709232,29.497046030424,7.5000001493726,11.9591837222127,34.4332453114828,5.633,2.1890878811756878
Moldova,MDA,2006,-11.3377651882737,29.497046030424,4.79999983670831,12.777755783035,23.5757062842086,4.26,4.217850398986481
Moldova,MDA,2007,-15.2482071673217,29.497046030424,3.00000022585525,12.3671668414302,39.810291150945,2.749,-7.547855892918015
Moldova,MDA,2008,-16.1122760959283,29.497046030424,7.80000014541523,12.7830472618821,15.8590444381919,2.097,-14.397934209693783
Moldova,MDA,2009,-8.91986143699657,29.497046030424,-6.00000026352828,-0.0627185967109007,3.16814404383974,3.024,6.904626010569917
Moldova,MDA,2010,-6.90279523078091,29.497046030424,7.10000010705836,7.48385086350853,13.6219814844165,2.972,11.338736884079728
Moldova,MDA,2011,-10.1250094571942,29.9278323999166,5.81816614684824,7.68725103356181,10.602366267301,2.677,-5.098513781489517
Moldova,MDA,2012,-7.39016827021289,33.702487805818,-0.589733954762579,4.54633427355302,20.8211022950932,2.189,3.176051085887619
Moldova,MDA,2013,-5.16294162285186,35.7350883426668,9.0438656074181,4.59787897363136,26.510818978624,1.894,3.9245501814279957
Moldova,MDA,2014,-6.04440067766107,31.4038447347649,4.99962585407656,5.08878554625869,5.0818105016425,1.45,11.511097790751268
Moldova,MDA,2015,-5.93562136370789,28.9371352908719,-0.338235622387202,9.67624033101859,-2.98244720819953,1.781,34.07645455425974
Moldova,MDA,2016,-3.61387040187984,25.8421130047347,4.64601436259409,6.35930898037931,10.223122508128,1.591,5.873761872408643
Moldova,MDA,2017,-5.8373598499054,23.1336799067392,4.17561205106279,6.57022997455604,9.22362903177088,1.622,-7.1511995948544005
Moldova,MDA,2018,-10.7699247852566,23.6435926979314,4.07559546585034,3.04505397337058,7.96580857424508,1.239,-9.173360531163564
Moldova,MDA,2019,-9.42148010949479,25.3242252682604,3.5523140853476,4.83778351428729,8.1216221813852,1.502,4.591208007717027
Moldova,MDA,2020,-7.6900486921726,28.6748195514405,-8.27597831976949,3.76597122245358,19.6554901860289,1.206,-1.431895200749257
Moldova,MDA,2021,-12.4095546577967,28.5309349890981,13.9299997889786,5.10641129002836,11.2814947779343,0.794,2.0703980168329665
Moldova,MDA,2022,-17.0894479797469,27.5106411671297,-4.64785101037361,28.7372976766236,5.27126725973233,0.909,6.881738683935221
Moldova,MDA,2023,-11.0612264538806,25.5773164144673,1.18802067937429,13.41701043813,18.3157125906104,1.57,-3.8802164520284275
Moldova,MDA,2024,-16.5470767102724,29.3332103367705,0.270670455512573,4.67773516007048,13.7338877091306,1.427,-2.048179618187853
Mongolia,MNG,1990,-24.1738310890104,14.839121546379,-3.18446017825207,268.150488882784,31.6475931873256,5.665,0.0
Mongolia,MNG,1991,-3.97012494419359,14.839121546379,-8.69354473126558,268.150488882784,31.6475931873256,5.665,0.0
Mongolia,MNG,1992,-3.6611692201263,13.0786091027462,-9.25646570382904,268.150488882784,31.6475931873256,5.857,347.2644060744741
Mongolia,MNG,1993,5.00389357478453,6.44956843723537,-3.16879155027824,268.150488882784,227.622344459125,5.859,723.2851883720929
Mongolia,MNG,1994,4.99450705638277,10.669865305245,2.13438269473237,87.580009329808,79.9576646131915,5.709,39.90057320864376
Mongolia,MNG,1995,2.67875894679157,7.95742466883126,6.3764268864666,0.0435161009571923,32.6017012362941,5.5,8.696233153234791
Mongolia,MNG,1996,-2.74202764825275,8.84510855083812,2.23509384338665,46.8899521531102,17.1981494384324,5.53,22.244291084386653
Mongolia,MNG,1997,5.7564595755319,5.16268054614264,3.89671358377919,36.5561148948773,42.2017734929282,5.608,44.05319077807705
Mongolia,MNG,1998,-6.72334550775523,9.1228071073543,3.33993659935817,9.35704217716548,-1.65577380479874,5.752,6.434976703365296
Mongolia,MNG,1999,-5.46521084754003,7.4395112798435,3.07036901086266,7.56494150307377,31.6397169260793,5.844,21.531049738650616
Mongolia,MNG,2000,-6.14547875845517,6.93284291362497,1.14606213709108,11.5955387593327,17.5558178817979,5.992,5.362648940950757
Mongolia,MNG,2001,-4.86593852642615,9.14314262683965,2.95271054338117,6.27736020484006,27.9134378952086,6.111,1.9533281733743035
Mongolia,MNG,2002,-7.52987540545578,14.410405057705,4.73297846590111,0.91707468718427,42.056613233757,6.2,1.1489959665572669
Mongolia,MNG,2003,-6.1849966690847,22.3056286186371,7.00463457384886,5.12899499422419,49.5501493538753,6.768,3.263277823310614
Mongolia,MNG,2004,3.16276343681136,25.5529272222261,10.6254059599309,8.24115449417619,20.4313102018819,6.851,3.3801625321346465
Mongolia,MNG,2005,3.46785355038079,27.550665048247,7.25366543796015,12.7165674066053,34.6063022128447,7.015,1.6830514420784808
Mongolia,MNG,2006,10.900689191107,30.1190332267899,8.55623481664365,5.09516661663157,34.7698299968175,7.193,-2.1196905750966653
Mongolia,MNG,2007,4.05637184446514,41.5764911231768,10.2480163590057,9.63096309630964,56.2712932488062,7.2,-0.7881952955526066
Mongolia,MNG,2008,-12.2837567825614,39.9020112482358,8.90036794067551,27.9556650246306,-5.57353319896405,5.565,-0.39274294205418214
Mongolia,MNG,2009,-7.45624740801023,40.2997280197734,-1.26859893608282,7.6195059351941,26.9917237454011,5.86,23.33074808876528
Mongolia,MNG,2010,-12.3162160595433,34.191265820963,6.3651616786311,10.0462065881651,62.4864684143913,6.549,-5.614905694715179
Mongolia,MNG,2011,-43.3455193285101,43.4934673304814,17.2907775869555,8.41121495327101,37.0296037333567,4.769,-6.746057819668791
Mongolia,MNG,2012,-43.7712346792978,43.7217609870053,12.3198198494032,14.3303348325838,18.7281432331187,3.905,7.274833253107214
Mongolia,MNG,2013,-37.6076656283991,59.8748579259903,11.6489161878925,10.4906567588241,24.1816153873431,4.231,12.253237378276056
Mongolia,MNG,2014,-15.8208781709903,59.2943187125602,7.88522548204762,12.2539808129759,12.502220743688,4.798,19.2929918472716
Mongolia,MNG,2015,-8.16234225533353,54.4604207032131,2.37983580731722,5.73568281938327,-5.50420035802192,4.861,8.38149590164302
Mongolia,MNG,2016,-6.25748206242188,56.9431593815466,1.48978448679577,0.733272227314397,20.9924866689379,7.235,8.627158634300095
Mongolia,MNG,2017,-10.0640976839598,52.8177229331459,5.63687638694772,4.30143105302342,30.4532589758616,6.359,13.992786778662897
Mongolia,MNG,2018,-14.4368935873351,55.4068400252493,7.74488062024881,6.82424790145522,22.7820048665252,5.377,1.3405670819039184
Mongolia,MNG,2019,-15.2163324376399,48.9010221466082,5.60224422064255,7.30106953550729,6.97800023574914,9.024,7.727343962886497
Mongolia,MNG,2020,-5.06732429872457,45.785164527552,-4.55775197583431,3.7237230614026,17.5058478385064,6.413,5.622155421570218
Mongolia,MNG,2021,-13.7928750935516,47.4863808095992,1.63676957736662,7.35894657888155,13.8179148023337,7.871,1.2795972445844188
Mongolia,MNG,2022,-13.4342448059604,40.9774857798216,5.0327096366527,15.1509728200805,6.46484823716741,5.954,10.22673756598679
Mongolia,MNG,2023,0.596631968292986,38.6134823960349,7.4221127615025,10.347583131434,26.8306918731148,5.178,10.349951973945014
Mongolia,MNG,2024,-10.4453984769033,44.9058835509055,5.12204539122661,6.1977990165842,15.0229037264587,5.158,-2.1858273197730225
Morocco,MAR,1990,-0.648031086262141,83.2922890768629,3.41181222630115,6.78259401511006,21.478455938373,13.502,0.0
Morocco,MAR,1991,-1.27998993380056,83.2922890768629,7.21608815359085,7.98616600790512,16.8028431560426,13.502,5.631995761722339
Morocco,MAR,1992,-1.2834370400402,83.2922890768629,-2.097738754022,5.7402466286874,9.25856874384751,13.781,-1.9373345354933968
Morocco,MAR,1993,-1.6469906370207,83.2922890768629,-0.740591700332374,5.18311396030801,7.94364774379381,14.026,8.911282569335704
Morocco,MAR,1994,-2.03049106287262,83.2922890768629,10.5880004161286,5.14167152953361,10.1786335325176,13.858,-1.0323386283634255
Morocco,MAR,1995,-3.03845005048267,83.2922890768629,-5.40544787197402,6.12358164775523,7.04422584681076,14.054,-7.198736097626194
Morocco,MAR,1996,0.0810758584150156,83.2922890768629,12.3728762700496,2.98680922773017,6.57530721224989,13.362,2.0566176792735784
Morocco,MAR,1997,-0.222808698229,83.2922890768629,-1.56070234550782,1.03819895051614,16.1907636583157,14.025,9.307507918261502
Morocco,MAR,1998,-0.309237465352601,83.2922890768629,7.23855267691987,2.75311330764477,6.03773748289777,13.359,0.811465320705907
Morocco,MAR,1999,-0.360657901889276,83.2922890768629,1.6970614772566,0.684782608695643,10.2392814906761,13.94,2.0824101830243724
Morocco,MAR,2000,-1.10387975127873,83.2922890768629,2.58218091499747,1.89463456763464,8.444172915778,13.58,8.37598827671533
Morocco,MAR,2001,3.67558331729075,83.2922890768629,7.72182519577728,0.619801875297975,18.1143578024195,12.46,6.37457205111309
Morocco,MAR,2002,3.13718804047296,83.2922890768629,3.73019737485745,2.79561966936936,10.3158838988731,11.59,-2.4983835376677312
Morocco,MAR,2003,2.72583245907781,83.2922890768629,6.17110214953244,1.16773367477592,7.8660246152784,11.92,-13.122717339523543
Morocco,MAR,2004,1.46649924876604,83.2922890768629,4.57138016516208,1.49344403381774,8.35398058092525,10.83,-7.377672713473219
Morocco,MAR,2005,1.51129572542934,83.2922890768629,3.19224973015831,0.982641660015951,14.0583836299319,11.01,-0.03392340639861416
Morocco,MAR,2006,1.85973036169923,83.2922890768629,7.7908200104027,3.28476166954811,18.0886095524192,9.67,-0.7831351916383937
Morocco,MAR,2007,-0.140355839695735,83.2922890768629,3.44106776690418,2.04208512673344,17.5471331446552,9.56,-6.858555904004844
Morocco,MAR,2008,-4.4474051229375,83.2922890768629,5.68453936284732,3.71484311494064,13.3114783065378,9.57,-5.395389998779311
Morocco,MAR,2009,-4.91456971921294,83.2922890768629,3.74576940136258,0.971862998667636,7.00697400046565,8.96,3.9582211068568096
Morocco,MAR,2010,-3.89149487244856,83.2922890768629,3.49955709403216,0.993557401226392,4.19540574319343,9.09,4.468832872042414
Morocco,MAR,2011,-7.26703537698178,86.804176959607,5.52464523319847,0.9069249096918,6.43834587150305,8.91,-3.888287713885986
Morocco,MAR,2012,-8.95034696939187,87.7618401933056,3.06234368502997,1.28712240079219,4.51801110083078,8.99,6.657328862724466
Morocco,MAR,2013,-6.77731894447504,83.5655425605352,4.12221286860944,1.88065466724086,3.08816298512282,9.23,-2.583787430467617
Morocco,MAR,2014,-5.53783287947428,83.5103076143461,2.7192440802029,0.442310053557048,6.19965031043247,9.7,0.009907454989840487
Morocco,MAR,2015,-1.95690775142638,78.3933979966934,4.34458297635238,1.5579071134626,5.69050203214417,9.46,16.15461813629112
Morocco,MAR,2016,-3.74613174513,80.2299496773881,0.52118550608968,1.63531114327064,4.73632258860282,9.3,0.44168592482439417
Morocco,MAR,2017,-3.10210665362039,80.1940481650889,5.05789816173446,0.754663249323619,5.54582078821969,9.22,-1.17745016457521
Morocco,MAR,2018,-4.87290163435469,78.9568101792168,3.06564133025955,1.80391671141896,4.06012946102122,9.272,-3.156165234639164
Morocco,MAR,2019,-3.4182057355437,81.4748595489142,2.89097476137077,0.303386036590383,3.77806065975292,9.191,2.4608050096802425
Morocco,MAR,2020,-1.1275993199651,90.9314449752962,-7.17820744246774,0.705968661338261,8.36179141868821,11.189,-1.2501593628223318
Morocco,MAR,2021,-2.35786783699057,86.0589211866219,8.15473889823681,1.40195883962006,5.09394192746297,10.551,-5.352969052044214
Morocco,MAR,2022,-3.6574911910038,87.5362177555406,1.81269242194809,6.65704202759067,8.01359504265407,9.413,13.04086668837899
Morocco,MAR,2023,-1.04767760599469,80.504808579487,3.65564411017931,6.09114152504141,3.91375528110209,8.896,-0.28771895966345873
Morocco,MAR,2024,-1.23072108998601,77.7635533817471,3.79336515978963,0.985256592004507,8.00403772257982,9.103,-1.8661428162816085
Mozambique,MOZ,1990,-8.57633327947647,10.687802208458,0.999992834277037,6.42755278070087,37.2254489322243,2.838,0.0
Mozambique,MOZ,1991,-8.57633327947647,10.687802208458,4.92545125368862,6.42755278070087,44.2937214831744,2.838,54.39508565112096
Mozambique,MOZ,1992,-8.57633327947647,12.1566290068158,-7.57664724880097,6.42755278070087,70.7795849691531,3.028,75.43472868271118
Mozambique,MOZ,1993,-8.57633327947647,8.70362963826714,10.940435029728,6.42755278070087,67.0738916256158,2.896,53.95006068152046
Mozambique,MOZ,1994,-8.57633327947647,8.62350976231521,6.44018369521994,6.42755278070087,50.4295592593545,2.879,55.86524141099627
Mozambique,MOZ,1995,-8.57633327947647,8.5930470385248,2.12289380592357,6.42755278070087,47.6982358520742,2.758,49.444420370875626
Mozambique,MOZ,1996,-8.57633327947647,7.59001243481818,10.6959109797718,6.42755278070087,19.1314527049008,2.763,25.147748679496225
Mozambique,MOZ,1997,-8.57633327947647,9.18873632571305,11.8149459447588,6.42755278070087,23.8998390755086,2.7,2.21213798192187
Mozambique,MOZ,1998,-8.57633327947647,9.92399205371746,10.3692324974977,6.42755278070087,17.8278888052441,2.64,2.867393862391087
Mozambique,MOZ,1999,-8.57633327947647,10.7436540503819,11.816986527255,6.42755278070087,31.7896371085064,2.663,7.5836625846526715
Mozambique,MOZ,2000,-8.57633327947647,12.166924151639,0.766234955773442,6.42755278070087,38.3170457433723,2.832,19.19465283212758
Mozambique,MOZ,2001,-8.57633327947647,9.05673892803937,12.8516820207736,6.42755278070087,14.8974438076266,2.838,35.96441138966852
Mozambique,MOZ,2002,-8.57633327947647,9.09666811287028,9.66850534669427,6.42755278070087,37.1640383846865,2.902,14.366148723680949
Mozambique,MOZ,2003,-8.57633327947647,8.08308660605587,7.21770086569656,6.42755278070087,15.2942590478123,2.857,0.4405398438799722
Mozambique,MOZ,2004,-8.57633327947647,6.79492914728375,8.20470494788577,6.42755278070087,5.910357611378,2.953,-5.049665680532767
Mozambique,MOZ,2005,-8.57633327947647,8.78413449461729,6.31202378023193,6.42755278070087,26.9840810281395,3.035,2.1239769070417216
Mozambique,MOZ,2006,-7.94365295252279,9.89325283447363,9.91067756782915,13.2450879070999,23.3415316452131,3.037,10.146210996229787
Mozambique,MOZ,2007,-7.27188482122912,10.0421356502336,7.64935393795867,8.48948675497455,24.2473029464174,3.082,1.7305070866744634
Mozambique,MOZ,2008,-8.87904477952139,14.0124195660244,6.87802942560995,14.5028053002268,20.304541200489,3.112,-5.958508637811389
Mozambique,MOZ,2009,-9.99835364421764,19.5511262342972,5.92897187460815,3.78861330914625,32.6438461527535,3.207,13.241038769458942
Mozambique,MOZ,2010,-14.7165826342636,21.6491864986519,6.67972935662864,12.4255421735156,24.5965843851451,3.259,23.409145351314038
Mozambique,MOZ,2011,-22.7703546509241,20.9197341288749,7.13405842300445,11.1666056127874,7.78786469015778,3.295,-14.406609643355276
Mozambique,MOZ,2012,-40.6875061700663,22.4314517976522,7.9945031610722,2.60245456956618,29.3537961133612,3.304,-2.3896553334671737
Mozambique,MOZ,2013,-36.3613191591472,26.2611547587696,6.57141389665537,4.26135250941963,16.3493508673617,3.345,6.1013201282528025
Mozambique,MOZ,2014,-32.2453333565598,30.188781793048,7.70256844839309,2.55974875844295,22.1993540054804,3.377,4.147528568903367
Mozambique,MOZ,2015,-36.6947715334654,32.0531316730483,7.3930936986377,3.55075967356746,26.0879553295384,3.426,27.52486972699436
Mozambique,MOZ,2016,-33.6916062672095,31.2078879056345,4.69699024225795,17.4180418197597,10.1065640073057,3.65,57.70968174687834
Mozambique,MOZ,2017,-17.9387522356553,24.4582064524123,2.63820737310658,15.1132073899384,5.08750438429984,3.935,0.8374908545749
Mozambique,MOZ,2018,-29.4674796418233,22.1292035071032,3.48493202422782,3.91133439990729,8.22235681980794,4.21,-5.124085813785116
Mozambique,MOZ,2019,-16.0764477598265,21.2791585156391,2.31781394821475,2.80270307928111,13.3858923159739,4.462,3.683516297384047
Mozambique,MOZ,2020,-24.9913481328696,23.8696192694382,-1.21952250011192,3.48393567493204,23.2776258654505,5.019,11.058115057688791
Mozambique,MOZ,2021,-21.1927915856731,23.0205800775002,2.37743572761507,6.40847652975692,1.87914680484284,5.413,-5.758295544518822
Mozambique,MOZ,2022,-33.7147522217691,20.7200636005415,4.3693080193804,10.2794018093421,8.7360820549451,6.789,-2.4656941368161687
Mozambique,MOZ,2023,-10.5470064944259,18.511862786144,5.50384456650241,7.12697482131851,3.54571072317434,6.661,0.05481525952415716
Mozambique,MOZ,2024,-10.9577328385216,17.6069907113773,2.14892499135355,4.07856834812022,16.2172380457571,6.668,0.0300014348512826
Myanmar,MMR,1990,-20.391141264827,4.74393417462259,2.81693327328911,17.6267750314504,37.6559251559252,0.828,0.0
Myanmar,MMR,1991,-12.9200327093985,6.76061977790435,-0.650616908622624,32.2720382866416,36.89116481027,0.828,-0.8654701976134013
Myanmar,MMR,1992,-4.74404746483468,7.76987241509142,9.66094245346783,21.9132104007913,34.1876605354342,0.796,-2.8512924975200886
Myanmar,MMR,1993,-7.20253615389665,6.4656429675009,6.03941022663199,31.83160687276,26.967204395837,0.779,0.8589245151145637
Myanmar,MMR,1994,-2.93057018921972,5.99305038072094,7.47795835834528,24.0987860757019,33.201011732585,0.739,-2.9568808233492083
Myanmar,MMR,1995,-4.8865587953609,7.58156132747065,6.94805143702995,25.1947123972847,38.9347674643044,0.754,-5.152725388586538
Myanmar,MMR,1996,-4.56988456855419,9.56425667314831,6.44271534713997,16.2753966377374,39.0487135719823,0.753,4.4207368630017205
Myanmar,MMR,1997,-8.72524429573243,10.3188987314975,5.65158296304853,29.6972325791529,28.0776069448802,0.764,5.47972984391094
Myanmar,MMR,1998,-7.6510593118296,9.69920038564372,5.86621315328905,51.4875497504079,33.6659500206152,0.772,1.6233211396226137
Myanmar,MMR,1999,-3.32147094586841,8.09772088096716,10.9451299817104,18.4010433741609,29.5386555287724,0.75,-0.9043864846508421
Myanmar,MMR,2000,-2.35956987604124,9.51740928593184,13.7459305561226,-0.109165514668565,42.4403234757508,0.712,3.673894166075554
Myanmar,MMR,2001,-2.34635994742259,11.002171582463,11.3439970699605,21.101305376923,43.6410982844596,0.689,3.562883708202047
Myanmar,MMR,2002,1.41024552018482,10.344847140877,12.0255134340315,57.0745112621703,35.5864771508149,0.685,-1.58284858415373
Myanmar,MMR,2003,-0.182395916009129,4.095681213224,13.8439968903798,36.5897175323924,0.73328130762215,0.686,-7.575308951759564
Myanmar,MMR,2004,1.04340168282983,4.74016289477332,13.5646616163416,4.53421374129692,32.0907388184894,0.677,-5.425895684776581
Myanmar,MMR,2005,4.85379033880321,4.65705970100153,13.5689500216456,9.36861814196704,27.3085474966869,0.672,0.21243002727154447
Myanmar,MMR,2006,5.47410687810815,3.87713991831058,13.0761013792372,19.9964873359214,27.3111436178943,0.676,0.4258214214097833
Myanmar,MMR,2007,6.84128559608505,3.42373646489974,11.9914352402146,35.0245970717698,29.9210073504003,0.684,-3.868913061771057
Myanmar,MMR,2008,3.91377460527001,3.12110290159629,10.2553053929808,26.7995371934022,14.8922041933974,0.7,-3.12332165228043
Myanmar,MMR,2009,2.67166530648619,3.4721769114853,10.5500090961932,1.47234311385647,30.6373921787998,0.712,2.4794249081893596
Myanmar,MMR,2010,3.17749475847855,4.76695378512293,9.6344394520444,7.71838195873614,42.4997268156954,0.725,1.0493690634880632
Myanmar,MMR,2011,-2.60285417206877,6.74676206403601,5.59148237823661,5.0214601462073,30.6013401794564,0.749,-3.3856069188061833
Myanmar,MMR,2012,-2.1015900196755,9.31026614508286,7.33267044704149,1.46758322674679,32.5590169313472,0.768,11667.830054814598
Myanmar,MMR,2013,-0.644739708349136,12.8385297285065,8.42600102501767,5.64303883425501,31.4251476008941,0.775,45.72160735741729
Myanmar,MMR,2014,-3.78673335196201,15.5752436663979,8.16990745558277,4.953299184844,20.956889978489,0.763,5.438827981051373
Myanmar,MMR,2015,-5.21601722230747,18.1305513861133,6.99284029026121,9.45417189526018,30.6729173899543,0.766,18.11046387993051
Myanmar,MMR,2016,-3.03174958632843,22.0063669806599,5.86247291518572,6.92882525816076,17.4488737254922,1.058,6.214797471021638
Myanmar,MMR,2017,-7.44369978642156,24.50054608091,6.13610824360305,4.5725365531752,20.5424223479744,1.356,10.162141722707489
Myanmar,MMR,2018,-3.77415133315681,26.2093085820638,6.26886221471075,6.87232865662935,14.5703142669963,0.767,5.105217307815148
Myanmar,MMR,2019,0.0902156578672671,26.6379014764853,6.57911006765414,8.82506696804558,15.5444260829973,0.407,6.185945455589023
Myanmar,MMR,2020,0.0902156578672671,28.9828999467009,-9.04834717984643,8.82506696804558,18.1773771157293,1.476,-8.999538252832249
Myanmar,MMR,2021,0.0902156578672671,28.9828999467009,-12.0163724829177,8.82506696804558,18.1773771157293,4.34,0.0
Myanmar,MMR,2022,0.0902156578672671,28.9828999467009,4.0374934360085,8.82506696804558,18.1773771157293,3.063,0.0
Myanmar,MMR,2023,0.0902156578672671,28.9828999467009,0.958446625126115,8.82506696804558,18.1773771157293,2.977,0.0
Myanmar,MMR,2024,0.0902156578672671,28.9828999467009,-0.97204641363362,8.82506696804558,18.1773771157293,2.887,0.0
Namibia,NAM,1990,0.987750380407315,65.6259688357891,2.04745993989432,7.1361531145863,30.296686315798,19.14,0.0
Namibia,NAM,1991,3.50682146258358,65.6259688357891,8.16561250262779,7.1361531145863,30.296686315798,19.14,6.724877890095596
Namibia,NAM,1992,1.45076530847198,65.6259688357891,7.18934252280525,7.1361531145863,46.5701797584243,18.896,3.284636728032465
Namibia,NAM,1993,3.38948114256631,65.6259688357891,-1.57953915916903,7.1361531145863,19.4084955008246,19.078,14.576625232985688
Namibia,NAM,1994,2.32736507941295,65.6259688357891,1.72987948847074,7.1361531145863,30.9307949141782,19.4,8.662152216800195
Namibia,NAM,1995,4.4219120272764,65.6259688357891,3.8990142211043,7.1361531145863,22.588960448673,21.34,2.148437041622847
Namibia,NAM,1996,2.90190452582366,65.6259688357891,3.19132430111469,7.1361531145863,24.0754585930642,22.844,18.534557824442217
Namibia,NAM,1997,2.17486290358748,65.6259688357891,4.22010030384476,7.1361531145863,8.08907528833665,24.45,7.178121339683378
Namibia,NAM,1998,4.17856596154539,65.6259688357891,3.29158562064818,7.1361531145863,10.549739050101,23.083,19.972442623763136
Namibia,NAM,1999,-0.713550203024386,65.6259688357891,3.36927842445498,7.1361531145863,19.4953535124742,21.668,10.513207759912238
Namibia,NAM,2000,4.88302195508905,65.6259688357891,3.49218336365178,7.1361531145863,13.200793070497,20.3,13.59106831305032
Namibia,NAM,2001,0.296284143221954,65.6259688357891,1.17794869467917,7.1361531145863,6.1684978172341,21.009,24.05466561732931
Namibia,NAM,2002,2.56344598181965,65.6259688357891,4.7886612188211,7.1361531145863,15.3631081189673,21.538,22.43611640557777
Namibia,NAM,2003,5.39320601443692,65.6259688357891,4.23979429582137,7.1361531145863,2.09480754046804,22.104,-28.233270318611396
Namibia,NAM,2004,6.75263572812588,65.6259688357891,12.2695481036769,4.13663213144748,22.515929441183,22.09,-14.607974994544357
Namibia,NAM,2005,4.54506155040309,65.6259688357891,2.52926265819022,2.28194607024307,5.11406704057886,22.108,-1.278324522929377
Namibia,NAM,2006,13.5327560610168,65.6259688357891,7.07317531845825,4.96116689298916,29.6795338495866,21.848,6.116139216521512
Namibia,NAM,2007,8.45998885353951,65.6259688357891,5.37404415167634,6.54788141101717,16.1370154822123,22.12,4.244647549805463
Namibia,NAM,2008,-0.107055208867992,65.6259688357891,2.64981203780268,9.0946430719281,13.3026478759573,22.005,16.97311485634849
Namibia,NAM,2009,-3.54487581295613,65.6259688357891,0.295970914001089,9.45172651521705,59.5944243491992,22.271,3.285102437970086
Namibia,NAM,2010,-3.92244710726353,65.6259688357891,6.03924947955858,4.8749198764395,10.5219246122883,22.12,-13.992667411190688
Namibia,NAM,2011,-6.84779731737787,65.6259688357891,5.09133813864338,5.005595180812,11.6860117018392,19.481,-0.41233245796528917
Namibia,NAM,2012,-8.58334513038746,65.6259688357891,5.0616820696264,6.72199777334886,4.14380677950692,16.771,12.243051679046866
Namibia,NAM,2013,-8.23764757879193,65.6259688357891,5.61471962254485,5.60092502290401,12.7837363392588,19.028,18.993747791131884
Namibia,NAM,2014,-9.42886877840743,65.6259688357891,6.09251915977956,5.35016966859602,7.84280565243246,18.521,11.208247116047815
Namibia,NAM,2015,-13.7578944670231,65.6259688357891,4.26417453763675,3.39401538410559,9.10484296685909,20.791,18.805261359884998
Namibia,NAM,2016,-16.4970881327639,68.5718638970193,0.0337944502063294,6.72858234593338,6.05280666136413,23.352,14.181470736928045
Namibia,NAM,2017,-4.42059051747783,65.0850898640541,-1.02724808856709,6.14579981111164,13.9799771657181,21.748,-9.490032021719669
Namibia,NAM,2018,-3.55152146428618,65.8415486800749,1.05993949860752,4.29159105337875,6.39040956619964,19.877,-0.5930964202638087
Namibia,NAM,2019,-1.76497330612085,70.950579352357,-0.839152163419357,3.72239414422695,10.533627508929,19.929,9.179039628530909
Namibia,NAM,2020,3.97932903342158,72.7676677166465,-8.10140201443319,2.20938236933469,8.07704826577039,21.003,13.942967783960325
Namibia,NAM,2021,-10.7496086508526,68.8473248696811,3.60382919248703,3.61690530108814,6.76114008751546,20.931,-10.232426533413973
Namibia,NAM,2022,-12.5650462510737,61.3968417469613,5.3987247803654,6.08128114112413,6.76114008751546,19.615,10.672021228786061
Namibia,NAM,2023,-15.0289746105499,56.0667902333982,4.32498048866805,5.87993463284275,6.76114008751546,19.154,12.781047361725161
Namibia,NAM,2024,-13.4129533004201,55.0557660417046,3.77851723267591,4.23903922877036,6.76114008751546,19.157,-0.6377969937074011
Nepal,NPL,1990,-7.97220238232379,12.8086563007658,4.63503634698831,8.23970037453206,18.7432080080051,10.465,0.0
Nepal,NPL,1991,-7.76258064740647,13.3538501304513,6.3681503973968,15.5574529276949,22.7237443405088,10.465,26.850722129217015
Nepal,NPL,1992,-5.33098805246591,13.4183154961156,4.10640661731669,17.1495236243439,20.5023196288594,10.473,14.66246141457522
Nepal,NPL,1993,-6.07919038622152,14.5730979838572,3.84985002629573,7.50539419087105,25.0188411805914,10.492,13.787475858840056
Nepal,NPL,1994,-8.65264352510645,18.5501224457024,8.21600269296587,8.34928672883384,17.9846630377249,10.458,1.6260017084586194
Nepal,NPL,1995,-8.09774068768955,22.8314360670697,3.46845189309603,7.62296950698163,15.4287644886549,10.473,5.046437724216513
Nepal,NPL,1996,-7.22314976747943,23.1977638773387,5.32828417508708,9.22046662376986,12.2019361107446,10.446,9.253398192341395
Nepal,NPL,1997,-7.89001512904616,23.8850742640305,5.04861254517328,4.00998860523181,29.5433323210908,10.512,2.3241335120124895
Nepal,NPL,1998,-1.38366225352984,28.6630823181372,3.01638947539399,11.2444677818614,11.1813749079941,10.526,13.732632726459515
Nepal,NPL,1999,-1.56303865698338,28.875948254061,4.41257328041399,7.45111260957546,21.680363090787,10.549,3.430930374773322
Nepal,NPL,2000,-2.37793695824869,30.6706208188085,6.19999998192236,2.47882020709136,18.845515164109,10.531,4.182959140950322
Nepal,NPL,2001,-2.74157105052744,29.4159104513955,4.79989214255407,2.6883037354563,16.7752653840681,10.502,5.423052914075831
Nepal,NPL,2002,3.55629677532074,22.8689008212118,0.120143177369414,3.02939948714892,2.65916698015118,10.593,3.9058018147835947
Nepal,NPL,2003,2.84759408801276,26.1425740318245,3.94503776051116,5.70700931874738,10.2175928978658,10.644,-2.2281034863020888
Nepal,NPL,2004,1.37422203617593,27.097330411139,4.68260325152944,2.8418113124898,13.0850770971597,10.652,-3.2411398973381766
Nepal,NPL,2005,1.88302388576205,28.7261508079238,3.47918104829496,6.83633265892877,9.7435865361544,10.59,-3.1301535027542284
Nepal,NPL,2006,1.65950180353451,33.1513862786737,3.36461478056277,6.92033580707589,16.9850202678353,10.609,1.9450111512008947
Nepal,NPL,2007,0.0548101106677199,37.2815056472404,3.41156027980276,2.26921924439074,18.5285927158216,10.642,-8.714900055753983
Nepal,NPL,2008,5.84548564127575,51.6526455292715,6.10463914373472,9.9078300530648,38.8412646408509,10.597,5.039021477481147
Nepal,NPL,2009,0.166582495866466,59.1784546318173,4.5330787246486,11.0948237386987,29.6198358300109,10.582,11.197743602725826
Nepal,NPL,2010,-0.79746599292911,54.589987785603,4.81641464694573,9.32650410745395,9.58922266715192,10.563,-5.557407584195892
Nepal,NPL,2011,1.33775079697372,46.4246531230953,3.42180870116162,9.2270754612596,18.6701885606796,10.627,1.0341476774341207
Nepal,NPL,2012,2.66070688066427,48.7543496534141,4.67014192446953,9.45980980357125,14.856498252651,10.632,15.13882192972643
Nepal,NPL,2013,5.23137372695534,50.4622708384351,3.52515317129149,9.04016311917645,21.658009779027,10.666,9.220965802717329
Nepal,NPL,2014,2.18298241690426,54.4670476035098,6.01148284250441,8.36415469659563,16.140326688033,10.62,4.802575562224471
Nepal,NPL,2015,10.0433083922087,56.9082740653704,3.97605327162971,7.86890895590891,24.4350613316528,10.643,4.971862049416038
Nepal,NPL,2016,-0.684346638551882,69.840800112116,0.433113719381524,8.7903433200464,17.3635363373785,10.714,4.861749243146648
Nepal,NPL,2017,-3.56432924017778,69.1891243413533,8.97727935643466,2.77703998300211,11.9678651564038,10.66,-2.674453247094053
Nepal,NPL,2018,-8.30080510271615,76.3246080076578,7.62237610397933,4.40659410175714,19.7554977120295,10.593,4.227508532779782
Nepal,NPL,2019,-5.12963069016168,78.9459108984055,6.65705543110468,5.56616035243723,13.8134335887466,10.477,3.3777142380611322
Nepal,NPL,2020,-0.251653542060189,88.4400394663268,-2.3696206292072,5.05635826238499,22.1139143932736,13.037,5.093447174124332
Nepal,NPL,2021,-14.5240163530399,103.651351375401,4.838149614115,4.12676744440695,14.6916316108794,12.241,-0.1783812894281032
Nepal,NPL,2022,-5.76692963076819,94.4669915631767,5.6313145568451,7.6702057938028,7.64288447145374,10.661,5.980811034100532
Nepal,NPL,2023,2.45040193651298,91.5572641444323,1.98254843461849,7.11587261530826,14.5599019966811,10.437,5.523987418222902
Nepal,NPL,2024,3.87803253239857,91.2933728348585,3.67787459697703,4.6850965426577,11.2243726059449,10.5,1.2195273933910409
Netherlands,NLD,1990,2.53727950744813,110.22236670732,4.18322289611109,2.45408985919675,18.3987878172736,7.285,0.0
Netherlands,NLD,1991,2.27649103804339,110.22236670732,2.4391343395225,3.15819751859096,18.5750576280755,7.285,2.6758133383368397
Netherlands,NLD,1992,1.88350974641952,110.22236670732,1.70607100505794,3.18358569499581,16.8624949702528,5.555,-5.947602068105178
Netherlands,NLD,1993,3.72901695535227,110.22236670732,1.25755214528137,2.58418115634715,17.7941110732386,6.287,5.620740725014749
Netherlands,NLD,1994,4.55484743526397,110.22236670732,2.96109252246121,2.80152693672192,19.6672925694495,7.159,-2.0088289206830163
Netherlands,NLD,1995,5.68975460228793,110.22236670732,3.11603593857495,1.92322457166359,15.5931841953706,7.157,-11.77584683035529
Netherlands,NLD,1996,4.7637693691811,110.22236670732,3.42063535269868,2.11378787066774,14.8461254667665,6.421,4.99612234790316
Netherlands,NLD,1997,6.00630455392247,110.22236670732,4.24847396941847,2.10924562739483,16.4017000197281,5.511,15.740772183508279
Netherlands,NLD,1998,2.97096972527192,110.22236670732,4.64770326997895,1.95913632274257,11.3581980959744,4.394,1.6636900439066984
Netherlands,NLD,1999,3.50211167072709,110.22236670732,5.04334216651563,2.1571791805505,13.5583402571813,3.622,-52.701141111465965
Netherlands,NLD,2000,1.73766088925111,110.22236670732,4.21970034558892,2.36052233801958,12.3247819807429,2.725,15.392157567337462
Netherlands,NLD,2001,2.26893537254394,110.22236670732,2.32358454925847,4.15584127195612,13.816160330387,2.119,3.124396929694833
Netherlands,NLD,2002,2.32001964022281,108.80306461908,0.24582951723049,3.28753104712766,11.2609118719366,2.554,-5.281893583200162
Netherlands,NLD,2003,5.13225020681317,108.372289041971,0.0978549395212411,2.09199838997655,12.6429879971001,3.593,-16.406750797985868
Netherlands,NLD,2004,6.70186382151751,112.327939906654,2.01628331561487,1.26364739183177,13.4716639858768,4.646,-9.063567367038319
Netherlands,NLD,2005,6.04101636574987,115.890888447757,2.03401576512488,1.6881301786962,14.40286140937,5.872,-0.015107888500853414
Netherlands,NLD,2006,7.75425232709906,112.9576606451,3.53729585853395,1.10150106517709,17.830628514143,5.007,-0.9165786826361264
Netherlands,NLD,2007,5.86450821149172,112.717594636907,3.88542348324803,1.61385859802102,17.1656742541219,4.153,-8.382419301811138
Netherlands,NLD,2008,4.06750194753688,110.218655333418,2.11674514240192,2.48650198289457,14.8922041933974,3.658,-6.8180898636756915
Netherlands,NLD,2009,3.34540739416214,116.241095699118,-3.66528147002826,1.18977687021548,10.4560909446993,4.352,5.446946110266462
Netherlands,NLD,2010,6.40659475745776,112.995200786287,1.31935287897116,1.27530569556679,12.4857998554167,4.991,5.209692006207694
Netherlands,NLD,2011,7.01569973680719,113.516935353618,1.77330320575034,2.34107017751373,11.9424460401465,4.977,-4.758672099029562
Netherlands,NLD,2012,7.50199225228895,116.013958604261,-0.977826121310997,2.45554765291614,10.3007746397346,5.821,8.341183526073815
Netherlands,NLD,2013,7.90135338752685,112.969994005111,-0.0302410184270769,2.50689852657875,10.6763160454565,7.241,-3.2624635808943454
Netherlands,NLD,2014,8.54625757819213,115.205849457802,1.61255885112396,0.976035079699679,9.26752299008154,7.419,-0.028810302750162588
Netherlands,NLD,2015,4.84837059519836,110.135230807738,2.12064007193544,0.600248147278776,9.19582460552392,6.872,19.737300534231938
Netherlands,NLD,2016,7.14588669256922,112.688166070747,2.42428065449427,0.316666666666652,8.47696815179376,6.007,0.23577291943845474
Netherlands,NLD,2017,8.04969631853888,109.26176749092,2.78150834679987,1.38145871407216,8.29633161273095,4.837,-2.0163267393074893
Netherlands,NLD,2018,8.83776760941587,103.705449062777,2.25873158164956,1.70349794744479,7.10415817034185,3.832,-4.341685721816104
Netherlands,NLD,2019,6.79648399842588,98.6368462471995,2.3001616053659,2.63369910249591,8.19219834569514,3.379,5.491862428450424
Netherlands,NLD,2020,5.72296366531146,100.352006153371,-3.86799714191608,1.27246037789161,13.1910292122895,3.82,-1.9892905401682457
Netherlands,NLD,2021,10.2781370842496,93.8807694464696,6.27683593745216,2.67572008805385,10.8672085465442,4.209,-3.427988441980449
Netherlands,NLD,2022,6.82147679536227,88.8195045380451,5.00723453395074,10.0012078753473,7.82033923932235,3.526,12.31582922658001
Netherlands,NLD,2023,9.41409249872006,85.4757445009347,-0.598061017580278,3.83839354342808,7.5370802876684,3.535,-2.609896246155402
Netherlands,NLD,2024,9.13742493692445,82.3320940898509,1.07383137319854,3.34754304219953,8.32354431836197,3.7,-0.1027218553088201
New Zealand,NZL,1990,-3.30284871216652,148.887536239515,0.136887537634095,6.09844414810204,10.2256398822475,10.614,0.0
New Zealand,NZL,1991,-3.30284871216652,148.887536239515,-1.07586748814022,2.60239285999773,1.61885386213396,10.614,3.4190859899658275
New Zealand,NZL,1992,-3.30284871216652,148.887536239515,1.10092234546755,1.01456027171236,3.93963461302992,10.667,7.3998529961056825
New Zealand,NZL,1993,-3.30284871216652,148.887536239515,6.3836309435096,1.28820776574386,6.17933140434982,9.804,-0.6057784839875644
New Zealand,NZL,1994,-3.30284871216652,148.887536239515,5.11167356780264,1.74537790773743,9.1191411127256,8.354,-8.861955421378221
New Zealand,NZL,1995,-3.30284871216652,148.887536239515,4.73676080285628,3.75494413677554,9.39223549396321,6.461,-9.643813252720319
New Zealand,NZL,1996,-3.30284871216652,148.887536239515,3.59083953715972,2.28571305402195,14.1264989617308,6.29,-4.52983946644872
New Zealand,NZL,1997,-3.30284871216652,148.887536239515,2.07551582422867,1.18714833105632,6.62538844423011,6.857,3.9573448992646942
New Zealand,NZL,1998,-3.30284871216652,148.887536239515,0.855188594957326,1.26524409915406,0.287361560285815,7.718,23.52707166490858
New Zealand,NZL,1999,-3.30284871216652,148.887536239515,5.38315295474565,-0.114267129777524,7.14095063573137,7.023,1.1435697607251651
New Zealand,NZL,2000,-3.30284871216652,148.887536239515,2.86879087314065,2.6152344624632,1.50683848882122,6.13,16.486715492951596
New Zealand,NZL,2001,-0.776440240634347,148.887536239515,3.41557461751114,2.62581630392903,9.07853417128159,5.433,8.068588415369092
New Zealand,NZL,2002,-2.09521936295548,148.887536239515,4.71514593471419,2.67709257711605,0.235590306551123,5.282,-9.103937956231237
New Zealand,NZL,2003,-2.40599179153862,148.887536239515,4.72587484712128,1.75357444759557,9.4998843810179,4.745,-20.353970618638005
New Zealand,NZL,2004,-4.50791009901216,148.887536239515,4.09053577279863,2.29024902847571,3.52750167482724,4.005,-12.392891319351104
New Zealand,NZL,2005,-6.9953679486939,148.887536239515,3.35295444152619,3.03702332617012,9.48787540879395,3.807,-5.859939794545813
New Zealand,NZL,2006,-7.06517341361543,148.887536239515,2.7744428588158,3.36540196171993,11.2672832294732,3.857,8.574567067724168
New Zealand,NZL,2007,-6.79701754359097,148.887536239515,3.06312221869514,2.37614310290659,11.1419098695745,3.661,-11.762254859129065
New Zealand,NZL,2008,-7.69181610885177,148.887536239515,-1.02561134479848,3.9589493731206,10.3508364089726,4.167,4.560352073840492
New Zealand,NZL,2009,-2.47419947301186,148.887536239515,-0.040259885205117,2.1156511055456,-0.632903820525483,6.121,12.521763454520876
New Zealand,NZL,2010,-2.33469330577729,148.887536239515,1.47182504276788,2.30202385958572,8.35918273887503,6.557,-13.307919862101269
New Zealand,NZL,2011,-2.86292030978892,148.887536239515,2.1445004445998,4.0279066739204,8.35918273887503,6.491,-8.792344480498608
New Zealand,NZL,2012,-3.90197677437136,148.887536239515,2.30256429520961,1.05991318445632,8.35918273887503,6.931,-2.490660080730332
New Zealand,NZL,2013,-3.05687316237006,148.887536239515,2.5648360739867,1.13442266445817,8.35918273887503,5.839,-1.205207652599108
New Zealand,NZL,2014,-3.08979706201678,148.887536239515,3.81933619307242,1.227507505974,6.70927552597721,5.428,-1.1460184707265582
New Zealand,NZL,2015,-2.61733984538523,152.203582210633,3.72968312125018,0.292704628136101,9.85032809850328,5.415,18.959295412438454
New Zealand,NZL,2016,-2.15490580463573,154.878394126531,3.7435247472109,0.646240284454524,7.6616105305133,5.147,0.177827367980617
New Zealand,NZL,2017,-2.9209984129863,153.218887969056,3.31568621648204,1.85078767452536,7.30184765325521,4.736,-2.0268820011256334
New Zealand,NZL,2018,-4.16442592967999,153.340048561597,3.32219666491432,1.59829703801696,6.4247723836915,4.335,2.689340335960307
New Zealand,NZL,2019,-2.82057766065118,155.331008762031,2.32371708441623,1.61963190184048,4.71178824795162,4.109,5.024476592996888
New Zealand,NZL,2020,-1.08263837857087,159.302765545419,-0.240916114758988,1.71456170007245,12.1779427157231,4.595,1.5932361580057575
New Zealand,NZL,2021,-5.64905496688557,155.696811699705,4.29916005216614,3.94112060778728,7.05943403469145,3.776,-8.317346403886384
New Zealand,NZL,2022,-8.7516189444306,145.993959609911,3.34521847792682,7.17222476016441,1.8325450583825,3.299,11.55632574150022
New Zealand,NZL,2023,-6.14986296247429,140.574368180893,1.81389453412019,5.73316283034957,3.56339694999693,3.734,3.249463706396432
New Zealand,NZL,2024,-4.62952800849341,141.898489610576,-0.868722371893952,2.92279782301957,4.1348258816056,4.724,1.4661330931570171
Nicaragua,NIC,1990,-30.2341217494452,13.7178365947142,-0.0524997212688305,7.06991352252517,7677.83435284304,7.909,0.0
Nicaragua,NIC,1991,-17.7457864195992,13.7178365947142,-0.189281493926757,7.06991352252517,1519.6432405645,7.909,2930.6237888578075
Nicaragua,NIC,1992,-42.8937974118697,13.7178365947142,0.386346578416166,7.06991352252517,20.0655262794868,7.809,17.07330916375688
Nicaragua,NIC,1993,-34.4045397460347,13.7178365947142,-0.392936046663081,7.06991352252517,25.1960406960378,7.833,12.408166666666602
Nicaragua,NIC,1994,-23.5791962313358,13.7178365947142,3.33772611282539,7.06991352252517,65.9018951039324,7.668,19.615419401615316
Nicaragua,NIC,1995,-17.4492145577676,13.7178365947142,5.91190793658714,7.06991352252517,35.0712211312405,7.414,12.237571971316886
Nicaragua,NIC,1996,-19.1435615894481,13.7178365947142,6.3442683605154,7.06991352252517,52.5264892574998,7.12,11.793751539254094
Nicaragua,NIC,1997,-19.1519607565273,13.7178365947142,3.96665092760821,7.06991352252517,52.5445546514106,7.1,12.003833007330094
Nicaragua,NIC,1998,-14.8130429693637,13.7178365947142,3.71168146396694,7.06991352252517,32.1499766858588,7.203,12.000670329961505
Nicaragua,NIC,1999,-19.1180597152813,13.7178365947142,7.03597046350201,7.06991352252517,18.8097308944001,7.18,11.598402935825707
Nicaragua,NIC,2000,-18.3126344819719,13.7178365947142,4.10159025073438,7.06991352252517,9.37517999689152,7.181,7.410645609727119
Nicaragua,NIC,2001,-15.3276907217401,13.7178365947142,2.96084349057273,5.98604186279518,4.10519158317966,7.222,5.420441264099498
Nicaragua,NIC,2002,-15.0103547636833,15.1303966197719,0.753938876079573,3.75017465778466,13.3001638812041,7.517,6.576334277058729
Nicaragua,NIC,2003,-13.2557258638297,17.6800014490544,2.52073289551447,5.30238773219936,12.6429879971001,7.6,5.987640225482182
Nicaragua,NIC,2004,-11.8661827985183,19.6395041737258,5.31217056950739,8.47021063584077,17.2162854524514,6.41,5.512238619312445
Nicaragua,NIC,2005,-12.3956621334031,22.6195637092088,4.28239833770654,9.59909986064425,9.7796213720779,5.37,4.99510487463647
Nicaragua,NIC,2006,-13.0801722823838,26.4617300643449,4.15294559846254,9.1401996677772,8.42014669584402,5.31,5.000014469008602
Nicaragua,NIC,2007,-16.2594506892154,32.9626730870453,5.0763520180987,11.1269347446118,18.4790926972277,4.89,5.000044429483878
Nicaragua,NIC,2008,-17.0684421646058,31.3902939082916,3.43571693608081,19.8262031287429,7.32993644476806,6.2,5.005230443868115
Nicaragua,NIC,2009,-8.45312867792372,28.4639816565811,-3.2926651586197,3.68700160498797,14.3389492023423,8.16,4.994789582778713
Nicaragua,NIC,2010,-8.87470374065858,26.7902771944027,4.41009911716546,5.45513425887423,21.6733797891121,7.83,4.999964206197912
Nicaragua,NIC,2011,-11.9077223652027,26.2021452617968,6.31668553491842,8.082387980991,12.6216323811427,6.613,4.999997652942222
Nicaragua,NIC,2012,-11.7242497122842,28.7256849089243,6.4961364710876,7.1935505333896,15.3938251090144,5.208,5.005259408106098
Nicaragua,NIC,2013,-12.5685284248506,31.8719462281179,4.92709413447304,7.13546785289407,18.3193015727786,5.28,4.994765538778905
Nicaragua,NIC,2014,-8.02832297774323,33.8611044766836,4.78546013589983,6.03596861798425,15.4307528436153,4.52,4.9999918768932075
Nicaragua,NIC,2015,-9.87324597391166,36.851216246511,4.79226768332697,3.99737996694396,18.9619711424557,4.7,4.99999828727539
Nicaragua,NIC,2016,-8.48330631920505,38.5800324214676,4.56314739524967,3.52317317628473,11.0441607426984,3.9,5.004678540974114
Nicaragua,NIC,2017,-7.1602180538079,42.7141595154233,4.63120757580209,3.85067166284727,16.0185374258255,3.3,4.996264324156478
Nicaragua,NIC,2018,-1.79728223029998,39.8570584770867,-3.3633566598573,4.94723728039886,-18.6534753336395,5.2,4.999081301235703
Nicaragua,NIC,2019,5.93825181295118,32.2173134465347,-2.89686986728901,5.37628990844126,6.2316081566645,5.457,4.971072088671704
Nicaragua,NIC,2020,3.77325208673091,29.7928204469316,-2.23654176262323,3.68181341625572,15.6277946771385,6.18,3.6845185682214696
Nicaragua,NIC,2021,-2.75303205196493,28.0130773437883,10.4543887816515,4.92841396948968,13.8230904087894,6.076,2.413638109127668
Nicaragua,NIC,2022,-2.93963886099355,29.6997604197174,3.55027477135765,10.4674244465991,11.3318996335419,4.969,1.9999549116444704
Nicaragua,NIC,2023,8.2298831014672,30.0090036209487,4.42779393186883,8.38765854872536,11.3318996335419,4.698,1.5798809281094617
Nicaragua,NIC,2024,4.1511238055786,32.3334560247707,3.58094495324541,4.62473841057141,11.3318996335419,4.98,0.5024690435121224
Niger,NER,1990,-6.71584277283358,8.68354925435877,-1.30847828481959,-0.775653010977504,-4.0518166740642,1.588,0.0
Niger,NER,1991,-5.36190889584532,8.12808944641867,-0.43948910045782,-7.79664179104467,-8.86053529551559,1.588,3.614907725811254
Niger,NER,1992,-4.70050474164019,8.07906433949044,2.00075236142851,-4.47561790247176,-0.95634497953735,1.569,-6.173229904852485
Niger,NER,1993,-3.18346881621278,7.51190127752912,0.321655474432788,-1.21503496503496,0.071447731389646,1.541,6.978220971356866
Niger,NER,1994,-6.50899287498019,6.63901845599381,1.85477879101168,36.0410583134241,6.72585231385766,1.502,96.07276379386906
Niger,NER,1995,-6.58674611287554,3.65470352594779,2.4572441223155,10.5632886691814,3.75198540817046,1.494,-10.096504981497775
Niger,NER,1996,-4.52189316656482,3.52149906349161,0.100530504281409,5.28885751264882,-6.58498444830134,1.498,2.4850332541484295
Niger,NER,1997,-5.80368330028341,2.66090609662407,1.52747571050666,2.93345253394422,-21.3111541762277,1.503,14.097663858709783
Niger,NER,1998,-5.76469887056397,3.16578142263621,9.97261495642444,4.5480157771872,-18.4773273134394,1.381,1.0763631794837631
Niger,NER,1999,-5.40711498610089,3.05504301696222,-0.2195625179166,-2.30212503849648,15.4079495299604,1.385,4.32604423820055
Niger,NER,2000,-4.65677330266078,3.85940427520443,-1.20847774100575,2.90014973599108,12.8154435682948,1.427,15.392157567342018
Niger,NER,2001,-3.77103577195078,5.9177826876629,7.26813490213235,4.00551428352678,48.610315762459,1.47,3.1243969297011973
Niger,NER,2002,-5.95095241784041,4.41414054012241,4.91847057594622,2.62886597938136,-18.4616534580159,1.808,-5.281893583205087
Niger,NER,2003,-6.45750654841098,4.57236406552387,2.1706103837418,-1.61440769175596,44.6551755476405,2.145,-16.406750797983076
Niger,NER,2004,-6.15019981758,4.48685008615696,0.363801578722132,0.262543757292838,8.87744811526396,2.751,-9.06356736704301
Niger,NER,2005,-7.10956498131609,3.95336505243563,7.33186884258517,7.7974978178644,4.76776621800805,3.1,-0.01510788850253824
Niger,NER,2006,-6.60182023558473,3.87400308731938,5.93104997350342,0.0404858299595074,11.6831123826806,2.528,-0.9165786826336906
Niger,NER,2007,-6.13680984428319,7.07832627658033,3.14272408386731,0.0539592607581562,46.2003211590083,2.021,-8.382419301809671
Niger,NER,2008,-8.96292471931382,8.05448229866597,7.73141422777337,11.3051098827019,9.38255917550353,1.584,-6.818089863676538
Niger,NER,2009,-18.0270234730354,8.89140221192257,1.96260090694645,0.582906590801122,20.6933624614059,1.208,5.44694611026645
Niger,NER,2010,-14.4829041887519,9.0342729600052,8.57816674262253,0.804073080882659,22.613197069271,0.718,5.209692006210174
Niger,NER,2011,-16.3335422488129,9.92230818231259,2.35775693603874,2.9423851401332,6.84005977325747,0.316,-4.758672099031072
Niger,NER,2012,-10.8373796125038,9.97081356735436,10.5489445763446,0.455089820359289,31.716388395592,2.177,8.34118352607313
Niger,NER,2013,-11.2529264462121,10.460630408421,5.31513063394726,2.29723114955317,9.74291731884555,1.401,-3.2624635808936286
Niger,NER,2014,-12.0310951996372,10.6800359863882,6.64213665495603,-0.930287259984466,24.9133673476759,0.524,-0.028810302752448124
Niger,NER,2015,-15.3473430526612,11.2731547376931,4.39264883207291,-0.576090369833189,4.58523855783641,0.556,19.737300534233693
Niger,NER,2016,-11.4269122456101,11.5430257623173,4.28137558478143,1.65388922387806,8.67052021319085,0.55,0.23577291944129516
Niger,NER,2017,-11.2187529586869,11.2398360219906,5.53198531271451,2.79637318871284,-4.92102962564609,0.556,-2.0163267393092883
Niger,NER,2018,-12.6945964583211,10.2316234445943,6.89458420864513,2.96760366004456,-2.10401399014504,0.536,-4.3416857218186
Niger,NER,2019,-12.6596968655614,11.6440386322928,6.07881528959186,-2.48979265070855,15.057028029221,0.531,5.484696917502256
Niger,NER,2020,-13.3037025420107,11.7828048902408,4.45481803846413,2.8981937602627,17.0145203711136,0.591,-1.7622144723614281
Niger,NER,2021,-14.0537660366173,13.0064656794279,1.11520063869706,3.8378680284051,9.72874157000328,0.806,-3.6580683534393796
Niger,NER,2022,-16.0965828995126,12.4104068252131,12.2215497467041,4.22621791916392,11.9227225133545,0.403,12.48425542445334
Niger,NER,2023,-13.7627535229344,10.8999517922152,2.63516980401258,3.70097316425834,-0.924792570898072,0.407,-2.755861066393697
Niger,NER,2024,-6.08945443545425,10.2781507372819,8.32327058280728,9.07151997725013,6.91700146097394,0.376,-0.037003585621040364
Nigeria,NGA,1990,9.23137171937244,4.95752244265377,11.7768859342067,7.36440030557697,32.7010276475701,3.831,0.0
Nigeria,NGA,1991,2.02019931723547,5.24109646917474,0.358352601622002,13.0069731037427,37.3802138978897,3.831,23.2786802989277
Nigeria,NGA,1992,4.35622764868939,8.23451385667547,4.63119294610988,44.588842715023,63.2602537657287,3.79,74.56420149368589
Nigeria,NGA,1993,-1.37583994197616,7.00771816483841,-2.03511877399539,57.1652528349217,53.7579683240045,4.023,27.55727761342433
Nigeria,NGA,1994,-2.64669476661828,8.03728816845843,-1.81492448517923,57.031708911966,34.4951421517432,4.064,-0.314519564567158
Nigeria,NGA,1995,-0.569349975254788,6.5087114958491,-0.0726647640626794,72.8355022972636,19.4117147450513,4.152,-0.4579999393830688
Nigeria,NGA,1996,0.591612746659758,6.17444394221661,4.19592404666709,29.2682926829272,16.1781585908082,4.043,-0.04947798819439351
Nigeria,NGA,1997,0.0837634925250449,7.03059014697708,2.93709941923106,8.52987421383633,16.0390029485685,3.964,0.007425372153943518
Nigeria,NGA,1998,-0.553602928004356,7.61945239355999,2.58125410190809,9.99637812386806,22.3177575904719,3.922,-0.00022845602564948827
Nigeria,NGA,1999,0.855100862970631,8.16880785547431,0.584126892882125,6.61837339479756,33.1210582009053,3.986,321.9048706935941
Nigeria,NGA,2000,10.7371768862311,8.24898869751761,5.01593475936546,6.9332921556516,48.0675226932787,3.953,10.135830532936035
Nigeria,NGA,2001,3.36845503733352,9.88080739655231,5.91768464924425,18.8736462093863,26.3768004240801,3.9,9.37479514376027
Nigeria,NGA,2002,1.13946817426015,8.084342998,15.3291557409618,12.8765792031099,18.8210982703839,3.669,8.403131613942117
Nigeria,NGA,2003,3.23719691054246,8.90948472570348,7.34719496793299,14.0317836131437,13.5113689675845,3.637,7.168953138901431
Nigeria,NGA,2004,12.4042052774237,8.46166405532793,9.25055822923169,14.9980338183251,20.6770255396204,3.59,2.8367190350585583
Nigeria,NGA,2005,20.7940448372853,8.43509526303227,6.43851652535925,17.8634933661605,22.6036325203928,3.727,-1.2143243656958518
Nigeria,NGA,2006,15.3142425877273,8.12036045279147,6.05942803202491,8.22743678120907,36.3507212028386,3.749,-1.9978518268354049
Nigeria,NGA,2007,9.93609280353567,13.7970169332616,6.59113036066867,5.38610421570143,87.7613486371324,3.794,-2.2102771048443537
Nigeria,NGA,2008,8.58534493307948,18.6330147009187,6.76447277784263,11.583054796681,42.2234295522794,3.792,-5.7559419361743664
Nigeria,NGA,2009,4.70138235015375,19.6256016608172,8.03692510100366,12.5379242951095,14.8643529361757,3.763,25.5664886140002
Nigeria,NGA,2010,3.57264829109626,13.490742840586,8.00565591623166,13.7400521363694,6.72486734324051,3.744,0.9521090811391847
Nigeria,NGA,2011,2.57400123356655,11.0436296114106,5.30792420293915,10.8261371880018,21.685616238181,3.77,2.371962274821602
Nigeria,NGA,2012,3.74468964478931,10.6047037712344,4.23006117492493,12.2242413020582,27.0844679750277,3.761,2.364123811844984
Nigeria,NGA,2013,3.66244030371785,11.5332149415284,6.67133539308232,8.49551838265678,14.3020860661396,3.711,-0.11957671957650254
Nigeria,NGA,2014,0.157882534299197,13.2970053767392,6.30971865521856,8.04741087967907,-0.794167076060823,3.9,0.788863932533075
Nigeria,NGA,2015,-3.13140101186134,13.0786844773698,2.65269329541779,9.00943498007706,4.09015662855131,4.134,21.37314857100253
Nigeria,NGA,2016,1.25472098152786,14.6080388563102,-1.61686894903467,15.6968126387972,31.9221686077306,4.499,31.72498488709077
Nigeria,NGA,2017,3.60982550121524,12.8520298076198,0.805886619091581,16.5022662139641,1.38782910951685,4.83,20.63106889369487
Nigeria,NGA,2018,1.72693303668361,10.2465813012399,1.92275734199798,12.0951065173432,14.9821100195079,5.069,0.09600673024887892
Nigeria,NGA,2019,-2.04801100744941,7.9232226593751,2.20842927835211,11.3964223378115,6.44863105130051,5.206,0.27354063027273323
Nigeria,NGA,2020,-2.67061135743947,8.75958559535191,-6.36889840468527,13.2460234276598,11.6325456444643,5.714,16.906583115386553
Nigeria,NGA,2021,-0.534215770600622,9.7332213692771,1.109252540249,16.9528457221608,14.2374143355273,5.404,11.800434180357694
Nigeria,NGA,2022,0.15744623858689,9.5616917667191,4.31882949157136,18.8471877843274,17.4226051694979,3.827,6.188957561626609
Nigeria,NGA,2023,1.31788745938512,9.5616917667191,3.31590368111438,24.659550203114,50.9219774754511,3.074,51.461416753619304
Nigeria,NGA,2024,7.5441345734549,9.5616917667191,4.07106650147703,33.2416590552749,50.9219774754511,3.045,129.22795962035502
North Macedonia,MKD,1990,-6.20720983576967,48.1121966084921,-6.17076764806545,126.583368336245,-55.1608916556049,24.5,0.0
North Macedonia,MKD,1991,-6.20720983576967,48.1121966084921,-6.17076764806545,126.583368336245,-55.1608916556049,24.5,0.0
North Macedonia,MKD,1992,-6.20720983576967,48.1121966084921,-6.56519867685854,126.583368336245,-55.1608916556049,26.3,0.0
North Macedonia,MKD,1993,-6.20720983576967,48.1121966084921,-7.46927131858557,126.583368336245,-55.1608916556049,27.7,0.0
North Macedonia,MKD,1994,-6.20720983576967,48.1121966084921,-1.75816618126913,126.583368336245,-55.1608916556049,30.0,0.0
North Macedonia,MKD,1995,-6.20720983576967,48.1121966084921,-1.11472769414412,16.3735889723569,1.82217231523071,35.6,-12.43880959599599
North Macedonia,MKD,1996,-6.20720983576967,48.1121966084921,1.18510388873231,2.46660008582917,-0.210536869015991,38.8,5.54176141506991
North Macedonia,MKD,1997,-7.04040325202006,48.1121966084921,1.43998133659125,1.29436487155047,23.8961169437886,36.0,25.0680478201249
North Macedonia,MKD,1998,-7.43809653632584,48.1121966084921,3.37873564718296,0.544199652523073,13.0108660395718,34.5,8.915733649577486
North Macedonia,MKD,1999,-1.69696104187635,48.1121966084921,4.33902791307588,-1.27928657572628,31.2201772324472,32.4,4.480384392221573
North Macedonia,MKD,2000,-2.73306730994392,48.1121966084921,4.54913578288874,6.60742291038536,22.2474367737526,32.2,15.820297162683394
North Macedonia,MKD,2001,-6.344343807859,48.1121966084921,-3.06725662451662,5.19888525744048,66.6264090177134,30.52,3.2369370335377923
North Macedonia,MKD,2002,-9.4256374980204,48.1121966084921,1.49366547202928,2.31459794083216,-8.07360876218088,31.94,-5.419601746889099
North Macedonia,MKD,2003,-3.75035857468212,48.1121966084921,2.22260165732409,0.855562122724219,18.495648942135,36.69,-15.582852832338975
North Macedonia,MKD,2004,-7.94691572310685,48.1121966084921,4.67408957960916,-0.448650206551934,16.5070753694727,37.161,-9.04293221731854
North Macedonia,MKD,2005,-2.54533490974663,48.1121966084921,4.72408864201974,0.525515950714247,15.7086909806709,37.32,-0.25551542267479066
North Macedonia,MKD,2006,-0.416080626106531,48.1121966084921,5.13702516153505,3.21362929606345,24.8066572517199,36.392,-0.9778422270249678
North Macedonia,MKD,2007,-7.26623240489014,48.1121966084921,6.47348685752347,2.2517579830545,29.91197260036,35.231,-8.34385777017635
North Macedonia,MKD,2008,-12.4707536603643,48.1121966084921,5.47200139015595,8.33189666968108,11.8182085913007,33.93,-6.398714653052237
North Macedonia,MKD,2009,-6.48354076815342,48.1121966084921,-0.358614856979671,-0.739633963061192,1.6701752723956,32.351,5.333210459459474
North Macedonia,MKD,2010,-2.10791254447936,48.1121966084921,3.35875085773812,1.50997522027613,11.6159732844472,33.135,5.407677035201244
North Macedonia,MKD,2011,-2.49367551945885,48.1121966084921,2.33988604520331,3.9047542206974,8.92782716504966,31.502,-4.850054147835396
North Macedonia,MKD,2012,-3.27478423718894,48.1121966084921,-0.456183223607937,3.31605566687647,3.0641792945956,31.096,8.273472176926383
North Macedonia,MKD,2013,-1.63764033882168,47.6490949146214,2.92525766450484,2.78500056726109,2.60487296772839,29.017,-3.121529608497135
North Macedonia,MKD,2014,-0.481713137157683,50.513553958547,3.62912351276373,-0.281705032928494,8.9216081820056,28.215,0.09007190197420302
North Macedonia,MKD,2015,-1.71222694530355,52.0320364694667,3.85586514041738,-0.299920475631462,7.67188084452272,26.395,19.59626704614278
North Macedonia,MKD,2016,-2.66389921940311,48.9780058468049,2.84820519363306,-0.239290787684501,5.96073082774224,24.312,0.3504865893639443
North Macedonia,MKD,2017,-0.586294696197347,49.8844792422858,1.08177273813243,1.35161889677442,4.59020849953811,22.857,-1.9132131055816042
North Macedonia,MKD,2018,0.143273398779884,50.2444525582772,2.88059670964267,1.45831298507126,10.8155028800402,21.208,-4.680011981972161
North Macedonia,MKD,2019,-2.98648910497823,51.2679656532734,3.91041953840173,0.766439573459805,8.19219834569514,17.414,5.450487961255517
North Macedonia,MKD,2020,-2.91596537662612,55.7466286882264,-4.68845000956652,1.20007348888469,7.97042757225559,16.575,-1.4611754557102095
North Macedonia,MKD,2021,-2.67744223538636,55.501013341123,4.51067949038222,3.23074912132928,8.83069218060799,15.801,-3.7717095312698095
North Macedonia,MKD,2022,-6.23699171036603,54.2953220350027,2.75888415332967,14.2047173195833,5.27630784445662,14.476,12.422198120711386
North Macedonia,MKD,2023,0.317585046468375,52.0359306568315,2.554965253403,9.36187249769015,5.89462107968648,13.174,-2.778005803730785
North Macedonia,MKD,2024,-2.10020379336309,53.9235256635379,2.99373536567732,3.48974086026954,10.2036928292063,12.265,-0.13092539096540107
Norway,NOR,1990,3.33929333961475,96.5185619888294,1.95899042256056,4.1310334831135,5.54735838334963,5.407,0.0
Norway,NOR,1991,4.14923524067272,96.5185619888294,2.85865596855008,3.43819599109134,2.9338299686445,5.407,3.565655664703889
Norway,NOR,1992,3.4392564563178,96.5185619888294,3.56422602983729,2.32808504911848,8.50079465560434,5.91,-4.140738047062278
Norway,NOR,1993,2.93905062039749,96.5185619888294,2.87306009185421,2.28826933193061,-0.669501081008389,5.965,14.154448714773546
Norway,NOR,1994,2.976630670136,96.5185619888294,5.03933284247313,1.37567498071478,5.02406745134959,5.349,-0.515144271290055
Norway,NOR,1995,3.46333244641902,96.5185619888294,4.15289526465317,2.46036778693729,3.78101263312377,6.307,-10.236186816050486
Norway,NOR,1996,6.75311594441525,96.5185619888294,4.96949434701779,1.26253249164501,6.90967809744026,5.036,1.8097684508721943
Norway,NOR,1997,6.27193624684654,96.5185619888294,5.09208924000464,2.56692335900252,1.44212293079133,4.687,9.668388078715674
Norway,NOR,1998,0.00399360306610798,96.5185619888294,2.72590814782492,2.25241329996429,15.4709693562,3.737,6.668598002304546
Norway,NOR,1999,5.49186336382396,96.5185619888294,2.18261230296261,2.36596736596733,1.70008026588456,3.247,3.3674073352487484
Norway,NOR,2000,14.6986242485617,96.5185619888294,3.443416131481,3.08550609131279,8.66334665240231,3.458,12.856108864552493
Norway,NOR,2001,15.8681791390773,96.5185619888294,2.1634350595868,3.00419703998233,16.4669753286726,3.738,2.1565089124340493
Norway,NOR,2002,12.4227278954932,102.616991579013,1.45747886087304,1.28672528415184,7.42563373974343,4.022,-11.209009095008078
Norway,NOR,2003,12.0849035834544,106.679367023868,1.09635781210122,2.48782553461781,2.14717370157529,4.221,-11.317474914186858
Norway,NOR,2004,12.4217515088215,104.86321849848,4.33015597691212,0.454498502220863,6.84975140197038,4.256,-4.793403215061781
Norway,NOR,2005,16.0451865986675,106.084835761946,2.96973597025936,1.53213367609249,10.5243752240654,4.381,-4.425763382371077
Norway,NOR,2006,15.9855181283499,96.360780866271,2.84726376691944,2.3293498075755,6.77671782098905,3.397,-0.45272280429444234
Norway,NOR,2007,12.1948719512316,105.706589717053,3.42030119916608,0.712589073634201,18.1030597468918,2.493,-8.601871101871163
Norway,NOR,2008,15.4461334508798,117.443378580389,0.822805797014865,3.75393081761005,3.08676413935601,2.521,-3.781632072789207
Norway,NOR,2009,11.415985949347,125.05621856734,-1.61327151945869,2.19738586853568,0.898645662375538,3.1,11.49527186761225
Norway,NOR,2010,11.4188723949275,125.004285340527,1.00493269017117,2.41890639481003,6.46892448480663,3.527,-3.8828518420355738
Norway,NOR,2011,12.9572292725078,122.173845430759,1.38505117083945,1.2849515880916,6.42132716294043,3.196,-7.272455975238613
Norway,NOR,2012,12.0935398520706,119.808653635254,2.82395673492459,0.696864111498263,4.49556341054119,3.129,3.798530059007246
Norway,NOR,2013,9.89568626406436,120.963533911474,1.27290177696287,2.12048620353112,6.749028261994,3.425,0.9883970777825544
Norway,NOR,2014,10.6555857645762,124.741169746009,2.09521388080101,2.04170286707211,6.1130650201955,3.486,7.2624113475177925
Norway,NOR,2015,7.76340686563235,133.532555694519,2.04428845501438,2.17113665389527,-5.32642884781008,4.296,27.968791325046272
Norway,NOR,2016,3.85247124141966,140.308909282125,1.29158732771135,3.55000000000007,11.2385196367154,4.68,4.164513795597764
Norway,NOR,2017,5.20839830097389,140.397520875081,2.66964474273466,1.87510059552545,6.08194862556396,4.164,-1.5277777777778685
Norway,NOR,2018,7.69077594619518,137.85248031888,1.1103912365576,2.76483134528797,5.18291689438368,3.801,-1.682450130969082
Norway,NOR,2019,2.80945670092243,143.92944148092,1.46970781954143,2.16773003305411,3.97349820975716,3.684,8.207808177067328
Norway,NOR,2020,1.10176093732255,157.281621104093,-1.36055723261586,1.28658490707996,12.158774076833,4.424,6.998106060606135
Norway,NOR,2021,14.2830281134545,132.758587980699,4.14314688769197,3.48388055266669,10.5019184861607,4.359,-8.770687671475423
Norway,NOR,2022,27.8649748049066,106.520483872462,4.08039770659241,5.76412317852272,5.54670209272964,3.231,11.922778424524674
Norway,NOR,2023,17.1705757999469,122.547913892885,0.352695581319765,5.51784987104659,0.433080320796381,3.574,9.872583860621974
Norway,NOR,2024,15.0417961615846,124.389621734823,1.42372134524737,3.14530134431081,3.44876298069181,4.0,1.72767434521931
Oman,OMN,1990,8.31216538356325,18.095392551487,-0.130425738129333,-0.816666666666656,9.96925247964631,4.056,0.0
Oman,OMN,1991,-1.94077026836585,18.8242636548489,6.07407790816865,-0.816666666666656,5.45183686041362,4.056,0.0
Oman,OMN,1992,-4.21923133343113,18.885360129089,8.41388425937097,-0.816666666666656,3.08886306925021,4.16,0.0
Oman,OMN,1993,-8.36318444330726,19.884969661525,6.04296067461487,-0.816666666666656,3.24652696020721,4.009,0.0
Oman,OMN,1994,-5.4701307882644,21.6915164369035,3.87577416657888,-0.816666666666656,6.73450584736641,4.073,0.0
Oman,OMN,1995,-5.09164295639516,22.4564944087871,4.99681952030654,-0.816666666666656,7.67734004532589,4.167,0.0
Oman,OMN,1996,1.39466079996563,23.3877239915709,3.04593990978547,-0.816666666666656,8.07250464332393,4.254,0.0
Oman,OMN,1997,-0.919633654405098,31.2970315586119,6.03351250709945,-0.816666666666656,24.4984980647436,4.196,0.0
Oman,OMN,1998,-19.7180125156589,41.5476900632193,-0.0678740925781511,-0.816666666666656,4.77019876893339,4.346,0.0
Oman,OMN,1999,-2.57671691704829,40.6010471509618,0.29759569579106,-0.816666666666656,6.39328455028963,4.433,0.0
Oman,OMN,2000,14.0586857970744,32.8286208346965,6.19241063695442,-0.816666666666656,6.02405600277668,4.433,0.0
Oman,OMN,2001,9.37796465255736,35.1535938909125,4.61316649389876,-0.816666666666656,10.8040508275195,4.298,0.0
Oman,OMN,2002,8.41611510142411,33.9703564220235,-0.784165786429256,-0.279578822571373,5.5549861907127,4.335,0.0
Oman,OMN,2003,5.87796132532781,32.1772115960926,-2.19466567976842,0.231328682267143,2.42239735966085,4.599,0.0
Oman,OMN,2004,3.08879459662564,29.8651264239303,1.99251510973346,0.624969062631367,4.08087581670296,4.693,0.0
Oman,OMN,2005,14.5817585186487,26.830213002842,2.77944360306151,1.90983553531865,21.6540623928236,4.589,0.0
Oman,OMN,2006,13.2991735436226,26.8602293065219,4.66981481939328,3.54498591605033,24.4498353743116,4.387,0.0
Oman,OMN,2007,5.09706270360499,30.9764844412137,4.98065467051528,5.8304841809271,34.6701889993094,4.309,0.0
Oman,OMN,2008,7.22971355183887,30.6458183525274,8.95005895005896,12.3754091529912,23.2661977658565,4.142,0.0
Oman,OMN,2009,-0.784047994334517,40.7469449022376,5.98196694904402,3.46881023754893,4.73499908007441,3.977,0.0
Oman,OMN,2010,7.59476361744698,38.2119108803521,2.47199856582773,3.25657959078624,11.3420938618855,3.911,0.0
Oman,OMN,2011,11.4435714770699,36.1030456409534,2.89460973541192,4.0421886711639,12.1811464065537,3.95,0.0
Oman,OMN,2012,8.99068507231773,36.8201690395642,8.86312225557018,2.94773495257209,10.7270154974111,3.753,0.0
Oman,OMN,2013,5.87992091672239,37.8101763629108,5.22770408145942,1.05354820265932,8.48530598060621,3.553,0.0
Oman,OMN,2014,4.62995815380296,40.9964363798579,1.29225229411081,1.01401483924156,12.0293583025555,3.453,0.0
Oman,OMN,2015,-13.7812835379107,58.1721127566142,5.01705799719045,0.0652901330286599,14.2100843565087,3.403,0.0
Oman,OMN,2016,-16.6107645205388,66.6702330425451,5.04642394571691,1.10920805807027,1.83087447760822,3.266,0.0
Oman,OMN,2017,-13.6143943671898,65.9487621150617,0.304057565922449,1.58909413567799,4.18172214160061,2.523,0.0
Oman,OMN,2018,-4.85027419563219,61.0721758896089,1.28710391543288,0.889312370970404,4.18172214160061,1.8,0.0
Oman,OMN,2019,-4.91818869978251,65.1353364973981,-1.12863801728058,0.490815362820671,4.18172214160061,2.045,0.0
Oman,OMN,2020,-16.5486765828435,76.5893899420196,-3.37972052697999,-0.40640291946585,4.18172214160061,2.94,0.0
Oman,OMN,2021,-5.53764911438897,68.18634950316,2.5821749892893,1.68221185876085,4.18172214160061,1.9,0.0
Oman,OMN,2022,3.65021452080103,55.7897704553203,7.98570728354278,2.5061425061425,4.18172214160061,3.3,0.0
Oman,OMN,2023,2.29211299044439,59.7528169989934,1.41401383200161,0.950782997762827,4.18172214160061,3.176,0.0
Oman,OMN,2024,2.86434019736537,63.2077225919943,1.63163231397978,0.593589236248469,4.18172214160061,3.203,0.0
Pakistan,PAK,1990,-4.15244201309876,24.1573329065136,4.45858681510218,9.05213155279776,11.6436708059216,0.596,0.0
Pakistan,PAK,1991,-2.77569478723708,22.2370174407211,5.06156775897861,11.7912703351416,18.9443128821554,0.596,9.643688684913313
Pakistan,PAK,1992,-3.83779241680643,23.4968238834062,7.70589781716029,9.5090414619015,29.3005626007176,0.587,5.386486149605821
Pakistan,PAK,1993,-5.59847609574865,24.395045127975,1.7577476978468,9.97366476029209,18.1334470492259,0.596,12.057635796121556
Pakistan,PAK,1994,-3.46530848690822,23.8230064643185,3.73741555767747,12.3681943936948,17.3706019788836,0.601,8.75010599307082
Pakistan,PAK,1995,-5.52270880088959,24.2071211979922,4.96260914623281,12.3435785170513,13.8097957858075,0.611,3.5204830109995298
Pakistan,PAK,1996,-7.00574971079086,24.6939754444567,4.84658128681654,10.3738085885002,20.0685610542707,0.6,14.01903862978332
Pakistan,PAK,1997,-2.74152798261064,24.64621514863,1.01439601077892,11.3754928865122,19.9117967945664,0.611,13.949626764834921
Pakistan,PAK,1998,-3.61461538001894,25.1139429411396,2.55023429817393,6.22800415424543,7.85937933833109,0.62,9.571869850769833
Pakistan,PAK,1999,-1.46092369568391,25.4743176424825,3.66013273943236,4.14263718082171,4.31422526833217,0.625,9.887579362142802
Pakistan,PAK,2000,-0.0854401858342493,16.603618282266,4.2600880111325,4.36666451291681,12.1251582207596,0.614,8.378660547973329
Pakistan,PAK,2001,1.93318034244488,16.2084602957166,3.65135017083765,3.14826144590618,14.4302473934702,0.611,15.431975816492132
Pakistan,PAK,2002,3.93573326208505,16.004100784123,2.59481668445784,3.29034472613153,17.6164482140701,0.615,-3.558018712144375
Pakistan,PAK,2003,3.17962013910419,18.2215997820452,5.40131087314342,2.91413470059479,17.8579443187328,0.612,-3.3015072806424537
Pakistan,PAK,2004,-0.617928012719509,21.2947003364719,7.83125556961251,7.44462469342739,18.8953995216099,0.598,0.8759293113039236
Pakistan,PAK,2005,-2.48346235681318,21.6016814942981,7.2765744364722,9.06332737030417,16.3728736632634,0.583,2.1569820703460416
Pakistan,PAK,2006,-4.16812395772995,22.7683134071852,6.05163767569996,7.92108440058789,42.9088740241616,0.582,1.2717242317940354
Pakistan,PAK,2007,-4.50796175781862,23.0416390892532,4.4448143398844,7.59868441050774,17.4383547032998,0.398,0.7751293933233789
Pakistan,PAK,2008,-7.74194351471585,24.1685851810671,2.1204410433083,20.2861210929554,6.52470214178465,0.423,15.919910730998211
Pakistan,PAK,2009,-2.13167355660601,20.3957768107606,3.47255059567348,13.6477650639761,17.6100569348726,0.535,16.056205234156483
Pakistan,PAK,2010,-0.688324235118166,19.2854383363833,1.50171752152883,12.9388705634889,14.5658158158495,0.653,4.259945509321618
Pakistan,PAK,2011,-0.957124213324854,16.7900431014259,2.68011685421705,11.9160927116277,12.6026218346081,0.796,1.3493549850849333
Pakistan,PAK,2012,-0.936399348037174,15.1977662090047,3.02758391088629,9.68235186055684,17.3950199206229,3.667,8.167173460952968
Pakistan,PAK,2013,-1.70727876868057,14.4059591371388,4.36686504978387,7.69215611899565,13.315647619693,2.954,8.81598008143368
Pakistan,PAK,2014,-1.34787339235798,14.0363434269816,4.11642817161422,7.18938402847028,11.5437148414194,1.827,-0.5203350493389652
Pakistan,PAK,2015,-0.934446742353906,13.8776720604833,4.21794209572506,2.52932817254229,12.1809800448258,3.566,1.6510204958096364
Pakistan,PAK,2016,-2.29279660651385,14.6822491291274,6.57383828511043,3.7651191635658,13.6160489814194,2.285,1.9459566049264763
Pakistan,PAK,2017,-4.76985760466006,15.3138129313571,4.43262590683975,4.08537368032608,9.9313214967248,3.204,0.6548161080893196
Pakistan,PAK,2018,-5.29556175645778,16.6323511145142,6.15170261099519,5.07805725868917,9.83439165904124,4.083,15.522148431357133
Pakistan,PAK,2019,-2.66677325730292,15.6879858068791,2.49763692943365,10.5780305672025,11.6730296321604,4.83,23.15813715997337
Pakistan,PAK,2020,-0.216650637871501,15.0331201291201,-1.27408744338709,9.74011619320125,15.6327085508701,5.994,7.866249351607181
Pakistan,PAK,2021,-3.52439577565177,15.3401397751102,6.51388575852702,9.49641577285205,10.4193580639993,6.338,0.6597776157933157
Pakistan,PAK,2022,-3.25858181478804,14.8383242381905,4.7781068690358,19.8738599646655,7.41151860135503,5.291,25.757718170613252
Pakistan,PAK,2023,-0.308630136387276,12.0203955111754,-0.414935997088406,30.7681280657005,16.2530631753901,5.237,36.847737852713934
Pakistan,PAK,2024,0.124893414067427,11.46061956354,3.08176295579301,12.6325318530452,12.5141461807046,5.492,-0.6332644139999296
Panama,PAN,1990,3.2499389567898,82.0699638901572,8.09899300573224,0.76948535495601,36.6501630237894,6.443,0.0
Panama,PAN,1991,-3.40793015877548,82.0699638901572,9.41900604873607,1.25626077674687,32.1807617532697,6.443,0.0
Panama,PAN,1992,-3.28511447610562,82.0699638901572,8.20167952936097,1.82452156989959,25.565140071168,6.317,0.0
Panama,PAN,1993,-1.08965635563305,82.0699638901572,5.45574476975436,0.45393007884036,18.939701301813,6.374,0.0
Panama,PAN,1994,0.169775846124911,82.0699638901572,2.85014717061981,1.26843190106196,15.7560704178317,6.428,0.0
Panama,PAN,1995,-4.9154915141079,82.0699638901572,1.75167890389389,0.99420698293387,8.36683153278699,6.512,0.0
Panama,PAN,1996,-2.18102667057483,82.0699638901572,4.0797027065703,1.25571661111546,7.30907592566951,6.728,0.0
Panama,PAN,1997,-5.03735296138693,82.0699638901572,7.70904000189154,1.32435122100608,13.7366905920816,6.588,0.0
Panama,PAN,1998,-9.10381366758485,82.0699638901572,8.38747212468969,0.559081293442494,15.5239483639042,6.397,0.0
Panama,PAN,1999,-9.97538330616173,82.0699638901572,5.21164584606353,1.24718256949635,8.4646883164681,6.168,0.0
Panama,PAN,2000,-5.84047277996226,82.0699638901572,4.20900547865375,1.49896111605778,9.26650359985334,6.188,0.0
Panama,PAN,2001,-1.55881384647494,82.0699638901572,0.949908149985234,0.307062436028722,7.88980823285304,6.293,0.0
Panama,PAN,2002,-0.883534988020678,82.0699638901572,2.50884372716125,1.00583090379039,-1.70735763421427,6.302,0.0
Panama,PAN,2003,-4.22833726958796,82.0699638901572,5.09686030493801,0.391666666666709,3.52140497087299,6.303,0.0
Panama,PAN,2004,-6.92308555260918,82.0699638901572,8.17565333965649,0.474723078204362,8.04541704147777,6.097,0.0
Panama,PAN,2005,-6.40102245039668,82.0699638901572,8.27618334503531,2.85588324760957,8.56695970137625,5.967,0.0
Panama,PAN,2006,-2.48020850686329,82.0699638901572,9.85723870564752,2.45789346442102,22.2770345944854,5.792,0.0
Panama,PAN,2007,-5.43158096330886,82.0699638901572,13.1530653782933,4.1686330029888,16.0006025276446,5.665,0.0
Panama,PAN,2008,-8.89223138089915,82.0699638901572,10.1974325907958,8.7586831772878,14.5831781935795,5.639,0.0
Panama,PAN,2009,-0.763910452207457,82.0699638901572,1.61186405976055,2.40905304082201,14.5831781935795,5.857,0.0
Panama,PAN,2010,-10.3251596675923,82.0699638901572,6.07339353106087,3.49128872618809,14.5831781935795,5.845,0.0
Panama,PAN,2011,-12.6581291367517,80.3174014231941,11.9088772249531,5.87580243678763,14.5831781935795,4.03,0.0
Panama,PAN,2012,-8.97959013521378,79.5923009811289,9.62729346439019,5.69819959165993,14.5831781935795,3.691,0.0
Panama,PAN,2013,-8.69806985044025,65.4374135780348,6.32435388662846,4.02715991571061,14.5831781935795,3.674,0.0
Panama,PAN,2014,-12.9838146887401,80.8728229135061,4.62581375565551,2.62652699929143,14.5831781935795,4.391,0.0
Panama,PAN,2015,-8.69390485131528,82.9324277346101,5.26691719595516,0.137492058461588,14.5831781935795,4.335,0.0
Panama,PAN,2016,-7.54284614640251,84.1908718597278,4.57196707937275,0.73973402529995,14.5831781935795,4.717,0.0
Panama,PAN,2017,-5.82243144918491,84.4380104348195,5.7440594635578,0.875585918759963,14.5831781935795,5.338,0.0
Panama,PAN,2018,-7.88419298601023,83.9514799369508,3.91824253321265,0.761578359399945,14.5831781935795,5.161,0.0
Panama,PAN,2019,-5.14448028522086,83.3265567451258,3.10295395631086,-0.355083821021246,14.5831781935795,6.256,0.0
Panama,PAN,2020,0.215312493541315,100.153891550374,-17.8211174074602,-1.55027540803761,14.5831781935795,14.663,0.0
Panama,PAN,2021,-1.21399867998869,100.153891550374,16.4669992022652,1.63070337301898,14.5831781935795,10.177,0.0
Panama,PAN,2022,-0.361802808993905,100.153891550374,11.0386022908773,2.85965128834711,14.5831781935795,8.086,0.0
Panama,PAN,2023,-3.19379683721353,100.153891550374,7.16634016390665,1.48641355277038,14.5831781935795,6.544,0.0
Panama,PAN,2024,0.65661826831948,100.153891550374,2.74784148771307,0.69322555100446,14.5831781935795,8.451,0.0
Papua New Guinea,PNG,1990,-2.35026712017846,21.7870346979082,-3.01216922181256,6.9533615990307,4.25108023992266,2.793,0.0
Papua New Guinea,PNG,1991,-3.98899067197516,21.7870346979082,9.54689771039914,6.96568127760753,17.6454272627926,2.793,-0.3445898778359068
Papua New Guinea,PNG,1992,2.17092948220248,21.7870346979082,13.8490852689481,4.30961457009748,12.5146566493249,2.608,1.3611476195021337
Papua New Guinea,PNG,1993,12.9825853243472,21.7870346979082,18.2022859527298,4.97411430311646,17.7941110732386,2.382,1.4008341424814565
Papua New Guinea,PNG,1994,10.3379652434895,21.7870346979082,5.94210905967769,2.85272217387134,-1.28250664260052,2.418,3.3903214484090674
Papua New Guinea,PNG,1995,14.5331456032702,21.7870346979082,-3.31244877829666,17.280932681459,13.7463554924996,2.603,26.54909987409479
Papua New Guinea,PNG,1996,6.07669181615828,21.7870346979082,7.73369579796399,11.6241782908448,30.73954104372,2.728,3.065483360571669
Papua New Guinea,PNG,1997,-2.0058122434283,21.7870346979082,-3.90438965639359,3.96437805228409,7.69396061635052,2.854,9.013639608564333
Papua New Guinea,PNG,1998,1.24749695919347,21.7870346979082,-3.76911321783457,13.5741917656809,2.46121383827541,2.86,44.202539920234756
Papua New Guinea,PNG,1999,3.45089237039664,21.7870346979082,1.85555399408817,14.9321817407701,9.16809454487686,2.939,23.976795495737875
Papua New Guinea,PNG,2000,9.95921732839907,21.7870346979082,-2.49484199260023,15.5958933107535,5.0089643381294,2.92,8.222593273682135
Papua New Guinea,PNG,2001,9.28741777969624,21.7870346979082,-0.121288605564772,9.29817332783968,6.24948714252916,2.801,21.801734071409573
Papua New Guinea,PNG,2002,-0.837715059877841,21.7870346979082,-0.158900533082658,11.7994470972606,7.26424057784162,2.756,14.946837589769999
Papua New Guinea,PNG,2003,4.0186139042782,21.7870346979082,2.16410250222083,14.7090779663557,-4.4462326106811,2.628,-8.517307325035715
Papua New Guinea,PNG,2004,4.79140919548253,21.7870346979082,2.72117574098235,2.15893131266946,14.7868365467413,2.526,-9.566922400532658
Papua New Guinea,PNG,2005,13.3520776079467,21.7870346979082,6.34479592309654,1.78080439925826,29.4900311609728,2.385,-3.742088521988137
Papua New Guinea,PNG,2006,5.27638088337677,21.7870346979082,5.40994409107307,2.3684623841683,38.8795916406242,2.285,-1.4576320027855139
Papua New Guinea,PNG,2007,1.89447675578743,21.7870346979082,7.81518922862388,0.91135045567524,27.7649227626307,2.169,-2.989757383555251
Papua New Guinea,PNG,2008,6.81299167765164,21.7870346979082,-0.296457845880582,10.7614182326827,7.84316311174187,2.168,-8.94524668988863
Papua New Guinea,PNG,2009,-5.09167321110672,21.7870346979082,6.80042148322096,6.91832532601224,21.8772560183881,2.089,2.0390073658084162
Papua New Guinea,PNG,2010,-4.50849152932172,21.091519972966,10.1284540720232,6.01360893567856,10.2460848087047,2.002,-1.3011724737851622
Papua New Guinea,PNG,2011,-1.10018483437862,20.9325128845535,1.10754362619616,4.44083401028971,17.3353266940175,2.62,-12.809361397241483
Papua New Guinea,PNG,2012,-10.7881600289652,22.8565539094754,4.65711959686239,4.53720508166972,10.9422518215796,2.634,-12.118315141486608
Papua New Guinea,PNG,2013,-16.2256819496775,25.0996039083892,3.82494632800675,4.9603174603175,6.7015100716433,2.698,7.72019241259084
Papua New Guinea,PNG,2014,12.1393177239905,22.6256429101556,13.5437706216546,5.22211720226841,3.38278651230437,2.54,9.66246530423121
Papua New Guinea,PNG,2015,11.2064023719229,22.5534509061815,6.57835632304275,5.99595778127107,8.02684397854762,2.507,12.473735992811767
Papua New Guinea,PNG,2016,13.6287612457148,22.1193452819282,5.48957315278187,6.6737288135593,10.8736211811917,2.478,13.170643643052948
Papua New Guinea,PNG,2017,15.9024612947226,19.3527551663392,3.53461081750459,5.42204568023834,-0.93464358909331,2.58,1.779717827953221
Papua New Guinea,PNG,2018,13.6302697156748,18.7432134166838,-0.279252284959952,4.37448921453162,-3.78025553538921,2.65,3.282585289010636
Papua New Guinea,PNG,2019,14.3799231097493,18.054669417934,4.48051456942582,3.92867290939597,4.41741848432163,2.651,2.8564036663712096
Papua New Guinea,PNG,2020,14.3372352654886,18.8149812506172,-3.16743204434815,4.87167398565555,4.41741848432163,2.903,2.1383291288598705
Papua New Guinea,PNG,2021,12.5753307362749,17.4069077488704,-0.510612607034361,4.48359014042398,4.41741848432163,3.03,1.4103440640434075
Papua New Guinea,PNG,2022,14.4294934827217,15.0426686602989,5.70701964996525,5.25323922215241,4.41741848432163,2.689,0.2980465944223664
Papua New Guinea,PNG,2023,9.0671653053806,16.5136999779875,3.81046308333708,2.29869991296791,4.41741848432163,2.649,2.000240113663195
Papua New Guinea,PNG,2024,15.4763748159171,16.2934964633047,3.88795324667848,0.602403921107917,4.41741848432163,2.625,7.330227638792235
Paraguay,PRY,1990,6.7118429696366,14.3157588729945,4.12328287941739,37.2599561799201,53.9072408837377,5.1,0.0
Paraguay,PRY,1991,1.21843526699717,16.943490864555,3.49365015491472,24.2253521126763,49.75489893609,5.1,7.755273518231181
Paraguay,PRY,1992,-0.800567351484838,19.9674747380848,1.69642801124701,15.192743764172,37.1287708911513,4.98,13.211379557545532
Paraguay,PRY,1993,0.815224855768091,23.1053892876801,4.93635941475281,18.2086614173228,27.9299809935629,5.06,16.26969799645619
Paraguay,PRY,1994,-3.48241172235135,26.8791011636639,5.31791766023942,20.5661948376355,24.2303532879875,4.41,9.196284184854427
Paraguay,PRY,1995,-2.39891387766325,23.9644446507837,6.82281030358578,13.4254143646407,0.528367407729823,3.4,3.058564220442719
Paraguay,PRY,1996,-0.707053011808279,25.7856591710819,1.57378513175006,9.79968339016083,9.8089377778209,8.15,4.77797168732009
Paraguay,PRY,1997,-5.50597618386607,32.7741011877268,4.24251610269859,6.94956608534118,5.21366907885692,5.36,5.885363025459137
Paraguay,PRY,1998,1.42468424398124,24.5219309952657,0.0680377558080636,11.5532684355839,7.62037998586606,4.417,25.191099070763173
Paraguay,PRY,1999,1.56971889454463,25.0551605442253,-1.36607971240079,6.75226586102725,12.8516905095254,5.343,14.398854693519153
Paraguay,PRY,2000,-2.79049501871094,23.7603984264133,-2.31414056819045,8.98215976750022,2.84062998097686,7.61,11.775292234231966
Paraguay,PRY,2001,-0.375729695210563,24.1686675413357,-0.834054716746095,7.26806028584825,39.5697272117949,6.206,17.771338915734425
Paraguay,PRY,2002,8.61307588678674,20.8556279671977,-0.0214043949985694,10.5102420856612,1.46226743450925,9.393,39.21974544915772
Paraguay,PRY,2003,0.221163990286845,12.6861707511378,4.32074548551591,14.2367970499143,10.9224022209882,6.814,12.387138439917857
Paraguay,PRY,2004,-0.101927990310014,12.2968111859529,4.05741836363771,4.32326492967491,15.098231324587,6.513,-7.000901649157995
Paraguay,PRY,2005,-0.628692309199553,12.2808884618236,2.13349066459601,6.80738203116377,10.959910393989,4.825,3.4037125967434445
Paraguay,PRY,2006,1.24447680615271,11.6682860592129,4.80711719268376,9.58934941129229,9.82629278501259,5.277,-8.786771182205886
Paraguay,PRY,2007,4.36238494214342,13.7176649664943,5.42162287218235,8.13047417698577,29.9622881799967,4.713,-10.689837106418263
Paraguay,PRY,2008,0.374841642433224,18.759698013852,6.4962921197091,10.1547846489023,35.5802010617453,4.415,-13.30137755882467
Paraguay,PRY,2009,1.77539259441669,21.5814306496874,-0.261137328080281,2.59194673430567,21.1560792129866,5.46,13.828795836542918
Paraguay,PRY,2010,-1.13361355132488,25.4241390581724,11.0952312685521,4.65116279069765,19.016781648462,4.569,-4.192983470291746
Paraguay,PRY,2011,-0.732894985327255,28.9522503181962,4.28637120702282,8.2539682539683,16.0945099908141,4.67,-11.865842429419219
Paraguay,PRY,2012,-1.88545344964699,31.5463020861537,-0.708043112316886,3.67591897974496,11.7583390234964,4.085,5.4331835909327095
Paraguay,PRY,2013,0.833944389699359,34.3778942787922,8.29307648940471,2.68385738718582,20.937179932801,4.385,-2.6636317449445666
Paraguay,PRY,2014,-0.786915039842249,38.1381490369685,5.30123864473624,5.02882767456766,14.9995111102925,5.034,3.6781375854297873
Paraguay,PRY,2015,-0.217870478352272,43.3496464702998,2.95715168367079,3.12900274473925,13.2025648001844,4.556,16.645107090665366
Paraguay,PRY,2016,4.58868258924149,41.3557191308076,4.26802583314583,4.08682280577241,7.35048830619695,5.255,8.94576703571341
Paraguay,PRY,2017,3.67698851016962,41.075344119837,4.81007885554041,3.60247741348943,8.40067486237709,6.138,-0.9100974189827631
Paraguay,PRY,2018,0.230707060235569,44.5121924181179,3.20425034076639,3.97561015740694,8.05910937065313,6.217,2.014102944273748
Paraguay,PRY,2019,-0.162746811735736,47.6522798387839,-0.40185510068001,2.75709727562775,9.79689733558738,6.595,8.873137566988328
Paraguay,PRY,2020,2.38698954162833,50.6445339195394,-0.819785390971916,1.76751592356698,19.2223570247059,7.548,8.498621475005823
Paraguay,PRY,2021,-0.608891037328284,49.4295844129684,3.99461510731535,4.787983101236,8.30815399153625,7.311,0.04527049988327435
Paraguay,PRY,2022,-6.45181312894917,51.0944019230025,-0.0280771723899278,9.76556667164402,4.12245860148273,6.755,3.0791944493062977
Paraguay,PRY,2023,0.284720362671273,52.2060179155522,5.28584584975323,4.63202285403356,8.70633273962185,5.794,4.383940019827206
Paraguay,PRY,2024,-3.2503481047772,57.0291394487225,4.66914577981763,3.83540271728533,10.9370393827119,5.686,3.7231485562552313
Peru,PER,1990,-5.37288606183094,8.01727273669053,-4.98256353646605,7481.66361124526,6384.91591214941,4.926,0.0
Peru,PER,1991,-4.3795451250649,6.97792993174603,2.2192591027909,409.530166622023,230.59502238985,4.926,311.1544927643122
Peru,PER,1992,-5.24379733033856,9.07959617883951,-0.540509124723926,73.5282942442641,88.1788916992412,5.068,61.272923408845315
Peru,PER,1993,-7.07477935578994,11.1164859235556,5.24357700773291,48.5799864468885,71.7970649690245,4.795,59.5975050167231
Peru,PER,1994,-6.01858298886919,13.2835593787724,12.3083661848445,23.7369050565046,37.2170103202771,4.491,10.394765226084642
Peru,PER,1995,-8.67435304434384,15.8738764208443,7.41139504735119,11.1287029707089,29.2640068835753,4.708,2.6575550493544426
Peru,PER,1996,-6.59496815056512,21.025323363273,2.79897307912609,11.5379424115177,37.2447670222151,4.929,8.875739644970436
Peru,PER,1997,-5.79223945664171,24.4097995545657,6.47682442079709,8.56218948953653,30.7820639804126,4.762,8.593750000000288
Peru,PER,1998,-6.01059688640089,28.1910496598723,-0.391537555833821,7.24782175213469,17.3271286102373,5.099,9.978104472943247
Peru,PER,1999,-2.74952502384787,28.9773282546112,1.49491064308833,3.46965996293019,14.4902175465321,5.011,15.472127417519795
Peru,PER,2000,-2.9874113727773,26.3416775572587,2.69437139806912,3.75733833344474,-0.399441851801342,4.959,3.152709359606013
Peru,PER,2001,-2.31175794610238,23.4478078840921,0.617892325624297,1.97709878502053,0.563891323477896,5.068,0.48233046800372276
Peru,PER,2002,-2.02693936398421,22.2020482940237,5.45352893818767,0.193135003853722,4.32965353437533,4.84,0.27565229789468326
Peru,PER,2003,-1.61504289543387,19.9857411626907,4.16502313666112,2.25937753363072,-2.13689889028637,4.15,-1.0815583676951508
Peru,PER,2004,0.0288861085400799,17.9102399219746,4.95820320611745,3.66247320092233,3.25992194167152,4.71,-1.8770337622866724
Peru,PER,2005,1.50881026119421,19.066421608863,6.28506032509601,1.61630193862544,17.0952678011346,4.87,-3.437659461742505
Peru,PER,2006,3.24050716695869,20.8131640208248,7.5288990440594,2.00225801248819,8.04516103950723,4.17,-0.6617175888357314
Peru,PER,2007,1.42931463476859,24.6070736917389,8.5183877690955,1.77998644680372,29.403839604814,4.08,-4.458963837016394
Peru,PER,2008,-4.41112077807089,29.7639607500021,9.1265683014642,5.78587598206755,22.7640711546424,4.03,-6.510017328189568
Peru,PER,2009,-0.598288729210879,30.0145290325562,1.0958236592427,2.936231535967,4.57047933320316,3.96,2.978380242157247
Peru,PER,2010,-2.41611244249563,30.261687153432,8.33245910749577,1.52832059732901,21.0546552757542,3.6,-6.189035948209681
Peru,PER,2011,-1.96422212136988,32.3092275000503,6.32719240161117,3.36931095333853,11.7360187654868,3.477,-2.5140480509711844
Peru,PER,2012,-2.85658799241122,34.0437468209084,6.13972470560435,3.61121294940163,15.0150228720275,3.238,-4.230550170693878
Peru,PER,2013,-4.85472915477104,37.7199291764532,5.85251821084928,2.76789666082002,16.4789848315359,3.575,2.438312837537219
Peru,PER,2014,-4.40483758703291,40.8996268175973,2.38215737180541,3.41194579807465,6.26515057848418,3.208,5.075878503015822
Peru,PER,2015,-4.77973128045252,43.8679314540478,3.25224477218451,3.39809194746308,13.3870674203525,3.272,12.165894116129241
Peru,PER,2016,-2.42132634833473,42.8090253456419,3.95331871520767,3.55717663556279,2.75613711158984,3.741,5.986056923263834
Peru,PER,2017,-1.11176847186392,42.4146143080756,2.51883544233135,2.99490045809443,9.33091398902329,3.691,-3.394696464468842
Peru,PER,2018,-1.28150267165616,43.9039424432995,3.969351341365,1.50915423024742,5.43327443052405,3.492,0.8009292863412527
Peru,PER,2019,-0.727870000015783,44.7242368945336,2.24063176875049,2.25212191358027,8.31837591438002,3.379,1.5414959810676814
Peru,PER,2020,0.657151815147808,55.3124099083207,-10.9333065010382,2.00241205759292,38.2852960296511,7.179,4.724695981056276
Peru,PER,2021,-2.29896613499338,47.1153342938622,13.4166456126513,4.27166381536798,2.88013991595159,5.097,11.0334598458884
Peru,PER,2022,-4.08676202376085,45.6488442298176,2.81819976419922,8.33370630096231,9.31212092014772,4.291,-1.1692339574287212
Peru,PER,2023,0.480962420777884,42.9491111931795,-0.350699814345759,6.45561348369586,9.31212092014772,4.899,-2.38202984983891
Peru,PER,2024,2.38859228781391,39.6187196270943,3.5152749274832,2.00770739412712,9.31212092014772,5.199,0.2316825066295247
Philippines,PHL,1990,-5.33575810861436,16.9025484779469,3.08267252855887,12.1773522064946,22.3981120550909,3.727,0.0
Philippines,PHL,1991,-1.99675016579611,15.6454917166525,-0.436390080533428,19.2614585266282,17.7164974414271,3.727,13.031954642369751
Philippines,PHL,1992,-1.65501732404596,18.1039652944438,0.417629066097945,8.65100357865265,13.109483215386,3.849,-7.155165407304101
Philippines,PHL,1993,-4.86165174206389,23.1490828035757,2.181889985613,6.71631104109973,28.1457715382721,3.869,6.300247035847464
Philippines,PHL,1994,-4.03229461116698,25.4845333915397,4.37366591819077,10.3864734299517,26.7347778496205,3.767,-2.5909996401773556
Philippines,PHL,1995,-2.33919983744538,32.8652175359862,4.62522511739661,6.83199610989534,23.8741403905504,3.68,-2.660012744238277
Philippines,PHL,1996,-4.17652404044575,42.8727859095023,5.8603478716379,7.4761037778791,23.7315080636429,3.607,1.950782568566987
Philippines,PHL,1997,-4.62349405712408,49.4011069654297,5.18641167406165,5.59025939650601,23.1076554163027,3.592,12.414349706223655
Philippines,PHL,1998,2.07537904684556,41.9926044672978,-0.514090599541888,9.23493432267121,8.56631126777686,3.697,38.75852224769341
Philippines,PHL,1999,-3.35706942771647,37.3279299100996,3.34645118398267,5.93904901780808,16.8821846993211,3.751,-4.411670605803918
Philippines,PHL,2000,-2.66284885287764,35.6071396041854,4.38250500083399,3.9771250324928,8.12076492690662,3.77,13.055511378099377
Philippines,PHL,2001,-2.21740069327136,36.2651173043754,3.04923134463486,5.34550195567142,9.98569242748058,3.698,15.38821852247848
Philippines,PHL,2002,-0.334490425515421,33.6639599838555,3.71625500158383,2.72277227722765,9.96845059499668,3.616,1.1980484769210928
Philippines,PHL,2003,0.327439073939328,31.9483733559218,5.08691113513073,2.28915662650607,4.28727600967241,3.527,5.037959262505617
Philippines,PHL,2004,1.71049031113279,31.0092116533596,6.56922851180626,4.82921083627795,10.7233201286362,3.554,3.3883217514297446
Philippines,PHL,2005,1.8529075905422,27.8965736381251,4.94250511877678,6.51685393258433,6.84220070988929,3.795,-1.7031163798423474
Philippines,PHL,2006,5.4545225788942,27.4706949162292,5.31641682136939,5.4852320675105,23.453614135034,4.052,-6.84612055291619
Philippines,PHL,2007,5.17497335468166,27.6390233179632,6.51929155018938,2.90000000000003,9.60570645544364,3.434,-10.067143253848137
Philippines,PHL,2008,0.0792959465366613,27.8760610609157,4.34448730509183,8.26044703595725,10.0409030903463,3.72,-3.954858494015623
Philippines,PHL,2009,4.80078349700448,27.8966684153138,1.44832306275669,4.21903052064628,8.63839150729624,3.858,7.572544874551504
Philippines,PHL,2010,3.44540917722718,28.3324788107778,7.33449996034538,3.78983634797591,10.8970827706007,3.605,-5.390186800246073
Philippines,PHL,2011,2.40919069913571,30.497639750655,3.85823282795663,4.7184170471842,5.30674976285661,3.592,-3.9825773234945716
Philippines,PHL,2012,2.65327822085759,31.9053759841345,6.89695171050985,3.02696391124796,6.977796231859,3.504,-2.5034949343760204
Philippines,PHL,2013,4.00964958369035,34.3357279070115,6.75053130142255,2.58268766141795,29.329502551069,3.497,0.5147911445140424
Philippines,PHL,2014,3.6156391335833,37.5782838049623,6.34798748260867,3.59782343864211,12.437500484563,3.6,4.591624621413247
Philippines,PHL,2015,2.37094985955594,39.9037835751424,6.34830971672761,0.674192536845408,9.19582460552392,3.068,2.4950597768918352
Philippines,PHL,2016,-0.376262661565376,42.8645179928199,7.14945675000752,1.25369880080982,13.3262730338008,2.695,4.372526899192691
Philippines,PHL,2017,-0.652387929422697,45.6051977878358,6.9309883258402,2.85318772590947,11.4231249478661,2.552,6.12993241176336
Philippines,PHL,2018,-2.55939306312468,47.5627907969006,6.34148557153473,5.30934661627707,8.9991457447848,2.338,4.479253058088787
Philippines,PHL,2019,-0.808557862529767,47.9736686643137,6.11852566221303,2.39206534422404,9.84392163909669,2.237,-1.6437975630205475
Philippines,PHL,2020,3.20065009232565,52.0356914003601,-9.51829474045297,2.3931623931624,8.65773205885667,2.522,-4.192786628406574
Philippines,PHL,2021,-1.50797765976295,49.9413249106511,5.71473313185116,3.92718022100332,7.98026843394554,3.398,-0.7445944683244116
Philippines,PHL,2022,-4.51605763317134,48.8730299164324,7.58098212785563,5.82115811213955,7.82033923932235,2.598,10.60446810898497
Philippines,PHL,2023,-2.834121138482,48.3110407107995,5.51894967856043,5.97802515541409,7.82033923932235,2.2,2.1156832427665653
Philippines,PHL,2024,-4.0212789718349,49.8449977717705,5.71474526128652,3.21260487006347,7.82033923932235,2.202,2.9845065726412505
Poland,POL,1990,4.64853694341554,18.8646536473107,-7.01557879301123,567.878800666191,164.871294962762,13.621,0.0
Poland,POL,1991,-2.50991404542249,21.4143370074283,-7.01557879301123,76.7694992087347,37.8998143194013,13.621,11.326929824561061
Poland,POL,1992,-3.29032970311139,19.3649105959837,2.51497861350261,46.0985621037431,55.6730590897289,13.645,28.842267164751927
Poland,POL,1993,-6.02645744303895,19.1079809727352,3.73831029461471,36.9641666120718,35.9925085601138,14.393,32.939898677326255
Poland,POL,1994,0.57218339303966,16.6512280436149,5.292802066626,32.9912766093523,38.0774163705557,14.825,25.43642549714872
Poland,POL,1995,0.59787790958511,16.4466295784122,7.92965956313934,27.951388563304,35.619223096953,13.695,6.7204257697489735
Poland,POL,1996,-2.02968632371393,18.7404974536866,6.09387747385628,19.7949669196707,31.2165282432749,12.684,11.18014556801093
Poland,POL,1997,-3.59238073994115,20.4753120938935,6.35890635030509,14.91315861496,29.0565165270319,10.964,21.63093604342087
Poland,POL,1998,-3.93707818430142,22.2526025335864,4.62161133761769,11.5978554257236,25.1769370060184,9.935,5.980204058295001
Poland,POL,1999,-7.31498200628172,25.0882824426354,4.69918479192557,7.15407291179853,19.5886267463975,12.29,14.148251520208605
Poland,POL,2000,-5.98021918224644,26.3184060430855,4.65633252988236,9.90017538843065,11.5569243117687,14.928,9.55271786964906
Poland,POL,2001,-3.09972932809545,23.447383588542,1.23374464400356,5.4083354556615,14.6129553731936,18.435,-5.802361901255737
Poland,POL,2002,-2.77624121851834,12.8291653983995,1.90119437968586,1.90528215048054,-1.99707456599409,20.211,-0.3387153244258429
Poland,POL,2003,-2.50410381576022,13.2892297773767,3.52337117234833,0.682701375787632,5.36949000194597,19.899,-4.680313069337591
Poland,POL,2004,-5.96912639653316,26.1595858062025,5.09079546409544,3.38264681884699,3.78793913645125,18.822,-5.950858066078188
Poland,POL,2005,-3.30488692842897,27.0410644190586,3.26082274679216,2.18379872390251,15.0432299943437,17.592,-11.541817701296763
Poland,POL,2006,-4.64906335604984,31.0991032956795,6.20210710934373,1.28469394366416,15.9643286094573,13.794,-4.089806262845851
Poland,POL,2007,-6.68396289819493,37.0571618338196,6.7604478527626,2.4587431238539,13.3888408828446,9.551,-10.802166609824841
Poland,POL,2008,-6.74648774312839,47.1055525375866,4.38377069274605,4.16497193524779,18.6256285343931,7.069,-12.95935018094004
Poland,POL,2009,-3.94518857698649,46.9151175740235,2.61512859291683,3.79539242483399,8.10530897738018,8.131,29.507210083394114
Poland,POL,2010,-5.16657584018312,48.8721256893143,3.16892748258036,2.58069370250548,8.8052427696708,9.578,-3.3601572578169314
Poland,POL,2011,-5.11055687403888,51.483789287918,5.25546256612796,4.23940149625932,12.4864735187227,9.576,-1.7395357749550593
Poland,POL,2012,-4.11182485634079,50.3251056254246,1.51178167644575,3.56037151702793,4.5279739715802,10.031,9.912554100540698
Poland,POL,2013,-1.98155143805472,51.6642772358478,0.684240607051805,0.991982606332335,6.23944554661758,10.293,-2.9456094783576696
Poland,POL,2014,-2.97288032663133,52.623549823882,3.92050862390032,0.0538213132399802,8.18416124988891,8.971,-0.19220932623907927
Poland,POL,2015,-1.3254755565429,53.314886900933,4.43176700264478,-0.874125874125862,9.06207448787462,7.475,19.494379796325276
Poland,POL,2016,-1.06875798055693,54.3456987288045,3.03117767594847,-0.664767331433962,9.5661682772187,6.141,4.596984569129596
Poland,POL,2017,-1.18631971999704,52.27429793934,5.15245773325907,2.07593553673859,4.65390466030542,4.867,-4.14554861836206
Poland,POL,2018,-1.96597258830492,51.8969895049653,6.2458584723942,1.81295156542689,9.16474185064737,3.835,-4.435085553007421
Poland,POL,2019,-0.272945793712772,50.2277295457207,4.58045817256199,2.22747880938291,8.26404951360684,3.267,6.303327595833837
Poland,POL,2020,2.39835922164097,49.2665185159479,-2.03556882399977,3.37446972618589,16.4293093435368,3.155,1.5723045200500083
Poland,POL,2021,-1.30156521580162,45.7278891219221,6.92718266052501,5.05502704719272,8.91363801981589,3.268,-0.9699360427720574
Poland,POL,2022,-2.27455866454271,39.3159295032007,5.25545697386036,14.4294507575758,5.24723702348228,2.811,15.428651576289646
Poland,POL,2023,1.53683077845046,34.7075227346327,0.249610834017872,11.5289127961105,8.53585796595824,2.743,-5.699987475019987
Poland,POL,2024,0.30454349270969,33.5857900188097,3.02841630700273,3.79060897630197,9.24118159464556,2.807,-5.302117199270643
Portugal,PRT,1990,-0.230455705701949,115.00275429921,3.95052317228428,13.6305705693074,18.3987878172736,3.919,0.0
Portugal,PRT,1991,-0.802786937062783,115.00275429921,4.36820616663232,11.8494841773674,18.5750576280755,3.919,1.351936712035191
Portugal,PRT,1992,-0.171236849197464,115.00275429921,1.08947689832507,9.55926033177516,16.8624949702528,3.985,-6.564254832205392
Portugal,PRT,1993,0.245135265861298,115.00275429921,-2.04327729359404,6.78377994665408,17.7941110732386,5.301,19.113160458130842
Portugal,PRT,1994,-2.20261544389875,115.00275429921,0.964838285067799,5.42044019241626,19.6672925694495,6.709,3.2292194231143814
Portugal,PRT,1995,-0.111582055664553,115.00275429921,4.28278017236022,4.22281614099488,15.5931841953706,7.064,-8.968612148243855
Portugal,PRT,1996,-4.0005138112894,115.00275429921,3.50424653058748,3.06897732509786,14.8461254667665,7.298,2.076782608781457
Portugal,PRT,1997,-5.66728405930872,115.00275429921,4.40086766458026,2.33686298314114,16.4017000197281,6.571,13.659415956335586
Portugal,PRT,1998,-6.76039275351895,115.00275429921,4.80796318953165,2.57275225909131,11.3581980959744,4.64,2.7334254564757217
Portugal,PRT,1999,-8.85368265057396,115.00275429921,3.90657779623113,2.34009490312169,13.5583402571813,4.579,-99.47903401825691
Portugal,PRT,2000,-10.8233299998961,115.00275429921,3.81617714108242,2.85303039287156,12.3247819807429,3.806,15.392157567337462
Portugal,PRT,2001,-10.4344116184086,115.00275429921,1.94367213427915,4.36990330551792,13.816160330387,3.829,3.124396929694833
Portugal,PRT,2002,-8.31755894208289,119.052209613682,0.770924781247714,3.60034658290915,11.2609118719366,4.497,-5.281893583200162
Portugal,PRT,2003,-6.66692325748196,120.671996162222,-0.930521045062918,3.21899090682895,12.6429879971001,6.132,-16.406750797985868
Portugal,PRT,2004,-7.9833939998949,121.19077411841,1.78873552917291,2.365362040973,13.4716639858768,6.319,-9.063567367038319
Portugal,PRT,2005,-9.60021052870913,124.773021846414,0.781847569123585,2.27716394887838,14.40286140937,7.582,-0.015107888500853414
Portugal,PRT,2006,-10.2302140524554,133.41295217927,1.62503532956156,3.1076654587105,17.830628514143,7.649,-0.9165786826361264
Portugal,PRT,2007,-9.65792414363098,142.235675042564,2.50657937751231,2.45396528138746,17.1656742541219,7.965,-8.382419301811138
Portugal,PRT,2008,-11.8598002235991,151.481176609982,0.319247344434558,2.58850657657956,14.8922041933974,7.553,-6.8180898636756915
Portugal,PRT,2009,-10.3235445210729,159.861301937173,-3.12207827545093,-0.835530021504157,10.4560909446993,9.432,5.446946110266462
Portugal,PRT,2010,-10.2611634070617,155.388888349273,1.73762453640036,1.40257289895372,12.4857998554167,10.771,5.209692006207694
Portugal,PRT,2011,-6.11854777822697,156.062341019849,-1.71352745905065,3.6530110043073,11.9424460401465,12.715,-4.758672099029562
Portugal,PRT,2012,-1.52721549957903,152.728675156307,-4.05090267621935,2.77333854051576,10.3007746397346,15.509,8.341183526073815
Portugal,PRT,2013,1.53973827822347,142.933688214656,-0.984106574148328,0.274416666666663,10.6763160454565,16.237,-3.2624635808943454
Portugal,PRT,2014,0.315317528197345,129.651173714521,0.741391420706506,-0.278153367467428,9.26752299008154,13.88,-0.028810302750162588
Portugal,PRT,2015,0.508297093307309,120.048513231382,1.58979803702681,0.48793862390472,9.19582460552392,12.405,19.737300534231938
Portugal,PRT,2016,1.42555528145605,111.328568595891,2.00414129666575,0.607397074641719,8.47696815179376,11.058,0.23577291943845474
Portugal,PRT,2017,1.56389644169824,102.855290609028,3.31472008175986,1.36861411643482,8.29633161273095,8.878,-2.0163267393074893
Portugal,PRT,2018,0.7276825303456,97.0963051936704,2.94628343449202,0.993715683468233,7.10415817034185,6.966,-4.341685721816104
Portugal,PRT,2019,0.765771121812591,93.35554945374,2.74568432648596,0.338178410046124,8.19219834569514,6.422,5.491862428450424
Portugal,PRT,2020,-0.629832722737583,104.074185342131,-8.20463159324387,-0.0124383299576209,13.1910292122895,6.85,-1.9892905401682457
Portugal,PRT,2021,-0.67221074365241,98.848509456936,5.55875672070374,1.26565719069044,10.8672085465442,6.712,-3.427988441980449
Portugal,PRT,2022,-2.08477766426278,89.4563111808935,6.98584137580278,7.83269124233323,7.82033923932235,6.138,12.31582922658001
Portugal,PRT,2023,0.55352409256356,80.2271063662543,3.09998745904281,4.31128191898681,7.5370802876684,6.498,-2.609896246155402
Portugal,PRT,2024,2.07520783148021,77.118172685653,2.21459232301109,2.41613187791876,8.32354431836197,6.5,-0.1027218553088201
Qatar,QAT,1990,31.0675107947676,36.9718945954016,3.41446208112872,3.0009680542111,-4.57041483069016,0.87,0.0
Qatar,QAT,1991,31.0675107947676,53.2551085568327,-1.66223257584981,4.41729323308255,2.35207517227838,0.87,0.0
Qatar,QAT,1992,31.0675107947676,65.0797643000862,11.3305277401187,3.06030603060311,7.95424500376478,0.87,0.0
Qatar,QAT,1993,31.0675107947676,42.0606525911708,-1.32513607105912,-0.8733624454148,12.4015762442606,0.87,0.0
Qatar,QAT,1994,31.0675107947676,35.5914018552323,1.41870838953481,1.32158590308376,9.05796672390313,0.87,0.0
Qatar,QAT,1995,31.0675107947676,34.6961717642293,2.3992362961452,2.9565217391303,1.10050600473429,0.87,0.0
Qatar,QAT,1996,31.0675107947676,31.1271834061135,4.3739105695453,4.90453460620532,5.56185054909647,0.87,0.0
Qatar,QAT,1997,31.0675107947676,30.5500437700613,30.0120397093796,4.83448981913322,9.86457888203813,0.87,0.0
Qatar,QAT,1998,31.0675107947676,38.755960353603,11.2186524616371,2.9513888888889,8.04211832582433,0.87,0.0
Qatar,QAT,1999,31.0675107947676,34.7629181352663,4.28406436325426,2.18170320404723,11.3533992482782,0.87,0.0
Qatar,QAT,2000,31.0675107947676,26.848992977137,8.02812548837973,1.65033522434232,10.6761552139542,0.87,0.0
Qatar,QAT,2001,31.0675107947676,34.8932847744361,3.89814748805541,1.47133434804683,38.4546478834056,0.87,0.0
Qatar,QAT,2002,31.0675107947676,28.678248964304,7.18252331136711,0.239999999999952,8.84691844662189,0.87,0.0
Qatar,QAT,2003,31.0675107947676,29.9881582480184,3.7199194981967,2.26456504389469,5.52017338370536,0.87,0.0
Qatar,QAT,2004,31.0675107947676,28.9848665073759,19.2185032411244,6.79933665008279,20.7789579645462,0.87,0.0
Qatar,QAT,2005,31.0675107947676,33.7215866396037,7.49272803754515,8.81439532334683,42.8576715487474,0.87,0.0
Qatar,QAT,2006,31.0675107947676,35.9974581586654,26.17039955781,11.8358096197431,39.6341683819749,0.87,0.0
Qatar,QAT,2007,31.0675107947676,41.576984053131,17.9852165615129,13.7581625759964,39.5398034194089,0.52,0.0
Qatar,QAT,2008,31.0675107947676,40.8012827051685,17.6630346842674,15.0501451570333,19.689472773007,0.31,0.0
Qatar,QAT,2009,31.0675107947676,51.7351086840494,11.9575512911227,-4.86327801622565,16.8890305685668,0.31,0.0
Qatar,QAT,2010,31.0675107947676,44.7018151478225,16.7315558489187,-2.42525675161714,23.0768603816153,0.45,0.0
Qatar,QAT,2011,31.0675107947676,39.7530248795648,13.0214050496923,1.13836623529202,17.0937358668027,0.56,0.0
Qatar,QAT,2012,33.1847245628586,37.1284423583344,4.62623675511804,2.31534853431661,22.9340087887797,0.48,0.0
Qatar,QAT,2013,30.4240457483909,40.0053399938718,4.43070196521455,3.22197756829293,19.5935127424614,0.28,0.0
Qatar,QAT,2014,23.9592611415734,46.096808613041,4.11911527912761,3.34972085659523,10.600926847831,0.2,0.0
Qatar,QAT,2015,8.50181028353524,70.8424801221283,4.75334572438737,1.8140772393776,3.44390039442949,0.17,0.0
Qatar,QAT,2016,-5.45006694867961,79.7605885769573,3.06419188430156,2.6765917009819,-4.57153882214739,0.15,0.0
Qatar,QAT,2017,3.98856887721847,80.0817007882657,-1.49760470227838,0.394878914083005,21.2611263498805,0.14,0.0
Qatar,QAT,2018,9.08293669883969,80.4368398170897,1.23487220191065,0.255815382724408,-6.51782057332722,0.11,0.0
Qatar,QAT,2019,2.41529709778,100.636146762775,0.688240954592672,-0.666641124861147,2.4814433483213,0.1,0.0
Qatar,QAT,2020,-2.06750647346493,138.857842947295,-3.5576039896784,-2.5403150300476,3.7860600365632,0.14,0.0
Qatar,QAT,2021,14.6435967825643,123.316618339598,1.62684671918775,2.30446565742003,1.43580350369261,0.14,0.0
Qatar,QAT,2022,26.7778361978623,101.083984278189,4.18500970982862,4.99527553740761,17.4168361133101,0.13,0.0
Qatar,QAT,2023,17.1136863378173,118.075783234072,1.18715991623776,3.02764899198902,1.14400394803619,0.13,0.0
Qatar,QAT,2024,17.5152925396793,120.965896493385,3.10963283242745,1.26734310292375,-0.615479990119774,0.13,0.0
Romania,ROU,1990,-8.50766056649959,10.9909814975807,-12.9182107298211,230.622494900178,30.091571564055,8.23,0.0
Romania,ROU,1991,-3.50772176596034,10.9909814975807,-12.9182107298211,230.622494900178,104.024228731035,8.23,240.5267752660814
Romania,ROU,1992,-5.99482518410403,10.9909814975807,-8.7672284522824,211.205587610082,94.6955410689567,8.26,303.14755843852606
Romania,ROU,1993,-4.45352169616387,10.9909814975807,1.52883449664077,255.166861826698,172.166739794017,8.251,146.8071461043883
Romania,ROU,1994,-1.42321276155065,10.9909814975807,3.93194272962506,136.759392815441,125.446872228094,8.17,117.75988667424619
Romania,ROU,1995,-4.73949323312222,10.9909814975807,6.23351148371351,32.2424847257597,69.6181851202503,8.01,22.85017443707608
Romania,ROU,1996,-6.96048631418109,10.9909814975807,3.90770208816159,38.8293013382852,69.545192861255,6.74,51.68711738159833
Romania,ROU,1997,-5.91423004615668,8.29243806887032,-4.8490627379703,154.763480436309,113.429675280403,5.515,132.40719350478167
Romania,ROU,1998,-6.99585947248816,11.6679231619366,-2.02981290571721,59.0965827541167,53.7488459259463,5.63,23.823186381216583
Romania,ROU,1999,-3.60747182475184,7.98718944099379,-0.376660705758994,45.8037811326363,50.399082875287,6.239,72.75315751813669
Romania,ROU,2000,-3.63721875382544,7.12522458023743,2.4612634592269,45.6665940440238,40.8097757749873,6.969,41.58319249997465
Romania,ROU,2001,-5.51799372952363,8.65337656761909,5.21813625673708,34.4770123493527,18.0222525396628,6.561,33.86690026454456
Romania,ROU,2002,-3.31050332793727,10.0898585093074,5.70299165043771,22.5398862605386,46.597095917485,8.112,13.745800111547654
Romania,ROU,2003,-5.72774106022585,14.1322681192345,2.34114732919521,15.2734889936255,21.0723332251961,6.95,0.43757056959567076
Romania,ROU,2004,-8.5123232185601,15.7819282736445,10.4281130180976,11.8743635936399,48.4211786467663,7.719,-1.6972930655142926
Romania,ROU,2005,-8.67463205439942,20.0582548606141,4.6681480508487,9.01491283343835,20.0428905695894,7.174,-10.724279069168695
Romania,ROU,2006,-10.6661036918406,26.005425621115,8.02881107599163,6.55851412276983,14.1267416359139,7.27,-3.5923916590623683
Romania,ROU,2007,-13.7032326042104,33.9999546690076,7.23380774362805,4.83732928313989,33.8338795224371,6.413,-13.198132183055444
Romania,ROU,2008,-11.658522565437,35.9149171389437,9.30746717077338,7.85080255714482,17.4937177869345,5.787,3.3059913189102867
Romania,ROU,2009,-4.72925693261463,37.0085626096682,-5.51670615843011,5.58742004264393,9.03332207552948,6.859,21.059805533591767
Romania,ROU,2010,-4.98543687917279,38.2860073711137,-3.90581157302972,6.09141668601891,6.81737053267701,6.959,4.216506931861972
Romania,ROU,2011,-4.81588301986923,37.4326073949952,4.49558909946313,5.7892532881588,6.46701411725749,7.177,-4.068462401795844
Romania,ROU,2012,-4.57804292376289,35.9605697947908,1.90361696799603,3.33492267693442,2.84245222608059,6.794,13.763383839074233
Romania,ROU,2013,-1.13746709997941,34.1696505303704,0.278771877470234,3.9847123554813,8.80537482390374,7.096,-4.044845549083963
Romania,ROU,2014,-0.341464408053705,31.085760270442,4.11600109267832,1.06830987684298,8.33017368215694,6.802,0.6387880305495371
Romania,ROU,2015,-0.637491637323502,29.9038145680168,3.1570360543854,-0.594156437495203,9.39346661416349,6.812,19.60159342723687
Romania,ROU,2016,-2.10324885883263,28.5586243050561,2.85993252302089,-1.54479666813897,9.74068452525915,5.901,1.3360239660481725
Romania,ROU,2017,-3.19415712159883,26.6684604630278,8.19547826641261,1.3390212110439,11.4076738933702,4.927,-0.16485253601921812
Romania,ROU,2018,-4.60748728741797,25.6917391714929,5.39452228185675,4.62548443137779,8.88797985953742,4.187,-2.7359710795208
Romania,ROU,2019,-4.86977887140916,24.71556311196,3.96028958497598,3.82785432599438,10.905108739629,3.912,7.517431510759021
Romania,ROU,2020,-5.14044816549564,25.8547218167581,-3.59802546034757,2.63107311184743,15.3130692590717,5.035,0.14315181761522433
Romania,ROU,2021,-7.21432085371446,26.4890320985714,5.58735072538869,5.05232876096582,15.814728647084,5.59,-1.9692545736229323
Romania,ROU,2022,-9.25302809964964,25.2220369814974,4.18771305104109,13.7954887432521,6.84221114412418,5.614,12.692438657987164
Romania,ROU,2023,-7.03377443891132,23.2502304421426,2.25773416555121,10.3971874764996,10.5042570699552,5.589,-2.43540454696528
Romania,ROU,2024,-8.16757110224326,22.7281195412098,0.916003764382594,5.72140574354439,11.3119357455221,5.4,0.526493172895546
Russian Federation,RUS,1990,2.26332668866148,16.8377718530329,-2.99999564243126,874.245720380188,33.7560699107806,5.11,0.0
Russian Federation,RUS,1991,2.26332668866148,16.8377718530329,-5.04693945142462,874.245720380188,33.7560699107806,5.11,0.0
Russian Federation,RUS,1992,2.26332668866148,16.8377718530329,-14.5310737729264,874.245720380188,33.7560699107806,5.181,0.0
Russian Federation,RUS,1993,2.26332668866148,16.8377718530329,-8.66854034260423,874.245720380188,33.7560699107806,5.883,0.0
Russian Federation,RUS,1994,2.26332668866148,16.8377718530329,-12.5697559802151,307.722635553193,33.7560699107806,8.131,0.0
Russian Federation,RUS,1995,1.88045783512905,16.8377718530329,-4.1435284052602,197.414268084251,33.7560699107806,9.449,0.0
Russian Federation,RUS,1996,2.57898342400441,16.8377718530329,-3.7550694383594,47.7520122009939,33.7560699107806,9.665,416.38655462184823
Russian Federation,RUS,1997,-0.206268282708236,16.8377718530329,1.3999158052963,14.761329268806,33.7560699107806,11.813,12.966639544345208
Russian Federation,RUS,1998,0.026225709921156,16.8377718530329,-5.2999616266239,27.6856798076742,33.7560699107806,13.261,67.76772595004152
Russian Federation,RUS,1999,11.6664565462153,16.8377718530329,6.39991469144101,85.7464940960636,33.7560699107806,13.036,153.68045955298348
Russian Federation,RUS,2000,17.4742424828314,16.8377718530329,10.0000668136515,20.7987606558704,33.7560699107806,10.581,14.25378115535277
Russian Federation,RUS,2001,10.4545347443772,16.8377718530329,5.10005122572568,21.4770072117159,33.7560699107806,8.978,3.6949488964596626
Russian Federation,RUS,2002,7.9523289090993,17.9723927796501,4.69999190914258,15.7887307914463,33.7560699107806,7.875,7.4736666778086995
Russian Federation,RUS,2003,7.69799200510312,21.2435670578541,7.29995234528189,13.6632930228666,38.5350352991115,8.21,-2.0940672834250833
Russian Federation,RUS,2004,9.90832254287658,24.3164009497689,7.19994786954857,10.8886157326216,33.735150491509,7.763,-6.119776500029895
Russian Federation,RUS,2005,11.0454169715192,25.9225395243251,6.39996544799469,12.6853039507349,36.1353041567373,7.124,-1.8369707277979874
Russian Federation,RUS,2006,9.32544491399994,30.9419240283111,8.20006825456321,9.66865454789265,40.3887209914881,7.055,-3.866024106892928
Russian Federation,RUS,2007,5.55457619335894,37.783577717454,8.49997776916511,9.00729868861079,41.0978788956037,6.002,-5.92150135370207
Russian Federation,RUS,2008,6.25797161157479,41.5540438231948,5.19996926404957,14.1107677840442,14.129346966484,6.205,-2.8457635276749853
Russian Federation,RUS,2009,4.12086933736946,45.260909297208,-7.79999391271275,11.6473295764118,17.3164659422601,8.301,27.713024482412195
Russian Federation,RUS,2010,4.4233366535099,42.8400452491127,4.49999999920672,6.84939230255025,24.5103624911795,7.407,-4.323968181499958
Russian Federation,RUS,2011,4.75452652542426,41.6986059819676,4.30002918604238,8.4404648593257,19.5846469667138,6.571,-3.245444925659758
Russian Federation,RUS,2012,3.22793090052757,43.9139602428073,4.0240861571798,5.07474300799149,13.0583902913371,5.484,4.960428315299223
Russian Federation,RUS,2013,1.45817388483059,48.0247500537777,1.75542214916291,6.75466833903486,16.0313236476773,5.513,3.233844818756424
Russian Federation,RUS,2014,2.79290979175164,54.8322798937112,0.736267221403651,7.82016970013845,14.8276498781065,5.212,20.54538427831682
Russian Federation,RUS,2015,4.97088857375125,55.9520226893608,-1.9727192264298,15.5343959935701,19.7170330182523,5.615,58.78190942997246
Russian Federation,RUS,2016,1.91643731021353,53.1024738337766,0.193671130698817,7.04243725413707,-0.924467735122182,5.591,10.040234917993846
Russian Federation,RUS,2017,2.04412673615753,52.0765975053134,1.82670527549192,3.68333072334495,7.41111146041277,5.238,-12.99382726484269
Russian Federation,RUS,2018,6.97989872935135,51.2433106717876,2.80634082046656,2.87831382614981,12.3191096655941,4.871,7.413651830726298
Russian Federation,RUS,2019,3.87612476973049,52.5614289246344,2.19807571381982,4.47202631837903,5.1039386595789,4.513,3.3023562214499718
Russian Federation,RUS,2020,2.36911533657246,59.5836264990744,-2.65365449695453,3.38219796948068,16.656413911723,5.62,11.380161392409548
Russian Federation,RUS,2021,6.83107025995823,54.6422447762479,5.866491772979,6.69445891957612,16.656413911723,4.749,2.148871280029636
Russian Federation,RUS,2022,10.370132157734,54.6422447762479,-1.43537063467896,13.7436797398232,16.656413911723,3.867,-7.018469830136706
Russian Federation,RUS,2023,2.41395767974471,54.6422447762479,4.06661395813023,5.86571931748967,16.656413911723,3.076,24.351435893510796
Russian Federation,RUS,2024,2.85909027069263,54.6422447762479,4.92167966203073,8.43486410496723,16.656413911723,2.43,8.678038260605492
Rwanda,RWA,1990,-6.59491458452678,6.92065555462635,-2.39929109760368,4.18576372649948,5.59340301109034,12.335,0.0
Rwanda,RWA,1991,-6.59491458452678,5.11970028407879,-2.51437965434005,19.6371658148373,5.54157202846549,12.335,49.531805432551444
Rwanda,RWA,1992,-6.59491458452678,5.6751606061602,5.87272524167311,9.56041187600816,12.4401542557637,12.114,7.010256638117005
Rwanda,RWA,1993,-6.59491458452678,6.32914518379824,-8.10869188180605,12.3543887630448,2.52212600808057,12.155,7.688924995746738
Rwanda,RWA,1994,-6.59491458452678,9.88227976584186,-50.2480671035291,12.3543887630448,-3.71769543276015,12.236,-2.449560491814334
Rwanda,RWA,1995,-6.59491458452678,8.41488265126011,35.224078310176,12.3543887630448,69.5481230284336,11.938,86.33624309315319
Rwanda,RWA,1996,-6.59491458452678,6.80643599035943,12.7456957642204,7.41137173526642,8.61065597822553,11.507,17.02546014616257
Rwanda,RWA,1997,-6.59491458452678,8.09027398245172,13.8497524852284,12.0154225195686,29.0576122672508,11.087,-1.7241976837667052
Rwanda,RWA,1998,-6.59491458452678,8.75921422164865,8.85866949472509,6.2100670945581,3.52124310586361,11.255,3.5765202656299024
Rwanda,RWA,1999,-6.59491458452678,8.36366873108602,4.35188831823314,-2.40593209742259,7.89570853919811,11.569,6.925026411045327
Rwanda,RWA,2000,-6.59491458452678,8.7322554914854,8.37089593573039,3.89952980284712,15.6266947199757,11.699,16.695804717142344
Rwanda,RWA,2001,-6.59491458452678,9.07881915008174,8.48456034086699,3.34285506749409,4.29818981530158,11.732,13.676210525181592
Rwanda,RWA,2002,-6.59491458452678,9.42435180688602,13.1920736288433,1.99258542453993,14.8957963789764,11.432,7.3078877083284315
Rwanda,RWA,2003,-6.59491458452678,8.92957351693816,2.2023875095978,7.44970014007366,17.5369295472278,11.658,13.103554409014098
Rwanda,RWA,2004,-6.59491458452678,9.8312525515906,7.44766737037035,12.2507102894391,17.6467335741438,11.699,7.401398845364827
Rwanda,RWA,2005,-6.59491458452678,10.3108984751212,9.37789916585375,9.01408918092339,19.0919326205989,11.842,-3.3987996684026767
Rwanda,RWA,2006,-6.59491458452678,11.9327005011458,9.22707576994632,8.88282654777923,26.3331142593499,11.586,-1.095743874513218
Rwanda,RWA,2007,-6.59491458452678,12.1907655923558,7.63329819042882,9.08072205873158,33.4124217930679,11.58,-0.8619257327668853
Rwanda,RWA,2008,-6.59491458452678,13.5187847164106,11.161247324054,15.4382138709255,17.1474641014466,11.517,-0.019443433798589916
Rwanda,RWA,2009,-6.59491458452678,11.3018498266274,6.24825750704265,12.9443978401712,3.94593636689796,11.625,3.919306291156731
Rwanda,RWA,2010,-6.59491458452678,11.6289209517341,7.33465645016436,-0.246128693436934,20.1783464045638,11.637,2.613068395674041
Rwanda,RWA,2011,-7.01210099491847,13.4264051800974,7.95838869909085,3.0801706924026,28.9650957455205,11.756,2.945412937774473
Rwanda,RWA,2012,-9.80611353197011,15.9559795125482,8.64150815708138,10.2710182318876,13.1923723833464,11.671,2.3302466667349515
Rwanda,RWA,2013,-7.5847109694642,16.4386483211969,4.71984856950924,5.92426867984854,12.1284804686026,11.768,5.264705814879569
Rwanda,RWA,2014,-11.4959567599592,17.8667298740274,5.66845354233575,2.35449052820358,17.1681093274131,11.837,5.536626834778749
Rwanda,RWA,2015,-12.8289720052254,21.2400979698114,8.87036752872743,2.52850284192421,20.1654811902704,11.831,5.4835415572567
Rwanda,RWA,2016,-15.4804167816287,20.7096758259056,5.65874584202778,7.17434301982009,8.47696815179376,11.788,9.361821446294602
Rwanda,RWA,2017,-9.5518296297394,20.7932652815292,4.70393439751061,8.27953672260832,9.18779716351721,11.875,5.62753030969292
Rwanda,RWA,2018,-10.1014050361481,21.3727050105642,8.07084254621641,-0.311210160390699,18.931607563513,10.759,3.5522720530263405
Rwanda,RWA,2019,-11.7010514056445,21.1137845177269,9.28613387454543,3.34787655037648,10.2097381232914,11.236,4.442850948896612
Rwanda,RWA,2020,-11.7050024980473,24.3039679316864,-2.77710485515125,9.85039902274207,21.4279673585105,11.829,4.884362517958722
Rwanda,RWA,2021,-10.7463785818259,24.951035475528,8.41140448646523,-0.391346748300791,18.2715266588691,15.775,4.807358601552945
Rwanda,RWA,2022,-9.07221418802756,22.1299532676551,9.82497394651698,17.6892095588153,22.9141984849566,15.084,4.216310668521475
Rwanda,RWA,2023,-11.1249965993558,21.6378024625462,8.55964292914153,19.789546746467,24.7623627315429,12.352,12.597238568342457
Rwanda,RWA,2024,-11.9618864449723,21.3238078981665,7.22717103344534,1.77029240198635,18.7637891605616,11.331,13.622087833267981
Samoa,WSM,1990,6.85366683064084,59.3708905878799,-4.42145088411849,15.2384632724695,19.2508624938393,2.1,0.0
Samoa,WSM,1991,-20.3493289883909,59.3708905878799,-2.30001238645001,-1.81919798798399,-1.87634319722268,2.1,3.886425607416065
Samoa,WSM,1992,-39.6781988739143,59.3708905878799,-0.199987145070338,9.03113792907172,0.716030662960155,2.439,2.7790206431095292
Samoa,WSM,1993,-28.3061414919853,59.3708905878799,4.09999101013889,1.71509123658868,1.43860823017732,2.689,4.147700510547417
Samoa,WSM,1994,2.60663883713026,59.3708905878799,-2.54210048090948,12.0803818909762,13.8522427440633,2.999,-1.3067898992192364
Samoa,WSM,1995,4.14970706933131,59.3708905878799,6.6736431464967,-2.90352865746142,24.3554461181924,3.244,-2.431246405789035
Samoa,WSM,1996,4.91291970769425,59.3708905878799,7.17896881783187,5.37461972030278,6.28385067846951,3.515,-0.45408066143659226
Samoa,WSM,1997,3.19720511092474,59.3708905878799,0.643425004323134,6.86182355310877,15.1506849315069,3.78,3.9476817140686147
Samoa,WSM,1998,7.45507593548312,59.3708905878799,2.19488971786478,2.21883468834654,2.48394004282655,4.127,15.17228512466899
Samoa,WSM,1999,-7.35722818333087,59.3708905878799,2.18543437397388,0.265120132560355,15.726424293077,4.489,2.2208996534628476
Samoa,WSM,2000,-7.35722818333087,59.3708905878799,5.09304469244418,0.966782350024729,16.3256299149414,4.733,9.067233415373668
Samoa,WSM,2001,-7.35722818333087,59.3708905878799,7.39012906172989,3.83828463867725,6.10147276928914,4.96,5.832545964339708
Samoa,WSM,2002,-7.35722818333087,59.3708905878799,5.65195919890348,8.0503144654087,10.2139002665626,4.975,-2.926417376097219
Samoa,WSM,2003,-7.35722818333087,59.3708905878799,5.21262892634149,0.115830115830107,13.9600047192072,5.038,-11.936896763557483
Samoa,WSM,2004,-6.4149464165414,59.3708905878799,3.0872602379675,16.3131507905901,8.32103941817429,5.162,-6.474902103001598
Samoa,WSM,2005,-9.96935129792268,59.3708905878799,6.63920361300734,1.85676392572949,15.6479977062028,5.212,-2.5312368527468028
Samoa,WSM,2006,-15.3383144136503,59.3708905878799,2.13212714677351,3.70008680555553,13.7507489514679,5.321,2.5442340578721887
Samoa,WSM,2007,-7.97773344777515,59.3708905878799,0.485982550017255,5.57706393219629,11.0068747559325,5.425,-5.8547807320803305
Samoa,WSM,2008,-8.45819641302631,57.1993974576489,3.55610467395,11.565906838454,7.37018644719511,5.538,1.0549605689846329
Samoa,WSM,2009,-1.78417614225031,57.0443221065739,-0.541677601834593,6.32495336235228,8.91895722247028,5.646,3.275206341506995
Samoa,WSM,2010,-9.0486988420524,61.9859405414786,6.1247199226125,0.777007268777692,6.41355689373419,5.621,-9.012884939380589
Samoa,WSM,2011,-10.9186849756524,63.5581420496614,3.84907794660396,5.23541591478434,-6.13377229888926,5.68,-6.728679277134394
Samoa,WSM,2012,-0.996591960794168,65.1250035342188,-3.73213020890266,2.0490188352116,-1.64373238608031,8.752,-1.0856684249503132
Samoa,WSM,2013,-5.60710703051041,67.8150583119762,0.107293276488932,0.61008572090503,6.39286573842655,8.772,0.8108881037370067
Samoa,WSM,2014,-5.83183311325534,72.8579015455698,0.659923768782861,-0.40681608842489,9.6162520964985,8.72,0.9030598919391855
Samoa,WSM,2015,-1.54215771746013,72.1232757494908,3.8503618166494,0.724470134874729,6.04369169149612,8.901,9.825366793550167
Samoa,WSM,2016,-4.55402357362581,75.6587264027233,7.9838628784713,1.30471869303179,9.15773946267502,9.063,0.15838284030447075
Samoa,WSM,2017,-1.07027554451417,77.6480471167447,1.40628239971301,1.74989677484705,15.2064476654641,9.4,-0.4114169789741964
Samoa,WSM,2018,2.68908513860988,81.5490928958181,-0.609647103380141,4.19745888663752,8.75890953842547,8.649,1.288096184030886
Samoa,WSM,2019,3.73223650537797,83.2552204336508,4.45185891688691,0.982326569888117,4.64090295627926,7.858,2.3788060228974675
Samoa,WSM,2020,-8.715956952862,87.0117425741679,-3.10864485863991,-1.56891247740895,5.3937475107916,7.467,0.6091197145588533
Samoa,WSM,2021,-13.3119414265584,94.8929662698081,-5.04350589708287,3.13320473174494,1.68986229504192,6.664,-4.085182088687834
Samoa,WSM,2022,-8.32318339446955,88.9388105226728,2.26705310780669,10.9618822286844,7.33278583124617,5.048,5.199550230415033
Samoa,WSM,2023,3.84428249094403,74.148912316548,15.233606465518,7.92164684826777,13.6771953531933,4.92,1.8386584670885604
Samoa,WSM,2024,5.57726960445615,69.9439291757097,4.7483863916535,2.17245530514377,8.87946110500979,4.855,0.5665480999611906
Sao Tome and Principe,STP,1990,-10.0923794082165,4.54506890490193,-2.1526457716534,35.81717824448,84.4751248507283,14.493,0.0
Sao Tome and Principe,STP,1991,-10.0923794082165,4.54506890490193,1.2010046399312,35.81717824448,84.4751248507283,14.493,0.0
Sao Tome and Principe,STP,1992,-10.0923794082165,4.54506890490193,0.699996987364386,35.81717824448,84.4751248507283,14.65,124.19244277955774
Sao Tome and Principe,STP,1993,-10.0923794082165,4.54506890490193,1.09999859547847,35.81717824448,84.4751248507283,14.46,33.77048245028285
Sao Tome and Principe,STP,1994,-10.0923794082165,4.54506890490193,2.20000158236296,35.81717824448,84.4751248507283,14.41,70.43644646924824
Sao Tome and Principe,STP,1995,-10.0923794082165,4.54506890490193,2.00000170678776,35.81717824448,84.4751248507283,14.342,93.86940032563076
Sao Tome and Principe,STP,1996,-10.0923794082165,2.95554728166002,1.50000107570656,35.81717824448,84.4751248507283,14.33,55.11502454045407
Sao Tome and Principe,STP,1997,-6.853428204033,2.85483258441036,0.996320930540918,35.81717824448,116.443855114899,14.414,106.63494763193411
Sao Tome and Principe,STP,1998,-14.5005148243491,4.51672729611422,2.49998790327494,50.4931357486254,2.80944866579012,14.398,51.1967905002355
Sao Tome and Principe,STP,1999,-22.359817347003,4.54408342043556,2.50000625631461,12.7251770130085,7.71509469043777,14.352,3.4244832807365913
Sao Tome and Principe,STP,2000,-26.3530521883155,4.37640303334019,0.448368261692949,12.2089456308977,24.8784697700852,14.4,12.069368762986121
Sao Tome and Principe,STP,2001,-35.5295840568537,4.35766613130282,3.06448295788719,9.22203707560889,36.3193633021509,15.73,10.82876548783225
Sao Tome and Principe,STP,2002,-31.2249951011705,5.67881865854742,3.360188168222,10.128724672229,25.3835125745413,17.63,2.784582600060209
Sao Tome and Principe,STP,2003,-27.7539600682048,10.036874831806,8.29151946119818,9.79241974934509,53.8254321574316,16.36,2.852652533149176
Sao Tome and Principe,STP,2004,-32.3272461423146,15.5207169133152,3.5379059435684,13.2858860871796,1.01821335058583,16.12,5.934590937051548
Sao Tome and Principe,STP,2005,-26.5288051595619,22.229377388692,6.61462475033599,17.1522049354354,45.3608834150938,16.47,6.621134146200487
Sao Tome and Principe,STP,2006,-40.3849806309735,26.1198803251185,8.86610935944026,23.0770373451381,31.4512920120145,16.65,17.90753437426821
Sao Tome and Principe,STP,2007,-43.1433732431771,30.7928682115687,3.64147185166024,18.5485136325779,34.2803481761027,16.021,8.740812502246726
Sao Tome and Principe,STP,2008,-49.7318439586792,27.6258018632268,6.2287850696102,31.9901039492573,36.8667168199013,15.421,8.55778705211626
Sao Tome and Principe,STP,2009,-39.2591791041684,32.6962257784767,3.30239966645061,16.9574758025945,8.2096507920431,15.136,10.29757618728379
Sao Tome and Principe,STP,2010,-46.0873607998782,39.1859416288133,1.44845522890635,13.34005235378,21.2123783161118,14.628,14.129357787935302
Sao Tome and Principe,STP,2011,-46.7031436146435,39.7466623532112,1.99943210333259,14.3271667616801,10.3065220277,14.229,-4.73368933470123
Sao Tome and Principe,STP,2012,-43.1048517269594,41.003161256906,2.94294277416023,10.6379353431628,18.1751975616662,13.59,8.202276193598024
Sao Tome and Principe,STP,2013,-30.4299465368537,36.3258991131174,5.11967735428513,8.10583270875476,17.7784345574003,12.476,-3.243395556909883
Sao Tome and Principe,STP,2014,-35.4587784381715,32.7441700381867,4.90621048664867,6.99849943966421,17.7748407556437,11.428,0.08916242243363386
Sao Tome and Principe,STP,2015,-26.4207009685278,33.2568293234458,1.5397042826735,5.24587835022454,14.3338368260765,10.591,19.626136724651175
Sao Tome and Principe,STP,2016,-21.0403152023302,31.4994056021872,5.17682468684113,5.43051966119156,-4.8130543811865,9.684,0.26353271138751155
Sao Tome and Principe,STP,2017,-22.7156290253769,29.4387086522031,4.11297966281954,5.6902961992902,-0.21811852737293,8.808,-1.8408273039196117
Sao Tome and Principe,STP,2018,-19.5798259962622,24.7710907623132,4.37812808264972,7.86859628873909,15.1662284096243,8.712,-4.5548632605628905
Sao Tome and Principe,STP,2019,-21.799320591176,22.4900353352698,2.01431672129407,7.72024525213248,-2.07863461805061,8.835,5.4642680884785975
Sao Tome and Principe,STP,2020,-12.64674361519,19.8916048546394,2.62485949543812,9.81932791540146,10.6045738916261,9.679,-1.7257810043090425
Sao Tome and Principe,STP,2021,-18.1632158527971,17.688068697072,1.89929891337832,8.13777038378732,-2.596183598587,9.563,-3.704167917029968
Sao Tome and Principe,STP,2022,-4.73214359308342,12.8517556324548,0.168698492216564,18.0056351122841,9.03651751858256,8.964,12.457520133204744
Sao Tome and Principe,STP,2023,3.02606172743453,7.81631512865351,0.372252775001456,21.2589138473,5.99491602853105,9.032,-2.713474473174662
Sao Tome and Principe,STP,2024,5.03043269730864,7.81631512865351,1.47888850952698,14.3519273571008,0.501150334066736,9.057,-0.06803162272774307
Saudi Arabia,SAU,1990,-3.52517261600742,14.8221099824074,9.4260985412794,2.07715133531156,4.58205507583167,7.316,0.0
Saudi Arabia,SAU,1991,-20.8052194236662,14.8717021826583,8.22077074524385,4.86111111111137,14.5539115565604,7.316,0.0
Saudi Arabia,SAU,1992,-12.9234890422041,16.7585536644371,4.58058206179402,-0.0770060064690921,2.05469154110366,7.2,0.0
Saudi Arabia,SAU,1993,-12.9691395981645,20.4697181528822,0.379835927354492,1.05579531442695,3.38083805102641,7.002,0.0
Saudi Arabia,SAU,1994,-7.74759220117338,22.3597574225155,0.952965973086691,0.564325478533149,2.98556540538992,6.733,0.0
Saudi Arabia,SAU,1995,-3.71007215329782,22.5686263552029,0.311708028499027,4.86843103056033,3.35659970734372,6.365,0.0
Saudi Arabia,SAU,1996,0.428246585132839,20.7924387949329,3.30468254228352,1.22206054877756,7.25699192006134,5.804,0.0
Saudi Arabia,SAU,1997,0.183815312865695,21.5087348399283,2.64731939948642,0.0571506050626489,5.21044405903486,5.283,0.0
Saudi Arabia,SAU,1998,-8.94699931687039,29.1883475530879,2.80381183998992,-0.37126675171199,3.6310346409727,4.752,0.0
Saudi Arabia,SAU,1999,0.254139328110494,26.7446189971291,-0.633393640920247,-1.33375489653896,6.83395801647577,4.346,0.0
Saudi Arabia,SAU,2000,7.55444425839441,24.2356134468207,4.71813422138024,-1.12499838517645,4.46595613546796,4.57,0.0
Saudi Arabia,SAU,2001,5.07959598329365,27.090480162661,0.344593196175438,-1.12094804896791,5.08729920706328,4.618,0.0
Saudi Arabia,SAU,2002,6.26198626765416,28.9483976585816,-0.688390130317757,0.247186492339686,15.1983856213513,5.265,0.0
Saudi Arabia,SAU,2003,12.9967291873384,28.2333101439677,8.76873381743964,0.612195358172966,8.49234471316397,5.563,0.0
Saudi Arabia,SAU,2004,20.0686191554423,32.3542594274042,8.63100545880309,0.5155078977673,17.2519884333968,5.822,0.0
Saudi Arabia,SAU,2005,27.0702838379988,35.4189179790554,5.94489623934835,0.479231671630955,13.2410107923811,6.051,0.0
Saudi Arabia,SAU,2006,27.4448874249269,33.7245867667594,3.31348473625901,2.20902314069647,20.4083906483268,6.254,0.0
Saudi Arabia,SAU,2007,24.5483035341762,37.071588765142,2.21365396372528,4.16782358431579,20.1413745700629,5.734,0.0
Saudi Arabia,SAU,2008,27.8314305903978,37.6843188466467,6.2379875365458,9.87024816760266,17.9596695560637,5.085,0.0
Saudi Arabia,SAU,2009,5.88427740874122,45.6298013133911,-1.06671711240203,5.0572227614833,10.8102417262156,5.377,0.0
Saudi Arabia,SAU,2010,13.5423706949189,39.1641936148322,5.0395150823517,5.33941733020905,5.17233508819135,5.55,0.0
Saudi Arabia,SAU,2011,23.8816335912652,33.6286944686693,11.758820686671,5.8262163739404,13.2604479821531,5.77,0.0
Saudi Arabia,SAU,2012,22.8484723061974,35.5685109967177,5.76157382270968,2.86627029905053,16.4894781602796,5.622,0.0
Saudi Arabia,SAU,2013,18.3253067776542,39.0113411908332,2.94563789152025,3.51104209799866,8.35198722216788,5.6,0.0
Saudi Arabia,SAU,2014,9.86478118777849,42.5570781320296,4.02467158380668,2.24185348779063,11.8232615841061,5.877,0.0
Saudi Arabia,SAU,2015,-7.93818281494484,52.7601798097453,4.65512316652699,1.22269318552328,2.9048048129634,5.6,0.0
Saudi Arabia,SAU,2016,-3.91268584311643,54.375771847036,1.70404739202878,2.05347076823965,0.547707244512804,5.6,0.0
Saudi Arabia,SAU,2017,1.2254608961689,50.1375935809361,1.18210705878283,-0.834845735027162,0.150853085806096,5.89,0.0
Saudi Arabia,SAU,2018,7.89890750977747,50.1375935809361,3.2269508901591,2.46594308994843,0.150853085806096,6.029,0.0
Saudi Arabia,SAU,2019,3.64484004485364,50.1375935809361,1.65158925617395,-1.19298644533328,0.150853085806096,5.636,0.0
Saudi Arabia,SAU,2020,-4.51692116727614,50.1375935809361,-3.80478901996312,3.37234961012303,0.150853085806096,7.66,0.0
Saudi Arabia,SAU,2021,4.5697627196532,50.1375935809361,6.51959698325419,3.06328988941548,0.150853085806096,6.621,0.0
Saudi Arabia,SAU,2022,11.7294510759777,50.1375935809361,12.0005874752929,2.47407371925372,0.150853085806096,5.589,0.0
Saudi Arabia,SAU,2023,2.12936729495784,50.1375935809361,0.542592439393161,2.32708518362706,0.150853085806096,4.008,0.0
Saudi Arabia,SAU,2024,-1.29603148573183,50.1375935809361,2.64893068308965,1.68792112375809,0.150853085806096,3.518,0.0
Senegal,SEN,1990,-4.91527068918184,20.4486044315213,-0.746282224252312,0.325098630183258,-4.81405538291405,2.861,0.0
Senegal,SEN,1991,-5.12374526804464,19.3747877756205,2.65996265739379,-1.75355690199309,5.81739537757756,2.861,3.614907725811254
Senegal,SEN,1992,-5.16481739570848,20.417269034707,1.32023303661357,-0.109942967085665,3.59087104994766,2.928,-6.173229904852485
Senegal,SEN,1993,-5.87632495790797,20.4477799303009,1.36021300651346,-0.586434615120184,-12.5808345434378,2.878,6.978220971356866
Senegal,SEN,1994,-3.72349006876092,12.5996993774182,-0.0475209486617416,32.2936668569552,38.688771961,2.947,96.07276379386906
Senegal,SEN,1995,-3.86419721134813,11.3318138178179,5.46858485819628,7.8640078457011,7.4237785803541,2.846,-10.096504981497775
Senegal,SEN,1996,-3.06028361139743,12.3392499603056,2.01997720854131,2.75430663482407,11.6928623600178,2.831,2.4850332541484295
Senegal,SEN,1997,-3.05919124475018,12.2268563761648,3.04560103485423,1.75316478097236,3.73296670878635,2.759,14.097663858709783
Senegal,SEN,1998,-3.80375176727342,11.4628108591656,5.89847931769205,1.15678070391341,8.48702839871998,2.751,1.0763631794837631
Senegal,SEN,1999,-4.85800602014771,11.9829509071692,6.28330825030987,0.827250608272497,13.1382154175038,2.655,4.32604423820055
Senegal,SEN,2000,-5.54079842355364,14.5755223435769,3.88721095816793,0.731981981981597,10.8194004067079,2.638,15.392157567342018
Senegal,SEN,2001,-3.77513794796373,11.237106650157,4.31085146618369,2.97450083919566,-8.62279339894998,2.674,3.1243969297011973
Senegal,SEN,2002,-4.54340089477443,11.8953781578597,0.0686965747419066,2.33730187454299,7.29912277397109,2.82,-5.281893583205087
Senegal,SEN,2003,-4.98969389328598,13.0371551015907,5.59395094456143,-0.0519970242714495,33.0422454744276,2.781,-16.406750797983076
Senegal,SEN,2004,-5.07447589904161,14.3643865711573,4.64329393683312,0.514781781023016,14.7780240033205,2.775,-9.06356736704301
Senegal,SEN,2005,-6.14150322696352,15.6269414988724,4.31023852639633,1.71133325855502,9.3228473607167,2.679,-0.01510788850253824
Senegal,SEN,2006,-7.36865431598262,15.7726987789924,2.33077098330239,2.11228583877117,12.2536256000655,2.755,-0.9165786826336906
Senegal,SEN,2007,-9.37907093301321,16.1945509457157,2.82711920133374,5.85330428467681,12.9298719233339,2.8,-8.382419301809671
Senegal,SEN,2008,-11.2220760727631,18.8654140228838,3.70316906391386,7.34720236578406,9.42986198618059,2.816,-6.818089863676538
Senegal,SEN,2009,-5.30915741099426,19.4173530538773,2.75210448455053,-2.2480214785534,13.2107907989499,2.807,5.44694611026645
Senegal,SEN,2010,-3.65650876220736,21.3137479203656,3.39088925336209,1.22868119673344,11.4210651001441,2.795,5.209692006210174
Senegal,SEN,2011,-6.44529936745543,23.8744426736655,1.33409107961258,3.40322829786971,7.49801698755946,2.853,-4.758672099031072
Senegal,SEN,2012,-8.65191854670286,24.4324813772449,4.00299555090457,1.41822871177854,6.19571965579916,3.896,8.34118352607313
Senegal,SEN,2013,-8.19227245767782,26.3165131362676,2.41238527605579,0.710245486695176,8.03914198604378,5.012,-3.2624635808936286
Senegal,SEN,2014,-6.80294523804886,27.3169375684194,6.22407443790986,-1.09025507446895,11.1197376163942,5.849,-0.028810302752448124
Senegal,SEN,2015,-5.31619475400192,27.3046862692017,6.36704365066983,0.135211933635165,19.5699172201517,6.757,19.737300534233693
Senegal,SEN,2016,-4.178756111634,27.7982798735302,6.35606857208136,0.837284942557434,13.7243424704127,4.455,0.23577291944129516
Senegal,SEN,2017,-7.28006040709529,29.7093467378683,7.40748618589598,1.31815314847789,9.25314677556318,4.078,-2.0163267393092883
Senegal,SEN,2018,-9.58292425612147,29.5516165860052,6.20924103388887,0.460985642464188,14.1495563288901,3.453,-4.3416857218186
Senegal,SEN,2019,-8.10949609772065,29.516665832367,4.6136280976221,1.76011151192939,8.21945167396854,2.863,5.484696917502256
Senegal,SEN,2020,-10.8532305243561,29.306753974363,1.34207377285524,2.54314685681662,12.3385377863321,3.432,-1.7622144723614281
Senegal,SEN,2021,-12.0900482268387,29.9015680025233,6.5440010991951,2.18032278088147,15.340598354988,3.436,-3.6580683534393796
Senegal,SEN,2022,-19.9485520410487,32.1820145714257,3.85043193752725,9.69681899081073,21.5700223985475,2.837,12.48425542445334
Senegal,SEN,2023,-19.7803402658787,31.4479822503341,4.25743083300657,5.93947798773215,9.60913886739405,2.784,-2.755861066393697
Senegal,SEN,2024,-19.7803402658787,29.8119196212555,6.46220577412338,0.804503298792438,3.85503346352583,2.788,-0.037003585621040364
Seychelles,SYC,1990,-3.30912379866116,6.8277235129255,7.45476632743625,3.88888888888912,13.5797101449275,5.407,0.0
Seychelles,SYC,1991,-2.05103945604504,7.4331821713939,2.76042625999888,1.98675496688734,11.7136659436009,5.407,-0.8917473939303722
Seychelles,SYC,1992,-1.49612461807546,7.05371759267409,7.17304395387974,3.24675324675323,14.5631067961165,5.722,-3.163457099778327
Seychelles,SYC,1993,1.71088181856887,7.06552134285017,7.3033707678707,1.38364779874215,23.728813559322,5.897,1.1626355676023898
Seychelles,SYC,1994,6.06398546042857,8.701697885839,-2.43656881060774,1.73697270471464,18.7832393231265,6.335,-2.4254403458435783
Seychelles,SYC,1995,0.261751917899548,10.6838407626934,0.485036699253456,-0.243902439024459,14.3945458245709,6.484,-5.81272879811038
Seychelles,SYC,1996,-9.79337791202402,11.8267804405985,9.99794595219808,-1.10024449877743,14.2997219736819,6.74,4.368110570369022
Seychelles,SYC,1997,-11.0348966495093,12.8730266185998,12.193641751411,0.618046971569891,16.2265003980605,6.588,1.1339742923351182
Seychelles,SYC,1998,-16.4185652854264,13.5017535791543,2.4674409352512,2.57985257985242,15.7952735476485,6.455,4.692279507461328
Seychelles,SYC,1999,-17.6156832289782,14.2154305048891,1.87200510893879,6.34730538922156,18.7995103004856,6.358,1.5277221309879452
Seychelles,SYC,2000,-6.56104546972391,15.557737739135,4.25319834931828,6.26876876876878,4.64572902269395,6.432,6.948573567718612
Seychelles,SYC,2001,-23.1184684109926,16.9880797719772,-2.27116288552982,5.96962204168156,12.6063330009963,6.293,2.5153939719218585
Seychelles,SYC,2002,-13.645650344015,19.1097150865934,1.21283290259314,0.174999999999924,10.3444942448628,6.396,-6.444825403148462
Seychelles,SYC,2003,-1.2468218160317,24.5813262053288,-5.88712848764477,3.30255386407089,5.35786994130142,6.534,-1.447375624235742
Seychelles,SYC,2004,-6.75447656002783,23.7886945246315,-2.8504539768538,3.85730391367399,13.9868646844602,6.41,1.838336270186294
Seychelles,SYC,2005,-17.8003425507563,23.3799538731127,9.0057617374238,0.907187718073944,1.6513875682657,6.577,0.0
Seychelles,SYC,2006,-12.369358165591,21.3959512451102,9.40612855732827,-0.353465498693756,3.03038113519774,6.061,0.3580303030303676
Seychelles,SYC,2007,-18.0086154122812,23.7891064426077,8.87606645570879,5.32060027285142,-7.97281957229179,5.665,21.402787371225678
Seychelles,SYC,2008,-26.8423661578652,27.5236066293084,-2.72594626154864,36.9647582875289,27.9887409658861,5.609,41.130566447603265
Seychelles,SYC,2009,-22.2660045596963,19.9920673192168,-2.47937594726137,31.7544407744178,7.82803682661956,6.121,43.91022885398621
Seychelles,SYC,2010,-21.8405252938197,24.1552557359059,4.50513204312067,-2.40463875108227,13.6569335890974,6.359,-11.33130462196732
Seychelles,SYC,2011,-28.452136390485,22.3906178455983,9.5097833517957,2.55926772230953,4.406613595964,6.087,2.5959693732251052
Seychelles,SYC,2012,-14.8074270420075,20.8600885056372,3.1106784939243,7.11037062326403,-2.28903014373419,5.962,10.685695000584124
Seychelles,SYC,2013,-11.897242811547,21.3672112428035,1.25373496242949,4.33893848329099,25.8484567837517,5.663,-12.008981316917605
Seychelles,SYC,2014,-22.3701856914691,24.3504437974192,4.0636918123521,1.38583454581263,26.6076364835963,5.877,5.711549013888881
Seychelles,SYC,2015,-17.8847188907867,24.3497337704834,8.9140088750469,4.04194410725617,2.93506001838516,5.615,4.447243933882918
Seychelles,SYC,2016,-2.61384777681389,24.5166106524244,12.1175272453913,-1.01548191697626,12.1195366490381,5.255,0.03899426102145278
Seychelles,SYC,2017,-2.20368065340164,24.5166106524244,6.95416218794271,2.85679575568437,16.4126131581834,5.0,2.468069078655113
Seychelles,SYC,2018,-2.34133369670356,24.5166106524244,4.93947272254312,3.70291839111568,7.72153148876857,4.9,1.9290596009991774
Seychelles,SYC,2019,-2.842387489846,24.5166106524244,5.5142920737342,1.80709400809982,13.6916730148656,4.987,0.8779549209442812
Seychelles,SYC,2020,-12.5301883307748,24.5166106524244,-11.7398608281732,1.20266463987123,27.2142827863356,5.994,25.534133257878956
Seychelles,SYC,2021,-10.7699576448461,24.5166106524244,0.552281631207279,9.76909936973542,-5.09283346219056,5.413,-3.9508156754081107
Seychelles,SYC,2022,-7.08279204871696,24.5166106524244,9.88048366355446,2.6260363285129,0.604964445976114,5.02,-15.648027620471858
Seychelles,SYC,2023,-7.12307582064592,24.5166106524244,5.17980996672414,-1.03530088431952,5.72811011607558,4.899,-1.784400565535077
Seychelles,SYC,2024,-7.45776668599764,24.5166106524244,3.34667429007052,0.311726050919668,7.39795412289508,4.9,3.649439660078609
Sierra Leone,SLE,1990,-10.6838286993325,3.24748439818673,3.34999799346166,11.6499744518106,73.9987539354546,4.135,0.0
Sierra Leone,SLE,1991,1.966200059905,3.52263601359593,2.35196132919053,11.6499744518106,76.2132890033556,4.135,95.01636998927076
Sierra Leone,SLE,1992,-0.805910908500578,3.05337597286147,-19.012909778472,11.6499744518106,33.2383575884569,4.376,69.10502718579704
Sierra Leone,SLE,1993,-7.51351110137399,3.43169050724156,1.37454997423123,11.6499744518106,21.9225023007876,4.401,13.61855284449208
Sierra Leone,SLE,1994,-9.77326426802897,3.12815700165844,-1.9473850336049,11.6499744518106,8.80834907542381,4.457,3.3978030408386672
Sierra Leone,SLE,1995,-13.5594930752414,2.67642644355129,-7.99975272721831,11.6499744518106,19.6147186069182,4.317,28.71394633892529
Sierra Leone,SLE,1996,-15.9818934226736,2.50682211883349,1.75382062624389,11.6499744518106,29.6479534577533,4.313,21.916472001933272
Sierra Leone,SLE,1997,-6.45379716642746,3.24541126365956,-5.87708084575527,11.6499744518106,47.1386138462005,4.363,6.598007564629259
Sierra Leone,SLE,1998,-4.94309572568763,2.72451562468195,1.78501237019348,11.6499744518106,11.2658442829876,4.242,59.311857317883906
Sierra Leone,SLE,1999,-14.8361767452952,2.07182729985576,-1.97928670052485,11.6499744518106,37.7996807093934,4.288,15.385919067189047
Sierra Leone,SLE,2000,-17.658489136383,2.10803360905412,6.65273028404766,11.6499744518106,12.0758085231889,4.137,15.958917966184352
Sierra Leone,SLE,2001,-5.82077902002,1.03162412769318,-6.34545563328469,11.6499744518106,131118.959315151,4.235,-5.065224751548296
Sierra Leone,SLE,2002,-3.78669132902158,1.2966126450079,26.5241350674409,11.6499744518106,29.0886075659396,3.909,5.683330175359661
Sierra Leone,SLE,2003,-3.86532771869266,1.85152881468202,9.48363126885343,11.6499744518106,22.0225903205549,3.879,11.858207958342458
Sierra Leone,SLE,2004,-4.42616819447044,2.23929435550621,6.47884588417347,11.6499744518106,20.1513319496239,3.42,15.049564689639489
Sierra Leone,SLE,2005,-4.12285133599244,2.16953030664871,4.3534998069981,11.6499744518106,31.1454254009252,3.734,6.970387061028591
Sierra Leone,SLE,2006,-2.91139372809153,1.95445378938047,4.28311062264335,11.6499744518106,21.6605478219259,3.89,2.5028370543086145
Sierra Leone,SLE,2007,-4.40780618552027,2.57102263810254,3.74975804751641,11.6499744518106,17.1093317221701,4.022,0.7858669985094536
Sierra Leone,SLE,2008,-5.42208122544719,3.35926777488606,3.68605969932123,8.21112432289608,26.5389963138042,4.132,-0.12296833558368522
Sierra Leone,SLE,2009,-8.27097097515225,5.10499215021143,1.53080323958716,7.46901898540982,34.5296252888743,4.268,13.554686124336124
Sierra Leone,SLE,2010,-13.7303367162603,4.73162828499164,6.35566595800495,7.18566275668163,24.1548933658202,4.34,17.498461644489833
Sierra Leone,SLE,2011,-39.3593386346764,4.64030943290693,8.10065518714917,6.79138291952621,29.6279922054001,4.388,9.327976766049998
Sierra Leone,SLE,2012,-19.7049574950917,3.41408221065244,10.578331663387,6.58776239392585,21.9846904360639,4.378,-0.11783880188403202
Sierra Leone,SLE,2013,-9.824320657344,3.12773073712043,14.6633238075229,5.52412877994266,10.6763160454565,4.376,-0.2655556160897343
Sierra Leone,SLE,2014,-6.1504170840874,3.19014735484619,-7.81501512457241,4.63931171409667,23.9154529091602,4.678,4.423734482836142
Sierra Leone,SLE,2015,-14.7764569204395,3.34736817264329,-4.36333262093788,6.68943562498681,-99.8882433538181,4.483,12.302580718958568
Sierra Leone,SLE,2016,-4.83009013015939,3.51808121980782,6.43743652764257,10.8860609413903,17.8618977062947,4.182,23.80653466743388
Sierra Leone,SLE,2017,-11.8197447773241,3.32767662198057,3.20786087715987,18.2215094003386,6.99097513633881,3.656,17.39400755413947
Sierra Leone,SLE,2018,-9.25504556429235,3.64060322537035,2.8938564123677,16.0295447693699,14.4511240417433,3.192,7.4101773943301845
Sierra Leone,SLE,2019,-7.78800790188033,3.85964994703396,5.50270937378153,14.8049990906021,14.3092552002694,3.204,13.598581329845494
Sierra Leone,SLE,2020,-5.83728154393524,3.61989140511963,-1.2533490322766,13.4468711101052,38.1799410598493,3.509,9.097508332074808
Sierra Leone,SLE,2021,-7.29482310965872,4.22614923192413,5.8968527047094,11.8739588840234,22.0520191857773,3.551,6.200438424516429
Sierra Leone,SLE,2022,-6.3486336227146,3.53787339542719,5.3135546141915,27.2082883814653,41.7442087119149,3.137,34.56343969462959
Sierra Leone,SLE,2023,-7.86330353335447,3.23642146039244,5.7100218981806,47.6428733253179,32.8257328479183,3.092,51.66149087197744
Sierra Leone,SLE,2024,-14.1190349801252,3.96782641222454,4.29322334404611,28.6337500014115,18.1735518100524,3.103,0.0
Singapore,SGP,1990,8.63724140435268,79.1646747233386,9.82089955731777,3.46075338652824,19.9802118496101,2.18,0.0
Singapore,SGP,1991,10.7339641366336,79.8711021252107,6.68839753958379,3.42570173078643,12.4456302045436,2.18,-4.688649404148718
Singapore,SGP,1992,11.3460660380192,81.0855367745248,6.63980556949564,2.26307118702851,8.89534382100026,3.09,-5.706540090494048
Singapore,SGP,1993,6.94851439736297,80.9717012635425,11.459650875246,2.28929964388641,8.45394041833932,3.07,-0.8088460987542216
Singapore,SGP,1994,15.4701578956138,81.1902405393255,11.0956893100227,3.10013262599502,14.4283453062218,3.03,-5.467704410997511
Singapore,SGP,1995,16.4967504477223,88.2934969585412,7.17540112091071,1.72053384788524,8.49968078314535,3.3,-7.206100823107212
Singapore,SGP,1996,14.627347115363,93.7418064299455,7.47139086002002,1.38318052481876,9.79032637690256,3.57,-0.5174471587737876
Singapore,SGP,1997,15.5698355478412,96.470304928416,8.31620911124497,2.00358618538962,10.2660985609776,2.5,5.302328715066772
Singapore,SGP,1998,21.7915511543613,107.93107365818,-2.19101500611274,-0.267502292876153,30.2485337480963,3.41,12.715186665821538
Singapore,SGP,1999,17.2038802401523,102.707304148647,5.71837175710837,0.0167098337370727,8.5145288088367,4.85,1.275990603100497
Singapore,SGP,2000,11.0715031927897,96.0524631654193,9.03831632555163,1.36162392448456,-2.04958905051756,3.7,1.7113515193108126
Singapore,SGP,2001,14.4329302808565,115.023967340769,-1.07086275100448,0.997197956155943,5.8578801390303,3.76,3.9304296881799656
Singapore,SGP,2002,14.8770537568056,102.024223572871,3.92336076702013,-0.391676866585049,-0.332045392987635,5.65,-0.06330035296594261
Singapore,SGP,2003,24.3020823146557,104.782800634148,4.54825542643229,0.507905300237551,8.05292934379615,5.93,-2.703301428859969
Singapore,SGP,2004,19.3111213606955,95.7289657619849,9.93998268434957,1.66272719863072,6.2360518281729,5.84,-2.9821775358506257
Singapore,SGP,2005,23.2604773041195,89.2233561956159,7.36632239250758,0.425106276569107,6.1936534317657,5.59,-1.528245197640751
Singapore,SGP,2006,26.8933813503311,84.2870559979133,9.00676607871758,0.965657519018511,19.3688281258886,4.48,-4.534023072413291
Singapore,SGP,2007,27.143332530687,85.3517596047783,9.02151951268893,2.10980166714574,13.4119145617806,3.9,-5.1501006964836105
Singapore,SGP,2008,15.08343561816,97.8643623312414,1.86348345462035,6.63544058395309,12.0486895854093,3.96,-6.120412137646528
Singapore,SGP,2009,16.3930632928179,96.8613765494725,0.127953382778088,0.589142019610516,11.3368089297754,5.86,2.802669999139619
Singapore,SGP,2010,22.9333472183784,94.8584026979012,14.5197497108994,2.82884527612958,8.59032053414725,4.12,-6.256820867095539
Singapore,SGP,2011,22.2184518342372,104.703673841577,6.21493416858989,5.25115624639373,9.98812939333385,3.89,-7.754441506189329
Singapore,SGP,2012,17.6432739045995,112.973543165736,4.43549759378537,4.58084479423094,7.22530738682461,3.72,-0.6439679466071722
Singapore,SGP,2013,15.707187590209,124.065951568619,4.81763099120676,2.36439793742726,4.31565677441557,3.86,0.1299373622933422
Singapore,SGP,2014,17.9502135491878,128.129763309946,3.93554027709007,1.03316955857629,3.3317228215038,3.74,1.2586909614001383
Singapore,SGP,2015,18.6930222903094,122.421353845761,2.97679931634806,-0.521975611895763,1.5239908444241,3.79,8.505978453888952
Singapore,SGP,2016,18.0266123608265,123.054693783234,3.91095306322606,-0.529809760375464,8.0439173974027,4.08,0.4888886684749049
Singapore,SGP,2017,18.4885963302097,120.442638051885,4.32679370770501,0.576763191179996,3.19855609797754,4.2,-0.04497595250619238
Singapore,SGP,2018,15.6764327413725,117.439858431353,3.18660848474074,0.438784215129623,3.90187887013683,3.613,-2.3233219279345305
Singapore,SGP,2019,15.4536632743623,119.256588972207,1.15877947300108,0.567829988405447,4.95135060515991,3.1,1.1355422245007714
Singapore,SGP,2020,17.6975168735289,128.43285830434,-3.61084281729929,-0.172111865925382,13.1910292122895,4.1,1.1423405152143862
Singapore,SGP,2021,19.2527773366463,128.43285830434,10.1410845197192,2.31610315765146,13.1910292122895,4.64,-2.6279073981245173
Singapore,SGP,2022,18.9227008880076,128.43285830434,4.01027884472296,6.13095418919732,13.1910292122895,3.591,2.6188142763220057
Singapore,SGP,2023,16.3916456531586,128.43285830434,1.45026775889565,4.83372362825798,13.1910292122895,3.444,-2.6039651837524143
Singapore,SGP,2024,17.2010838902762,128.43285830434,5.3435120192366,2.38951123595017,13.1910292122895,2.737,-0.48655760494550493
Solomon Islands,SLB,1990,-12.9191580663335,19.0859421725416,2.19999999881691,8.73759261848181,9.81964399087638,1.967,0.0
Solomon Islands,SLB,1991,-15.7515879073781,16.1344502444896,6.00000238324935,15.050130775937,23.8749830489119,1.967,7.353997640499194
Solomon Islands,SLB,1992,0.482380297963771,16.8199662790783,12.6999978113729,10.7511603675285,24.4722286241069,1.851,7.85891886914081
Solomon Islands,SLB,1993,-2.54511529723485,16.4927660827052,3.99999961237647,9.16866233321985,15.6336502587556,1.829,8.866955818904062
Solomon Islands,SLB,1994,-0.852263556089583,13.8001847526565,8.10000120573282,13.2560325916638,25.1260968423749,1.804,3.25074242931237
Solomon Islands,SLB,1995,1.77624714752846,13.0395303802682,10.08861564659,9.62921970116226,9.21058945852995,1.841,3.4800728169475112
Solomon Islands,SLB,1996,2.85567709426958,14.0103375520475,1.60990760846707,11.7743563856637,15.3129348351471,1.875,4.71118744923016
Solomon Islands,SLB,1997,-7.19916830125427,14.412539488763,-0.91407746990609,8.08400135486043,6.67999532565454,2.009,4.222327631127186
Solomon Islands,SLB,1998,1.77441432624841,15.0433127290997,1.29151109576075,12.3995038128069,2.54088152157606,2.155,29.55944963713445
Solomon Islands,SLB,1999,4.4004321469036,14.7950226753533,-0.485730372778804,8.02036839296841,6.97068993945699,2.194,0.4670709850644783
Solomon Islands,SLB,2000,-9.75872166781305,16.5940802987844,-14.2769995149354,7.88956186986721,0.562437068379724,2.446,5.183584606348375
Solomon Islands,SLB,2001,-15.8332825110055,19.373751723436,-7.95660550454917,6.92583732057426,-10.136126858071,2.642,3.7150066689589276
Solomon Islands,SLB,2002,-19.5076486144732,18.6571838868183,-2.7999838935951,10.9296341872692,6.36989299213034,2.698,27.866452117204876
Solomon Islands,SLB,2003,-9.55791509502596,15.177785591396,6.52346760921694,8.26946349334406,23.8157954259986,2.286,11.219398642522165
Solomon Islands,SLB,2004,-4.04309489428344,14.3561774973036,7.68364102152745,6.98584202682567,17.7298972132472,2.026,-0.28244074029969707
Solomon Islands,SLB,2005,-16.3149014874914,15.397419232815,7.35907917681935,7.33066341633299,46.1181934366404,1.879,0.6029480754090688
Solomon Islands,SLB,2006,-6.8331352879225,18.533202473488,4.13726239664898,11.2199870214146,26.4236259834331,1.916,1.0569276299199377
Solomon Islands,SLB,2007,-11.53055204475,23.2678785730327,3.63973499569106,7.66602013484806,21.7002750337292,1.978,0.559063008207905
Solomon Islands,SLB,2008,-10.2527260927111,25.2436264854406,6.22590636247851,17.3200651968774,8.00531041459285,1.998,1.2534849276877968
Solomon Islands,SLB,2009,-7.39710267104602,23.7690927080514,2.86486309630651,7.09271716876286,16.8195284282823,2.02,3.9639688088195633
Solomon Islands,SLB,2010,-16.0506619217521,20.5357764962235,9.70817235491481,1.05148163321038,13.3207467437694,1.617,0.11743797004175019
Solomon Islands,SLB,2011,-1.76447706076069,18.8403653532196,7.43023752099302,7.34270706018,25.8015120512659,1.292,-5.248214315168394
Solomon Islands,SLB,2012,2.22663803763421,19.7202924015181,2.46591837712438,5.91200602491155,17.3866496624392,0.984,-3.7435739558095245
Solomon Islands,SLB,2013,-2.99761288648899,29.3146308858805,5.23744704670068,5.3913638858756,12.3863239762165,0.694,-0.7214994366949099
Solomon Islands,SLB,2014,-3.71113892809322,31.6209576595909,1.18945509547778,5.16590237925171,5.55985960602908,0.73,1.0025869502144402
Solomon Islands,SLB,2015,-2.75806023188152,33.0139037072347,1.67578612030815,-0.57446928635949,15.0106462155386,0.736,7.3127914403280165
Solomon Islands,SLB,2016,-3.53780145431414,34.2209105536141,5.55494348257992,0.512485626268792,13.4395940037596,0.736,0.4228082812416636
Solomon Islands,SLB,2017,-4.27498589689084,33.2262826138865,3.07546176144591,0.488686760261083,3.49780238355247,0.727,-0.7644866571194286
Solomon Islands,SLB,2018,-2.95982088484313,30.6970656700723,2.74585244829055,3.46147484973729,6.82719004061328,0.722,0.8255517879952134
Solomon Islands,SLB,2019,-9.51100860736623,30.7380689311402,1.74925244485951,1.63485544012247,-3.06402553766335,0.746,2.7776711906589413
Solomon Islands,SLB,2020,-1.63132884568903,32.5671298012795,-3.38125925839405,2.96354992076065,6.61389325997636,0.868,0.4895590003182032
Solomon Islands,SLB,2021,-5.01770966156317,32.8265544242241,-0.227975292792024,-0.115437894412839,1.94180166520135,0.879,-2.2318361519046883
Solomon Islands,SLB,2022,-14.8999907899023,34.7058484961552,-2.58448361755723,5.51812928576938,5.26420081408543,1.475,1.5619439341783725
Solomon Islands,SLB,2023,-11.8314939444528,34.7843621325241,2.84111851154807,5.88585897042164,6.1280498210946,1.443,2.6983913203347663
Solomon Islands,SLB,2024,-4.18133473457478,33.6944114849329,2.99755987604104,4.32183948388033,3.8322206916067,1.444,0.9460678170647309
South Africa,ZAF,1990,1.23093530701267,71.9381989225056,-0.317760426540374,14.3209918914915,11.8541812895805,23.137,0.0
South Africa,ZAF,1991,1.03482370495217,71.9381989225056,-1.0182449675445,15.3347785733672,17.1112327445867,23.137,6.724877890095596
South Africa,ZAF,1992,1.34745427194466,90.9830767248599,-2.13703284500521,13.874703748615,2.86121074391479,23.463,3.284636728032465
South Africa,ZAF,1993,1.90438081566821,95.8282557245959,1.23355793864741,9.71742729803028,6.30978492333901,23.361,14.576625232985688
South Africa,ZAF,1994,0.0192951572527621,101.058603173147,3.20000000297172,8.938563723594,18.316029210941,23.067,8.662152216800195
South Africa,ZAF,1995,-1.45179160612888,105.007084387737,3.10000000054411,8.68042421392631,16.0313711547903,22.705,2.148437041622847
South Africa,ZAF,1996,-1.0280828308777,105.543868603211,4.29999999726792,7.35411972085333,14.2789399770195,22.5,18.534557824442217
South Africa,ZAF,1997,-1.31813387872595,102.365461231743,2.60000000146347,8.59777611252274,17.813208209646,22.549,7.178121339683378
South Africa,ZAF,1998,-1.4374968242162,103.718943195112,0.50000000034143,6.88054521037351,13.6529503084555,22.739,19.972442623763136
South Africa,ZAF,1999,-0.445657419944882,118.174400475191,2.39999999746338,5.18148905111697,10.9072517477965,22.884,10.513207759912238
South Africa,ZAF,2000,-0.125570459653347,117.095366481502,4.20000000067826,5.33895913599828,7.2150569801568,22.788,13.59106831305032
South Africa,ZAF,2001,0.253001084795547,121.069745626227,2.70000000019104,5.70189483049608,20.1898763195526,22.652,24.05466561732931
South Africa,ZAF,2002,0.781937464700479,97.3173728340895,3.70037440406668,9.494713780996,18.2861907179626,22.579,22.43611640557777
South Africa,ZAF,2003,-0.782449992267883,102.767701183828,2.94907546754213,5.67942414068799,13.3506016752208,22.679,-28.233270318611396
South Africa,ZAF,2004,-2.50726120703613,112.820913420211,4.55455990721774,-0.692039437857687,13.1529978250787,22.567,-14.607974994544357
South Africa,ZAF,2005,-2.7747758989594,122.283168033262,5.27705197295467,2.06285308223427,20.6974499044266,22.472,-1.5536988280273356
South Africa,ZAF,2006,-4.00012427594728,139.007367744321,5.60380645895889,3.2439076541923,22.6230098902238,22.304,6.482144209674239
South Africa,ZAF,2007,-4.86189160706926,142.422045511185,5.36047405394162,6.17781214809388,23.9311377038079,22.26,4.04362172663833
South Africa,ZAF,2008,-5.1861810846768,125.955880255506,3.1910438863288,9.90998456005467,14.7382134965665,22.407,17.257563424085617
South Africa,ZAF,2009,-2.38458187361532,121.094546324717,-1.53808913525583,7.23809523809527,1.76108595452723,23.523,2.5716630133739242
South Africa,ZAF,2010,-1.29901805615596,124.093899905646,3.03973288127956,4.06749555950263,6.93402988299978,24.683,-13.600383677417193
South Africa,ZAF,2011,-2.01967628513274,118.970675992703,3.16855627858818,5.0008533879502,8.34128453392681,24.639,-0.8207622872844588
South Africa,ZAF,2012,-4.68373643403848,125.167785450237,2.39623238465745,5.73797139141739,5.17173025655565,24.727,13.06733546469491
South Africa,ZAF,2013,-5.33837274756911,127.029272479725,2.48546800826588,5.78016910069176,5.91659072840692,24.561,17.601619546524027
South Africa,ZAF,2014,-4.81243259488482,128.838374779653,1.41382645223793,6.13282953059149,7.27948797272016,24.89,12.403858569773185
South Africa,ZAF,2015,-4.31028688643789,127.203244242731,1.32186223678229,4.51869094892506,10.3236455754922,25.149,17.5650586190588
South Africa,ZAF,2016,-2.63361451678797,124.360496111764,0.664552307858116,6.60290842394872,6.0794489265993,26.536,15.28874184311185
South Africa,ZAF,2017,-2.37436753188649,127.030283858454,1.15794695181735,5.18618655524149,6.42553637795089,27.035,-9.421115703278371
South Africa,ZAF,2018,-3.00051939426576,118.380857963487,1.55678384721676,4.50987264867388,5.59961566272095,26.906,-0.6745443740300806
South Africa,ZAF,2019,-2.6199906748304,117.185556861489,0.25993557687633,4.10285075461156,6.11024523226612,28.468,9.177174936386786
South Africa,ZAF,2020,2.00352275153333,109.054691372725,-6.1689177146757,3.23238831615113,9.42732646118054,29.217,13.916243808888428
South Africa,ZAF,2021,3.7724136934501,93.1963897397387,4.85864865060148,4.61874544887136,5.70998519867421,34.007,-10.209711503539802
South Africa,ZAF,2022,-0.296182598127432,91.5697287634873,2.05813661692193,7.03987272546482,8.63772594295266,33.268,10.671964351305201
South Africa,ZAF,2023,-1.10356312207881,89.7117995863871,0.80610455095804,6.0752438457966,7.59374277685431,32.098,12.805144629014919
South Africa,ZAF,2024,-0.64279979707505,89.4476360173443,0.534843531905139,4.36115246518962,6.70914778555201,32.279,-0.6589973922496037
Spain,ESP,1990,-3.35886586768217,94.9394409772958,3.7813935513235,6.72181952228664,18.3987878172736,15.929,0.0
Spain,ESP,1991,-3.43260470559267,94.9394409772958,2.54600049647455,5.9342134433593,18.5750576280755,15.929,1.940145862473962
Spain,ESP,1992,-3.4160822661675,94.9394409772958,0.929215482921151,5.92453126228488,16.8624949702528,17.697,-1.474811518446375
Spain,ESP,1993,-1.1061129789544,94.9394409772958,-1.03149183695307,4.56907173681805,17.7941110732386,22.156,24.30314134804627
Spain,ESP,1994,-1.20512004003852,94.9394409772958,2.38319537908909,4.71841373967333,19.6672925694495,24.209,5.262860604076012
Spain,ESP,1995,-0.320247040380478,94.9394409772958,2.75749400293542,4.67380337624701,15.5931841953706,22.675,-6.919301657001263
Spain,ESP,1996,-0.347834725925521,94.9394409772958,2.60741117110229,3.55884559338561,14.8461254667665,22.142,1.5820026893575263
Spain,ESP,1997,-0.140683569181923,94.9394409772958,3.58729972356299,1.97107395582926,16.4017000197281,20.698,15.594345562552231
Spain,ESP,1998,-1.17199231308045,94.9394409772958,4.30197745333581,1.83432999908414,11.3581980959744,18.673,2.03649302819386
Spain,ESP,1999,-3.21736413464958,94.9394409772958,4.40886545305924,2.31034813987063,13.5583402571813,15.475,-99.37194619006651
Spain,ESP,2000,-4.25952269013291,94.9394409772958,5.20064125553942,3.43351563418764,12.3247819807429,13.785,15.392157567337462
Spain,ESP,2001,-4.3292603031356,94.9394409772958,3.91908880808811,3.58983413338117,13.816160330387,10.348,3.124396929694833
Spain,ESP,2002,-3.63459196311061,99.2929603794007,2.75545611564098,3.06565685902211,11.2609118719366,11.146,-5.281893583200162
Spain,ESP,2003,-3.80656644846325,106.544052882645,2.9392895953076,3.03888839396661,12.6429879971001,11.283,-16.406750797985868
Spain,ESP,2004,-5.42400165587704,115.928325847413,3.1145314799161,3.03924881090924,13.4716639858768,11.09,-9.063567367038319
Spain,ESP,2005,-7.21356556640438,135.871253994626,3.5512255846125,3.36881409750383,14.40286140937,9.146,-0.015107888500853414
Spain,ESP,2006,-8.79382150381904,156.580256642945,4.04343515605099,3.51557576832123,17.830628514143,8.452,-0.9165786826361264
Spain,ESP,2007,-9.36792330694923,167.635941463016,3.53350013165972,2.7867974580495,17.1656742541219,8.232,-8.382419301811138
Spain,ESP,2008,-8.81669487692334,170.743020696995,0.767165748290694,4.0753433595734,14.8922041933974,11.254,-6.8180898636756915
Spain,ESP,2009,-3.94046083652283,173.382324159591,-3.76813306940053,-0.287813083535241,10.4560909446993,17.857,5.446946110266462
Spain,ESP,2010,-3.57734356702049,171.325123358508,0.0941223116369514,1.79986457728769,12.4857998554167,19.86,5.209692006207694
Spain,ESP,2011,-2.5892900858806,167.027107954599,-0.639920636520344,3.19610188833792,11.9424460401465,21.39,-4.758672099029562
Spain,ESP,2012,0.125923054524353,157.434331694924,-2.86511368637748,2.44612782366809,10.3007746397346,24.789,8.341183526073815
Spain,ESP,2013,2.07791536141213,145.759575372544,-1.42732224757626,1.40858109183009,10.6763160454565,26.094,-3.2624635808943454
Spain,ESP,2014,1.73595007328569,129.358996447371,1.52048593647231,-0.151114837527235,9.26752299008154,24.441,-0.028810302750162588
Spain,ESP,2015,2.03697429462383,118.216890256018,4.06086672473866,-0.500365709903243,9.19582460552392,22.057,19.737300534231938
Spain,ESP,2016,3.15808866042231,110.901834158974,2.91515598595787,-0.202598000426358,8.47696815179376,19.635,0.23577291943845474
Spain,ESP,2017,2.82857699785743,105.15698823272,2.89604207865007,1.95607633363954,8.29633161273095,17.224,-2.0163267393074893
Spain,ESP,2018,1.86142647160726,98.8298869234399,2.39541124478878,1.67498136863799,7.10415817034185,15.255,-4.341685721816104
Spain,ESP,2019,2.11978917805627,94.4116262931619,1.96117850841711,0.699518994458648,8.19219834569514,14.104,5.491862428450424
Spain,ESP,2020,0.819280213926571,107.572523897153,-10.9400706350371,-0.322753017299649,13.1910292122895,15.532,-1.9892905401682457
Spain,ESP,2021,0.765004613238447,98.4256244971566,6.68314420473001,3.09313511976402,10.8672085465442,14.914,-3.427988441980449
Spain,ESP,2022,0.379418337465124,88.1124065404768,6.37031712129601,8.39057634118637,7.82033923932235,13.033,12.31582922658001
Spain,ESP,2023,2.73246084042227,78.3496832939301,2.46085796805582,3.53236133492433,7.5370802876684,12.179,-2.609896246155402
Spain,ESP,2024,3.18327391138733,74.2192017963659,3.45525405630191,2.747147886618,8.32354431836197,11.4,-0.1027218553088201
Sri Lanka,LKA,1990,-3.71364846145228,19.6162954031276,6.39999531084838,21.495252052759,19.8699034108183,14.661,0.0
Sri Lanka,LKA,1991,-6.60834436461149,8.82120076810485,4.59998724404535,12.1856307214389,21.8717139282149,14.661,3.2663206830921228
Sri Lanka,LKA,1992,-4.6445676126182,9.05662817465076,4.39999125181939,11.3834370512206,16.8034061463075,14.22,5.941590225155005
Sri Lanka,LKA,1993,-3.69702621240226,9.83335501886641,6.90006325149474,11.7467370174946,23.3064272567731,13.82,10.250013546773442
Sri Lanka,LKA,1994,-6.46387915946705,10.9574085970256,5.59991872510166,8.44871248698348,19.6672925694495,13.03,2.2618483880440583
Sri Lanka,LKA,1995,-5.90910994846491,31.0668461690517,5.5000852341585,7.67484873449805,35.8322124762185,12.27,3.7163659519340926
Sri Lanka,LKA,1996,-4.91199982756748,29.8959938968505,3.79996720568178,15.9358310447214,11.2604103349616,11.35,7.843376303762413
Sri Lanka,LKA,1997,-2.61516855545627,29.4419121347184,6.40539969571286,9.57369626405162,15.5937224910352,10.6,6.736138144149814
Sri Lanka,LKA,1998,-1.44447657761179,28.7226150457865,4.69842304772052,9.36424300683229,13.2086345683031,9.17,9.2474783640526
Sri Lanka,LKA,1999,-3.57275187551122,29.2577509374183,4.30054049813373,4.69170563048438,13.3895676165501,8.88,9.597083491261317
Sri Lanka,LKA,2000,-6.28823142949348,28.8345435404203,6.00003315828934,6.17627591012045,12.864804036244,7.74,9.017662755269045
Sri Lanka,LKA,2001,-1.36821186331088,30.7326783184288,-1.54540813366026,14.15845579912,13.5921372119646,7.9,16.07412234728129
Sri Lanka,LKA,2002,-1.42925945944237,31.0344654381181,3.96467568513113,9.55103167007251,13.3575243836281,8.76,7.024882505639325
Sri Lanka,LKA,2003,-0.374541248460878,30.7454902363169,5.9402690780223,6.31463787051174,15.318795004552,8.22,0.8978332564045147
Sri Lanka,LKA,2004,-3.1340311530145,32.3863508511647,5.44506127885352,7.57592582995856,19.6148133698525,8.38,4.841960865819312
Sri Lanka,LKA,2005,-2.66382240513017,33.0761025922139,6.24174804376447,11.6396860971118,19.0568024360981,7.67,-0.6881857470632747
Sri Lanka,LKA,2006,-5.29942775531871,34.6704920581445,7.66829190107919,10.0201836057035,17.830628514143,6.5,3.3994630841178313
Sri Lanka,LKA,2007,-4.33041626176129,34.2395036816845,6.79682611892866,15.8421114924843,16.5601342075629,5.97,6.456068207071166
Sri Lanka,LKA,2008,-9.54319542329735,29.5420065164895,5.95008814473897,22.5644955300126,8.45751130560778,5.22,-2.069611007604808
Sri Lanka,LKA,2009,-0.510385718302903,25.7400301594433,3.53891205317842,3.46496322106074,18.6100619614446,5.85,6.102456379332757
Sri Lanka,LKA,2010,-1.83339431574737,24.6842616568486,8.01596737040464,6.2176488930462,15.7935506395363,4.784,-1.6358314226920931
Sri Lanka,LKA,2011,-6.81209765681019,33.7387969525402,8.66948301160571,6.7167684358854,49.9832185268453,4.118,-2.2104843072765976
Sri Lanka,LKA,2012,-5.69099820826854,34.0180437825091,8.6321813769906,7.54291373239437,17.6277361444479,3.88,15.410042622371714
Sri Lanka,LKA,2013,-3.30046822137757,33.539360763445,4.0517463303875,6.90845034828452,16.2285338754895,4.186,1.1486198330985053
Sri Lanka,LKA,2014,-2.40840557196081,34.4936288810274,6.37797889684965,3.1790022823606,14.506698090753,4.157,1.158801824985175
Sri Lanka,LKA,2015,-2.21267766608825,39.3818504426548,4.20595547501601,3.76836783062096,17.0348928652722,4.519,4.053337676562478
Sri Lanka,LKA,2016,-1.97999493165089,42.4756652877165,5.05362488993089,3.9588884659307,16.1861322324137,4.242,7.158086029425357
Sri Lanka,LKA,2017,-2.4467643490753,43.8827525642367,6.46068127080994,7.70413767850602,17.4045049056201,4.046,4.71539210602667
Sri Lanka,LKA,2018,-2.96352841915887,46.6984073264081,2.31008425504933,2.135037737132,11.4104489361823,4.318,6.571781210529445
Sri Lanka,LKA,2019,-2.07126631647205,47.0084929449139,-0.220483886824823,3.52839358231811,8.32354431836197,4.67,10.020669353147062
Sri Lanka,LKA,2020,-1.40761495020573,47.0084929449139,-4.62451503712715,6.15394508391738,8.32354431836197,5.364,3.8309522491945467
Sri Lanka,LKA,2021,-3.70866603299245,47.0084929449139,4.2074764950026,7.01478071238195,8.32354431836197,4.981,7.097137531026084
Sri Lanka,LKA,2022,-1.95359411068218,47.0084929449139,-7.34919311146656,49.7211021114327,8.32354431836197,4.528,62.31921271292782
Sri Lanka,LKA,2023,1.71159541534782,47.0084929449139,-2.0289296690344,16.5411742279832,8.32354431836197,4.528,1.5106526603636932
Sri Lanka,LKA,2024,1.21048332599166,47.0084929449139,4.99241614398109,-0.42936004906973,8.32354431836197,4.239,0.0
St. Kitts and Nevis,KNA,1990,-21.6195022161609,39.5160245482441,4.87725151603959,4.01098407755617,10.1247927080972,5.407,0.0
St. Kitts and Nevis,KNA,1991,-16.1371040875961,44.0815503980116,-1.86468912891613,4.3237394435542,7.38769629112025,5.407,0.0
St. Kitts and Nevis,KNA,1992,-6.19330957370329,51.1329672514799,4.26897382542985,2.85844672514458,17.2519981134883,5.722,0.0
St. Kitts and Nevis,KNA,1993,-11.1045580925099,52.767433369843,6.80194941601546,1.79486146433782,10.397007547811,5.897,0.0
St. Kitts and Nevis,KNA,1994,-8.23284353707352,52.2459940019826,5.30171905117815,1.44226958804943,6.4895691870649,6.335,0.0
St. Kitts and Nevis,KNA,1995,-14.5024279013717,52.0857504046502,5.38314265701612,2.9568002509262,16.6243209171781,6.484,0.0
St. Kitts and Nevis,KNA,1996,-19.4876060555648,51.5630233460877,5.84283802585985,2.08657385169121,5.18136254540773,6.74,0.0
St. Kitts and Nevis,KNA,1997,-16.1260420377627,51.5637493567668,6.82396677607342,8.90518339116016,11.4193254009676,6.588,0.0
St. Kitts and Nevis,KNA,1998,-12.082588802043,54.5263891038539,-0.486745779185156,3.44635865955273,11.9505439752834,6.455,0.0
St. Kitts and Nevis,KNA,1999,-16.5265722023142,55.6364946065961,3.21988642181456,3.36303630363045,6.47737902643794,6.358,0.0
St. Kitts and Nevis,KNA,2000,-25.4692655371036,59.8304086369391,10.042808415173,2.14885532743696,24.0992895245656,6.432,0.0
St. Kitts and Nevis,KNA,2001,-22.5205550309294,54.6134508123838,5.25344983010886,2.30344748349255,4.96626437370586,6.293,0.0
St. Kitts and Nevis,KNA,2002,-19.9706256978221,50.8051725865245,1.36771507253633,2.04109102620208,5.491847973826,6.396,0.0
St. Kitts and Nevis,KNA,2003,-17.7390647418292,54.2375609525162,-3.93339486032939,2.23543664374553,9.53825866290841,6.534,0.0
St. Kitts and Nevis,KNA,2004,-7.70263043844735,54.6902376829384,3.99634666125431,2.31455462238093,16.4150650631904,6.41,0.0
St. Kitts and Nevis,KNA,2005,-7.2318098036205,54.4590341466716,9.73282070298016,3.37781903988238,6.8196375591817,6.577,0.0
St. Kitts and Nevis,KNA,2006,-11.0598682210987,51.6980665777737,3.15038119968223,8.48748575845879,14.511875273236,6.061,0.0
St. Kitts and Nevis,KNA,2007,-13.8968818612708,54.7394240947412,0.600602326543751,4.48088608614726,11.1855336631594,5.665,0.0
St. Kitts and Nevis,KNA,2008,-17.1935240173318,55.0816994242226,11.3170358267109,5.30029675072584,0.232705450301432,5.609,0.0
St. Kitts and Nevis,KNA,2009,-21.1253307397587,58.8446525778029,-3.40474015376245,2.05793709041836,4.87086708437345,6.121,0.0
St. Kitts and Nevis,KNA,2010,-15.3287283630879,60.2166427273679,-0.0541942065330545,0.850878649795844,6.41492283315476,6.359,0.0
St. Kitts and Nevis,KNA,2011,-7.81462598635505,58.4331878889898,1.61660730423688,5.8351651957086,9.66290072614756,6.087,0.0
St. Kitts and Nevis,KNA,2012,-3.12891542335696,59.1834278065739,-0.737636737448398,0.816089281562459,11.9737601465883,5.962,0.0
St. Kitts and Nevis,KNA,2013,-2.86459110864068,55.3580261553056,5.72728087234704,1.10698554000129,11.0358533067774,5.663,0.0
St. Kitts and Nevis,KNA,2014,0.698262924495274,52.3613412689151,7.57696602328922,0.247865392364942,10.6916567658012,5.877,0.0
St. Kitts and Nevis,KNA,2015,-8.10718614819114,53.8785064809441,0.694135527876625,-2.30187563045616,4.85679116978138,5.615,0.0
St. Kitts and Nevis,KNA,2016,-12.0811606049124,51.4686526315015,3.93270319273282,-0.687037123294039,-0.439056633860097,5.255,0.0
St. Kitts and Nevis,KNA,2017,-10.2532816485858,49.2745914276904,0.220941147299996,0.694916711613604,-2.46606256199916,5.0,0.0
St. Kitts and Nevis,KNA,2018,-5.84580153302049,49.170118485695,2.00352549800972,-1.03712214131572,-2.57396168531748,4.9,0.0
St. Kitts and Nevis,KNA,2019,-4.78511635759442,48.5172889900743,2.93824658056356,-0.329562063663977,-15.1175872982392,4.987,0.0
St. Kitts and Nevis,KNA,2020,-10.8380413895977,61.5059980977042,-15.3018891740649,-1.16724501769353,-8.12324956754765,5.994,0.0
St. Kitts and Nevis,KNA,2021,-3.35211367910692,68.1809358662457,0.367606879216311,1.195688870384,8.86009200757073,5.413,0.0
St. Kitts and Nevis,KNA,2022,-10.6193571735865,63.0959748816919,10.4804941546807,2.66817533111249,3.73967844766491,5.02,0.0
St. Kitts and Nevis,KNA,2023,-13.4429756934455,61.7075986050395,3.02127526129283,3.55711230848243,-1.85401968785128,4.899,0.0
St. Kitts and Nevis,KNA,2024,-12.189028494118,64.3325248725437,0.312226855858171,3.55711230848243,2.48999966554187,4.9,0.0
St. Lucia,LCA,1990,-9.84153354632588,36.9637060702875,9.89070151995526,4.26755662855972,11.7551902356411,16.521,0.0
St. Lucia,LCA,1991,-11.7073023536512,37.6450211225106,0.375678035079076,6.14955053119049,7.94519867895738,16.521,0.0
St. Lucia,LCA,1992,-8.31318681318681,37.3703296703297,7.9530753604442,5.13889779944828,2.81601843458518,16.549,0.0
St. Lucia,LCA,1993,-7.32612222823148,43.6166576527853,0.583199758222051,0.848181596289603,6.08693400318525,16.8,0.0
St. Lucia,LCA,1994,-6.77841203943955,44.6500778412039,1.59856016206341,2.81591665153968,6.5001139525904,17.0,0.0
St. Lucia,LCA,1995,-4.74708737864078,45.9428155339806,1.74822586503767,5.62965921512378,10.7672359155177,15.83,0.0
St. Lucia,LCA,1996,-7.33239436619718,50.293661971831,2.92258795742219,0.924842609615973,4.91230005180994,16.33,0.0
St. Lucia,LCA,1997,-9.76424632352941,53.8522058823529,-0.694130142059308,-0.0055202870547238,4.19447656933983,20.47,0.0
St. Lucia,LCA,1998,-6.85647952722668,53.1107218235542,6.28647121511862,3.20194341679091,11.5585080674273,21.6,0.0
St. Lucia,LCA,1999,-12.0397750100442,56.0138609883487,2.67060351127419,3.50379784108942,8.16089495881408,18.09,0.0
St. Lucia,LCA,2000,-17.8343762887704,58.8438046068308,0.0487485535201131,3.7107860871361,6.14704796155995,16.49,0.0
St. Lucia,LCA,2001,-18.8265127326629,63.9759336099585,-3.40806396189404,5.30722081028547,4.48039208270123,18.538,0.0
St. Lucia,LCA,2002,-17.6189580491342,63.9288477366255,0.416450493043214,-0.255536626916508,1.33663109104814,20.39,0.0
St. Lucia,LCA,2003,-20.9315483729513,56.1966991747937,4.26461148738223,1.03425372426221,10.7118692405485,22.18,0.0
St. Lucia,LCA,2004,-14.87434137709,57.3071875,7.2674088699471,1.46036814425245,7.99059992409862,20.97,0.0
St. Lucia,LCA,2005,-15.5065043802059,62.5332028701892,-0.410304726290235,3.89827370759476,12.4562231255758,18.7,0.0
St. Lucia,LCA,2006,-29.3295746576677,69.6993904268402,6.19525729141048,2.39562082529168,17.4318904126077,16.0,0.0
St. Lucia,LCA,2007,-18.3824804800028,85.6786023151377,1.69161857433913,2.82310373736929,6.94511988840499,14.0,0.0
St. Lucia,LCA,2008,-24.2393485824396,88.8712771202775,4.94932194028057,5.54954769383937,7.68913360915921,12.72,0.0
St. Lucia,LCA,2009,-8.46949402978314,93.513750652637,-2.82889954830628,-0.156936087168669,3.02783476907028,15.37,0.0
St. Lucia,LCA,2010,-12.6704280191935,90.8805128871388,0.330018546071486,3.25034409180129,1.82117740299474,17.118,0.0
St. Lucia,LCA,2011,-14.3071211652343,88.1706182402116,4.32694280532142,2.76940794144093,3.20269499345791,18.86,0.0
St. Lucia,LCA,2012,-10.0247004570207,92.844575867407,-0.108756148262358,4.17763587102515,3.27920416149163,19.06,0.0
St. Lucia,LCA,2013,-6.53053409169977,89.3881857481274,-1.81877603735991,1.46856511035428,2.9904244517038,22.21,0.0
St. Lucia,LCA,2014,-2.42897703597574,79.3569492673838,1.32809022110105,3.51695551369241,2.83147651290813,21.583,0.0
St. Lucia,LCA,2015,-0.477234056484728,70.9051905184372,0.101917836412952,-0.983600952696996,5.4182008042381,20.84,0.0
St. Lucia,LCA,2016,-6.33820254412732,64.0454146325026,3.42787214525211,-3.07821765676927,1.0031891065554,19.932,0.0
St. Lucia,LCA,2017,-1.90842804054587,58.8737129259668,3.37982617272246,0.104262078958441,2.87487061975214,19.136,0.0
St. Lucia,LCA,2018,1.47239642153267,55.9031409378605,2.88677902171601,1.93561893150602,4.9599612564093,19.329,0.0
St. Lucia,LCA,2019,3.33404977672243,54.096097958605,-1.0293678947917,0.539087559191757,-8.34166713472733,15.613,0.0
St. Lucia,LCA,2020,-18.6599979555577,77.4424757222479,-22.9005138634176,-1.75580833517594,-12.6896668720706,25.224,0.0
St. Lucia,LCA,2021,-10.3860164489311,62.9137173396675,11.1466993240856,2.41070312174393,14.8643979502173,20.514,0.0
St. Lucia,LCA,2022,-3.32617930296789,51.5737503392563,19.3456795355342,9.65268564265764,4.05488797374227,15.934,0.0
St. Lucia,LCA,2023,-2.12025739600085,50.3883393512759,3.90774802925928,3.81914546156358,10.9785206418603,12.094,0.0
St. Lucia,LCA,2024,-1.53670013790358,49.6239781628968,4.76890217855616,-0.674240853418779,10.8363508383598,10.199,0.0
St. Vincent and the Grenadines,VCT,1990,-9.79984283270929,31.4839982126073,4.14918678513905,7.60609957743892,13.4605095338769,19.77,0.0
St. Vincent and the Grenadines,VCT,1991,-17.9291901633626,34.6886808906459,1.13557520041245,5.49200387001333,1.4661911911274,19.77,0.0
St. Vincent and the Grenadines,VCT,1992,-8.69443556124081,34.4372934655154,6.37794062708292,3.46353042727654,7.816389950284,19.558,0.0
St. Vincent and the Grenadines,VCT,1993,-15.3241141999664,34.4072028252461,4.25073077397103,4.29137553446651,9.54831945010776,19.681,0.0
St. Vincent and the Grenadines,VCT,1994,-19.5334493525106,36.4839791165481,-1.24762336447148,1.0089495525225,6.76608090115154,19.974,0.0
St. Vincent and the Grenadines,VCT,1995,-12.7212207871358,40.6713391622325,7.76665024455248,1.73837289880567,5.82048589045053,20.005,0.0
St. Vincent and the Grenadines,VCT,1996,-9.93832540054971,44.5607919376103,1.28791200314089,4.40790113846454,6.79714682695399,20.343,0.0
St. Vincent and the Grenadines,VCT,1997,-23.1719525442501,47.6216745830582,3.50515087270627,0.443616029823348,12.0649863145377,20.133,0.0
St. Vincent and the Grenadines,VCT,1998,-24.7013689939233,48.2191183322264,4.0901949332585,2.1424064726839,13.138292620965,20.521,0.0
St. Vincent and the Grenadines,VCT,1999,-17.3621248601816,51.7211405387984,2.71031071289156,1.01355044438875,12.8868305753119,20.542,0.0
St. Vincent and the Grenadines,VCT,2000,-6.88016747198499,51.2428747722865,1.63903190394467,0.167679637488279,4.75753761414314,20.8,0.0
St. Vincent and the Grenadines,VCT,2001,-5.53237309873479,48.5293588393608,1.74823102028898,0.9008584858665,5.02290949544638,21.1,0.0
St. Vincent and the Grenadines,VCT,2002,-3.6476829821597,48.0942356440852,5.34212707436718,1.85550399046655,4.55322207837728,20.623,0.0
St. Vincent and the Grenadines,VCT,2003,-8.40936238282577,46.3766420519832,6.69133665352797,0.205981708824254,2.25651489042948,19.985,0.0
St. Vincent and the Grenadines,VCT,2004,-13.3113071409128,43.3180971226765,4.11469880444737,2.96003946719286,4.72732316682946,19.545,0.0
St. Vincent and the Grenadines,VCT,2005,-14.032989246926,43.3134565297928,2.48855733938132,3.7334291646702,3.99295935650058,19.461,0.0
St. Vincent and the Grenadines,VCT,2006,-16.4580193516628,44.611276125957,6.99692626758825,2.74067516070673,4.76226782571852,19.162,0.0
St. Vincent and the Grenadines,VCT,2007,-21.3718200786996,46.2682260079483,3.3229685982929,7.23614701584807,7.9756937058975,18.934,0.0
St. Vincent and the Grenadines,VCT,2008,-31.3887476104187,46.4055843349388,0.404640808638888,10.0662418245849,4.07164325351839,18.79,0.0
St. Vincent and the Grenadines,VCT,2009,-25.6757501478008,48.5520483734742,-1.3781936056056,0.421539125687215,-2.01246338225682,19.365,0.0
St. Vincent and the Grenadines,VCT,2010,-26.3254736856601,49.0096361352992,-4.47046793507802,0.747109026311474,2.6761409663523,19.924,0.0
St. Vincent and the Grenadines,VCT,2011,-22.3322580316271,50.1952470935014,-0.60627665148327,3.1860311155246,2.16135392057332,20.006,0.0
St. Vincent and the Grenadines,VCT,2012,-25.3027530049807,51.4966860941774,1.16911218376478,2.59844414147101,4.891295502403,19.833,0.0
St. Vincent and the Grenadines,VCT,2013,-24.7266517767588,49.7557907383249,2.4624841721544,0.805127804267928,6.74603670807137,19.356,0.0
St. Vincent and the Grenadines,VCT,2014,-25.2076799475115,49.2545029138621,1.1457271877622,0.193858560794015,8.69932424744889,19.237,0.0
St. Vincent and the Grenadines,VCT,2015,-15.5812824807683,49.4607995479588,2.78509791763551,-1.73361194953959,4.16531298826489,19.135,0.0
St. Vincent and the Grenadines,VCT,2016,-13.0833803977971,48.0592826409293,4.1496810046981,-0.149641647633284,1.88013018455346,19.029,0.0
St. Vincent and the Grenadines,VCT,2017,-11.8946710104422,46.7070222167615,1.54810173239956,2.15333648840511,1.39519433063891,19.024,0.0
St. Vincent and the Grenadines,VCT,2018,-10.3037962472728,44.4315216799501,3.1756114423991,2.32414485367921,1.23902874364482,19.005,0.0
St. Vincent and the Grenadines,VCT,2019,-2.38815343936867,43.6128218687711,0.668428481084234,0.91306972532459,5.40132286471166,19.248,0.0
St. Vincent and the Grenadines,VCT,2020,-15.8942170558576,47.5178316690442,-4.26892434422649,-0.628131309354654,-6.55817326811951,20.635,0.0
St. Vincent and the Grenadines,VCT,2021,-23.2111023451403,46.2241449010807,2.09340124465459,1.57272932500558,12.7816112543839,20.356,0.0
St. Vincent and the Grenadines,VCT,2022,-20.0993766685013,41.1896765400759,3.1108330034352,5.66009779226552,0.181967367186715,19.277,0.0
St. Vincent and the Grenadines,VCT,2023,-17.7791847090196,39.7035964960761,5.32636472098717,4.56457719814894,3.76903777383117,18.348,0.0
St. Vincent and the Grenadines,VCT,2024,-16.6849459746644,36.6622712404704,4.06183490050209,3.62770736940927,15.8004970675783,18.093,0.0
Sudan,SDN,1990,-1.10651646908535,5.06461979515872,-5.47005377383857,65.1580979966203,48.7518132209712,15.619,0.0
Sudan,SDN,1991,-2.16146427982124,4.57256402995713,7.51091035393294,123.578126902936,67.5498882429061,15.619,54.5698148148149
Sudan,SDN,1992,-7.19802492628453,3.89778335009407,6.57786138499603,117.624468896394,139.788405149079,15.668,1300.7574187380267
Sudan,SDN,1993,-2.27688184025583,3.18510165432335,4.56874918954713,101.380423763812,103.919740481896,15.51,63.51348808566717
Sudan,SDN,1994,-4.70306122903388,2.38142192721086,1.00622924788334,115.398144292738,51.1755370401859,15.617,81.78507108868375
Sudan,SDN,1995,-3.61451082283543,1.62666043690859,5.99709226051246,68.3751929485422,72.6803614790597,15.627,100.57177682432061
Sudan,SDN,1996,-9.1674698509357,2.82836418068254,5.9191237633176,132.823777374139,65.6174866868252,15.605,115.32934939247473
Sudan,SDN,1997,-7.08918356865189,2.13789875920727,18.3126571850273,47.1685369647197,38.0038979880788,15.324,25.979612911822176
Sudan,SDN,1998,-8.50205479843779,1.96258997070586,4.30850425525036,24.6218785461586,29.9305958848977,15.352,27.43320476960352
Sudan,SDN,1999,-4.03575038645252,1.61553114401575,3.10409561549652,17.1664454201761,23.4667611610527,15.399,25.770919351284384
Sudan,SDN,2000,-4.22360581869545,2.26814407058398,6.34586743997545,7.12125897172291,36.8580141883169,15.595,1.8103645971677618
Sudan,SDN,2001,-3.32074310136626,2.48744680025298,6.50036053396883,1.93529572095333,24.5146225557476,15.56,0.6143391444416586
Sudan,SDN,2002,-5.36777365828637,3.73617957584528,6.0064715363132,22.2247241495905,30.4327358776433,15.514,1.7795484043299707
Sudan,SDN,2003,-4.39506852023541,5.01728000381241,6.28880816146516,6.48943208673338,28.1598280605037,15.515,-0.882016159915432
Sudan,SDN,2004,-3.07074148971241,6.1285411012767,5.14088851762675,9.65754628605945,30.1653053290674,15.538,-1.1795512435462383
Sudan,SDN,2005,-7.02825381106123,7.8135798471469,5.64351551343631,8.50585075933117,43.4173771363269,15.545,-5.544354187265473
Sudan,SDN,2006,-14.3510830891701,11.048116510493,6.5314117467792,7.19912990114709,32.1888104507858,15.542,-10.858730120720985
Sudan,SDN,2007,-6.05172200816878,9.81285601767293,5.73527423664484,14.7542770780084,10.7682797693837,15.534,-7.157768704141334
Sudan,SDN,2008,-5.54326957101499,9.37979082509826,3.84674473121058,14.2971224481434,16.3416629733584,15.566,3.673569206380655
Sudan,SDN,2009,-9.54372816963053,11.5585100746323,-2.76770436599138,11.256758706301,23.7870987633119,13.0,10.11263341085686
Sudan,SDN,2010,-2.92618988919934,10.5026912651794,3.85824195230107,12.9776663898014,26.272516302831,15.168,0.19411349679953144
Sudan,SDN,2011,-4.82188496528231,9.29192166764101,-3.21353209253371,18.0966171221351,17.7200945120186,17.44,15.638272233731609
Sudan,SDN,2012,-16.6318777556219,11.9423641232484,-17.0046884048945,35.5590574147024,39.140602726195,16.973,33.98830129943518
Sudan,SDN,2013,-13.5321488136858,10.5177916679111,1.95514463302422,36.5223449139154,13.0735854393737,16.273,33.1322703293456
Sudan,SDN,2014,-7.16013618473832,8.15064686274859,4.66137954229873,36.9066427863595,16.990136238177,15.41,20.604487231933916
Sudan,SDN,2015,-10.5569345811594,8.12473335981359,1.91017689052751,16.9095706050977,20.8769390792482,14.39,5.035256143016497
Sudan,SDN,2016,-9.88346111101847,8.21971643252736,3.46764218409288,17.750253831196,28.2588878696591,13.656,3.0864470816538008
Sudan,SDN,2017,-11.1697054533751,8.38975613758766,0.70925628476644,32.3516260968437,68.7846305867026,13.0,7.592854098853046
Sudan,SDN,2018,-14.4693934170139,9.35475603325025,-2.6809305497999,63.2925073455888,111.826326805131,12.347,264.0221520584197
Sudan,SDN,2019,-14.7808388986177,9.17361614121809,-2.17825104530091,50.9940515002965,60.0789296283337,11.697,88.11793770487917
Sudan,SDN,2020,-21.6064794369516,7.89088716237967,-3.62980082410752,163.257782355458,87.9913831302034,11.995,17.98011291419099
Sudan,SDN,2021,-7.65468962500371,6.61986449215035,-1.8685204827207,359.093040778999,87.9913831302034,11.087,586.6999436686787
Sudan,SDN,2022,-8.59889945377348,5.63980468495649,-0.957816591119183,138.80846024176,87.9913831302034,7.53,47.45758780731366
Sudan,SDN,2023,-8.59889945377348,5.63980468495649,-29.4332716274387,138.80846024176,87.9913831302034,7.53,0.0
Sudan,SDN,2024,-8.59889945377348,5.63980468495649,-13.9643378424022,138.80846024176,87.9913831302034,7.53,0.0
Suriname,SUR,1990,-8.17994588487447,37.8231204943357,-4.49999999759301,21.7399443397526,4.23024041592679,17.189,0.0
Suriname,SUR,1991,-8.17994588487447,40.7226065610355,2.69999913539954,25.9674625060223,23.6955029867047,17.189,0.0
Suriname,SUR,1992,-8.17994588487447,40.6192123908387,0.400000008536168,43.6661783854171,19.4693360332102,17.28,0.0
Suriname,SUR,1993,-8.17994588487447,21.503224036219,-6.6999981497152,143.51155848349,65.9737016618512,15.64,0.0
Suriname,SUR,1994,-8.17994588487447,8.20109445868665,3.39999889736058,368.478068706267,205.560297431766,12.7,12362.787539967845
Suriname,SUR,1995,-8.17994588487447,6.5923849216345,0.0,235.558815073605,181.699299132101,8.39,99.03375046391109
Suriname,SUR,1996,-8.17994588487447,13.1882081835183,1.00000122281456,-0.701887251452818,38.5492673610452,10.88,-9.430053493413283
Suriname,SUR,1997,-8.17994588487447,17.1703515404688,5.6999976832949,7.14511160883929,19.0479624691556,10.56,0.1366018738505079
Suriname,SUR,1998,-8.17994588487447,18.1780934244047,2.30000165105389,18.9753691994478,38.0170587857744,10.63,0.010029084344605673
Suriname,SUR,1999,-8.17994588487447,14.5262095042049,-1.4000004700581,98.7730914112164,37.8468674743327,13.6,107.68698179134061
Suriname,SUR,2000,-8.17994588487447,7.91197862137439,2.09999886750489,59.401686545079,80.5482245574555,12.873,58.555984353919875
Suriname,SUR,2001,-8.17994588487447,8.78797827189922,4.20000042083539,38.5862878872611,28.1621941329841,12.047,64.70305297014477
Suriname,SUR,2002,-8.17994588487447,15.9653838913094,2.80000068850687,15.5273989185702,116.751601255684,11.187,7.738918331477429
Suriname,SUR,2003,-8.17994588487447,17.227183177166,6.29999943314137,23.0022321778219,19.8709159941271,10.336,10.848336351691916
Suriname,SUR,2004,-8.17994588487447,18.7558718627611,8.50000018479413,9.98632511974878,32.4135086848898,9.49,5.083917568242052
Suriname,SUR,2005,-8.17994588487447,19.319818720147,4.50000021086888,9.89800489561465,11.1401740304065,9.302,-0.07010250698669604
Suriname,SUR,2006,8.3993924507355,17.4884111348182,5.79354358463304,11.2813043273975,27.1408489660771,9.142,0.4423429356887648
Suriname,SUR,2007,11.0501488649051,21.3584594965176,5.11148777773458,6.42627934470524,28.7855492680333,9.017,0.04555808656037159
Suriname,SUR,2008,9.21887502577851,23.8646397246909,4.14340681165626,14.6671427437912,20.8684981710095,8.854,0.0
Suriname,SUR,2009,2.87195431472081,24.4076977224826,3.01369898266211,-0.133636646714877,14.8879244882069,8.72,0.0
Suriname,SUR,2010,14.8990514000174,24.0185392688126,5.16882515225814,6.94108221639996,10.67944305701,7.15,0.015179113539884898
Suriname,SUR,2011,9.75303238731731,23.6572660681081,5.84936767173009,17.7117796414558,21.4559721530218,7.54,19.034754894521022
Suriname,SUR,2012,3.26046699609317,24.1947896158436,2.69034974668847,5.00686319367273,21.1390435174354,8.1,0.9791921664626693
Suriname,SUR,2013,-3.80907333945482,27.8152813950886,2.9334416518612,1.92343604108305,11.0677321140968,6.6,0.0
Suriname,SUR,2014,-7.94454297839106,29.730243552903,0.255503031645475,3.38341272749477,5.45082424642804,6.94,0.0
Suriname,SUR,2015,-15.3413674981336,33.7330206067527,-3.41304268067621,6.89390359168238,11.7544950140815,7.22,3.5353535353536443
Suriname,SUR,2016,-4.83755000193213,36.3293876411773,-4.91166050905851,55.4123879763196,52.2075463658633,7.917,82.30137400457873
Suriname,SUR,2017,1.92551128292716,28.2868866474438,1.56603782534897,21.9969430173304,8.69518164223845,7.905,20.213607008561926
Suriname,SUR,2018,-2.97065426623086,24.2780778063315,4.94827108468886,21.9969430173304,9.06456035757818,7.817,-0.33588494681375003
Suriname,SUR,2019,-11.1616172949162,23.0940833809237,1.16758977233877,21.9969430173304,5.69446377485855,7.755,-0.06045147930443417
Suriname,SUR,2020,8.92387981171876,24.2209075589576,-15.9751917148622,34.889784309078,62.0542995477968,8.973,24.826300007313765
Suriname,SUR,2021,-3.22419866560152,18.1047543764174,-2.43538583612838,59.1196626251977,43.9068241723904,8.706,95.91361098904697
Suriname,SUR,2022,1.35091422828331,19.3784779706784,2.40622235601218,52.446027276241,46.8548557834865,7.973,35.47687014719016
Suriname,SUR,2023,-3.68503407124078,16.5984067841251,2.41659215006946,51.5873159600861,19.6155013570744,7.699,48.83487420750466
Suriname,SUR,2024,-12.9141824158348,17.0207142258694,1.72095749127065,16.2296159130279,9.79102070573258,7.621,-9.776295112716905
Sweden,SWE,1990,-2.42434625577459,51.1225876846168,0.754674765275468,10.3665533879493,0.774311233135148,3.243,0.0
Sweden,SWE,1991,-1.69925055089858,47.4277174215653,-1.14597485051154,9.44462732944189,4.15408147609757,3.243,2.1740366978159256
Sweden,SWE,1992,-3.10926994292047,47.4348233415486,-1.15859275987265,2.37436725111881,3.27731767632731,5.722,-3.6979671928740894
Sweden,SWE,1993,-1.95597245054897,38.149281794794,-2.06561636908388,4.72817304626049,4.16726696441435,9.33,33.647826460235365
Sweden,SWE,1994,0.324716704352822,34.2890512636557,4.01576585901515,2.15813800724629,0.694858407385637,9.58,-0.8666705495608964
Sweden,SWE,1995,1.84997529476704,31.3247427361649,4.09438992772475,2.455148578184,3.09141280325912,8.897,-7.551891293857553
Sweden,SWE,1996,2.01824534931767,31.832135228372,1.70471985374236,0.533131978766238,8.86316277532922,9.547,-5.990416735105899
Sweden,SWE,1997,2.76074697809112,34.718775191535,3.06499186399252,0.658410256243526,1.12326959816615,10.359,13.85243739178629
Sweden,SWE,1998,3.52452706086273,35.8329382450278,4.24583179417877,-0.267132668354971,-0.436546982355369,8.941,4.125453387096596
Sweden,SWE,1999,3.92895025312135,37.4321870279123,4.20111929805536,0.462175756339138,8.5140703823011,7.607,3.931639621109907
Sweden,SWE,2000,4.44605675274445,39.7999398034271,4.63112136551369,0.899143734041715,1.92048536391652,5.466,10.890452504177107
Sweden,SWE,2001,6.17157591368191,89.5474345222414,1.36080642694121,2.40595834145436,22.4286821236818,4.73,12.73587175194393
Sweden,SWE,2002,4.65738421384446,89.628767146107,2.27772867861897,2.15848213589266,8.25757092878259,4.965,-5.73148140902048
Sweden,SWE,2003,5.85859579947662,89.9115276836911,1.88102769675844,1.92565534892383,4.41188177928152,5.555,-16.953869332386603
Sweden,SWE,2004,5.9556796683309,91.6350257927676,4.17958419343711,0.373659828721824,3.36975669575135,6.693,-9.119339129484885
Sweden,SWE,2005,6.02094308319674,99.2700350890139,2.79313782840156,0.453170852576138,16.4819325245292,7.81,1.69007459633332
Sweden,SWE,2006,8.15775334805556,102.724459574807,4.67607488877992,1.36021468627693,15.0215300021636,7.066,-1.2690759487432255
Sweden,SWE,2007,8.14767813080377,111.25228893146,3.22486814096095,2.21216883436733,18.5897781453118,6.161,-8.396018522461041
Sweden,SWE,2008,7.9288414126661,118.417228475241,-0.923113250067971,3.43704910602875,2.71906858795869,6.235,-2.4807891573959546
Sweden,SWE,2009,5.96764869542423,124.563322488407,-4.25561384207619,-0.494460544378051,0.505098058416057,8.351,16.12356259748785
Sweden,SWE,2010,5.92506783771235,123.280099698326,5.75076477579255,1.15798802715626,3.50297512121341,8.61,-5.831010509676921
Sweden,SWE,2011,5.51028500175063,124.767458149755,3.16388567406926,2.9611507382214,6.64863971977526,7.804,-9.906048413064727
Sweden,SWE,2012,5.53304332576063,128.741480388616,-0.414397702454409,0.888377506923735,3.36892606915059,7.976,4.334651908074851
Sweden,SWE,2013,4.70549381033489,131.023007766672,1.13766671801426,-0.044292970148682,3.81599354340264,8.052,-3.853041425856495
Sweden,SWE,2014,3.44736840993782,130.317892577225,2.29577238758284,-0.179638494114635,4.1774057955312,7.954,5.324145560964828
Sweden,SWE,2015,2.71694586220695,127.51740985919,4.38824673608589,-0.0467847449832812,6.64832835273634,7.432,22.94279493284414
Sweden,SWE,2016,2.0109441785256,129.172366333007,2.13117914731151,0.984269244577992,8.84685293256139,6.99,1.5074479275394985
Sweden,SWE,2017,2.1897617916186,132.715906095455,1.88282184966646,1.79449904665599,10.0639182390636,6.718,-0.15336190275049288
Sweden,SWE,2018,2.08249358421543,133.266789972115,1.7702553546772,1.95353530127028,3.81822692075168,6.365,1.6804285717210057
Sweden,SWE,2019,5.21540072405936,131.822474370602,2.60823012869524,1.78415097403835,7.05650936347593,6.833,8.810229716704725
Sweden,SWE,2020,5.66402536162382,138.459181444506,-1.93379704032216,0.497367318853572,18.1336662046918,8.291,-2.622446410838463
Sweden,SWE,2021,6.24035538176738,136.797864800213,5.2258643028773,2.16319736447143,10.4475315520707,8.803,-6.880793145935611
Sweden,SWE,2022,4.02280803536862,136.077652643424,1.25543620445816,8.36929098869189,2.87099561636584,7.417,17.928905731105285
Sweden,SWE,2023,6.22102368947912,129.136765656002,-0.204061304891439,8.5486248974891,-1.2815143580151,7.611,4.903081853321709
Sweden,SWE,2024,6.85769099152574,125.28961467527,1.01779633304398,2.83581658224034,0.306971977737118,8.4,-0.4007937380736387
Switzerland,CHE,1990,2.26996181886497,142.164879950207,0.754674850871268,5.40395909218937,0.834714025550794,1.818,0.0
Switzerland,CHE,1991,3.49306005397493,141.032473295234,-1.14597481735849,5.85959663468677,2.33105107780219,1.818,3.227373889465943
Switzerland,CHE,1992,4.70565182734784,141.137107332988,-1.15859267203984,4.0370302077874,2.5969648553821,2.344,-1.936784848819904
Switzerland,CHE,1993,6.10678947948753,140.651095749735,-2.06561631523785,3.29262180313607,8.89797734439469,3.551,5.077329148745754
Switzerland,CHE,1994,5.46855373796557,142.05628342865,4.01576592867781,0.852116995120664,4.15613538321203,3.58,-7.439288493858558
Switzerland,CHE,1995,5.78036617537037,144.433488131735,4.09438994746239,1.7998277686715,4.6060794044665,3.094,-13.542761500361372
Switzerland,CHE,1996,5.76649068336731,142.467999363983,0.560166924751584,0.811634064628187,9.56671608598962,3.684,4.527884095638566
Switzerland,CHE,1997,8.47084633785544,144.241756215158,2.09761680316545,0.52022542273664,6.62420625516005,4.127,17.419155184828597
Switzerland,CHE,1998,8.20907228694801,142.862587069313,2.77611373648112,0.0179384378439321,5.09823674734555,3.568,-0.10329902530778229
Switzerland,CHE,1999,9.36807372652254,149.160661652256,1.68007571116809,0.806444380959459,13.2799202208374,3.053,3.610236667425866
Switzerland,CHE,2000,11.1830809846991,140.300296124263,3.63321673470911,1.55852919679008,-16.930526803309,2.658,12.427978470930105
Switzerland,CHE,2001,7.10867997766228,134.976056409222,1.59219781357001,0.989020329832545,3.91325899092265,2.49,-0.07268291744197206
Switzerland,CHE,2002,7.33454803627006,135.480432997259,0.380410134195273,0.642711506543278,5.7321146989266,2.924,-7.644367939370067
Switzerland,CHE,2003,11.145732111859,139.161484664263,-0.284222357857615,0.63827293088719,8.35913016889283,4.117,-13.599104756436109
Switzerland,CHE,2004,12.370559423016,140.924568613317,2.58692895529093,0.802908730955226,2.85023318029875,4.316,-7.660114815706399
Switzerland,CHE,2005,11.2370098937934,144.228510209127,2.95208487460334,1.17195420333703,6.88769804723943,4.437,0.13517000124032202
Switzerland,CHE,2006,12.5827051327396,147.92858367262,4.13432251467916,1.05950928324805,4.60606762087496,3.995,0.6960190387971832
Switzerland,CHE,2007,8.62602411965998,151.063646993445,3.98319384807056,0.732350603122236,3.32901707682785,3.641,-4.265086281380199
Switzerland,CHE,2008,1.71685956202742,143.978771187878,2.53159615417233,2.42604117060157,4.01897023809639,3.35,-9.770007615733558
Switzerland,CHE,2009,6.20993663529341,152.589138144841,-1.93490944903913,-0.480481936423305,7.6057570610455,4.109,0.46641519196741504
Switzerland,CHE,2010,13.5122041081735,151.124117500095,3.26063082122047,0.688238707219975,5.501184989208,4.808,-4.15718382292163
Switzerland,CHE,2011,6.78869248151288,153.882471661955,1.40766067483813,0.2313492076509,11.2288814640572,4.409,-14.849245293069322
Switzerland,CHE,2012,9.26545401355282,159.565695854112,1.12413575027705,-0.692552018105163,13.0049811619879,4.491,5.590101696581671
Switzerland,CHE,2013,10.0987695815989,161.204723861096,1.83612392927999,-0.217323155115673,4.07568743554397,4.747,-1.1497399362852099
Switzerland,CHE,2014,7.31047606764298,161.86455636843,2.54342347675991,-0.0132025387515946,4.5699547970414,4.826,-1.160045238868373
Switzerland,CHE,2015,9.03526946600204,163.923941772786,1.45450336491099,-1.14390867228178,0.0794145151533264,4.801,5.0461417751814865
Switzerland,CHE,2016,7.11825025698579,167.772890998961,1.91159094214852,-0.434618664285815,3.30738697507558,4.918,2.3912627532167603
Switzerland,CHE,2017,5.23116441578826,167.772890998961,1.42034612231261,0.533787839825876,3.30738697507558,4.797,-0.0713143470545688
Switzerland,CHE,2018,5.9935622611881,167.772890998961,3.32743256101493,0.936335464113572,3.30738697507558,4.713,-0.6905714986924755
Switzerland,CHE,2019,4.02412129092586,167.772890998961,1.11532187197474,0.362886179940674,3.30738697507558,4.394,1.6175104604293171
Switzerland,CHE,2020,0.439023949410653,167.772890998961,-2.2552579425106,-0.725874933313403,3.30738697507558,4.817,-5.509073328799279
Switzerland,CHE,2021,7.43974843118479,167.772890998961,6.17622836050151,0.581814168489856,3.30738697507558,5.013,-2.675197336073978
Switzerland,CHE,2022,8.95592029075919,167.772890998961,3.53430286842426,2.83502798644451,3.30738697507558,4.122,4.485074524787675
Switzerland,CHE,2023,5.86347462172406,167.772890998961,0.825560934124624,2.13540088016387,3.30738697507558,4.043,-5.900773172257957
Switzerland,CHE,2024,8.88762829753527,167.772890998961,1.39033363875791,1.06234041976595,3.30738697507558,4.343,-2.008833338898263
Tanzania,TZA,1990,-9.03771314435187,9.57330925404466,7.04507164205259,35.8267716535433,41.863512353537,3.6,0.0
Tanzania,TZA,1991,-10.2458135935714,9.66153937383791,2.07198821361914,28.695652173913,30.0783218310953,3.6,12.356200422870165
Tanzania,TZA,1992,-10.6889176967354,6.71045692313803,0.584322131924068,21.8468468468473,40.5905991012085,3.683,35.84212109332335
Tanzania,TZA,1993,-14.4722694555188,7.43514798162032,1.20580080875436,25.277264325323,39.2220068095596,3.892,36.13134454696561
Tanzania,TZA,1994,-9.73041257496989,6.67933348871789,1.56766176421846,34.0833640722984,35.346730047451,3.861,25.749703667571964
Tanzania,TZA,1995,-7.72805036797611,4.5828388298094,3.56991186849247,27.4277854195323,33.0078097781122,3.672,12.780008013970113
Tanzania,TZA,1996,-4.37556391827358,2.13034510777199,4.54436680394173,20.9772596430629,8.40466874723709,3.475,0.9073194372469944
Tanzania,TZA,1997,-3.90935028953365,2.44142763238939,3.52527818941036,16.0906549283201,12.8513102924421,3.342,5.542608035955395
Tanzania,TZA,1998,-5.78640777187492,2.96457636286491,3.70851159859504,12.7997540479609,10.7775149422535,3.283,8.584671913437756
Tanzania,TZA,1999,-6.11682325920144,3.19293931400347,4.86386375362282,7.89043336058877,18.5539404703481,3.219,12.049245651468473
Tanzania,TZA,2000,-3.20303174427397,3.11387313071453,4.52078463603256,5.92396109637479,14.797068901793,3.129,7.472140123524768
Tanzania,TZA,2001,-4.15575639482293,4.11570369262342,6.07080828734129,5.14746800222618,34.2292679616146,2.994,9.495544889566911
Tanzania,TZA,2002,-0.324018475277026,5.22405433434849,7.09319498355502,5.31783366118203,25.5562503860946,3.023,10.28867152528306
Tanzania,TZA,2003,-1.14522022259737,6.19230392095948,6.67278983053497,5.30356621509782,17.9687421523589,3.053,7.431978254385382
Tanzania,TZA,2004,-2.89917810279357,7.10967570724658,7.50381465859829,4.73580143949058,13.4928681607951,3.105,4.903200400837526
Tanzania,TZA,2005,-5.93931026684705,7.82538446283459,7.47631925974784,5.03457009267163,34.781864960487,3.193,3.6351917434832024
Tanzania,TZA,2006,-5.91870284632789,9.79002002817653,6.53222138847813,7.25097262082546,21.4958760114288,3.299,10.892202223385198
Tanzania,TZA,2007,-7.84401666779704,11.4689486745392,6.76853520293716,7.02551436974771,20.508125533713,3.023,-0.5483272646200864
Tanzania,TZA,2008,-9.22106341671595,11.9110255361168,5.68641685905224,10.2783937621135,19.8469166797341,2.775,-3.9135234492804933
Tanzania,TZA,2009,-6.15605248067037,11.2673883570686,5.26910524873463,12.1422278742988,17.7155570238218,2.5,10.365313172845244
Tanzania,TZA,2010,-6.90590514874114,11.7182622747407,6.33652342666889,6.20015595647403,25.4269236910024,3.03,5.70417717894326
Tanzania,TZA,2011,-12.6408334198025,12.3549632083654,7.67215543486064,12.6909694699162,18.2395320637285,3.47,11.593969249141423
Tanzania,TZA,2012,-9.49381708629512,12.8184488909643,4.50015356010131,16.0010938506338,12.4855443255808,3.223,0.9159300558611475
Tanzania,TZA,2013,-10.92678991973,12.5373332966711,6.78158560065316,7.87072364573959,9.965542218655,2.93,1.6451948476117597
Tanzania,TZA,2014,-9.97566998652383,13.3037348078978,6.73246186832483,6.13161432988012,15.5672628833781,2.125,3.485011217656991
Tanzania,TZA,2015,-5.52237840763772,14.6135380844234,6.16062877406682,5.58816952959298,18.8091511371336,2.009,20.454493902595807
Tanzania,TZA,2016,-2.44600098634938,13.670306797678,6.86711619644551,5.17476629301493,3.44806721990586,1.931,9.324931611867948
Tanzania,TZA,2017,-2.77322833378381,13.0765127755534,6.72726996832438,5.31871605228931,8.02722779326997,1.854,2.377948512231938
Tanzania,TZA,2018,-4.05016373285836,12.7000393990914,5.50267599384966,3.49445848856181,4.48779672013,1.792,1.566946880089478
Tanzania,TZA,2019,-2.19612703390999,12.6383081530206,5.79999999996723,3.46428057999021,9.6412099544991,1.735,1.0789468065604153
Tanzania,TZA,2020,-2.2076089771516,12.4351808144123,1.99196460647855,3.29029062798325,5.67729156224582,1.792,0.2595693791536923
Tanzania,TZA,2021,-3.36035890344051,12.9776126678886,4.32138429480482,3.69091958802199,15.499292263209,1.876,0.15770903401394865
Tanzania,TZA,2022,-7.2373333204952,15.1576772705188,4.56600576430955,4.35027204269101,11.6383030690923,1.573,0.22932944229999702
Tanzania,TZA,2023,-3.74610299942785,16.386679568119,5.06952353203394,3.79923291384916,14.0553470430988,1.565,3.4740658827311797
Tanzania,TZA,2024,-3.00342879227062,16.6720456471052,5.5263138305945,3.05694676312373,14.0553470430988,1.557,9.016113888858964
Thailand,THA,1990,-8.53154931493565,106.362551068585,11.1671634446293,5.8639947437583,25.5190553318751,2.63,0.0
Thailand,THA,1991,-7.70751149059111,106.362551068585,8.5582603212423,5.70985259891396,19.3955051933368,2.63,-0.2683829277191175
Thailand,THA,1992,-5.65567692212437,106.362551068585,8.08338802345332,4.13914575077053,15.5136756624884,1.35,-0.4572175048987642
Thailand,THA,1993,-4.93050710851374,106.362551068585,8.25191591524627,3.31219168428468,18.9909564645932,1.49,-0.31699475065634136
Thailand,THA,1994,-5.49408768770675,106.362551068585,7.99702466720433,5.04774897680755,10.6860962987035,1.347,-0.6700702818445355
Thailand,THA,1995,-8.0232936998296,106.362551068585,8.12031534625378,5.81818181818192,17.7427316710277,1.1,-0.9335055015292705
Thailand,THA,1996,-8.02658256605427,106.362551068585,5.65194446499471,5.80510554737349,10.620175603965,1.071,1.7158504598625925
Thailand,THA,1997,-2.01164910932919,106.362551068585,-2.75357515314082,5.62579747129106,19.5505422821044,0.873,23.76090813417237
Thailand,THA,1998,12.5290469721114,106.362551068585,-7.63403528600102,7.99472875027457,10.0696133843312,3.404,31.86757576593741
Thailand,THA,1999,9.81128061226545,106.362551068585,4.57230775115542,0.284726459223048,3.79912281611537,2.968,-8.572979149332657
Thailand,THA,2000,7.36845240260665,106.362551068585,4.45524704335014,1.59196917460972,4.90795143092956,2.389,6.0775596787818325
Thailand,THA,2001,4.24027233043999,106.362551068585,3.44424900968372,1.62690887314091,16.3771980273823,2.6,10.77013823279458
Thailand,THA,2002,3.46550516817669,106.362551068585,6.14903605210036,0.697308976625449,1.30589499894612,1.82,-3.3125224594642533
Thailand,THA,2003,3.13356400154558,106.362551068585,7.18924330340971,1.80434994635718,6.24564193777105,1.54,-3.4345060627984494
Thailand,THA,2004,1.59597338993786,106.362551068585,6.28934214285795,2.75914926231082,5.79279814667161,1.51,-3.042577829045712
Thailand,THA,2005,-4.036464315232,106.362551068585,4.18763842884337,4.54036919634536,6.09647929371457,1.35,-0.005680188953059872
Thailand,THA,2006,1.04380762367254,106.362551068585,4.96781089246107,4.63747436011764,8.15519670247754,1.22,-5.81337498085114
Thailand,THA,2007,5.92665423116421,106.362551068585,5.43515169050809,2.24154095286802,6.25297359488566,1.18,-8.87968987833415
Thailand,THA,2008,0.319466151466348,105.75976393767,1.72569884866334,5.46848949649846,9.16478327823315,1.18,-3.4905662170304876
Thailand,THA,2009,7.87655950254759,108.983352741424,-0.690618232300579,-0.845716092316721,6.76441683206241,1.49,2.9191748144781813
Thailand,THA,2010,3.36732467219252,115.747568600026,7.51339053261624,3.24758842443725,10.9429050955698,0.622,-7.583521708053626
Thailand,THA,2011,2.54217096328341,130.672937960862,0.840132083053334,3.81191694558332,15.1209680158006,0.66,-3.7681713778080628
Thailand,THA,2012,-1.23233637957653,136.230998631992,7.24279620249642,3.00948610403357,10.3754478189973,0.58,1.9394054344786353
Thailand,THA,2013,-2.10153458942232,142.363202683937,2.68749556320556,2.18617704418967,7.32085031482377,0.249,-1.1489365466916484
Thailand,THA,2014,2.85828409870041,145.564225761056,0.984468863619426,1.89455652481545,4.64784956646177,0.576,5.70809272070616
Thailand,THA,2015,6.91581517168623,149.373253475137,3.13404724911635,-0.898143410569433,4.43563648660048,0.597,5.4430184883955555
Thailand,THA,2016,10.5083543932086,146.223949449025,3.43515771692182,0.186235191075453,4.22178650304791,0.688,3.0620046202591737
Thailand,THA,2017,9.63103019182141,144.640307265206,4.1776810321001,0.664415139830893,5.01277099942724,0.83,-3.8433747271958625
Thailand,THA,2018,5.61986314598972,144.088791675771,4.22287028746071,1.06683487370758,4.66754763850258,0.765,-4.80139771791389
Thailand,THA,2019,7.04854832033554,143.369163383068,2.11455779628278,0.705524801910317,3.63689698519263,0.716,-3.9078029743068186
Thailand,THA,2020,4.1441730948501,160.17075930508,-6.09306312966953,-0.846087518861799,10.159916138524,1.099,0.7925488176851615
Thailand,THA,2021,-2.14183455857728,164.142023585507,1.55858232076893,1.23104516549814,4.80510932600993,1.215,2.1838926483158194
Thailand,THA,2022,-3.42866250197224,156.437761251145,2.63784213566305,6.07589952842433,3.87577190401605,0.94,9.645206742514416
Thailand,THA,2023,1.64003832144024,153.81071706352,2.24883437970568,1.22908986612448,1.95048091318844,0.733,-0.7391661532024666
Thailand,THA,2024,2.19482817825998,146.295079842162,2.94859986593323,0.398333333333422,3.37137348349011,0.781,1.4118350598279783
Togo,TGO,1990,-3.66352702721284,15.9838895181791,-0.243656134474705,1.01534150530809,9.53184374004187,4.057,0.0
Togo,TGO,1991,-6.22158219714276,17.6028557341426,-0.699967495023117,0.387081797870757,3.14203539075546,4.057,3.614907725811254
Togo,TGO,1992,-5.80034578751872,17.7148843128058,-3.98068681380465,1.39378663675938,-18.002944411048,4.209,-6.173229904852485
Togo,TGO,1993,-4.73245523551368,20.9411600696186,-15.0958274819575,-1.00688168855034,-16.1872669704681,4.507,6.978220971356866
Togo,TGO,1994,-4.0604253499812,13.3031595077945,14.9824143442687,39.1627673796795,44.2897152293973,4.201,96.07276379386906
Togo,TGO,1995,-6.59580508528401,14.2193024302481,7.84583232329818,16.4335034524163,22.2742526882181,3.99,-10.096504981497775
Togo,TGO,1996,-7.43684829762115,13.3103536021199,8.83621162979911,4.68749999999996,-6.34970425479864,3.606,2.4850332541484295
Togo,TGO,1997,-5.52268507704884,12.5826958403143,14.3773775724317,8.25082508250802,5.26232846562475,3.618,14.097663858709783
Togo,TGO,1998,-6.25067363890598,12.2801014151581,-2.29987657013699,0.975338381088674,0.0652647765594907,3.78,1.0763631794837631
Togo,TGO,1999,-5.71132962319834,10.7130337704434,2.48175143834959,-0.0532136248823534,8.37978598391963,3.889,4.32604423820055
Togo,TGO,2000,-6.64451964783898,9.88050671150411,-0.783479610048047,1.86260595463067,15.3683736657952,4.162,15.392157567342018
Togo,TGO,2001,-8.08590195490082,9.08811274800628,0.823438752111855,3.91959133653146,-9.06390585394999,4.108,3.1243969297011973
Togo,TGO,2002,-5.81784745652387,8.12424446619038,3.82662257675142,3.05981857535884,-2.68468350325594,4.087,-5.281893583205087
Togo,TGO,2003,-5.43138096608201,10.051601367961,6.72017142336034,-0.930000884072214,13.2657106909014,3.957,-16.406750797983076
Togo,TGO,2004,-6.49399507558124,9.35311537935271,-0.978665332738743,0.393078681031669,18.6763377363183,3.992,-9.06356736704301
Togo,TGO,2005,-6.33089706237215,10.1595456202613,-4.66629938413338,6.78292893028314,2.60286969395756,4.149,-0.01510788850253824
Togo,TGO,2006,-5.31324873611491,11.2450790183166,2.65013209943473,2.22897779414027,23.8808491886964,4.229,-0.9165786826336906
Togo,TGO,2007,-5.74598605436746,16.1657346509353,-1.1751368996605,0.945673271705214,10.6044386416701,3.822,-8.382419301809671
Togo,TGO,2008,-4.86721309193415,13.6233156636954,4.03561315398862,8.69482814363902,24.8819450245735,3.279,-6.818089863676538
Togo,TGO,2009,-3.75655470430214,14.1762368872065,5.45381096920332,3.71360592035809,14.4024814725102,2.847,5.44694611026645
Togo,TGO,2010,-4.21167785064637,15.7145169061165,5.85433399076879,1.44594517430864,14.7367829003732,2.379,5.209692006210174
Togo,TGO,2011,-5.57134555457932,20.0861035551256,5.82325622135289,3.5635147290396,17.2726328215895,1.982,-4.758672099031072
Togo,TGO,2012,-5.43302431064873,21.8767906182223,6.30271426865185,2.57718174055848,10.1293720826652,2.029,8.34118352607313
Togo,TGO,2013,-9.43944638209534,27.247557452577,5.82425069283059,1.82539475909162,16.9426411309444,2.084,-3.2624635808936286
Togo,TGO,2014,-7.17108249416322,25.4754223409385,5.63323739145223,0.19087507624975,3.62229387815256,2.141,-0.028810302752448124
Togo,TGO,2015,-8.01021600244542,29.1751266271894,5.4680413807304,2.58500390801595,20.7785475642935,2.204,19.737300534233693
Togo,TGO,2016,-7.19180652142337,30.4171056281322,4.21490387414525,1.28544847051417,12.3877282908383,2.968,0.23577291944129516
Togo,TGO,2017,-1.51302452827798,29.6398768907266,4.00791259566937,-0.981889868943119,9.95699570871958,3.744,-2.0163267393092883
Togo,TGO,2018,-2.62976116468944,27.8062312207682,4.79518333086139,0.927755426457183,9.33494749776415,2.9,-4.3416857218186
Togo,TGO,2019,-0.792850409861065,27.5921731762732,4.91949260488683,0.674652770077525,4.53167858210492,2.036,5.484696917502256
Togo,TGO,2020,-0.277018884474411,26.8935131331641,2.15900131150536,1.69928463299399,11.5850928864143,2.231,-1.7622144723614281
Togo,TGO,2021,-0.277018884474411,26.2154849445079,5.13562929064506,4.1862150652352,12.2797760765898,2.344,-3.6580683534393796
Togo,TGO,2022,-0.277018884474411,26.5747677066157,6.29443692019429,7.96757361617945,15.3624655849792,1.965,12.48425542445334
Togo,TGO,2023,-0.277018884474411,26.2933878174457,6.19762969378132,5.48928568141131,6.67641434676608,1.942,-2.755861066393697
Togo,TGO,2024,-0.277018884474411,25.3652125489184,6.52651376797853,2.86262074089801,8.65532235843912,1.948,-0.037003585621040364
Tonga,TON,1990,11.2507940867572,37.6865367365245,-2.0440915137989,9.70986384562655,20.6932052161977,1.348,0.0
Tonga,TON,1991,-1.43804227867216,32.0911021398735,6.4149535652702,10.5954493994793,12.0943173971323,1.348,1.1855265526299583
Tonga,TON,1992,-1.28998468802905,30.1231572448305,0.251973395838817,7.93698012192874,-4.72523689598319,1.349,3.9391652472142074
Tonga,TON,1993,2.36254838903043,31.6851880836855,3.73805810585928,0.960904460459173,24.7370923267091,1.3,2.740420898957184
Tonga,TON,1994,-9.47661449144502,30.3187704760591,4.95252124359504,1.01295206694856,4.48675925784764,1.688,-4.614532405288814
Tonga,TON,1995,-9.47661449144502,35.5065830366729,6.22816022763234,1.46000630350972,4.42687054978405,1.987,-3.7324832723144965
Tonga,TON,1996,-9.47661449144502,35.5928257342592,0.0929181768768501,2.99528023991141,4.93782311024172,2.404,-3.0660887696954116
Tonga,TON,1997,-9.47661449144502,40.4072717848548,-0.600537843483892,2.12473132408038,7.01027907967618,2.877,2.5604451660700747
Tonga,TON,1998,-9.47661449144502,42.2696205061295,2.2925765040134,3.27444554260469,14.8270626734189,3.348,18.087345402655664
Tonga,TON,1999,-9.47661449144502,37.8560531816034,2.30246259770198,4.46435467675891,12.0422738332001,3.69,7.17647642733458
Tonga,TON,2000,-9.47661449144502,40.5102913014602,3.75409745006452,6.32763551411153,18.5933819734419,3.966,9.966043743369319
Tonga,TON,2001,-7.26085680790225,41.8808171131913,1.49248125545273,8.29028318850332,14.4125292098398,4.368,20.760365318036275
Tonga,TON,2002,-3.46620189323188,44.030409527589,4.4292235994526,10.3590607918507,8.33342231115982,4.683,3.3722940978673503
Tonga,TON,2003,-6.34024407217632,44.6153575903784,0.0518054450729011,11.6386219580734,14.4755460008672,5.18,-2.245598017689298
Tonga,TON,2004,-3.26824811194436,40.5739621660327,-1.96794740326561,10.9734053679554,13.8822301199618,3.878,-8.12386822807075
Tonga,TON,2005,-9.29333405709878,52.8295328320472,-0.657650703495165,8.66569221131751,22.1429557257892,2.542,-1.446901731737602
Tonga,TON,2006,-8.10879558988649,48.2297487246819,-2.16566342680382,6.14911606456568,6.75288422309082,1.09,4.263666176190908
Tonga,TON,2007,-16.4953983377192,55.0752205750382,-2.46430779100223,5.8422487490138,12.034401350532,1.21,-2.7122591855022993
Tonga,TON,2008,-18.207471277767,52.2729543044676,4.86284132376997,10.4469875128223,3.46709197427115,1.279,-1.4454773752900023
Tonga,TON,2009,-30.038855601242,48.0063486470451,-5.12917819150532,1.42685972070539,-2.40234361467858,1.419,4.738841592739202
Tonga,TON,2010,-23.83210956232,39.9212043564535,0.824396914081831,3.53491239189831,6.34391988267678,1.501,-6.316351646900391
Tonga,TON,2011,-20.2517397724188,33.0058540853059,6.70369746238768,6.27075302995692,-1.54203665693273,1.594,-9.288471241443824
Tonga,TON,2012,-14.8200258513003,30.5928191254486,0.919761024923076,1.14753853706055,12.7392051032482,1.638,-0.546209551449911
Tonga,TON,2013,-9.47350598315126,30.6048722313723,0.393922530137331,0.77562932236742,3.12970618809935,1.75,3.152421149631499
Tonga,TON,2014,-6.26556410417194,31.4960596293347,1.99053769890816,2.51087633253696,8.89314645086223,1.914,4.119074559812489
Tonga,TON,2015,-10.9245837700646,34.0432314911746,1.11374402398066,-1.05399831971283,16.187026969414,2.022,14.02389340301633
Tonga,TON,2016,-8.24779157519442,37.3893358647755,6.59869879417958,2.57815515245081,13.761923226317,2.048,5.218907984400352
Tonga,TON,2017,-7.60028838125784,38.0234937564259,3.20231976224244,7.51706283551116,9.45394447279798,2.137,-0.43726935623882396
Tonga,TON,2018,-7.24899766469124,39.3003547760557,0.527828083180253,5.03209691984883,7.97049605324082,2.248,1.3870878276493759
Tonga,TON,2019,-7.77583753617423,38.2103371509788,-0.285210784299821,1.17954334821801,-0.499911817315999,2.165,2.3658601995627264
Tonga,TON,2020,-6.63043841446944,37.8225155718251,1.80618715298932,-0.349737696727419,17.4805288891808,2.712,0.44009350480761333
Tonga,TON,2021,-9.54536182301015,36.3990643515112,-0.934919892094683,5.64051140636743,16.1189729727304,2.111,-1.5047176281123535
Tonga,TON,2022,-8.45659467313937,35.9655059103628,-2.12854876486114,10.9713652903022,3.60913122262904,2.002,2.7801920529608473
Tonga,TON,2023,-7.93410488050172,35.6521961008377,2.79014715494606,6.35112980255182,1.99100324919598,1.652,1.536514991189549
Tonga,TON,2024,-6.7207014341911,34.7987340574789,1.71653807667747,3.18188924237472,7.98532028976555,1.965,0.39526000159697927
Trinidad and Tobago,TTO,1990,9.05659501369603,29.8449324481174,1.50916784295177,11.0644257703083,6.24498279028338,18.52,0.0
Trinidad and Tobago,TTO,1991,-0.0877714042537388,33.7277135992482,3.11240786575588,3.78310214375795,2.52960172228202,18.52,0.0
Trinidad and Tobago,TTO,1992,2.5534105311422,33.3504916061441,10.092979512969,6.43985419198061,-6.90591560670301,19.66,0.0
Trinidad and Tobago,TTO,1993,2.42206931511883,31.997166515254,-0.66911476645933,10.835235920852,15.253906461792,19.81,25.908156862745184
Trinidad and Tobago,TTO,1994,4.40267866994607,26.0155501045658,3.56718060581952,8.81469401768106,16.659767043637,18.44,10.723642941727201
Trinidad and Tobago,TTO,1995,5.51343829236906,27.5716074972158,3.80991314364765,5.18220539517274,3.95909446501012,17.22,0.38593991629985874
Trinidad and Tobago,TTO,1996,1.82556255175165,28.3163837642324,7.13447746480871,3.40457442819624,23.194149982157,16.25,0.9628777046959417
Trinidad and Tobago,TTO,1997,-10.6942429209994,33.1290942189586,7.52285462627518,3.62607875843081,11.3291738967383,15.01,4.106740989101163
Trinidad and Tobago,TTO,1998,-10.6478400676766,35.408409570419,8.1245639965458,5.61270907691201,14.4906211546983,14.21,0.745866376682212
Trinidad and Tobago,TTO,1999,0.449406352663031,33.9004035990496,8.02481764350063,3.43913590881996,4.23354551650388,13.12,0.009407289180462748
Trinidad and Tobago,TTO,2000,6.67497170338997,31.9045427023576,6.90135959072803,3.55541319666877,11.6890835083368,12.1,0.01423528975964566
Trinidad and Tobago,TTO,2001,4.7139618278455,47.4128795495499,4.16852398185424,5.536653263223,13.816160330387,10.88,-1.0568595071059406
Trinidad and Tobago,TTO,2002,0.848106912773139,47.1502738936578,7.93670968715332,4.1500586166472,1.45196281869741,10.39,0.24813298644631457
Trinidad and Tobago,TTO,2003,8.70995091964198,39.3387263436609,14.4409895389734,3.8111062439687,0.389611908134706,10.48,0.742823154744655
Trinidad and Tobago,TTO,2004,13.5001449215207,37.9611653638537,7.95005151069972,3.72154938995965,19.1982554568186,8.33,0.06182056943749846
Trinidad and Tobago,TTO,2005,24.2851478911928,33.4922025534705,6.20893787954175,6.87453459583516,26.6917626063547,7.95,0.008996148854726478
Trinidad and Tobago,TTO,2006,38.7864453052226,32.6949924188848,13.2080586051735,8.32960351465347,19.7343099932187,6.27,0.2019982882396232
Trinidad and Tobago,TTO,2007,23.8728005055128,32.0528227672441,4.75420970092722,7.89438834757299,11.6073869982177,5.54,0.2495135146552981
Trinidad and Tobago,TTO,2008,30.4935230853502,26.7082524124637,3.39173707807387,12.0303445477177,16.4377688029942,4.63,-0.6099841446263028
Trinidad and Tobago,TTO,2009,8.51638835816151,35.953442069315,-4.3917292474614,6.97808725251547,17.2534607845297,5.28,0.564041275578615
Trinidad and Tobago,TTO,2010,18.8299588165597,30.8454608441119,3.32322471027371,10.5492003179988,1.01720238927913,4.033,0.8000115943709366
Trinidad and Tobago,TTO,2011,18.5128374343258,28.1256397873844,-0.294354409043763,5.1071328926456,0.78943236096994,3.425,0.5300341648960285
Trinidad and Tobago,TTO,2012,14.2426782258206,26.9736796419355,6.71074625448722,9.26028137068292,20.8324283036385,3.718,0.3167576494206275
Trinidad and Tobago,TTO,2013,19.5071171990968,26.6322849931321,3.36819291689019,5.19981740465611,3.20741842881653,2.683,0.20260570362188768
Trinidad and Tobago,TTO,2014,14.0953972400973,27.6874607290947,3.67086851032413,5.68441814595659,7.19501492154754,2.477,-0.5205144868477051
Trinidad and Tobago,TTO,2015,7.66416918106465,32.5688299021442,-0.406283288730492,4.66121598098264,1.13282755417916,2.428,-0.49387493419806255
Trinidad and Tobago,TTO,2016,-3.28637045850336,36.6555281398849,-7.53636305379372,3.07066742464024,2.7896000024118,3.207,4.571190380677726
Trinidad and Tobago,TTO,2017,5.91333517535429,37.4884810643255,-4.87274946918724,1.88038440183532,-0.360456789140669,3.389,1.6578030579449579
Trinidad and Tobago,TTO,2018,6.80751807437132,38.9371724667601,-0.945449700943314,1.01856930188822,1.17346972008107,3.497,-0.12942059737133996
Trinidad and Tobago,TTO,2019,4.34515288873141,41.4484338507219,0.467734528855885,1.00054293027237,2.8831569668164,3.523,-0.24257598056244084
Trinidad and Tobago,TTO,2020,-6.49357154648654,46.4559824126942,-8.78879817831519,0.598986330824643,7.12486920321094,4.206,-0.04847257027789967
Trinidad and Tobago,TTO,2021,10.8546107118222,40.7829583273103,-0.716740625909793,2.05922746915458,1.67773922794864,4.446,0.11075846085694518
Trinidad and Tobago,TTO,2022,10.1709014983169,37.1271998467827,0.86126082651883,5.82838638517959,1.86699431028493,4.383,-0.06511901458120797
Trinidad and Tobago,TTO,2023,11.548724774634,45.529190336265,1.46645947294053,4.62930242419968,1.39534471683338,3.361,-0.057247672824432654
Trinidad and Tobago,TTO,2024,2.51810824357524,48.3766326687665,2.50920813979569,0.526884625776839,1.02902916760314,3.318,-0.0020611145358574523
Tunisia,TUN,1990,-3.77018867031426,55.0763334781845,7.94981943665461,6.54529307282414,7.64850532640605,15.935,0.0
Tunisia,TUN,1991,-3.58997627267365,53.7573324022346,3.90454530313198,8.19371509544085,5.80264389188009,15.935,5.269924098671614
Tunisia,TUN,1992,-7.1210701466254,54.0047206292227,7.80572887722397,5.82434514637906,8.32827070608886,15.598,-4.34637621727826
Tunisia,TUN,1993,-9.05681266464247,53.9262361044807,2.18982886145824,3.9749563191613,6.13560092542972,15.948,13.489805148306317
Tunisia,TUN,1994,-3.43370923202334,53.8139220174784,3.17841132209441,4.73323063996595,8.06822956847834,16.006,0.7783377196987911
Tunisia,TUN,1995,-4.2925749806772,54.3861703749751,2.35166985086541,6.24415028747146,6.57009403232745,16.348,-6.505253879138443
Tunisia,TUN,1996,-2.43885725476728,49.1576236605949,7.14608096782061,3.72514472690715,13.3494271248438,16.061,2.9244867389196942
Tunisia,TUN,1997,-2.86792629545459,45.9382218851609,5.44094350107467,3.65202620723071,16.5048177059484,15.94,13.611964831476719
Tunisia,TUN,1998,-3.09737186587453,46.5764736683113,4.78376247825665,3.12536579655862,5.44169118193652,15.473,2.967394826274343
Tunisia,TUN,1999,-1.92535218512776,46.5734132378986,6.05463447898158,2.6901248581158,18.8719967301105,15.21,4.171331972161856
Tunisia,TUN,2000,-3.82558496867724,53.482353380853,4.7099729138049,2.96230794738605,14.1385907779219,14.94,15.55002915410903
Tunisia,TUN,2001,-3.80893714007523,49.600324767946,3.79627166202512,1.98333333333337,18.3672411997566,14.4,4.963157062779171
Tunisia,TUN,2002,-3.22389381333494,50.6744247756009,1.32255714828946,2.72103284850455,3.10810755198832,14.55,-1.180163977630701
Tunisia,TUN,2003,-2.66077074311872,49.5788001954205,4.70239953285241,2.71259247474352,4.7396479693325,14.51,-9.37412079152211
Tunisia,TUN,2004,-1.41663593407068,49.6164802183182,6.23579072222647,3.63228004956625,8.15543612778854,14.23,-3.3366749668526334
Tunisia,TUN,2005,-0.927371928635414,50.065558636163,3.4865455430439,2.01778641357144,11.1695286669981,12.872,4.172465474788025
Tunisia,TUN,2006,-1.80172304518295,48.5995857004839,5.24409983246916,3.22525337438917,11.7673355673498,12.51,2.5890861444392685
Tunisia,TUN,2007,-2.35618464912073,48.0115559813836,6.70952097453554,2.96694432477349,13.374679995818,12.365,-3.7314600902815394
Tunisia,TUN,2008,-3.81468880111158,48.5083070989921,4.23778147502819,4.34502807623045,13.3314698196958,12.444,-3.840976047553194
Tunisia,TUN,2009,-2.83909252656909,49.9770695318279,3.04345012371552,3.66490330642919,12.8538093581906,13.29,9.58764211366357
Tunisia,TUN,2010,-4.55447131361942,52.247103865602,2.97113275066512,3.33897963601069,11.754481466612,13.049,6.008035400196265
Tunisia,TUN,2011,-7.03556585573611,57.9347986271264,-2.04663389535644,3.24002842009531,9.58076537706858,18.334,-1.6498998649343264
Tunisia,TUN,2012,-7.86572520912914,57.8520427359494,4.21667711535632,4.6118443220664,8.06566316312261,17.63,10.946878662673493
Tunisia,TUN,2013,-7.96677847902681,57.9598823065191,2.42993096446429,5.31623531326689,6.24244037691929,15.934,4.018631253767697
Tunisia,TUN,2014,-8.87794509825977,59.8085555890782,3.09032803070775,4.62555099534031,7.94682990343025,14.259,4.494278284152271
Tunisia,TUN,2015,-8.57094815049074,60.1365541399108,0.967834205635981,4.437371273215,5.41253975321252,15.159,15.547734401460817
Tunisia,TUN,2016,-8.52887305480808,62.2469554675417,1.117231963992,3.62939937384381,8.0401615104041,15.557,9.502750695639083
Tunisia,TUN,2017,-10.0143611259515,64.7537285373031,2.25261437620587,5.30884839565844,11.9644084180508,15.33,12.63442528824833
Tunisia,TUN,2018,-10.7946228980082,63.5224389825305,2.60696965356362,7.30759176031652,7.11393184065234,15.459,9.400649603383867
Tunisia,TUN,2019,-8.04912453318917,59.2903583224447,1.55009304966742,6.72007532863799,10.947581497216,17.153,10.864418305921204
Tunisia,TUN,2020,-6.01234016088557,67.6567184648519,-8.97512622934723,5.63415115897625,10.312212913936,17.651,-4.160087694387342
Tunisia,TUN,2021,-5.88456562547468,64.667534646183,4.73603648206102,5.706350208307,8.68328822281857,16.632,-0.6361801927798358
Tunisia,TUN,2022,-8.83429553808937,66.0067667517737,2.75228761004381,8.30646124447623,9.13387825590637,15.3,11.062337476441403
Tunisia,TUN,2023,-2.30371483601794,62.7305652264979,0.184015548469745,9.32899597507865,8.95360388445458,15.106,0.08269966060928324
Tunisia,TUN,2024,-1.50801033952852,60.6117249735149,1.61444564976986,7.20661657168794,10.4161252870854,15.341,0.04131566239191479
Turkiye,TUR,1990,-1.74238577195045,33.1628558443028,9.26614667149315,60.3038691346447,53.0784361009812,8.21,0.0
Turkiye,TUR,1991,0.165524841501632,33.1628558443028,0.720279039109613,65.978567991895,82.9299971922575,8.21,59.9229164603542
Turkiye,TUR,1992,-0.612175223712419,33.1628558443028,5.03563493261181,70.0761038690374,78.1406013654508,8.509,64.73458100479431
Turkiye,TUR,1993,-3.56565306523328,33.1628558443028,7.65126520761324,66.0938429820004,64.2219816444731,8.962,59.83631683535171
Turkiye,TUR,1994,2.01377036999334,33.1628558443028,-4.66814736735584,105.214986469202,144.796792283409,8.577,169.54645104818496
Turkiye,TUR,1995,-0.99616690058046,33.1628558443028,7.878266878218,89.1133172248499,104.189575356313,7.644,54.836579289780865
Turkiye,TUR,1996,-0.973371226633304,33.1628558443028,7.15779847930847,80.4121511388042,116.539752813045,6.629,77.56523862539682
Turkiye,TUR,1997,-0.999933462545818,33.1628558443028,7.3578623747848,85.6693616499779,97.795962978652,6.841,86.55512818793561
Turkiye,TUR,1998,0.724544822196581,33.1628558443028,1.90857064345151,84.6413434846314,89.3165372669224,6.888,71.68159220360188
Turkiye,TUR,1999,-0.360379399136068,33.1628558443028,-3.05277055759434,64.8674876350757,101.990903596583,7.687,60.622925050764174
Turkiye,TUR,2000,-3.61057524589502,33.1628558443028,6.98528697817062,54.9153705812683,40.6579603704381,6.495,49.29417488575513
Turkiye,TUR,2001,1.85959025093731,33.1628558443028,-5.45940838563062,54.4001887619074,90.3681345819734,8.381,96.0255627965791
Turkiye,TUR,2002,-0.259990521546323,33.1628558443028,6.43550883793114,44.964120947985,27.8854548386466,10.358,22.979852461305416
Turkiye,TUR,2003,-2.39510781690365,33.1628558443028,5.79909321038525,21.6024384490573,14.4368313894372,10.542,-0.4207203385781973
Turkiye,TUR,2004,-3.46160310805252,33.1628558443028,9.92540551918624,8.59826168115262,20.7916923029449,10.838,-5.020234602381753
Turkiye,TUR,2005,-4.12736838327371,33.1628558443028,9.11157745861635,8.17916036802008,35.9674535965493,10.636,-5.749000362261318
Turkiye,TUR,2006,-5.5679426761279,33.1628558443028,7.06762607623939,9.59724212288446,22.1742755205438,10.227,6.316714200910045
Turkiye,TUR,2007,-5.39177822047968,33.1628558443028,5.10818513903604,8.75618090972632,15.2256667825437,10.285,-8.78730148483809
Turkiye,TUR,2008,-5.0844969449165,33.1628558443028,0.920118221365883,10.4441283764885,24.8236892617555,10.965,-0.10815635074866853
Turkiye,TUR,2009,-1.73697758122388,36.8190783164554,-4.88269401706633,6.25097663090626,12.659447539705,14.026,19.088277384064508
Turkiye,TUR,2010,-5.70254261669491,44.0459707563417,8.54219848467686,8.56644420552976,18.5468590903933,11.879,-3.0395076525845846
Turkiye,TUR,2011,-8.81351105932507,48.7422084050823,10.9799625273598,6.471879671151,15.2040266142652,9.789,11.45197985352378
Turkiye,TUR,2012,-4.72096418758118,51.5586765950105,4.80762696633448,8.89156996512163,10.4222746838655,9.21,7.226846382175268
Turkiye,TUR,2013,-5.12686124176872,59.9792914244143,8.48825689298511,7.49309030547693,21.1528217605728,9.713,6.000403194061752
Turkiye,TUR,2014,-3.40746259930754,63.2376327204216,4.60079447270559,8.85457271364316,11.1834252618819,9.901,14.958447617610164
Turkiye,TUR,2015,-2.46735825450658,66.3898521051604,5.80557386628684,7.67085364845885,16.5146558080824,10.304,24.28402144913837
Turkiye,TUR,2016,-2.54530792537505,69.2826364676667,3.32366508200445,7.7751341532833,17.6487882326682,10.899,11.034017617795
Turkiye,TUR,2017,-4.06783613710293,70.0844027288208,7.82585730002594,11.1443110840764,16.3519224190184,10.919,20.79370424407022
Turkiye,TUR,2018,-1.85233343060557,66.6976668187438,3.46815306092219,16.3324638988929,18.3800271601425,10.956,32.3518257093599
Turkiye,TUR,2019,1.9351600379275,64.2557519386267,1.30162365464503,15.1768215720022,27.0230864954567,13.73,17.51003206982694
Turkiye,TUR,2020,-4.22284721473811,75.2676019236764,1.80306247087255,12.2789574462574,34.2428853167296,13.148,23.525354520277762
Turkiye,TUR,2021,-0.74064931592423,70.9983608541485,11.811094450607,19.5964926913324,52.5179442604431,11.969,26.279152905402064
Turkiye,TUR,2022,-4.99763806227356,53.4262221477913,5.44122511322401,72.3088359891207,60.3393272630693,10.465,86.98416231292192
Turkiye,TUR,2023,-3.63367003503212,48.7952169007544,5.04512369812289,53.8594087593315,69.9363518878266,9.388,43.44532205472075
Turkiye,TUR,2024,-0.766008235540632,42.9671022144841,3.3276230893799,58.5064507300342,36.8905469454764,8.8,38.19647435604129
Uganda,UGA,1990,-6.11699754177912,11.6564025152961,6.47414015255596,10.0367598792175,60.2409065888995,3.448,0.0
Uganda,UGA,1991,-5.11089230463569,11.6564025152961,5.55409549507921,10.0367598792175,51.6634452720133,3.448,71.15586554574814
Uganda,UGA,1992,-3.48561582703683,11.6564025152961,3.41835689468401,10.0367598792175,66.4893302240729,3.553,54.47125544057653
Uganda,UGA,1993,-5.31387173151944,11.6564025152961,8.32629251939072,10.0367598792175,57.2189737138929,3.487,5.39606315208337
Uganda,UGA,1994,-4.36544383685547,11.6564025152961,6.40363574007452,10.0367598792175,35.8045601475298,3.458,-18.039189269383293
Uganda,UGA,1995,-4.8905291793045,11.6564025152961,11.5232438119529,6.55014018970371,13.9446220557982,3.193,-1.074970572207322
Uganda,UGA,1996,-3.49899932849718,11.6564025152961,9.07211457909349,7.19164660433344,19.3465943429495,3.169,7.964367420658776
Uganda,UGA,1997,-5.03610167506473,11.6564025152961,5.10000186476283,8.16902144106963,19.4175732960241,3.209,3.529725164875029
Uganda,UGA,1998,-5.52316129222945,11.6564025152961,4.90526548451564,0.0688041719983172,22.9368504689138,3.424,14.524091219952634
Uganda,UGA,1999,-4.88783709351708,11.6564025152961,8.05394837724197,5.77736898687895,13.5583402571813,3.46,17.295841684208863
Uganda,UGA,2000,-5.79340706801523,11.6564025152961,3.141907338187,3.39202158512998,18.1421426991232,3.531,13.035786725180943
Uganda,UGA,2001,-5.23214599458246,11.6564025152961,5.18366112490236,1.86512524084773,9.78880268860431,3.522,6.7610267185524044
Uganda,UGA,2002,-2.46011695217404,11.6564025152961,8.73268576440127,-0.287508511765196,24.526993625341,3.5,2.386098665244598
Uganda,UGA,2003,-0.581756161515947,11.6564025152961,6.47325867166543,8.68047651566884,17.9328258391295,3.6,9.244223365815309
Uganda,UGA,2004,-0.0210973345748702,11.6564025152961,6.80723334361883,3.72128743978228,8.77371545604728,2.699,-7.812486666704761
Uganda,UGA,2005,0.579537398767585,11.6564025152961,6.33256511623156,8.44872642299532,17.182852689076,1.9,-1.6441681094804712
Uganda,UGA,2006,-3.18903604186136,11.6564025152961,10.7847443857453,7.31067613561864,16.9209410464131,2.264,2.8593338294361366
Uganda,UGA,2007,-4.72875221684934,11.6564025152961,8.41242596551071,6.1385108328505,21.9660478242065,2.667,-5.894791266172486
Uganda,UGA,2008,-8.47510327903429,11.6564025152961,8.70875190154499,12.0508555482886,30.8162103572088,3.035,-0.17683335457220262
Uganda,UGA,2009,-4.17084923224742,11.6564025152961,6.80151734860395,13.0172561889185,17.4908669093786,3.6,18.02117458990071
Uganda,UGA,2010,-6.03511814570153,11.6564025152961,5.63761163749757,3.97655288478168,38.0835978056808,3.623,7.243058176917678
Uganda,UGA,2011,-7.48878445953836,11.6564025152961,9.3916554927176,16.5643496174515,13.0980478595473,3.523,15.854668572729683
Uganda,UGA,2012,-6.06312638733372,12.1676494161807,3.83745560605229,12.6790377224659,15.5056573911872,3.551,-0.7229641765082105
Uganda,UGA,2013,-6.05719389968621,12.2262302358289,3.58690582623025,4.90520875694557,9.90323956134904,1.91,3.2870599953812594
Uganda,UGA,2014,-6.64160843323991,12.9035596137235,5.10630732539796,3.07570668958641,14.6086103366625,2.357,0.4986154879511327
Uganda,UGA,2015,-5.16028723789941,13.7686115419745,5.18785986002466,5.58968606251725,11.7356183498368,2.681,24.65036265558315
Uganda,UGA,2016,-2.85393787294637,13.6400887820262,4.78100029254482,5.70637504616212,11.1360017435445,3.002,5.537556987347555
Uganda,UGA,2017,-4.88278660173815,13.4819167027351,3.13140551723596,5.20971705914209,12.7000740652139,3.428,5.5883325680212526
Uganda,UGA,2018,-6.32983605256251,13.6392294214659,6.30392378262997,2.61601190952274,8.23215310256675,3.249,3.207901866732399
Uganda,UGA,2019,-7.44419073613669,13.8050637116228,6.43874503276439,2.867588034469,15.8761399568799,3.057,-0.6176414544818533
Uganda,UGA,2020,-9.56958764500258,14.2204016385665,2.95130642218098,3.31332289544502,17.1323242180716,3.819,0.38336022924029517
Uganda,UGA,2021,-8.89448758335781,14.7869665338727,3.53658034070898,2.20457204757414,5.03542937653592,3.416,-3.528467784092176
Uganda,UGA,2022,-8.91897823001289,15.0891724993298,4.58802192181773,7.1957888597581,7.50270902859625,2.885,2.8649065225146217
Uganda,UGA,2023,-7.43279149697524,14.8125509462498,5.33697295511469,5.35094804280395,10.6648539317608,2.754,0.9844138748792851
Uganda,UGA,2024,-7.7752151397725,14.3001761811715,6.05558075875589,3.32338033691819,6.67709941840916,2.74,0.8352362393470742
Ukraine,UKR,1990,-2.21314802923152,84.5638428852733,-6.34523512831163,4734.91434744585,1809.15219207616,1.9,0.0
Ukraine,UKR,1991,-2.21314802923152,84.5638428852733,-8.6999999997216,4734.91434744585,1809.15219207616,1.9,0.0
Ukraine,UKR,1992,-2.21314802923152,84.5638428852733,-9.90000000204168,4734.91434744585,1809.15219207616,1.9,0.0
Ukraine,UKR,1993,-2.21314802923152,84.5638428852733,-14.1999999993643,4734.91434744585,1809.15219207616,2.0,0.0
Ukraine,UKR,1994,-2.21314802923152,84.5638428852733,-22.8999999992283,891.187748133705,567.909882994573,2.0,622.5905497334077
Ukraine,UKR,1995,-2.38935460545648,84.5638428852733,-12.2000000007385,376.746174768209,115.50423384318,5.62,349.77443723808335
Ukraine,UKR,1996,-2.65716127037868,84.5638428852733,-10.0,80.3255014551742,35.1292596805472,7.65,24.193850166035688
Ukraine,UKR,1997,-2.66193266213249,84.5638428852733,-2.99999999842365,15.940599414943,33.919769798979,8.93,1.7595150708315688
Ukraine,UKR,1998,-3.09436943261236,84.5638428852733,-1.90000000214164,10.5771611482514,24.0447808125888,11.32,31.57847617939243
Ukraine,UKR,1999,5.25005200472241,84.5638428852733,-0.200000000106499,22.6836718061345,40.5796002181457,11.864,68.62100052730943
Ukraine,UKR,2000,4.14516299850109,84.5638428852733,5.90000000024899,28.2030972388552,44.5449515817961,11.707,31.710692762880306
Ukraine,UKR,2001,3.36813562211436,84.5638428852733,8.80000000367222,11.9588085390459,44.7478575834943,11.061,-1.2513250044422184
Ukraine,UKR,2002,7.23448030648592,84.5638428852733,5.33964720719075,0.75742084639286,42.3419158412813,10.136,-0.8475798833180894
Ukraine,UKR,2003,5.57773535288709,84.5638428852733,9.51660986436364,5.17967781908315,46.3777455385405,9.057,0.11383067764916768
Ukraine,UKR,2004,10.2811427404739,84.5638428852733,11.7953525281136,9.04806786050888,31.8572075026617,8.59,-0.25329938339405916
Ukraine,UKR,2005,2.83956995265949,84.5638428852733,3.07123039245209,13.5695764909248,54.3858007516501,7.18,-3.6556695260461023
Ukraine,UKR,2006,-1.44702469655834,84.5638428852733,7.57142076322967,9.05252491133248,34.5198311308109,6.81,-1.4582039362471748
Ukraine,UKR,2007,-3.53046707122563,84.5638428852733,8.21584445165715,12.8387796190181,51.7472213589823,6.351,0.0
Ukraine,UKR,2008,-6.79441468128891,84.5638428852733,2.24349159628288,25.226461707384,30.1827088220741,6.363,4.301414191419216
Ukraine,UKR,2009,-1.42819353735104,87.3499751359183,-15.1364679101502,15.8811924594476,-5.51238885474323,8.84,47.91936235450626
Ukraine,UKR,2010,-2.13583862214825,75.751902571565,4.09200436668087,9.37293105078978,22.6910970600374,8.1,1.8533516764404807
Ukraine,UKR,2011,-6.04309232577169,68.4838585766984,5.44528081048476,7.95572466274652,14.6591729414952,7.851,0.40227907280683245
Ukraine,UKR,2012,-7.85084742299342,66.9838104671062,0.152314967200653,0.568727971803862,12.7909835066834,7.529,0.29452544637394606
Ukraine,UKR,2013,-8.67092024008033,70.6911717468942,0.045439094492707,-0.238948626045407,17.5628423282208,7.17,0.024660986519596566
Ukraine,UKR,2014,-3.44259678457888,75.2288456319954,-10.0788949840953,12.0718562874251,5.25123614602557,9.27,48.71336690437506
Ukraine,UKR,2015,5.53108477509173,56.6577541315206,-9.7729872128676,48.6998646434424,3.90228755834977,9.14,83.7749110236766
Ukraine,UKR,2016,-1.99880308749136,47.3071300933367,2.44098194492067,13.9127101997797,10.928715698468,9.35,16.968128328403946
Ukraine,UKR,2017,-3.09838910750506,38.3051472985389,2.35997228099491,14.4383227488749,9.6271963450068,9.5,4.090871257683135
Ukraine,UKR,2018,-4.9140091077667,34.5118586409828,3.48836234022659,10.9518559353178,5.68933472084972,8.799,2.2705379269884514
Ukraine,UKR,2019,-2.67995732261758,30.0270685880178,3.19950386354134,7.88671745611133,12.5760074164158,8.194,-4.981170867777314
Ukraine,UKR,2020,2.71233673009119,28.1751542458628,-3.75281793983162,2.73249209419427,28.6236079216128,9.475,4.302223623765183
Ukraine,UKR,2021,-2.7316980047145,23.5556488725733,3.44562065945944,9.36313917695223,11.9648544109257,9.834,1.219195781209051
Ukraine,UKR,2022,4.52251476971106,23.3160378131569,-28.7585842155085,20.1836366617478,20.7720424103957,9.834,18.52993155488038
Ukraine,UKR,2023,-5.15446515946609,18.6466208363539,5.53473354963334,12.8490222828559,23.007631520217,9.834,13.083504597170345
Ukraine,UKR,2024,-7.96032840013333,18.1641435001026,3.24811808426423,6.50198464669254,13.3625871185497,9.834,9.783708021103442
United Kingdom,GBR,1990,-3.55031184555805,104.805960306851,0.779266119883417,8.06346090938833,10.5212114553268,8.55,0.0
United Kingdom,GBR,1991,-1.66449946529553,102.333764425911,-1.29243974751705,7.46178295746934,1.66151446154199,8.55,0.6815202912759004
United Kingdom,GBR,1992,-1.96702595518054,101.677998125474,1.29472849604493,4.59154929577461,-28.6297783996028,9.772,0.48655356762851415
United Kingdom,GBR,1993,-1.66961487109581,99.876224683285,3.49048744653493,2.55857796929705,4.69509174650351,10.346,17.021197579742708
United Kingdom,GBR,1994,-0.879081535567202,100.030864363201,4.95341092800692,2.21901260504205,7.65484732334532,9.648,-1.9992228197871043
United Kingdom,GBR,1995,-0.995954431591392,96.9838148788017,3.53339096338078,2.69749518304432,20.291332268871,8.694,-3.0238260947249884
United Kingdom,GBR,1996,-0.724668922297666,99.8119545669975,2.61491606949487,2.85178236397749,14.5064589540129,8.189,1.1504657990368976
United Kingdom,GBR,1997,-0.0893797602849274,101.512510184771,4.8799853038024,2.20114313510882,25.5052180834724,7.072,-4.699547996824376
United Kingdom,GBR,1998,-0.317493408980745,102.081363855748,3.24631482881618,1.82056163731557,20.8452448889622,6.198,-1.1480198759313545
United Kingdom,GBR,1999,-2.10815347133567,105.111743558731,2.94445869854798,1.7529508005142,4.3967037590754,6.042,2.357186928572452
United Kingdom,GBR,2000,-1.80322397590519,114.294248790913,4.52438074810904,1.18295624210408,11.063613580673,5.558,6.936900493891141
United Kingdom,GBR,2001,-1.75946787442188,119.336886441347,2.39102229602824,1.53234960272418,8.8246818925847,4.696,5.102525856840847
United Kingdom,GBR,2002,-1.96774674220137,124.533460121241,1.70902736258567,1.52040245947455,4.99404467865654,5.037,-3.948962674517145
United Kingdom,GBR,2003,-1.82204886055783,129.216112132892,3.21851612669614,1.37650038542013,9.79774874691057,4.807,-8.205773179395155
United Kingdom,GBR,2004,-2.28435751976608,136.667035880836,2.32601853325993,1.39039756680422,9.82162021191399,4.594,-10.823751270465202
United Kingdom,GBR,2005,-1.97517731781616,142.664487913407,2.7906547174688,2.0891364902507,13.8495378397027,4.884,0.6990979774676911
United Kingdom,GBR,2006,-3.10941980167091,153.471395323663,2.18982132415704,2.4556616643929,14.0974697921909,5.472,-1.1839429816452833
United Kingdom,GBR,2007,-3.71636602944723,169.583348638841,2.93091133582351,2.38656150773327,15.8115468409586,5.399,-8.043435594862796
United Kingdom,GBR,2008,-3.86567706212856,190.146653043876,-0.0494116727402769,3.52140856342539,17.8034358014177,5.748,8.84295494942683
United Kingdom,GBR,2009,-3.01852853421921,191.129828943179,-4.58740819226323,1.96173173560109,-0.0651350828031801,7.683,18.007185831105524
United Kingdom,GBR,2010,-2.75934253189814,183.762819228277,2.26054460931586,2.49265472467065,3.99003584410402,7.973,0.8194304740944665
United Kingdom,GBR,2011,-1.6237867474026,169.61587364494,0.851437739020326,3.8561124468282,-4.41804958924313,8.195,-3.559833912766344
United Kingdom,GBR,2012,-3.13257837481106,160.010705514872,1.52826034721852,2.5732347965453,0.769940279705385,8.279,1.4269460683926583
United Kingdom,GBR,2013,-4.63114682704939,148.906248602627,1.71846961308464,2.29166666666659,2.10230580720378,7.752,1.044723199471781
United Kingdom,GBR,2014,-4.97786981840052,134.605055432715,3.16017351468152,1.45112016293279,-2.53440176509608,6.398,-4.991858471934265
United Kingdom,GBR,2015,-4.91700489264857,130.08273790259,2.14040560033371,0.36804684232536,1.97421475965121,5.552,7.703401312463817
United Kingdom,GBR,2016,-5.46283821927875,131.480106047871,2.20652020635357,1.0084173681141,8.71683817906946,4.909,13.15248329362873
United Kingdom,GBR,2017,-3.47326460218152,132.333248459152,3.02322219840339,2.55775577557747,8.29633161273095,4.501,4.906903530471249
United Kingdom,GBR,2018,-3.88728858372976,132.783359788981,1.55133095078786,2.29283990345938,5.29982604936391,4.145,-3.5322993222234818
United Kingdom,GBR,2019,-2.66245642145608,131.443065370417,1.25629899760824,1.73810460086513,-1.36415811942606,3.657,4.524635446338229
United Kingdom,GBR,2020,-2.92883387550299,145.572075379344,-10.047896637362,0.989486703772491,9.7064401774406,4.472,-0.4397925611819143
United Kingdom,GBR,2021,-0.752836357784013,136.161594591011,8.5431118453255,2.51837109614213,9.73272949147508,4.864,-6.786494966186729
United Kingdom,GBR,2022,-2.06737101121871,126.126397693252,5.14970388522993,7.92204883147902,8.60749957375268,3.768,11.58586612583289
United Kingdom,GBR,2023,-3.57676183842871,117.978361754605,0.271650048355255,6.79396706793963,-2.63048241290666,4.025,-0.8335751005431888
United Kingdom,GBR,2024,-2.95960422411904,112.372018963535,1.08027716858781,3.2715729463592,2.56374043540393,4.361,-2.749938575114318
United States,USA,1990,-1.32399955459737,114.791425711226,1.88596557755378,5.39795643990325,2.67796315144365,6.8,0.0
United States,USA,1991,0.0462965293516911,119.177672922602,-0.108312873733027,4.23496396453849,1.50050822184513,6.8,0.0
United States,USA,1992,-0.791448803104507,118.243163763414,3.52249717254271,3.02881967814969,-0.153170227029685,7.5,0.0
United States,USA,1993,-1.23616054042839,120.994532191545,2.75179586314481,2.95165696638559,0.596428630339938,6.9,0.0
United States,USA,1994,-1.66925292387951,120.183035270976,4.02902272637739,2.60744159215453,0.404668958759194,6.119,0.0
United States,USA,1995,-1.48644935848023,130.168599500427,2.68443073970295,2.80541968853662,6.86921920992869,5.65,0.0
United States,USA,1996,-1.54496736206885,137.665711099743,3.77277269047364,2.93120419993441,7.86548945474707,5.451,0.0
United States,USA,1997,-1.64061377884972,146.57986221463,4.44712793442667,2.33768993730735,8.0034975144461,5.0,0.0
United States,USA,1998,-2.37273907218914,157.804656954083,4.48313335499124,1.55227909874364,9.6018980689528,4.511,0.0
United States,USA,1999,-2.97598256993022,171.614264671168,4.78842504836746,2.18802719697358,9.508532583145,4.219,0.0
United States,USA,2000,-3.92088461637514,162.620241986949,4.07758575997799,3.37685727149929,8.11046448534502,3.992,0.0
United States,USA,2001,-3.72407526075822,170.849434711063,0.955538337599847,2.82617111885407,7.9327961660052,4.731,0.0
United States,USA,2002,-4.17334150234402,162.404344473509,1.70044733078285,1.58603162650601,4.4521933056666,5.783,0.0
United States,USA,2003,-4.55897769378821,177.400119261883,2.79560596378604,2.27009497336115,4.40369366436937,5.989,0.0
United States,USA,2004,-5.20485224269137,184.805504038329,3.84777169267127,2.67723669309172,5.74204572685685,5.529,0.0
United States,USA,2005,-5.74598267055862,188.633073823051,3.48354993710312,3.3927468454955,8.07350612101042,5.084,0.0
United States,USA,2006,-5.91102091022869,198.283902773609,2.78453963674239,3.22594410070404,9.00282393246698,4.623,0.0
United States,USA,2007,-5.08872735734161,206.35133732187,2.0038583039496,2.85267248150138,11.7134893815654,4.622,0.0
United States,USA,2008,-4.71585990444596,185.125593254636,0.113587247501258,3.839100296651,8.17510450082247,5.784,0.0
United States,USA,2009,-2.62283632200348,187.479963222695,-2.5765002366652,-0.355546266299747,5.51260115427482,9.254,0.0
United States,USA,2010,-2.87064145448882,181.920666527452,2.69519258673525,1.6400434423899,-2.75233991566368,9.633,0.0
United States,USA,2011,-2.91862065322661,174.474559125537,1.56440685205419,3.156841568622,6.68335521506315,8.949,0.0
United States,USA,2012,-2.57236847367136,175.443843579456,2.28911339009767,2.06933726526067,4.9016933844745,8.069,0.0
United States,USA,2013,-2.01090797096302,184.162921715823,2.11783009443471,1.46483265562717,4.50111351356626,7.375,0.0
United States,USA,2014,-2.10117617206317,184.794021331949,2.52381981757846,1.62222297740817,5.17839955418545,6.168,0.0
United States,USA,2015,-2.2325584903738,183.632163440252,2.94555045227337,0.118627135552451,3.14303976348123,5.28,0.0
United States,USA,2016,-2.10699725119707,186.327051044306,1.81945147909089,1.26158320570536,3.84943175924811,4.869,0.0
United States,USA,2017,-1.87442427129943,194.090996653847,2.45762230126449,2.13011000365961,4.80195396372877,4.355,0.0
United States,USA,2018,-2.12518413076048,183.054001756212,2.96650506701943,2.44258329692817,4.03042002361151,3.896,0.0
United States,USA,2019,-2.05182158462342,194.735258917444,2.58382533052225,1.81221007526021,8.39189902015057,3.669,0.0
United States,USA,2020,-2.77659039897534,217.264343389463,-2.081375977796,1.23358439630629,19.5598177699877,8.055,0.0
United States,USA,2021,-3.61901225446136,219.125940110191,6.15202247867526,4.69785886363742,14.5395068823421,5.349,0.0
United States,USA,2022,-3.81177015326345,187.087355429321,2.52421385073222,8.00279982052121,-0.865150140224395,3.65,0.0
United States,USA,2023,-3.33680827263036,191.075390105862,2.93436322440155,4.11633838374488,1.81977474451414,3.638,0.0
United States,USA,2024,-4.04564637199117,195.875075677875,2.79318715363841,2.94952520485207,5.28199055240445,4.022,0.0
Uruguay,URY,1990,1.99907346180948,32.4398400817596,0.297348378681562,112.525905573023,116.368228582504,8.95,0.0
Uruguay,URY,1991,0.37863047604701,25.5120500897645,3.53880850451309,101.971683202507,81.8529131007323,8.95,72.52592132856218
Uruguay,URY,1992,-0.0681775008401581,25.3199037767105,7.93158841395443,68.4591938395374,50.5080330625568,8.96,49.916570157889325
Uruguay,URY,1993,-1.62503515644754,24.8634811495859,2.65754610698545,54.1007924425194,36.5107668257447,8.35,30.292133890429508
Uruguay,URY,1994,-2.50821351284002,23.8557990721528,7.28134264410127,44.7360421521933,42.184476267161,9.04,27.982728981606165
Uruguay,URY,1995,-1.10116960243742,26.4382205665659,-1.44759896894408,42.2483197983755,36.8790595271785,10.02,25.87440315892074
Uruguay,URY,1996,-1.1376787138155,26.8077033782205,5.57795776385868,28.3420486004309,34.1045441082021,11.93,25.560455714810832
Uruguay,URY,1997,-1.19901179230843,25.9057843136644,8.54768320111596,19.8188093183779,28.6485226167817,11.44,18.439923898726626
Uruguay,URY,1998,-1.87308798948415,40.5212690015352,4.51889009679091,10.8110703055616,26.6488156270387,9.362,10.909780939436601
Uruguay,URY,1999,-2.11641577716128,43.5957665000782,-1.52094591992036,5.65868803927908,12.9717226158826,10.466,8.282947247797326
Uruguay,URY,2000,-2.48133850696421,45.0942269291081,-1.92993063549235,4.76382472733251,9.54454507861544,12.627,6.704925936051617
Uruguay,URY,2001,-2.38113794693639,53.8538856752747,-3.84412995940374,4.3593406521727,14.5752971216667,15.052,10.079059141802958
Uruguay,URY,2002,2.80710265957685,70.5117382668268,-7.73200721540044,13.9724725913515,25.9269337903415,16.648,59.597420749874395
Uruguay,URY,2003,-0.724417111042172,43.186543114802,0.805283915893824,19.3797301743995,15.1960748980011,16.661,32.703239251758674
Uruguay,URY,2004,0.0228310712848396,24.1933895956931,5.00416035564457,9.15760507540997,-3.04862556127392,12.98,1.7549560684919112
Uruguay,URY,2005,0.243497121353953,22.4749430738691,7.4601321302473,4.6992773903564,0.027486349583054,12.009,-14.719804160202058
Uruguay,URY,2006,-1.98506902354451,23.7519352815852,4.09857735445401,6.39764974385131,11.6317257949422,10.844,-1.6554936420657256
Uruguay,URY,2007,-0.926356077597875,23.0299725881958,6.54151084504817,8.11464561179313,3.81531178595899,9.403,-2.5020743885961045
Uruguay,URY,2008,-5.55595054569104,27.1685339479512,7.17614466455107,7.87707374730888,28.565319569646,8.025,-10.74392078459846
Uruguay,URY,2009,-1.16571403141018,19.8647260994371,4.24349419462426,7.06221874388574,-2.64969291130767,7.74,7.72658455844588
Uruguay,URY,2010,-1.74215679383919,21.4040361151246,7.8034096507169,6.69870886978132,22.1496907634719,7.158,-11.116227339763645
Uruguay,URY,2011,-2.61132861090732,21.9739905078767,5.16213302463606,8.0928320630299,17.9909015552694,6.307,-3.7143250026070147
Uruguay,URY,2012,-3.75505695244851,22.1705291861539,3.53817872056869,8.09776580573602,9.95409852341594,6.451,5.158723823782753
Uruguay,URY,2013,-3.28720935568054,24.3768815230441,4.63753862902416,8.57513504005397,19.1894824050413,6.444,0.8420900606373689
Uruguay,URY,2014,-2.98942522248203,25.1667931664776,3.23879122952364,8.87735333229828,19.3363632095007,6.547,13.497068304776061
Uruguay,URY,2015,-0.255015059040964,27.8140085275854,0.370741257681345,8.66626987079328,23.817568833516,7.488,17.55715941399314
Uruguay,URY,2016,0.825062149663386,25.6815822953668,1.68979822971775,9.6394134763508,3.94508914702679,7.841,10.375069679844623
Uruguay,URY,2017,0.011326168182089,23.9263002730204,1.74037649141989,6.2180938256186,1.91061875513374,7.89,-4.927294066161406
Uruguay,URY,2018,-0.459786698499486,24.944851219691,0.164777608846705,7.60653360377047,11.8401890477847,8.336,7.14475433922424
Uruguay,URY,2019,1.29076830125487,25.3082496990691,0.928351027546341,7.88198870879619,15.9329453196368,8.836,14.74394980676877
Uruguay,URY,2020,-0.64129448995452,27.884639778996,-7.35732706897301,9.75640636078194,24.3264847907326,10.413,19.168471946949087
Uruguay,URY,2021,-2.43351228613427,26.7129871976438,5.84427325018082,7.74791402314762,16.817337622646,9.328,3.6685612390522335
Uruguay,URY,2022,-3.5174343179116,26.3822044655368,4.60623000920732,9.10437983075437,-1.7165266255559,7.877,-5.472425495293433
Uruguay,URY,2023,-2.95412894360151,28.1380109126325,0.761749241321681,5.86910359896119,1.3380817256915,8.355,-5.701007786613835
Uruguay,URY,2024,-0.756844684468695,30.5652567144236,3.32575905957381,4.84914366613156,15.9497006959686,8.209,3.577358887455453
Vanuatu,VUT,1990,-3.66052992211177,33.9748090444636,11.6956997985937,4.7594412829797,5.63257670392901,7.976,0.0
Vanuatu,VUT,1991,-5.09642785114564,30.3738937069157,3.1476384802759,6.46913580246914,-0.34311093797569,7.976,-4.601223718352576
Vanuatu,VUT,1992,-4.62269285924246,35.8821966341895,2.58541372753479,4.0584415584416,-4.58226901111138,7.945,1.537198716514
Vanuatu,VUT,1993,-5.82499528204616,35.365523465704,0.735447995455729,3.56585691999116,5.21496166032585,8.262,7.22201807892935
Vanuatu,VUT,1994,-7.92276986325221,33.888214968387,9.08146609289209,2.30256079190869,2.87159205241675,8.083,-4.257112894713133
Vanuatu,VUT,1995,-7.3186574586249,32.9131041390906,1.00394504149104,2.22970130416487,13.3000905284644,8.134,-3.6882722678003486
Vanuatu,VUT,1996,-10.3070624919748,34.1706164383562,2.32733541644214,0.906344410876219,10.0717990538849,8.091,-0.35009737315475165
Vanuatu,VUT,1997,-7.09080001155568,30.9692147060685,4.90681267768771,2.83070223189979,-0.343154335607108,8.221,3.7184010502518863
Vanuatu,VUT,1998,2.19507065890242,32.4638682094059,1.17685436113624,3.28215987294863,12.6086006570022,8.223,10.049047810828236
Vanuatu,VUT,1999,-4.87888029034714,35.9598762755471,0.337293221894271,1.99897488467452,-9.19491250975807,8.29,1.2214009841786344
Vanuatu,VUT,2000,1.83612901398448,31.5461125504126,5.92480905652918,2.53768844221106,5.53767134430037,8.266,6.638259409903558
Vanuatu,VUT,2001,0.705178324233457,33.4331883671291,-3.39758248938266,3.57755452095074,5.47448509692755,8.415,5.571767611944166
Vanuatu,VUT,2002,-6.49555151242909,37.09012666539,-5.19831875936025,1.96356754199195,-1.61552503502703,8.598,-4.207598566308466
Vanuatu,VUT,2003,-7.04462338564548,38.5449707221861,4.28833511695457,3.01624129930394,-0.858614629187887,8.659,-12.219375231982694
Vanuatu,VUT,2004,-6.14777943367831,39.7917530573732,3.98739280216959,1.41891891891893,9.9073804804699,8.432,-8.510710851344136
Vanuatu,VUT,2005,-8.62045532228855,43.5999536479095,5.30532647259227,1.19920053297801,11.5713390106681,8.121,-2.275844589558109
Vanuatu,VUT,2006,-6.85825815927699,42.4413157515789,8.46069747205426,2.04081632653062,7.03308641281424,8.006,1.276936572714457
Vanuatu,VUT,2007,-6.66442097163022,43.7949563310522,2.87589228775376,3.93548387096774,15.9563635938947,6.855,-7.414381369144632
Vanuatu,VUT,2008,-23.9660923505511,55.055251156808,5.60099182147225,4.84171322160149,13.3513109830423,5.663,-1.0770795200322127
Vanuatu,VUT,2009,1.73468872565137,64.8320794489148,3.03730354099639,4.29706572955357,0.456076919103102,4.565,5.335482438466112
Vanuatu,VUT,2010,-6.28849949641009,67.5873077127823,1.25886720329254,2.76269469477348,-5.99610755230488,4.681,-9.213905956014703
Vanuatu,VUT,2011,-7.91488480979288,69.3541400957841,3.13980290023437,0.8737931047811,1.32360737225448,4.811,-7.674116625246103
Vanuatu,VUT,2012,-9.17502386187912,73.7088201261584,1.01004768692017,1.34740362877658,-0.623775156124315,4.936,3.5412572301444336
Vanuatu,VUT,2013,-0.596870701197757,63.7843978535462,0.463390415135436,1.45893371757921,-5.5472219954004,5.038,2.056402644717313
Vanuatu,VUT,2014,0.481689706354945,66.4926067889951,3.10512947273315,0.798863838097023,8.58986964103062,5.137,2.6751637270716313
Vanuatu,VUT,2015,-13.4017212958754,61.9506474540091,3.50101268962098,2.48326875660439,11.4217632268772,5.168,12.277011829748089
Vanuatu,VUT,2016,-7.75456020639786,59.4085488191612,3.61980830670927,0.842069084035061,10.6187166614452,5.197,-0.4717594256313005
Vanuatu,VUT,2017,-7.09262183131197,56.8329823681302,4.22332192519966,3.08452624403546,9.2978535910864,5.247,-0.6030575401401203
Vanuatu,VUT,2018,2.8620287508492,54.384005593436,2.51532789491979,2.33096379566866,13.0876466996415,5.353,2.174131468099407
Vanuatu,VUT,2019,6.90413979627201,52.1284285309621,3.27677257380314,2.76252019386111,6.91011104616666,5.444,4.146053646802519
Vanuatu,VUT,2020,-5.68678771450503,53.8208986736293,-5.72530282073851,5.32935073101715,-0.559056477213318,4.046,0.564356219902812
Vanuatu,VUT,2021,-6.89789620099998,52.9514701082508,-1.16332488626091,2.34328358208953,8.87194116360697,4.776,-5.140983417114751
Vanuatu,VUT,2022,-11.0631077358069,50.6006382179842,5.59195729750803,6.67930581887121,7.32082278574917,5.077,5.395772739040362
Vanuatu,VUT,2023,-11.0631077358069,50.2941780429898,5.82973013269719,11.1825017088175,5.94567489957422,5.011,3.258305779242851
Vanuatu,VUT,2024,-11.0631077358069,48.5223122227179,3.76564827114278,1.14348948727412,9.56848519799756,4.988,0.04407597859167518
Viet Nam,VNM,1990,-8.19224337661192,13.656910216046,5.10091813908369,5.67499999999992,13.1768801063396,2.14,0.0
Viet Nam,VNM,1991,-8.19224337661192,13.656910216046,5.96084393218912,5.67499999999992,13.1768801063396,2.14,54.825715492316874
Viet Nam,VNM,1992,-8.19224337661192,13.656910216046,8.64604745934572,5.67499999999992,13.1768801063396,2.109,10.672889067001348
Viet Nam,VNM,1993,-8.19224337661192,16.5294642729826,8.07273065739605,5.67499999999992,13.1768801063396,2.037,-5.0100315191304015
Viet Nam,VNM,1994,-8.19224337661192,16.5294642729826,8.83898095245374,5.67499999999992,13.1768801063396,1.972,3.051495205241404
Viet Nam,VNM,1995,-8.19224337661192,18.4846722471733,9.54048017491264,5.67499999999992,13.1768801063396,1.955,0.6619144602848207
Viet Nam,VNM,1996,-8.19224337661192,18.6700359511241,9.34001749939179,5.67499999999992,25.7952551736556,1.93,-0.0513366400172185
Viet Nam,VNM,1997,-5.69221074168667,19.8488411245349,8.1520841433542,3.20952606261375,25.2921093986626,2.87,5.8984372049459735
Viet Nam,VNM,1998,-3.94713600744563,20.1238631421789,5.76445545848843,7.26619804400963,23.8094491308103,2.29,13.563480741797761
Viet Nam,VNM,1999,4.10338164918913,28.186587055123,4.77358688344989,4.11710235771736,66.451597275209,2.33,5.088684554316405
Viet Nam,VNM,2000,3.54799694298148,35.2590740095008,6.78731640463151,-1.71033727851111,35.4193184888872,2.26,1.6107053634394304
Viet Nam,VNM,2001,2.08657136826562,39.2903936255311,6.19289331233377,-0.43154451172818,27.3364623562903,2.76,3.9344050160872444
Viet Nam,VNM,2002,-1.72255927072095,43.1307744856858,6.32082099160833,3.83082838168468,13.274534903329,2.12,3.764530112845116
Viet Nam,VNM,2003,-4.88211706972335,48.37235081336,6.89906349055258,3.23464817293925,33.0520443309966,2.25,1.505830251862295
Viet Nam,VNM,2004,-2.10663701040253,58.7224307884587,7.53641060890386,7.75494748709606,31.0499764852015,2.14,1.5243263573599193
Viet Nam,VNM,2005,-0.971989162897001,60.4667877825079,7.54724772895918,8.28457243128667,30.9067104594998,2.078,0.717113340954532
Viet Nam,VNM,2006,-0.246704373698266,65.3595423737595,6.97795481056711,7.41801715108469,29.6707958733482,2.046,0.8533579952390553
Viet Nam,VNM,2007,-8.98165936412439,85.63968738395,7.12950448605439,8.34444889773847,49.1059973689467,2.026,0.6932178751738907
Viet Nam,VNM,2008,-10.9179529896098,82.8727709652009,5.66177120891362,23.1154483474477,20.6975270606376,1.889,1.2239892580777858
Viet Nam,VNM,2009,-6.23310024019381,103.322353769645,5.39789754014181,6.71698269988631,26.2326704190675,1.737,4.679313182740415
Viet Nam,VNM,2010,-2.90486815229253,90.3531701049882,6.42324482239482,9.20746648778413,29.7146068413459,1.114,9.070177409037388
Viet Nam,VNM,2011,0.136736251193688,79.9430818204467,6.41316889681683,18.6777322770706,11.9424460401465,0.999,10.19095162409597
Viet Nam,VNM,2012,4.82078231422777,75.5493913710905,5.5045447041189,9.09470339557193,24.5447476994067,1.027,1.551701020246468
Viet Nam,VNM,2013,3.62409015316054,77.5581108210475,5.55351081026072,6.59267475899192,21.3994701544947,1.316,0.5061295691698705
Viet Nam,VNM,2014,4.00897026449707,80.0010314902415,6.42224312118567,4.08455446637625,19.7400184853866,1.256,1.0250755371195133
Viet Nam,VNM,2015,-0.853052854546214,90.399227327709,6.98715430598611,0.631200905175685,14.9084399187805,1.848,2.5986736334405194
Viet Nam,VNM,2016,0.243099852637275,98.8589607655139,6.69000892660424,2.66824816969082,17.8803568555182,1.848,1.0942854922944607
Viet Nam,VNM,2017,-0.586095207209378,103.972032257471,6.94019037359206,3.52025688811618,14.2563683115213,1.874,1.9835232131481215
Viet Nam,VNM,2018,1.90236367538642,105.275984683547,7.46500685572751,3.53962805942641,12.6983839076477,1.161,1.036935335967854
Viet Nam,VNM,2019,3.91824395534243,108.031900933361,7.35926270105006,2.79582367452244,13.6213022976993,1.681,1.982969096461171
Viet Nam,VNM,2020,4.34486906553373,115.525349937741,2.86541320912272,3.22093436652515,13.6334900036844,2.103,0.6860087150204035
Viet Nam,VNM,2021,-1.26284279203588,124.282898747665,2.55372852648131,1.83471554810462,9.67595141463418,2.383,-0.20934578442947466
Viet Nam,VNM,2022,0.339101746979362,124.961478822546,8.53750041218142,3.15650749963112,5.67940973729915,1.57,0.4811353775101508
Viet Nam,VNM,2023,5.94575853346696,124.961478822546,4.97865959483225,3.25289282667662,5.67940973729915,1.645,2.217790184618439
Viet Nam,VNM,2024,6.33496605552948,124.961478822546,7.03955197123018,3.62109273885844,5.67940973729915,1.602,1.5872602709921444
Zambia,ZMB,1990,-18.075759952317,13.6929591153621,-0.481072027781664,107.023809523808,47.8786429532207,18.9,0.0
Zambia,ZMB,1991,-9.05293158357454,13.6929591153621,-0.0361333838823299,97.6423231742383,97.3068029300949,18.9,113.40908296794265
Zambia,ZMB,1992,-9.05293158357454,13.6929591153621,-1.73092217352566,165.70652700999,97.3068029300949,19.568,166.42104021457365
Zambia,ZMB,1993,-9.05293158357454,13.6929591153621,6.79727404907118,183.312041464393,97.3068029300949,19.7,162.90733407227341
Zambia,ZMB,1994,-9.05293158357454,13.6929591153621,-8.62544195231277,54.6013218413016,59.1871668215386,18.689,47.84139041204809
Zambia,ZMB,1995,-9.05293158357454,13.6929591153621,2.89766889341698,34.9295874166667,55.4728328149595,16.834,29.094277325033357
Zambia,ZMB,1996,-9.05293158357454,13.6929591153621,6.21854648894293,43.0730979982882,35.0089077523051,15.3,39.78396112418903
Zambia,ZMB,1997,-4.22932371041795,13.6929591153621,3.81400749718355,24.4187215689412,25.0597057035766,13.273,8.825026906200854
Zambia,ZMB,1998,-16.1232788984795,13.6929591153621,-0.38574614579035,24.4584563516656,25.6143240576834,12.0,41.65634903578515
Zambia,ZMB,1999,-11.3504014036785,13.6929591153621,4.6501897463741,26.7876966790029,27.6936121418328,12.498,28.245459911755834
Zambia,ZMB,2000,-18.3980639927089,13.6929591153621,3.89732294341896,26.0304117888121,73.7626553656042,12.93,30.26881065653083
Zambia,ZMB,2001,-18.0007855963506,13.6929591153621,5.31686827418419,21.3937821792546,8.71328332418044,13.404,16.075727569124336
Zambia,ZMB,2002,-15.8142108448002,13.6929591153621,4.50601428032604,22.2333446430947,28.1665119722777,14.131,21.813186889268298
Zambia,ZMB,2003,-13.5299667044381,13.6929591153621,6.94497398221223,21.4015783901995,24.9776016863202,14.704,7.608703381391546
Zambia,ZMB,2004,-7.14878830806073,13.6929591153621,7.03239511515218,17.9677891087286,31.9566420859544,15.332,0.9634846491792205
Zambia,ZMB,2005,-2.78498414861087,13.6929591153621,7.23559900655543,18.324439701174,3.25496701207701,15.9,-6.567975957830464
Zambia,ZMB,2006,4.64474506229629,13.6929591153621,7.90369444480079,9.01957247226486,44.0480880478724,13.229,-19.335572974990818
Zambia,ZMB,2007,-1.23802039926345,13.6929591153621,8.35243624447406,10.6573496000153,25.266457072071,10.559,11.10596945858428
Zambia,ZMB,2008,-3.33057905300122,13.6929591153621,7.77389581542363,12.4455793463192,23.2286245715782,7.93,-6.413994169096275
Zambia,ZMB,2009,5.95342818479562,13.6929591153621,9.2203484058663,13.3952546325895,7.66123120594909,10.583,34.712950600801065
Zambia,ZMB,2010,7.52549147652089,13.6929591153621,10.2982233241213,8.50176133365265,29.8590751203246,13.19,-4.905847373637258
Zambia,ZMB,2011,4.65823655766585,13.6929591153621,5.56925219263019,6.4293968107234,21.7019803670348,10.548,1.3375021712696158
Zambia,ZMB,2012,5.37898486156033,15.8590190469567,7.59738104901994,6.57589970757698,17.8594271854124,7.85,5.879328076791365
Zambia,ZMB,2013,-0.575955750525117,15.8169736426664,5.05753695047252,6.97767605490307,20.7915795117709,7.272,4.836975878257985
Zambia,ZMB,2014,-1.4270939600475,17.0881246939801,4.69328316376705,7.80687553566333,12.6180852988294,6.576,14.040316378876511
Zambia,ZMB,2015,-3.61227207947561,19.7648340604039,2.92037511217961,10.1105928909618,35.1924714884861,5.951,40.2572782667569
Zambia,ZMB,2016,-4.55168827542136,15.4421205069545,3.75510031678988,17.8697300795268,-5.70227249362343,5.244,19.414944970071392
Zambia,ZMB,2017,-1.6812705761785,14.9060105438137,3.52586277149926,6.57731154205644,21.3561456656206,4.529,-7.664322095561476
Zambia,ZMB,2018,-1.30116677554112,14.973719234617,4.03449389667165,7.4945719272852,16.4780078048778,5.032,9.88529901059417
Zambia,ZMB,2019,0.603690808802686,15.6261899079478,1.44130602603785,9.15031644316296,12.5452246885134,5.538,23.25099601593665
Zambia,ZMB,2020,11.790957110182,15.1635545633961,-2.78505506545167,15.7330604721369,46.4435493408135,6.032,42.3125884044833
Zambia,ZMB,2021,11.9003513535048,11.3595044648168,6.23492204726448,22.0207676245777,3.65702508304102,5.197,9.127701069785243
Zambia,ZMB,2022,3.74784661580663,12.9750888260207,5.21122360356247,10.9932039209136,24.503893776855,5.993,-15.390235657621274
Zambia,ZMB,2023,-3.03751016927581,15.6263060649433,5.36794285493059,10.884531691282,24.5799613166838,5.861,19.332282247457343
Zambia,ZMB,2024,-4.41103708042779,17.0073799722572,3.82004825518591,14.9856262747939,22.9614259337844,5.898,29.459702436496706
